ID вопроса,Вопрос,Ответы на вопрос
1,Как просрочка по «беспроцентному» займу скажется на переплате/ПСК?,"Просрочка по беспроцентному займу может привести к следующим последствиям: 1. Начисление штрафов и пеней. Даже если заем изначально был беспроцентным, при просрочке банк или МФО начнет начислять штрафные проценты. Это увеличит общую сумму долга. 2. Увеличение ПСК (полной стоимости кредита). ПСК включает в себя все комиссии, страховки и проценты. При просрочке ПСК может значительно вырасти за счет штрафов и пеней. 3. Ухудшение кредитной истории. Просрочка будет отражена в вашей кредитной истории, что может негативно сказаться на возможности получения кредитов в будущем. 4. Возможные судебные иски. В случае значительной просрочки банк или МФО могут подать в суд для взыскания долга. Для избежания этих последствий важно внимательно читать условия договора и своевременно погашать задолженность. Если возникли трудности с возвратом, лучше заранее уведомить кредитора и обсудить возможные варианты решения проблемы."
2,"Как действовать вкладчику при отзыве лицензии, учитывая лимит безопасной суммы?","При отзыве лицензии у банка вкладчику следует действовать следующим образом: 1. Ознакомьтесь с информацией о страховании вкладов. В соответствии с законодательством, система страхования вкладов гарантирует возврат средств в пределах 1,4 миллиона рублей. Это включает все ваши счета и вклады в этом банке, включая начисленные проценты. 2. Обратитесь в Агентство по страхованию вкладов (АСВ). Обычно выплаты начинаются в течение 14 дней с момента отзыва лицензии. АСВ информирует вкладчиков о порядке получения компенсации. 3. Подготовьте необходимые документы. Для получения компенсации вам потребуются паспорт и документы, подтверждающие право на вклад (например, договор вклада). 4. Следите за официальными источниками информации. АСВ и Центральный банк России публикуют актуальные данные о процессе выплат и контактах для связи. 5. В некоторых случаях АСВ может выплатить повышенную страховку — до 10 миллионов рублей. Уточните, подходите ли вы под условия для получения такой компенсации. Для более подробной информации обратитесь к статье «Как работает система страхования вкладов»."
3,Как действовать при оспаривании незаконной продажи долга с учетом установленных сроков ответа на претензии?,"При оспаривании незаконной продажи долга важно действовать в рамках установленных законом сроков и процедур. Вот основные шаги: 1. **Проверка законности продажи долга**:  - Убедитесь, что продажа долга соответствует условиям договора и законодательству. Если есть сомнения, запросите у кредитора или коллекторского агентства документы, подтверждающие законность сделки. 2. **Направление претензии**:  - Напишите претензию в адрес кредитора или коллекторского агентства, указав причины, по которым считаете продажу долга незаконной. В претензии требуйте предоставить документы, подтверждающие законность сделки. 3. **Сроки ответа на претензию**:  - Кредитор или коллекторское агентство должны ответить на вашу претензию в установленный законом срок. Обычно это 30 дней с момента получения претензии. 4. **Обращение в суд или регуляторные органы**:  - Если в ответе на претензию не указаны убедительные аргументы или документы, подтверждающие законность продажи долга, вы можете обратиться в суд или в Банк России (если речь идет о банковских услугах). 5. **Сбор документов**:  - Подготовьте все необходимые документы, которые подтверждают вашу позицию, включая копии договоров, претензий, ответов кредитора или коллекторского агентства. 6. **Консультация с юристом**:  - Рекомендуется проконсультироваться с юристом, специализирующимся на вопросах долговых обязательств и банковского права, чтобы правильно оформить претензию и подготовиться к возможному судебному разбирательству. Если у вас есть дополнительные вопросы по данной теме, пожалуйста, уточните их."
4,Как изменился лимит социального вычета на спорт по сравнению с 2022 годом?,"В предоставленном контексте нет информации о лимите социального вычета на спорт и его изменении по сравнению с 2022 годом. Для получения актуальной информации рекомендую обратиться к официальным источникам, таким как сайт Федеральной налоговой службы (ФНС) или консультанту по налогам."
5,Чем отличаются сроки обращения за наследством по закону от сроков для налогового имущественного вычета?,"Сроки обращения за наследством и сроки для налогового имущественного вычета различаются. 1. Сроки обращения за наследством: по закону наследник должен принять наследство в течение шести месяцев со дня открытия наследства (смерти наследодателя). Если наследник пропустил этот срок, он может восстановить его в судебном порядке. 2. Сроки для налогового имущественного вычета: налоговый имущественный вычет можно получить в течение трех лет после окончания года, в котором было приобретено имущество. Например, если имущество было куплено в 2023 году, то вычет можно получить за 2023, 2024 и 2025 годы. Таким образом, сроки обращения за наследством и сроки для налогового имущественного вычета не связаны между собой и регулируются разными нормативными актами."
6,Почему при высокой долговой нагрузке банк может отказать в новом кредите?,"Банк может отказать в новом кредите при высокой долговой нагрузке, потому что это увеличивает риски для финансовой организации. Банк оценивает вашу способность возвращать кредит, и если у вас уже есть значительные обязательства, это может снизить вашу кредитоспособность. В таких случаях банк может посчитать, что вы не сможете своевременно выплачивать новый кредит, особенно если у вас есть просрочки по другим обязательствам."
7,Что сделать первым делом при обнаружении мошеннического списания с карты?,"Первым делом при обнаружении мошеннического списания с карты необходимо: 1. Немедленно заблокировать карту, позвонив в банк по номеру службы поддержки, указанному на обратной стороне карты или на сайте банка. 2. Обратиться в банк для оспаривания операции. Это можно сделать через личный кабинет, мобильное приложение или по телефону. 3. Сохранить все документы и чеки, подтверждающие мошенническую операцию. 4. Обратиться в полицию для подачи заявления о мошенничестве. Это поможет в дальнейшем разбирательстве с банком и правоохранительными органами. Важно действовать быстро, чтобы увеличить шансы на возврат средств."
8,"Куда обращаться, если заемные деньги ушли мошенникам?","Если заемные деньги ушли мошенникам, необходимо оперативно обратиться в свой банк. Также как можно скорее подайте заявление в ближайшее отделение полиции. Подробнее о том, как действовать в таких ситуациях, можно узнать в статье «Что делать, если с банковской карты украли деньги»."
9,Как с помощью госгарантий повысить шанс одобрения и какую долю кредита они покрывают?,"Государственные гарантии могут повысить шанс одобрения кредита для бизнеса, так как они снижают риски для банка. В зависимости от программы, госгарантии могут покрывать от 50% до 80% суммы кредита. Это означает, что в случае невозврата кредита государство компенсирует банку указанную долю суммы. Для предпринимателей это увеличивает шансы на получение кредита, так как банк видит снижение рисков. Подробнее о программах поддержки можно узнать на сайте Корпорации МСП и портале «Мой бизнес»."
10,Почему вклад безопаснее инвестиций в ценные бумаги?,"Вклады считаются более безопасными по сравнению с инвестициями в ценные бумаги по нескольким причинам: 1. Гарантии государства. Вклады в банках, которые являются участниками системы страхования вкладов, застрахованы. Это означает, что в случае отзыва лицензии у банка вкладчик может вернуть свои средства в пределах установленного лимита (например, до 1,4 миллиона рублей в России). 2. Стабильность доходности. Процентная ставка по вкладу фиксируется на весь срок действия договора, что позволяет заранее знать, какой доход получит вкладчик. 3. Меньший риск потерь. В отличие от ценных бумаг, стоимость которых может сильно колебаться, вклады не подвержены таким резким изменениям. Даже в случае снижения ключевой ставки Центрального банка, процент по вкладу остается неизменным до окончания срока договора. 4. Простота управления. Вклады не требуют активного управления и постоянного контроля, в отличие от инвестиций в ценные бумаги, которые требуют анализа рынка и принятия решений о покупке или продаже. 5. Отсутствие необходимости в специальных знаниях. Для размещения средств на вклад не требуется глубоких знаний о рынке ценных бумаг, что снижает риск ошибок, связанных с неопытностью. Однако важно помнить, что даже вклады имеют свои риски, такие как инфляция, которая может снизить реальную доходность вклада. Поэтому перед выбором способа размещения средств рекомендуется тщательно оценить все возможные риски и преимущества."
11,"Каковы сроки блокировки перевода, а также решения финомбудсмена?","Сроки блокировки перевода зависят от конкретной ситуации. Если перевод был совершен мошенническим путем, банк может заблокировать его немедленно после обращения клиента. В других случаях сроки могут варьироваться, и лучше уточнить их у банка. Что касается решения финансового омбудсмена, то оно принимается в течение 15 дней с момента подачи заявления. Решение омбудсмена имеет такую же силу, как и постановление суда."
12,Почему иностранные депозитарные расписки и многие ETF могут быть заблокированы и кому они доступны?,"Иностранные депозитарные расписки (ADR) и многие ETF могут быть заблокированы по нескольким причинам, связанным с санкциями, регуляторными ограничениями или техническими проблемами. Например, если компания, выпустившая ADR или ETF, находится под санкциями, то доступ к таким инструментам может быть ограничен для резидентов определенных стран. Доступность этих инструментов зависит от регуляторных требований и политики конкретного банка или брокера. Обычно они доступны для квалифицированных инвесторов или клиентов, прошедших дополнительную верификацию. Для более точной информации рекомендуется обратиться к вашему брокеру или банку, где открыт счет."
13,Какие приемы помогут сократить импульсные покупки?,"Для сокращения импульсных покупок можно использовать следующие приемы: 1. Составьте список необходимых покупок заранее и строго придерживайтесь его. Это поможет избежать спонтанных приобретений. 2. Установите лимит на расходы. Определите сумму, которую вы готовы потратить, и не превышайте её. 3. Используйте наличные вместо карт. Психологически тратить наличные деньги сложнее, чем безналичные. 4. Делайте паузу перед покупкой. Если вы видите что-то, что хотите купить, подождите хотя бы день-два. Часто после этого желание купить пропадает. 5. Следите за своими расходами. Ведение бюджета поможет вам понять, на что уходят деньги, и контролировать импульсные покупки. 6. Избегайте шопинга в стрессовых ситуациях. Часто люди делают импульсные покупки, чтобы снять стресс. Найдите другие способы расслабиться. 7. Используйте приложения для контроля расходов. Многие банки предлагают такие сервисы, которые помогают отслеживать и анализировать ваши траты. Эти приемы помогут вам более осознанно подходить к покупкам и сократить импульсные траты."
14,Чем отличаются госгарантии по деньгам на эскроу от гарантий по накоплениям в НПФ?,"Госгарантии по деньгам на эскроу и гарантии по накоплениям в НПФ отличаются по нескольким ключевым аспектам: 1. **Страхование вкладов**: Деньги на эскроу-счете защищены системой страхования вкладов. В случае банкротства банка, сумма до 10 млн рублей будет возвращена вкладчику. Суммы сверх этого лимита можно вернуть только в ходе банкротства или ликвидации банка. 2. **НПФ**: Накопления в негосударственных пенсионных фондах (НПФ) не защищены системой страхования вкладов. В случае недостатка активов или проблем с их продажей, вернуть внесенные деньги в полном объеме может быть сложно. Поэтому важно тщательно выбирать НПФ и, при необходимости, распределять средства между несколькими фондами. Таким образом, основное отличие заключается в уровне защиты и механизмах возврата средств."
15,Как распознать мошенников при возврате денег за отмененный рейс?,"Для распознавания мошенников при возврате денег за отмененный рейс, обратите внимание на следующие моменты: 1. Проверьте, кто вам звонит или пишет. Мошенники могут представляться сотрудниками авиакомпании, банка или финансовой организации. Уточните, с кем вы говорите, и не передавайте им личные данные или информацию о вашей банковской карте. 2. Будьте внимательны к просьбам о переводе денег. Мошенники могут предложить компенсацию за отмененный рейс, но для этого попросят перевести деньги на их счет. Помните, что авиакомпании и банки не просят клиентов переводить деньги для возврата. 3. Проверьте информацию о компании. Если вам предлагают помощь в возврате денег за отмененный рейс, убедитесь, что компания, которая вам пишет, зарегистрирована в реестрах Банка России или других официальных источниках. 4. Не переходите по подозрительным ссылкам. Мошенники могут отправлять ссылки на сайты, которые выглядят как официальные сайты авиакомпаний или банков. Не переходите по таким ссылкам и не вводите свои данные. 5. Подключите уведомления о платежах. Это поможет вам оперативно узнавать о всех транзакциях по вашей карте и вовремя заметить подозрительные платежи. Если вы стали жертвой мошенничества, оперативно обратитесь в свой банк. Система быстрых платежей надежно защищена, но злоумышленники могут использовать различные уловки."
16,Какие документы подойдут для подтверждения дохода при заявке на кредит?,"Для подтверждения дохода при заявке на кредит обычно требуются следующие документы: 1. Справка о доходах по форме банка или справка 2-НДФЛ. 2. Копия трудовой книжки или трудового договора. 3. Выписка с банковского счета, подтверждающая регулярные поступления зарплаты. 4. Для индивидуальных предпринимателей и самозанятых: декларация о доходах, выписки из налоговой службы, договоры с клиентами. Точный перечень документов может варьироваться в зависимости от требований конкретного банка. Рекомендуется уточнять информацию на сайте банка или у кредитного специалиста."
17,Зачем частному клиенту следить за рейтингом страховщика на фоне возможной приостановки лицензии?,"Частному клиенту важно следить за рейтингом страховщика, чтобы минимизировать риски. Если у страховой компании отзовут лицензию, клиент может столкнуться с проблемами, такими как приостановка выплат или необходимость поиска новой страховой компании. Высокий рейтинг страховщика обычно свидетельствует о его финансовой устойчивости и надежности, что снижает вероятность отзыва лицензии. В случае приостановки лицензии клиенты могут потерять страховую защиту, что особенно важно при кредитах, где страховка может быть обязательной."
18,Чем для вкладчика отличается санация от отзыва лицензии?,"Санация и отзыв лицензии — это разные процедуры, которые могут применяться к банку или страховой компании. Для вкладчика их отличие заключается в следующем: 1. Санация — это процедура финансового оздоровления, которая позволяет компании продолжить работу под контролем регулятора. В этом случае вкладчики могут продолжать пользоваться услугами банка или страховой компании, а их средства остаются в безопасности. Санация обычно применяется, если регулятор считает, что банк или страховая компания могут быть спасены и продолжены без значительных рисков для финансового рынка. 2. Отзыв лицензии — это более серьезная мера, которая применяется, если банк или страховая компания не могут быть спасены. В этом случае вкладчики могут столкнуться с проблемами, такими как ограничение доступа к своим средствам или необходимость обращения в Агентство по страхованию вкладов (АСВ) для получения компенсации. Отзыв лицензии обычно применяется, если регулятор считает, что банк или страховая компания представляют значительные риски для финансового рынка или своих клиентов. Таким образом, для вкладчика санация обычно означает меньшие риски и больше возможностей для сохранения своих средств, тогда как отзыв лицензии может привести к более серьезным последствиям."
19,Какие лимиты действуют на выплаты клиентам МФО по сравнению с гарантиями для клиентов НПФ?,"Лимиты и гарантии для клиентов МФО и НПФ различаются. Для микрофинансовых организаций (МФО): - Максимальная сумма займа для физических лиц ограничена законом. Например, для микрозаймов сумма не должна превышать 1 миллион рублей. - Процентные ставки и комиссии также регулируются, но могут быть значительно выше, чем в банках. - МФО не гарантируют возврат средств в случае их банкротства. Для негосударственных пенсионных фондов (НПФ): - Выплаты клиентам НПФ регулируются государством и зависят от накопленных средств. - Средства на индивидуальных лицевых счетах застрахованы в системе гарантирования прав застрахованных лиц. - Максимальная сумма выплат не ограничена, но зависит от размера накоплений и условий договора. Таким образом, МФО предоставляют займы с определенными лимитами и более высокими процентными ставками, в то время как НПФ предлагают пенсионные накопления с гарантированными выплатами и страхованием средств."
20,Какие банковские инструменты подходят для безопасных расчетов и для возврата денег при споре?,"Для безопасных расчетов и возврата денег при споре можно использовать следующие банковские инструменты: 1. Система быстрых платежей. Она надежно защищена от мошенников, но важно соблюдать правила кибербезопасности. 2. Общий счет с двумя картами. Это позволяет контролировать расходы и оперативно решать спорные ситуации. 3. Приложения для учета расходов и доходов. Они помогают вести совместный учет и отслеживать все операции. 4. Корреспондентские счета. При переводе денег важно проверять реквизиты получателя, чтобы избежать мошеннических схем. Для возврата денег при споре можно воспользоваться услугами банка по разрешению спорных ситуаций. Банк может помочь вернуть деньги, если операция была проведена без вашего согласия или с нарушением условий договора."
21,Как безопасно настроить автоплатеж?,"Для безопасного настройки автоплатежа рекомендуется использовать кредитную карту или карту с овердрафтом. Это позволит минимизировать убытки в случае сбоев или краж. Также важно подключить СМС или push-уведомления по всем банковским картам, чтобы оперативно узнавать о платежах и вовремя их оспаривать."
22,Как мошенники крадут реквизиты при оплате онлайн?,"Мошенники могут красть реквизиты при оплате онлайн с помощью различных методов. Например, они могут создать поддельные страницы для ввода платежных данных, такие как оплата штрафов или оформление субсидий. Если вы введете свои платежные данные на такой странице, мошенники могут украсть все деньги с вашей карты. Также мошенники могут использовать психологические уловки, чтобы выманить у вас секретную информацию, такую как пароли или коды подтверждения. Важно всегда проверять подлинность сайтов и не вводить свои данные на подозрительных страницах."
23,"Чем отличаются ОСАГО, каско, ДСАГО по выплатам?","ОСАГО, КАСКО и ДСАГО отличаются по условиям и объемам выплат. ОСАГО (Обязательное страхование автогражданской ответственности) покрывает ущерб, причиненный третьим лицам. Выплаты производятся пострадавшим в ДТП, виновником которого является застрахованное лицо. Максимальная сумма выплат по ОСАГО ограничена законодательством. КАСКО (Комплексное автомобильное страхование) покрывает ущерб, причиненный самому автомобилю, включая угон, повреждения в результате ДТП, стихийных бедствий и других событий. Выплаты производятся владельцу автомобиля в случае ущерба или угона. ДСАГО (Добровольное страхование автогражданской ответственности) дополняет ОСАГО и покрывает ущерб, превышающий лимиты ОСАГО, а также другие риски, не покрываемые ОСАГО. Выплаты производятся пострадавшим в ДТП, виновником которого является застрахованное лицо. Таким образом, основное отличие заключается в том, кому и за что выплачиваются средства: ОСАГО и ДСАГО покрывают ущерб третьим лицам, а КАСКО — ущерб самому автомобилю."
24,Какие базовые меры кибербезопасности соблюдать при онлайн‑оплате услуг?,"Для защиты своих данных и средств при онлайн-оплате услуг рекомендуется соблюдать следующие меры кибербезопасности: 1. Проверяйте подлинность сайта, на котором вы совершаете оплату. Убедитесь, что вы находитесь на официальном сайте компании, а не на поддельной странице. Для этого обратите внимание на адресную строку браузера: она должна начинаться с https:// и содержать название компании. 2. Никогда не вводите свои платежные данные на подозрительных сайтах, даже если вам обещают скидки или другие выгодные условия. Мошенники часто используют такие уловки, чтобы получить доступ к вашим финансовым данным. 3. Используйте надежные способы оплаты, такие как аккредитив в банке или депозит нотариуса. Эти методы обеспечивают защиту ваших средств в случае, если продавец не выполнит свои обязательства. 4. Соблюдайте правила кибергигиены, такие как использование сложных паролей, двухфакторной аутентификации и регулярное обновление программного обеспечения на ваших устройствах. 5. Будьте бдительны и не поддавайтесь на психологические уловки мошенников. Не предоставляйте свои данные по телефону или через мессенджеры, если вы не уверены в безопасности такого способа связи. 6. В случае подозрительных операций или попыток мошенничества сразу обращайтесь в свой банк. Система быстрых платежей защищена, но мошенники постоянно придумывают новые схемы, поэтому важно оперативно реагировать на любые подозрительные действия."
25,Зачем и в каких случаях инвесторам нужно проходить тестирование перед сделками с облигациями и при маржинальной торговле?,"Тестирование перед сделками с облигациями и при маржинальной торговле проводится для нескольких целей: 1. Оценка понимания рисков. Тестирование помогает убедиться, что инвестор осознает возможные риски, связанные с инвестициями в облигации или маржинальной торговлей. Это важно, так как такие операции могут привести к убыткам. 2. Определение уровня подготовки. Тестирование позволяет оценить, насколько инвестор разбирается в особенностях работы с облигациями или маржинальной торговлей. Это помогает снизить вероятность принятия неверных решений. 3. Соответствие требованиям регуляторов. В некоторых случаях тестирование является обязательным требованием регуляторов для работы с определенными финансовыми инструментами, такими как структурные облигации. 4. Защита прав инвестора. В случае, если инвестор не прошел тестирование, он имеет право отказаться от сделки и вернуть свои деньги, так как это может свидетельствовать о недостаточной осведомленности о рисках. Таким образом, тестирование направлено на защиту интересов инвестора и повышение его финансовой грамотности."
26,Можно ли продать ипотечную квартиру при разводе без суда?,"Да, можно продать ипотечную квартиру при разводе без суда. В этом случае банк продаст заложенную недвижимость, вырученные деньги пойдут на погашение ипотечного кредита. Оставшуюся сумму банк передаст бывшим супругам. Если они не смогут договориться о разделе оставшейся суммы, то вопрос придется решать через суд."
27,Как изменится доступ неквалифицированного инвестора к иностранным акциям на российских биржах с 2025 года?,"На основании предоставленного контекста, конкретной информации о изменениях доступа неквалифицированных инвесторов к иностранным акциям на российских биржах с 2025 года нет. В текстах упоминаются общие рекомендации для инвесторов, риски и способы получения информации, но нет данных о конкретных изменениях в законодательстве или правилах бирж. Для получения актуальной информации рекомендую обратиться к официальным источникам, таким как сайты Московской биржи или регуляторов финансового рынка. Также можно воспользоваться бесплатным онлайн-курсом от Московской биржи «Путь инвестора» для получения полезных рекомендаций."
28,Зачем добавлять золото в портфель в период нестабильности рынка?,"Золото часто добавляют в инвестиционный портфель в периоды нестабильности рынка по нескольким причинам: Во-первых, золото традиционно считается безопасным активом, который может служить защитой от инфляции и валютных колебаний. В периоды экономической нестабильности или кризисов золото часто демонстрирует устойчивость и даже рост стоимости. Во-вторых, золото имеет низкую корреляцию с другими активами, такими как акции или облигации. Это означает, что в периоды падения фондового рынка золото может сохранять или даже увеличивать свою стоимость, что помогает диверсифицировать портфель и снизить общие риски. В-третьих, золото является ликвидным активом, который можно быстро продать на рынке, что делает его удобным инструментом для быстрого реагирования на изменения рыночной ситуации. Однако важно помнить, что инвестиции в золото также имеют свои риски, включая возможные колебания цен и риски, связанные с хранением и покупкой золота."
29,Чем отличаются кредитные каникулы от внесудебного банкротства?,"Кредитные каникулы и внесудебное банкротство — это разные механизмы, которые помогают гражданам справиться с финансовыми трудностями, но они имеют существенные различия. Кредитные каникулы — это временная отсрочка платежей по кредитам, которая предоставляется на определенный срок. Это позволяет заемщику временно приостановить выплаты, чтобы восстановить финансовое положение. Кредитные каникулы могут быть предоставлены только в определенных случаях, например, при участии в специальной военной операции или при потере дохода из-за санкций. Внесудебное банкротство — это процедура, которая позволяет физическим лицам списать долги без обращения в суд. Это упрощенная процедура, которая проводится через многофункциональные центры (МФЦ) и является бесплатной. Внесудебное банкротство доступно для граждан, чьи долги не превышают определенного размера и которые соответствуют другим установленным критериям. Таким образом, основное отличие заключается в том, что кредитные каникулы предоставляют временную отсрочку платежей, а внесудебное банкротство позволяет полностью списать долги."
30,"Какие гранты доступны начинающему предпринимателю, а какие налоговые каникулы предусмотрены?","Начинающему предпринимателю могут быть доступны следующие виды поддержки: 1. Гранты на открытие нового дела. Некоторые регионы предлагают гранты для предпринимателей, которые только начинают свой бизнес. Эти гранты могут быть направлены на покрытие начальных расходов, таких как покупка оборудования, сырья или оплата патента. 2. Субсидии на покупку оборудования, сырья или патента. Эти субсидии могут помочь снизить затраты на запуск бизнеса. 3. Налоговые каникулы. Налоговые каникулы могут быть предоставлены предпринимателям, которые только начинают свой бизнес. Это может включать освобождение от уплаты налогов на определенный период, обычно в первые два года работы. Для получения более подробной информации о конкретных программах и условиях их предоставления, рекомендуется обратиться на сайт Корпорации МСП, портал «Мой бизнес» или сайт Федеральной налоговой службы (ФНС)."
31,"Чем отличаются ипотечные каникулы от кредитных, допускаются ли они при уже допущенной просрочке?","Ипотечные каникулы и кредитные каникулы имеют некоторые различия, но оба варианта предоставляют временную отсрочку по платежам. Ипотечные каникулы обычно связаны с жилищными кредитами и могут включать в себя отсрочку по выплате основного долга, процентов или обоих компонентов. Они могут быть предоставлены в случае временных финансовых трудностей, таких как потеря работы, болезнь или другие обстоятельства. Кредитные каникулы могут быть предоставлены по различным видам кредитов, включая потребительские кредиты, кредиты на бизнес и другие. Они также могут включать отсрочку по выплате основного долга, процентов или обоих компонентов. Что касается допуска просрочки, то это зависит от условий конкретного банка и программы каникул. В некоторых случаях банк может предоставить каникулы даже при наличии просрочки, но это не гарантировано. Обычно, чем раньше вы обратитесь в банк за помощью, тем больше шансов на получение каникул. Если у вас уже есть просрочка, лучше всего связаться с вашим банком и обсудить возможные варианты. Банк может предложить реструктуризацию долга или другие меры помощи."
32,Как определить официальный сайт финансовой организации по признакам в поиске?,"Чтобы определить официальный сайт финансовой организации, следуйте этим шагам: 1. Проверьте доменное имя сайта. Официальные сайты финансовых организаций обычно имеют доменные имена, которые включают название организации и расширение .ru или .рф. Например, сайт Сбербанка - sberbank.ru. 2. Проверьте наличие информации о лицензии. Официальные сайты финансовых организаций должны содержать информацию о лицензии, выданной Банком России. Эта информация обычно размещается в разделе О компании или Лицензии. 3. Проверьте наличие информации о реквизитах. Официальные сайты финансовых организаций должны содержать информацию о реквизитах, включая ИНН, КПП, ОГРН и юридический адрес. Эта информация обычно размещается в разделе Контакты или Реквизиты. 4. Проверьте наличие информации о регуляторе. Официальные сайты финансовых организаций должны содержать информацию о регуляторе, который контролирует их деятельность. Эта информация обычно размещается в разделе О компании или Регулятор. 5. Проверьте наличие информации о защите персональных данных. Официальные сайты финансовых организаций должны содержать информацию о защите персональных данных. Эта информация обычно размещается в разделе Защита персональных данных или Политика конфиденциальности. 6. Проверьте наличие информации о безопасности. Официальные сайты финансовых организаций должны содержать информацию о безопасности. Эта информация обычно размещается в разделе Безопасность или Защита данных. 7. Проверьте наличие информации о поддержке. Официальные сайты финансовых организаций должны содержать информацию о поддержке. Эта информация обычно размещается в разделе Поддержка или Контакты. Если вы не уверены в официальности сайта, вы можете проверить его в справочнике Банка России. Для этого вам нужно перейти на сайт Банка России и воспользоваться сер"
33,Чем различается ответственность по долгам ИП по сравнению с ООО?,"Ответственность по долгам индивидуального предпринимателя (ИП) и общества с ограниченной ответственностью (ООО) различается следующим образом: 1. ИП отвечает по долгам всем своим имуществом, включая личное. Это значит, что если бизнес не сможет погасить долги, кредиторы могут взыскать средства с личных активов предпринимателя. 2. ООО, в отличие от ИП, отвечает по долгам только имуществом, которое принадлежит компании. Личные активы учредителей защищены от взыскания, если они не предоставляли личные гарантии или не являлись поручителями. Таким образом, основное отличие заключается в степени защиты личного имущества учредителей."
34,Что общего в последствиях просрочки по микрозайму и по займу через инвестиционную платформу?,"Последствия просрочки по микрозайму и по займу через инвестиционную платформу могут быть схожими в нескольких аспектах: 1. Начисление штрафов и пеней. В обоих случаях за просрочку платежа могут начисляться дополнительные проценты, штрафы или пени, что увеличивает общую сумму долга. 2. Ухудшение кредитной истории. Просрочки по любым займам могут негативно сказаться на вашей кредитной истории, что в будущем затруднит получение кредитов или займов на более выгодных условиях. 3. Возможность обращения в суд. Кредитор или инвестиционная платформа могут обратиться в суд для взыскания долга, если вы не выполняете свои обязательства по возврату средств. 4. Риск блокировки счетов или ареста имущества. В случае судебного разбирательства и вынесения решения в пользу кредитора, могут быть приняты меры по блокировке ваших счетов или аресту имущества для погашения долга. 5. Ухудшение отношений с кредитором или платформой. Просрочки могут привести к ухудшению отношений с кредитором или инвестиционной платформой, что может ограничить доступ к будущим займам или услугам. Однако стоит отметить, что конкретные последствия могут различаться в зависимости от условий договора и политики кредитора или инвестиционной платформы."
35,Как безопасно оплатить покупку онлайн?,"Для безопасной оплаты покупки онлайн рекомендуется использовать аккредитив в банке или депозит нотариуса. В этом случае, если продавец не исполнит свои обязательства, деньги вернутся к вам. Также важно внимательно проверять реквизиты получателя и избегать ввода платежных данных на подозрительных сайтах."
36,Как снизить риск при онлайн‑покупках к школе?,"Для снижения риска при онлайн-покупках к школе рекомендуется использовать безопасные способы оплаты, такие как аккредитив в банке или депозит нотариуса. Эти методы позволяют защитить ваши деньги, так как продавец получит их только после выполнения своих обязательств. В случае неисполнения обязательств деньги вернутся к вам. Также важно проверять реквизиты фирмы или ИП, либо паспортные данные продавца, если он оказывает услугу лично."
37,"Что произойдет с ипотекой при разводе, если один из супругов перестанет платить?","При разводе, если один из супругов перестанет платить по ипотеке, банк продолжит требовать погашение кредита в соответствии с графиком платежей. Если платежи не будут поступать, банк может применить меры по взысканию задолженности, включая обращение взыскания на заложенное имущество. Банк продаст заложенную недвижимость и направит вырученные деньги на погашение ипотечного кредита. Оставшуюся сумму банк передаст бывшим супругам. Если они не смогут договориться о разделе оставшейся суммы, им придется решать этот вопрос через суд. Для предотвращения таких ситуаций лучше заранее договориться с банком и бывшим супругом о дальнейших действиях, чтобы избежать судебных разбирательств."
38,Когда обращаться с жалобой в Банк России?,"Обращаться с жалобой в Банк России следует в следующих случаях: 1. Если страховщик отказывается выполнять условия договора страхования. 2. Если компания, у которой нет лицензии Банка России, нарушает ваши права (например, в случае мошенничества на форексе). 3. Если брокер или управляющий нарушает ваши права, например, не дает вывести деньги с индивидуального инвестиционного счета (ИИС), и вы не получили удовлетворительного ответа на претензию. 4. Если госорганы отказываются принимать ваше заявление или ответ вас не устроил. В каждом из этих случаев Банк России может помочь разобраться в ситуации и защитить ваши права."
39,Чем самозапрет на кредиты отличается от услуг кредитных брокеров?,"Самозапрет на кредиты и услуги кредитных брокеров решают противоположные задачи. Самозапрет на кредиты — это инструмент, который позволяет вам заблокировать возможность получения кредитов и займов от вашего имени. Это защищает вас от мошенников, которые могут попытаться взять кредит на ваше имя без вашего согласия. Банки и МФО будут отклонять все заявки на кредиты, поданные от вашего имени, пока самозапрет действует. Кредитные брокеры, напротив, помогают клиентам найти и оформить кредит. Они действуют как посредники между заемщиками и банками или МФО, помогая подобрать наиболее выгодные условия кредитования. Однако, как указано в контексте, нет объективных критериев для выбора кредитных брокеров, и лучше опираться на рекомендации друзей и знакомых. Таким образом, самозапрет на кредиты — это механизм защиты от нежелательных долгов, а кредитные брокеры — это услуга по поиску и оформлению кредитов."
40,Когда наследник вправе рассчитывать на повышенное страховое возмещение по средствам из наследства с учетом требований к оформлению прав?,"Наследник вправе рассчитывать на повышенное страховое возмещение по средствам из наследства в следующих случаях: 1. Если наследник является наследником вкладчика, умершего в период с 2001 по 2023 годы. 2. Если сумма вкладов наследодателя по состоянию на 20 июня 1991 года составляла 400 рублей или более, наследник получит фиксированную выплату в размере 6000 рублей. 3. Если сумма вкладов наследодателя по состоянию на 20 июня 1991 года составляла менее 400 рублей, наследник получит выплату, рассчитанную как произведение суммы вкладов и коэффициента 15. Для оформления прав на компенсацию наследник должен предоставить необходимые документы, подтверждающие его право на наследство и сумму вкладов наследодателя."
41,Зачем нужны обновления системы вместе с антивирусом для защиты от фишинга?,"Обновления системы и антивируса необходимы для защиты от фишинга по нескольким причинам: Во-первых, обновления системы закрывают уязвимости, которые могут быть использованы мошенниками для внедрения вредоносного ПО. Это снижает риск заражения устройства и последующего кражи данных. Во-вторых, антивирусные программы также получают обновления, которые содержат новые сигнатуры вирусов и методы защиты. Это позволяет антивирусу эффективно распознавать и блокировать новые виды фишинговых атак. В-третьих, регулярные обновления помогают защитить устройство от известных уязвимостей, которые могут быть использованы для доступа к личным данным, включая данные банковских счетов и аккаунтов в мобильном банке. Таким образом, обновления системы и антивируса являются важными мерами предосторожности для защиты от фишинга и других видов киберугроз."
42,Как меняется роль Банка России в защите интересов клиентов при реорганизации НПФ по сравнению с его мандатом по контролю инфляции?,"Роль Банка России в защите интересов клиентов при реорганизации негосударственных пенсионных фондов (НПФ) и его мандат по контролю инфляции различаются по своей природе и целям. При реорганизации НПФ Банк России, как регулятор финансового рынка, оценивает риски для всего финансового рынка. Если банкротство НПФ может привести к социальной напряженности или системным проблемам, регулятор может инициировать процедуру финансового оздоровления. В этом случае Банк России защищает интересы клиентов, предотвращая потерю их пенсионных накоплений. В то же время, при контроле инфляции Банк России проводит денежно-кредитную политику, направленную на сдерживание инфляции и поддержание стабильности экономики. В этом случае регулятор не защищает интересы конкретных клиентов, а действует в интересах всей экономики, обеспечивая стабильность цен и финансовую стабильность. Таким образом, роль Банка России в защите интересов клиентов при реорганизации НПФ заключается в предотвращении системных рисков и защите пенсионных накоплений, тогда как его мандат по контролю инфляции направлен на поддержание макроэкономической стабильности."
43,В каких законных случаях пенсионные накопления оказываются в другом фонде без вашего согласия?,"Пенсионные накопления могут быть переведены в другой фонд без вашего согласия в следующих случаях: 1. Если вы не сделали выбор фонда самостоятельно, ваши накопления могут быть переведены в фонд по умолчанию, который определен государством. 2. Если вы не оформили запрет на дистанционный перевод пенсионных накоплений, мошенники могут воспользоваться этой возможностью и перевести ваши накопления в другой фонд без вашего ведома. 3. Если вы подали заявление о переходе в другой фонд или управляющую компанию, но затем передумали, вы можете отозвать это заявление до 31 декабря текущего года. Если вы не отозвали заявление, ваши накопления будут переведены в новый фонд или управляющую компанию. 4. Если вы не оформили запрет на дистанционный перевод пенсионных накоплений через многофункциональный центр (МФЦ), ваши накопления могут быть переведены в другой фонд без вашего согласия."
44,Что делать при звонке «из банка» с тревожными новостями о счете?,"При получении звонка с тревожными новостями о счете, якобы из банка, следует действовать следующим образом: 1. Не паникуйте и не предоставляйте никакую информацию по телефону. Банк никогда не будет требовать от вас пароли, коды из SMS или другую конфиденциальную информацию. 2. Завершите звонок и самостоятельно свяжитесь с банком через официальные каналы связи. Это может быть горячая линия, указанная на сайте банка, или личный кабинет в интернет-банке. 3. Уточните у официального представителя банка информацию о звонке и возможных проблемах со счетом. 4. Если звонок оказался мошенническим, сообщите об этом в банк и в полицию. Также можно подать жалобу в интернет-приемную Банка России. 5. Для защиты своих данных регулярно обновляйте антивирусное ПО, не переходите по подозрительным ссылкам и не вводите свои данные на неофициальных сайтах."
45,Что делать при СМС о блокировке банковской карты?,"При получении СМС о блокировке банковской карты необходимо сразу связаться с банком. Для этого позвоните по официальному номеру горячей линии или обратитесь в отделение банка. Сотрудники банка объяснят причину блокировки и подскажут, как действовать дальше. Если блокировка связана с мошенническими операциями, банк может предложить отменить подозрительные платежи и перевыпустить карту."
46,Кому доступен залог до продажи: жильцам ипотечной квартиры против владельца автомобиля в автоломбарде?,"Залог до продажи доступен владельцам ипотечной квартиры. В случае с автоломбардом залог автомобиля используется как обеспечение кредита, и продажа автомобиля без погашения кредита невозможна без согласия банка или лизинговой компании. Если у вас есть дополнительные вопросы по банковским услугам, пожалуйста, задайте их."
47,"Как узнать, в каких БКИ хранится моя кредитная история, чтобы посмотреть свой индивидуальный рейтинг?","Чтобы узнать, в каких бюро кредитных историй (БКИ) хранится ваша кредитная история, вы можете воспользоваться несколькими способами: 1. **Официальный запрос в Центральный каталог кредитных историй (ЦККИ)**. Это бесплатная услуга, которую можно получить один раз в год. Для этого нужно обратиться в банк, где у вас открыт счет, или напрямую в БКИ. 2. **Запрос в банк**. Многие банки предоставляют информацию о БКИ, в которых хранится ваша кредитная история, через интернет-банк или при личном обращении в отделение. 3. **Обращение напрямую в БКИ**. Вы можете отправить запросы в несколько БКИ, чтобы узнать, есть ли у них информация о вас. Например, в Национальное бюро кредитных историй (НБКИ), Объединённое кредитное бюро (ОКБ) и другие. После получения информации о БКИ, вы можете запросить свою кредитную историю и узнать свой рейтинговый балл."
48,Какие меры нужны для безопасных онлайн-платежей с детской карты?,"Для безопасных онлайн-платежей с детской карты рекомендуется: 1. Настроить самозапрет на интернет-платежи. Это можно сделать в онлайн-банке, подробная инструкция обычно доступна на сайте банка. 2. Объяснить ребенку основные правила кибергигиены, чтобы он не вводил данные карты на подозрительных сайтах. 3. Использовать безопасные способы оплаты, такие как аккредитив или депозит нотариуса, если речь идет о крупных покупках. 4. Разобраться с ребенком, какие бонусы и преимущества дает детская карта, чтобы он понимал, как безопасно и выгодно ею пользоваться."
49,Какие действуют лимиты: сколько возмещает АСВ по дополнительной пенсии и какие максимальные суммы обычно выдают МФО?,"По дополнительной пенсии, застрахованной в банке, АСВ выплачивает компенсацию в пределах 1,4 млн рублей. Это касается всех счетов и вкладов в одном банке, включая проценты по ним. В некоторых случаях возможна повышенная страховка до 10 млн рублей. Что касается микрофинансовых организаций (МФО), то максимальные суммы кредитов зависят от конкретного МФО и законодательства. В России, например, с 2019 года действует закон, ограничивающий максимальную сумму процентов по займу. Однако конкретные лимиты по суммам кредитов в МФО лучше уточнять непосредственно в организациях, так как они могут значительно различаться."
50,Как по-разному обращаются со штрафами и пенями при ипотечных каникулах и при судебном банкротстве?,"При ипотечных каникулах штрафы и пени обычно не начисляются, так как это временная отсрочка платежей, предусмотренная законом. Банк не может начислять штрафы и пени за период каникул, если клиент соответствует условиям программы. При судебном банкротстве штрафы и пени могут быть списаны, если суд признает их необоснованными или если они были начислены до момента подачи заявления о банкротстве. Однако это решается в индивидуальном порядке и зависит от решения суда. Если у вас есть дополнительные вопросы по банковским продуктам или услугам, задавайте их."
51,"Как проходят расчеты при продаже квартиры, находящейся в залоге у банка?","При продаже квартиры, находящейся в залоге у банка, расчеты проходят следующим образом: 1. Банк получает остаток денег с номинального счета, который предназначен для погашения ипотечного кредита. 2. После погашения кредита оставшаяся сумма передается продавцу. 3. Если продавец и покупатель договорились о других условиях оплаты, это должно быть оформлено в договоре купли-продажи. Для более подробной информации о процедуре продажи заложенного жилья можно обратиться к статье «Как продать или купить ипотечную квартиру»."
52,"Каков общий лимит вычета на взносы при сочетании ИИС‑3, ПДС, доппенсии?","Общий лимит вычета на взносы при сочетании ИИС-3, пенсионных накоплений (ПДС) и дополнительных пенсионных выплат не указан в предоставленном контексте. Для получения точной информации рекомендую обратиться в налоговую службу или к специалисту по налогам. Если у вас есть дополнительные вопросы, связанные с банковскими услугами или налогами, пожалуйста, задавайте их."
53,Когда кредитор сможет продать залог: автомобиль в автоломбарде против ипотечной квартиры?,"Кредитор может продать залоговое имущество в случае нарушения условий кредитного договора, например, при просрочке платежей. Для автомобиля, переданного в автоломбард, кредитор может продать его уже через 2-3 месяца просрочки, так как это залоговое имущество с более высокой ликвидностью. Для ипотечной квартиры процесс продажи заложенной недвижимости обычно занимает больше времени. Банк может начать процедуру продажи после длительной просрочки, которая может составлять от 3 до 6 месяцев и более, в зависимости от условий договора и законодательства. Таким образом, автомобиль в автоломбарде может быть продан кредитором быстрее, чем ипотечная квартира."
54,"На что смотреть при покупке полиса ДМС, чтобы не ошибиться?","При покупке полиса ДМС важно обратить внимание на несколько ключевых моментов: 1. **Перечень услуг**: Уточните, какие медицинские услуги покрываются полисом. Это могут быть амбулаторное лечение, госпитализация, стоматология, диагностика и другие услуги. 2. **Сеть медицинских учреждений**: Проверьте, в каких клиниках и больницах можно получить медицинскую помощь по полису. Убедитесь, что в списке есть удобные для вас медицинские учреждения. 3. **Франшиза и лимиты**: Ознакомьтесь с условиями франшизы (сумма, которую вы оплачиваете самостоятельно) и лимитами компенсации. Это поможет понять, какие расходы вам придется покрывать из своего кармана. 4. **Сроки действия и условия продления**: Уточните срок действия полиса и условия его продления. Некоторые полисы могут автоматически продлеваться, другие требуют повторного оформления. 5. **Стоимость и способы оплаты**: Сравните стоимость полиса у разных страховых компаний и выберите наиболее выгодный вариант. Также уточните, какие способы оплаты доступны (наличные, банковская карта, онлайн-платежи). 6. **Отзывы и репутация страховой компании**: Перед покупкой полиса изучите отзывы о страховой компании и ее услугах. Это поможет избежать неприятных сюрпризов в будущем. 7. **Налоговые льготы**: Не забудьте о возможности получения налогового вычета за покупку полиса ДМС. Это позволит вернуть часть потраченных на страховку денег. Если у вас есть дополнительные вопросы по полисам ДМС, обратитесь к специалистам страховой компании или в банк, где вы оформляете полис."
55,"Где по умолчанию хранятся пенсионные накопления, допускается ли перевод между СФР и НПФ?","Пенсионные накопления по умолчанию хранятся в Пенсионном фонде России (ПФР) или в выбранном вами негосударственном пенсионном фонде (НПФ). Да, допускается перевод пенсионных накоплений между СФР (Сохраненные фонды России) и НПФ. Вы можете оставить накопления на своем счете в СФР либо при желании перевести их в новый НПФ, но убедитесь, что у фонда есть лицензия. Для перевода накоплений из одного НПФ в другой или в управляющую компанию, оставшись в Соцфонде, можно воспользоваться соответствующими процедурами. Подробнее о процессе перевода и его особенностях можно узнать на сайте СФР или в личном кабинете."
56,Почему обещания кредитного брокера «гарантируем кредит» не заслуживают доверия?,"Обещания кредитного брокера «гарантируем кредит» не заслуживают доверия по нескольким причинам. Во-первых, нет объективных критериев для выбора кредитных брокеров. Нет государственного реестра кредитных брокеров или рейтингов, которые могли бы стать ориентиром. Это означает, что любой брокер может заявить о себе как о надежном, но на самом деле это может быть не так. Во-вторых, решение о выдаче кредита принимает банк, а не брокер. Брокер может помочь в сборе документов и подаче заявки, но окончательное решение зависит от банка и его внутренних критериев. Поэтому гарантии брокера не имеют под собой оснований. В-третьих, обещания гарантированного кредита могут быть частью мошеннической схемы. Брокер может потребовать предоплату за свои услуги или другие платежи, которые в итоге не приведут к получению кредита. В-четвертых, кредитные брокеры могут использовать уловки и навязывать ненужные услуги, что может привести к дополнительным расходам и проблемам. Поэтому лучше всего опираться на рекомендации друзей и знакомых при выборе кредитного брокера и быть критичным к любым гарантиям."
57,Какими способами пополнить карту безналичной валютой и можно ли затем снять эти деньги в иностранной наличности?,"Для пополнения карты безналичной валютой и последующего снятия наличных за границей можно воспользоваться следующими способами: 1. **Международные переводы**: Вы можете получить международные переводы на свою карту. Однако при выдаче деньги будут конвертированы в рубли по курсу Банка России. Это означает, что снять их в иностранной валюте напрямую не получится. 2. **Обменные операции**: Если у вас есть возможность обменять рубли на иностранную валюту через банк или обменный пункт, вы можете сделать это и затем снять наличные в иностранной валюте. 3. **Использование банкоматов за границей**: Вы можете снять наличные в иностранной валюте через банкоматы за границей. Однако стоит учитывать, что за такие операции могут взиматься комиссии. Важно помнить, что при снятии наличных за границей могут применяться дополнительные комиссии и конвертационные курсы, которые могут быть невыгодными. Поэтому рекомендуется заранее уточнить условия у вашего банка."
58,"Какие действия нужны, чтобы получить выплату после ДТП по европротоколу, включая необходимые доказательства?","Для получения выплаты после ДТП по европротоколу необходимо выполнить несколько шагов: 1. Зафиксировать обстоятельства ДТП. Обязательно зафиксируйте место происшествия, повреждения автомобилей и другие важные детали. Сделайте фотографии и видео, которые могут служить доказательствами. 2. Заполнить извещение о ДТП. Оба участника аварии должны заполнить извещение о ДТП. В нем указываются данные автомобилей, водителей, обстоятельства аварии и повреждения. 3. Предоставить документы в страховую компанию. В течение пяти рабочих дней после ДТП необходимо предоставить в страховую компанию заполненное извещение о ДТП, копии документов, подтверждающих право собственности на автомобиль, и другие необходимые документы. 4. Дождаться решения страховой компании. Страховая компания должна принять решение о выплате в течение 20 рабочих дней с момента получения всех необходимых документов. 5. Получить выплату. Если решение страховой компании положительное, вы получите выплату в соответствии с условиями договора страхования."
59,Что будет с авто в залоге по автокредиту при просрочке либо после смерти заемщика?,"При просрочке платежей по автокредиту банк может инициировать процедуру взыскания заложенного автомобиля. В случае смерти заемщика, если авто находится в залоге, банк также может продать его для погашения оставшейся суммы кредита. Оставшуюся сумму после продажи, если она есть, передадут наследникам. Если наследники не смогут договориться о разделе средств, вопрос будет решаться через суд."
60,Как различается защита денег при отзыве лицензии у банка: депозит против счета эскроу?,"Защита денег при отзыве лицензии у банка различается для депозитов и счетов эскроу следующим образом: 1. Депозиты: В случае отзыва лицензии у банка, вклады физических лиц защищены системой страхования вкладов. Максимальная сумма компенсации составляет 1,4 миллиона рублей. Это включает все счета и вклады в этом банке, включая начисленные проценты. В некоторых случаях Агентство по страхованию вкладов (АСВ) может выплатить повышенную страховку — до 10 миллионов рублей. 2. Счета эскроу: Для счетов эскроу, если на них было более 10 миллионов рублей, сумма сверх этого лимита может быть возвращена только в ходе банкротства или ликвидации банка. Это означает, что средства, превышающие 10 миллионов рублей, не подлежат страхованию и их возврат может занять значительное время и зависеть от результатов процедуры банкротства."
61,Как официальные данные об инфляции можно использовать при решении: брать ипотеку или разместить деньги на вкладе?,"Официальные данные об инфляции помогают оценить, как изменится стоимость денег в будущем. Если инфляция высокая, то размещение денег на вкладе может быть менее выгодным, так как проценты по вкладу могут не покрыть потерь от инфляции. В этом случае ипотека может быть более привлекательной, так как кредитные ставки могут быть ниже уровня инфляции, что снижает реальную стоимость кредита. С другой стороны, если инфляция низкая, то вклады могут быть более выгодными, так как проценты по вкладу будут выше уровня инфляции, что обеспечит сохранение и прирост средств. Таким образом, при принятии решения о том, брать ипотеку или разместить деньги на вкладе, важно сравнить текущие процентные ставки по ипотеке и вкладам с уровнем инфляции."
62,"Как неквалу получить доступ к ETF зарубежных рынков, а также к паям ЗПИФов?","Для неквалифицированного инвестора доступ к зарубежным ETF и паям закрытых паевых инвестиционных фондов (ЗПИФ) может быть ограничен. Вот основные моменты, которые стоит учитывать: 1. **Доступ к ETF зарубежных рынков**:  - Обычно неквалифицированные инвесторы могут инвестировать в ETF, которые торгуются на российских биржах. Это могут быть ETF, которые реплицируют индексы зарубежных рынков, но торгуются на Московской бирже.  - Прямой доступ к зарубежным ETF может быть ограничен из-за санкций и регуляторных ограничений. В этом случае лучше уточнять у своего брокера или управляющей компании, какие возможности доступны. 2. **Доступ к паям ЗПИФов**:  - ЗПИФы могут быть доступны как квалифицированным, так и неквалифицированным инвесторам, в зависимости от условий фонда. Информацию о доступности паев для неквалифицированных инвесторов можно найти на сайте управляющей компании или в правилах фонда.  - Если фонд доступен только квалифицированным инвесторам, управляющая компания должна оповестить пайщиков о преобразовании фонда через электронную почту, заказные письма или другие способы, прописанные в правилах фонда. Для более точной информации рекомендуется обратиться в управляющую компанию или к своему брокеру, чтобы уточнить доступные возможности и условия инвестирования."
63,Совместима ли компенсация 450 000 ₽ по ипотеке для третьего ребенка с имущественным налоговым вычетом?,"К сожалению, в предоставленном контексте нет информации о совместимости компенсации 450 000 рублей по ипотеке для третьего ребенка с имущественным налоговым вычетом. Для получения точного ответа рекомендуется обратиться в налоговую службу или в банк, где оформлена ипотека."
64,Какие приемы помогают сократить импульсивные траты?,"Для сокращения импульсивных трат можно использовать несколько приемов: 1. Составьте финансовый план и определите ежемесячные обязательные траты. Это поможет вам лучше контролировать свои расходы и избегать ненужных покупок. 2. Используйте приложения для учета расходов и доходов. Это поможет вам отслеживать свои траты и понимать, на что уходит больше всего денег. 3. Заведите отдельный счет для накоплений или используйте карты с кешбэком, чтобы вернуть часть потраченного. 4. Перед покупкой задавайте себе вопросы: Нужна ли мне эта вещь?, Могу ли я позволить себе эту покупку?, Найду ли я что-то подобное дешевле?. Это поможет вам избежать импульсивных покупок. 5. Используйте метод остывания. Если вы хотите купить что-то дорогое, подождите несколько дней или недель, прежде чем сделать покупку. Это поможет вам понять, действительно ли вам это нужно."
65,"Зачем финансовая подушка безопасности нужна семье так же, как зрелому бизнесу?","Финансовая подушка безопасности нужна семье так же, как зрелому бизнесу, для обеспечения финансовой стабильности и защиты от непредвиденных расходов. Она позволяет семье или бизнесу выдерживать временные трудности, такие как потеря работы, болезнь, снижение доходов или другие непредвиденные обстоятельства, без серьезных финансовых потерь. Финансовая подушка безопасности обычно формируется за счет отложенных средств, которые хранятся на накопительном счете или депозите в банке. Это позволяет семье или бизнесу иметь доступ к деньгам в случае необходимости, не прибегая к заемным средствам или кредитам. Кроме того, финансовая подушка безопасности помогает избежать стресса и беспокойства, связанных с финансовыми трудностями, и обеспечивает чувство уверенности в завтрашнем дне."
66,Чем отличаются государственные гарантии для денег на эскроу при покупке новостройки и для банковского вклада?,"Государственные гарантии для денег на эскроу при покупке новостройки и для банковского вклада различаются по механизму защиты и условиям возврата средств. Для денег на эскроу при покупке новостройки: - Средства хранятся на специальном счете до момента передачи квартиры. - Если застройщик не выполнит обязательства, деньги можно вернуть в ходе банкротства или ликвидации банка, но только если сумма не превышает 10 млн рублей. - Суммы сверх 10 млн рублей возвращаются только в рамках процедуры банкротства или ликвидации банка. Для банковского вклада: - Вклады физических лиц в банках России застрахованы на сумму до 1,4 млн рублей. - Возврат средств происходит в случае отзыва лицензии у банка через Агентство по страхованию вкладов (АСВ). - Процедура возврата средств по вкладам более быстрая и не требует ожидания банкротства или ликвидации банка. Таким образом, гарантии по эскроу-счетам более сложные и зависят от выполнения обязательств застройщиком, тогда как гарантии по вкладам более прозрачные и быстрые."
67,Как безопаснее настроить оплату частями в онлайн‑магазине?,"Для безопасной оплаты частями в онлайн-магазине рекомендуется использовать аккредитив в банке или депозит нотариуса. Эти методы обеспечивают защиту ваших средств: если продавец не выполнит свои обязательства, деньги вернутся к вам. Также важно следовать основным правилам безопасности при онлайн-платежах, чтобы избежать мошенничества."
68,"Какие льготы предусмотрены по программе долгосрочных сбережений, включая размер вычета на взносы?","По программе долгосрочных сбережений, такой как индивидуальный инвестиционный счет (ИИС) типа Б, предусмотрен налоговый вычет на взносы. Размер вычета составляет до 52 000 рублей в год, что соответствует 13% от максимальной суммы взноса 400 000 рублей. Этот вычет можно получить, если счет открыт на срок не менее 3 лет и не производились выводы средств с него. Для получения вычета необходимо подать налоговую декларацию и предоставить подтверждающие документы."
69,Какие лимиты действуют для бесплатных переводов по СБП по сравнению с кэшаутом?,"Для бесплатных переводов по Системе быстрых платежей (СБП) лимиты могут отличаться в зависимости от банка и тарифного плана клиента. Обычно лимиты на бесплатные переводы по СБП составляют до 50 000 рублей в сутки и до 150 000 рублей в месяц. Однако эти лимиты могут быть ниже или выше в зависимости от условий конкретного банка. Что касается кэшаута (вывода наличных с банковской карты через банкомат или платежный терминал), то лимиты также зависят от банка и типа карты. Обычно лимиты на кэшаут составляют от 5 000 до 100 000 рублей в сутки, но могут быть и другие ограничения. Для более точной информации о лимитах рекомендуется обратиться в ваш банк или проверить условия тарифного плана на сайте банка."
70,Как проходит расчет через счет эскроу при долевом строительстве?,"При долевом строительстве расчет через счет эскроу проходит следующим образом: 1. Часть стоимости жилья зачисляется на счет эскроу. Это означает, что деньги клиента хранятся на специальном счете до момента, когда застройщик выполнит определенные работы или условия, предусмотренные договором. 2. Деньги с эскроу-счета перечисляются застройщику по мере выполнения им обязательств. Например, после сдачи определенного этапа строительства или подписания акта приема-передачи квартиры. 3. Если застройщик не выполняет свои обязательства, деньги остаются на счете эскроу и могут быть возвращены клиенту. Важно отметить, что если на эскроу-счете было больше 10 миллионов рублей, сумма сверх этого лимита может быть возвращена только в ходе банкротства или ликвидации банка."
71,Кто контролирует профессиональных участников фондового рынка?,"Профессиональных участников фондового рынка контролирует Федеральная служба по финансовым рынкам (ФСФР) или Центральный банк Российской Федерации (ЦБ РФ), в зависимости от конкретного регулятора на момент вашего вопроса. Эти органы регулируют деятельность всех финансовых институтов, включая паевые инвестиционные фонды и управляющие компании."
72,"На какой срок разумно вкладываться в драгоценные металлы для сохранения сбережений, чтобы вписать это в финансовый план?","Для вложений в драгоценные металлы с целью сохранения сбережений рекомендуется рассматривать долгосрочный горизонт инвестирования. Обычно это период от 3 до 5 лет и более. Это связано с тем, что цены на драгоценные металлы могут колебаться в краткосрочной перспективе, но на длительном промежутке времени они демонстрируют стабильность и способность сохранять стоимость. Важно учитывать, что инвестиции в драгоценные металлы, такие как структурные облигации, связаны с определенными рисками, включая возможность банкротства эмитента или брокера. Поэтому перед инвестированием стоит тщательно изучить все риски и проконсультироваться с финансовыми экспертами."
73,При каких условиях мобилизованный ИП может перейти на НПД?,"Для перехода на налог на профессиональный доход (НПД) мобилизованный индивидуальный предприниматель (ИП) должен выполнить несколько условий: 1. Прекратить деятельность в качестве ИП. Мобилизованный ИП может сняться с учета в качестве предпринимателя и зарегистрироваться в качестве самозанятого. 2. Не иметь долгов по налогам. Важно, чтобы у него не было задолженностей по налогам, которые могут возникнуть в процессе деятельности ИП. 3. Соблюдать требования закона. Переход на НПД возможен только при соблюдении всех законодательных требований, связанных с налоговым статусом. После выполнения этих условий мобилизованный ИП может зарегистрироваться в качестве самозанятого и начать уплату налога на профессиональный доход."
74,"Кому доступен банковский вклад, а кому положен имущественный вычет при покупке жилья?","Банковский вклад доступен всем физическим лицам, которые соответствуют требованиям банка, например, возрастным ограничениям и условиям открытия счета. Имущественный вычет при покупке жилья положен налогоплательщикам, которые: 1. Официально трудоустроены и уплачивают налог на доходы физических лиц (НДФЛ) по ставке 13%. 2. Приобрели жилье (квартиру, дом, земельный участок и т.д.) или оплатили строительство. 3. Не использовали ранее имущественный вычет или остаток вычета сохранен. Для получения вычета необходимо подать налоговую декларацию и предоставить документы, подтверждающие покупку жилья."
75,Какие документы подтверждают ваши права по онлайн-сделке на маркетплейсе в отличие от случая утери векселя?,"Для подтверждения прав по онлайн-сделке на маркетплейсе вам потребуются следующие документы: 1. Подтверждение оплаты (чеки, квитанции, выписки с банковского счета). 2. Скриншоты переписки с продавцом, включая согласованные условия сделки. 3. Договор купли-продажи, если он был заключен. 4. Данные о продавце (реквизиты фирмы или ИП, если это юридическое лицо, или паспортные данные, если продавец — физическое лицо). В случае утери векселя подтверждением прав могут служить: 1. Копия векселя, если она у вас есть. 2. Документы, подтверждающие передачу векселя (акты приема-передачи, договоры). 3. Свидетельские показания, если вексель был передан в присутствии третьих лиц. Для дополнительной защиты в онлайн-сделках рекомендуется использовать безопасные способы оплаты, такие как аккредитив или депозит нотариуса."
76,"Кто контролирует МФО, а кто — коллекторов?","Контроль за микрофинансовыми организациями (МФО) осуществляет Банк России. Он ведет государственный реестр МФО и может наказывать их за нарушения, вплоть до исключения из реестра. Коллекторские агентства контролируются Федеральной службой судебных приставов (ФССП) и Банком России. Банк России ведет реестр коллекторских агентств и также может применять санкции за нарушения."
77,"Что стоит внимательно проверить в договоре, если вы оформляете НПО в НПФ и если берете заем?","Для оформления негосударственного пенсионного обеспечения (НПО) в негосударственном пенсионном фонде (НПФ) и при взятии займа стоит проверить следующие моменты: 1. **При оформлении НПО в НПФ:**  - Условия накопления и выплат.  - Размер и периодичность взносов.  - Возможность досрочного расторжения договора и последствия.  - Условия передачи накоплений в случае смерти застрахованного лица.  - Возможные штрафы и комиссии. 2. **При взятии займа:**  - Процентную ставку и условия ее изменения.  - Сроки погашения и возможные штрафы за просрочку.  - Условия досрочного погашения и возможные комиссии.  - Полную стоимость займа (ПСЗ), включая все скрытые комиссии.  - Условия страхования и его обязательность. Внимательное изучение этих пунктов поможет избежать нежелательных финансовых рисков и проблем в будущем."
78,Как начисляются проценты и штрафы во время кредитных каникул по санкциям и по мобилизации?,"Проценты и штрафы во время кредитных каникул начисляются по-разному в зависимости от основания каникул. 1. Кредитные каникулы по санкциям:  - Проценты продолжают начисляться на основной долг, но штрафы и пени не начисляются.  - После окончания каникул набежавшие проценты присоединяются к основному долгу, и график платежей корректируется с учетом увеличенной суммы. 2. Кредитные каникулы по мобилизации:  - Проценты также продолжают начисляться, но штрафы и пени не начисляются.  - После окончания каникул набежавшие проценты присоединяются к основному долгу, и график платежей корректируется с учетом увеличенной суммы. В обоих случаях размер и периодичность платежей остаются прежними, но их количество увеличивается за счет набежавших процентов."
79,"Почему внебиржевые сделки рискованнее, чем торговля на бирже?","Внебиржевые сделки рискованнее, чем торговля на бирже, по нескольким причинам: Во-первых, на бирже действуют четкие правила и регулирование, которые снижают риски мошенничества и недобросовестных сделок. Внебиржевые сделки часто проводятся без такого контроля, что увеличивает риски. Во-вторых, на бирже есть гаранты исполнения сделок, такие как клиринговые организации, которые обеспечивают выполнение обязательств по сделкам. Вне биржи таких гарантов может не быть, и в случае проблем с контрагентом вы можете потерять свои средства. В-третьих, на бирже есть прозрачность цен и объемов, что позволяет принимать более обоснованные решения. Внебиржевые сделки часто проводятся по договоренности между сторонами, и цена может быть несправедливой или завышенной. В-четвертых, на бирже есть механизмы защиты инвесторов, такие как ограничения на маржинальную торговлю и требования к раскрытию информации. Внебиржевые сделки могут не иметь таких механизмов, что увеличивает риски для инвесторов. В-пятых, на бирже есть возможность диверсификации портфеля, что позволяет снизить риски. Внебиржевые сделки часто проводятся с одним контрагентом или по одному активу, что увеличивает концентрацию рисков. В-шестых, на бирже есть возможность использовать кредитные средства для торговли, но с определенными ограничениями и под контролем. Внебиржевые сделки могут предусматривать использование кредитных средств без таких ограничений, что увеличивает риски. В-седьмых, на бирже есть возможность использовать различные инструменты для управления рисками, такие как стоп-лосс и тейк-профит. Внебиржевые сделки могут не предусматривать таких инструментов, что увеличивает риски. В-восьмых, на бирже есть возможность получить доступ к информации о сделках и контрагентах, что позволяет принимать более обоснованные решения"
80,Как проверить полис ОСАГО через НСИС?,"Для проверки полиса ОСАГО через НСИС (Национальную систему идентификации страховых случаев) вам нужно выполнить следующие шаги: 1. Перейдите на официальный сайт НСИС или используйте мобильное приложение. 2. Введите номер полиса ОСАГО. 3. Укажите другие необходимые данные, такие как серия и номер водительского удостоверения или свидетельства о регистрации транспортного средства. 4. После ввода данных система предоставит информацию о статусе полиса, включая сроки действия, страховую компанию и другие важные детали. Если у вас возникнут трудности, вы можете обратиться в свою страховую компанию или в службу поддержки НСИС для получения дополнительной помощи."
81,Есть ли госгарантия возврата средств при крахе брокера либо при исключении МФО из реестра?,"Нет, государство не гарантирует возврат средств при банкротстве брокера или исключении МФО из реестра. В случае банкротства брокера вы можете претендовать на возврат активов через процедуру банкротства, но это может занять много времени и не гарантирует полного возврата средств. В случае с МФО, если компания исключена из реестра, это не означает автоматического возврата средств. Вам нужно будет обращаться в суд или другие инстанции для попытки возврата средств, но это также не гарантирует успеха."
82,"Что происходит дальше, если должник отказывается от общения с коллекторами?","Если должник отказывается от общения с коллекторами, коллекторы могут предпринять следующие шаги: 1. Коллекторы могут продолжать попытки связаться с должником, но должник имеет право не отвечать на звонки и сообщения. 2. Коллекторы могут направить должнику официальные письма с требованием погасить долг. 3. Если должник продолжает игнорировать требования, коллекторы могут обратиться в суд для взыскания долга. 4. В случае, если суд примет решение в пользу коллекторов, должник может столкнуться с принудительным взысканием долга через судебных приставов. Если коллекторы нарушают права должника, например, звонят в нерабочее время, угрожают или используют другие незаконные методы, должник может обратиться в Федеральную службу судебных приставов или Национальную ассоциацию профессиональных коллекторских агентств для защиты своих прав."
83,Какие инструменты подойдут для консервативного накопления на срок от трех лет и с чего лучше начинать инвестору‑новичку?,"Для консервативного накопления на срок от трех лет подойдут следующие инструменты: 1. Облигации: они обеспечивают стабильный доход и имеют более низкий уровень риска по сравнению с акциями. Облигации можно покупать как на первичном, так и на вторичном рынке. 2. Депозиты: банковские вклады с фиксированной процентной ставкой. Они гарантируют сохранность вложенных средств и доходность, но обычно ниже, чем у облигаций. 3. Фонды денежного рынка: они инвестируют в краткосрочные и высоколиквидные активы, такие как государственные облигации и коммерческие бумаги. Эти фонды обеспечивают стабильный доход и низкий уровень риска. Для начинающего инвестора лучше начать с изучения основ инвестирования. Можно пройти бесплатный онлайн-курс от Московской биржи «Путь инвестора», чтобы понять основные принципы работы на фондовом рынке и снизить риски. Также рекомендуется внимательно изучить текст «Что нужно знать начинающему инвестору», чтобы понять, с какими рисками можно столкнуться и как их минимизировать."
84,"Что делать, если пришло сообщение о блокировке карты с просьбой перезвонить по незнакомому номеру?","Если пришло сообщение о блокировке карты с просьбой перезвонить по незнакомому номеру, не перезванивайте по этому номеру. Это может быть попытка мошенничества. Вместо этого, обратитесь в банк по официальному номеру горячей линии, указанному на сайте или на обратной стороне карты. Сотрудники банка помогут разобраться в ситуации и подскажут, как действовать дальше."
85,Как меняется выплата по ОСАГО при европротоколе в зависимости от фотофиксации либо разногласий?,"Выплата по ОСАГО при использовании европротокола может зависеть от нескольких факторов, включая наличие фотофиксации и разногласий между участниками ДТП. 1. **Фотофиксация**: Если у вас есть фотофиксация обстоятельств ДТП, это может упростить процесс получения выплаты. Фотографии могут служить доказательством вины и обстоятельств аварии, что снижает риск споров с другой стороной. 2. **Разногласия**: Если между участниками ДТП есть разногласия, это может усложнить процесс выплаты. В таких случаях страховая компания может потребовать дополнительных доказательств или провести экспертизу для установления вины. В случае разногласий или отсутствия фотофиксации, выплата может быть задержана или уменьшена, так как страховая компания будет стремиться минимизировать свои риски. Для более подробной информации рекомендуется обратиться к статье «Как получить возмещение по ОСАГО»."
86,Почему заявления о страховке в МФО не гарантируют возврат вложений?,"Заявления о страховке в микрофинансовых организациях (МФО) не гарантируют возврат вложений по нескольким причинам: 1. **Ограниченный охват страховки**: Страховка может покрывать только часть вложений или определенные риски. Например, она может не включать случаи банкротства МФО или другие значимые риски. 2. **Условия страхового случая**: Не все ситуации, при которых инвестор может потерять деньги, признаются страховыми случаями. Важно внимательно изучить договор страхования, чтобы понять, какие именно риски покрываются. 3. **Процесс выплат**: Даже если страховой случай наступил, процесс получения выплат может быть длительным и сложным. Страховая компания может затягивать выплаты или отказать в них, если найдет основания. 4. **Риски, не связанные со страховкой**: Страховка не защищает от всех возможных рисков, таких как изменение законодательства, резкое изменение рыночных условий или другие факторы, которые могут повлиять на возвратность вложений. Для получения более точной информации рекомендуется связаться со страховой компанией, которая оформила полис, и уточнить порядок выплат и условия страхования."
87,"Чем отличаются госгарантии для вкладов, пенсионных накоплений в НПФ, полисов НСЖ по защите суммы?","Государственные гарантии для вкладов, пенсионных накоплений в НПФ и полисов накопительного страхования жизни (НСЖ) различаются по механизмам защиты и условиям. 1. Вклады в банках: Вклады физических лиц в банках защищены государственной системой страхования вкладов. В случае отзыва лицензии у банка страховая сумма составляет до 1,4 миллиона рублей на одного вкладчика. Это означает, что если у вас на счете было 1,4 миллиона рублей или меньше, вы получите эту сумму в полном объеме. 2. Пенсионные накопления в НПФ: Пенсионные накопления в негосударственных пенсионных фондах (НПФ) защищены государством через механизм гарантирования сохранности средств. В случае банкротства НПФ или других проблем, государство гарантирует возврат средств, но только в пределах сформированных пенсионных накоплений. Важно отметить, что государство не гарантирует доходность инвестиций НПФ. 3. Полисы накопительного страхования жизни (НСЖ): Полисы НСЖ не имеют прямой государственной гарантии, как вклады или пенсионные накопления. Однако страховые компании, выдающие такие полисы, должны соответствовать требованиям Центрального банка РФ и иметь лицензию. В случае банкротства страховой компании, средства клиентов защищены системой страхования вкладов, но только в части, соответствующей требованиям законодательства. Таким образом, государственные гарантии для этих трех видов финансовых инструментов различаются по степени защиты и условиям возмещения."
88,"В каких случаях выгоднее созаемщик, а не поручитель, для снижения ставки либо увеличения суммы?","В случае с кредитами, созаемщик может быть выгоднее поручителя в следующих ситуациях: 1. Если созаемщик имеет более высокий доход или лучшую кредитную историю, это может помочь снизить процентную ставку по кредиту или увеличить сумму кредита. Банк рассматривает доходы и кредитные истории всех созаемщиков, что может улучшить условия кредитования. 2. Если созаемщик является родственником, с которым у вас общий бюджет (например, супруг или ребенок), это может упростить процесс получения кредита, так как банк видит более стабильный и объединенный доход. 3. Если вы уверены, что созаемщик будет платить по кредиту так же ответственно, как и вы, это может быть выгодным вариантом, так как оба созаемщика несут равную ответственность за возвращение кредита. Однако, важно помять, что в случае просрочки платежей, оба созаемщика несут равную ответственность перед банком."
89,"Как работают структурные облигации, привязанные к цене золота?","Структурные облигации, привязанные к цене золота, представляют собой сложные финансовые инструменты, которые сочетают в себе элементы долговых обязательств и деривативов. Их работа основана на изменении цены золота на рынке. 1. **Принцип работы**: Эти облигации обычно имеют купонный доход, который зависит от изменения цены золота. Например, если цена золота растет, инвестор может получить более высокий купон, а если цена падает, доход может быть снижен или вовсе отсутствовать. 2. **Риски**: Структурные облигации считаются сложными инструментами и несут в себе значительные риски. Для их покупки требуется пройти тестирование или получить статус квалифицированного инвестора. Также существует риск банкротства эмитента облигаций или брокера, через которого приобретаются бумаги. 3. **Особенности**: Инвестор должен тщательно изучить условия выпуска облигаций, включая механизмы выплаты купонов и погашения номинала. Важно понимать, что любые инвестиции могут обернуться убытками, и диверсификация вложений может помочь снизить риски. Для более подробной информации о рисках и особенностях инвестирования в золото и структурные облигации рекомендуется ознакомиться с материалами, такими как «Мифы и правда о драгоценных металлах» и «Мисселинг, или как не купить кота в мешке»."
90,Почему инвестиции в себя считаются выгодными?,"Инвестиции в себя считаются выгодными, потому что они приносят долгосрочные результаты, которые могут значительно превысить вложения. Образование, навыки, здоровье и личностный рост повышают вашу конкурентоспособность на рынке труда, открывают новые возможности для карьерного роста и увеличения дохода. В отличие от вложений в ценные бумаги, которые могут обернуться убытками, инвестиции в себя обычно дают более стабильный и предсказуемый возврат."
91,Чем отличается остановка операции от блокировки счета по 115‑ФЗ?,"Остановка операции и блокировка счета по 115-ФЗ — это разные меры, применяемые банком в различных ситуациях. Остановка операции означает приостановку конкретной транзакции, которая вызывает подозрения у банка. Например, если банк заметит подозрительную операцию по вашей карте, он может временно приостановить её, чтобы проверить подлинность. Если операция подтверждается владельцем карты, она будет продолжена. Если нет, операция отменяется, и карта может быть перевыпущена. Блокировка счета по 115-ФЗ — это более серьёзная мера, связанная с противодействием легализации доходов, полученных преступным путем, и финансированию терроризма. Банк может заблокировать счёт, если операция или клиент вызывают подозрения. В этом случае клиенту придется предоставить дополнительные документы или объяснения, чтобы разблокировать счёт. Таким образом, остановка операции — это временная мера, направленная на проверку подозрительной транзакции, а блокировка счета по 115-ФЗ — это более строгая мера, связанная с соблюдением законодательства о противодействии отмыванию денег."
92,"Почему за наличную валюту стоит идти в банк, а не к брокеру?","В банке обмен валюты обычно происходит по более выгодному курсу, чем у брокеров, так как банки работают с крупными объемами и имеют более низкие комиссии. Кроме того, банки предоставляют дополнительные услуги, такие как страхование валютных рисков и консультации по валютным операциям. Брокеры же могут взимать более высокие комиссии и предлагать менее выгодные курсы."
93,Как отличаются кредитные каникулы для мобилизованных ИП от каникул для МСП из санкционных отраслей?,"Кредитные каникулы для мобилизованных ИП и для МСП из санкционных отраслей имеют некоторые различия. Для мобилизованных ИП кредитные каникулы предоставляются только тем, кто оформлял каникулы как участник специальной военной операции или его родственник. В этом случае, если финансовые проблемы не были решены, можно договориться с кредитором о реструктуризации долга. Для МСП из санкционных отраслей кредитные каникулы могут быть предоставлены, если доход был потерян из-за санкций. В этом случае также можно попросить кредиторов реструктурировать долг, изменив график платежей, чтобы ежемесячные взносы стали более посильными."
94,Почему при возврате денег за страховку сумма бывает меньше из‑за комиссий посредников?,"При возврате денег за страховку сумма может быть меньше из-за комиссий, которые удерживают посредники. Это происходит, когда вы привлекаете юристов или других посредников для получения компенсации от страховой компании. Они могут удерживать часть суммы за свои услуги, что уменьшает итоговую выплату, которую вы получите. Кроме того, если посредник выступает вашим представителем, с суммы, которую он получит от страховой компании, может взиматься НДФЛ, что также уменьшит итоговую сумму."
95,Чем отличаются гранты от льготных кредитов по обязательствам по возврату средств?,"Гранты и льготные кредиты отличаются по условиям возврата средств. Гранты не требуют возврата средств. Это безвозмездная финансовая помощь, предоставляемая на реализацию проектов. В случае если проект не будет реализован, предприниматель вправе вернуть сумму гранта. Льготные кредиты, напротив, требуют возврата средств с процентами. Они предоставляются на более выгодных условиях, чем обычные кредиты, например, по сниженной процентной ставке или с отсрочкой платежей. Однако заемщик обязан возвратить взятые средства в соответствии с условиями кредитного договора."
96,Чем факторинг отличается от банковского кредита по обеспечению?,"Факторинг и банковский кредит отличаются по обеспечению следующим образом: Факторинг - это финансовая услуга, при которой банк или факторинговая компания выкупает у клиента его дебиторскую задолженность. В этом случае обеспечением выступает сама дебиторская задолженность, то есть деньги, которые должны вам заплатить ваши контрагенты. Банк или факторинговая компания берет на себя риск неоплаты, но при этом требует от вас предоставления информации о ваших дебиторах и их платежеспособности. Банковский кредит, напротив, обычно требует обеспечения в виде залогового имущества, гарантий или поручительств. Банк оценивает стоимость этого обеспечения и на основе этого принимает решение о выдаче кредита. В случае невыполнения вами обязательств по кредиту, банк имеет право обратить взыскание на залоговое имущество или потребовать выполнения обязательств от поручителей. Таким образом, основное отличие заключается в том, что при факторинге обеспечением выступает дебиторская задолженность, а при банковском кредите - залоговое имущество или гарантии."
97,"Какую роль играет Агентство по страхованию вкладов в защите вкладчиков банков, а также клиентов страховщиков?","Агентство по страхованию вкладов (АСВ) играет ключевую роль в защите вкладчиков банков. В случае отзыва лицензии у банка АСВ выплачивает компенсацию вкладчикам в пределах 1,4 млн рублей. Эта сумма включает все счета и вклады в этом банке, включая начисленные проценты. В некоторых случаях АСВ может выплатить повышенную страховку — до 10 млн рублей. Для клиентов страховщиков АСВ также важно, так как оно помогает решать споры с финансовыми компаниями до суда через финансового омбудсмена. Если страховая компания не выполняет условия договора, например, не выплачивает страховое возмещение или занижает выплату, омбудсмен может помочь в решении этого вопроса. Решения омбудсмена финансовые организации обязаны выполнять так же, как постановления суда."
98,Как налогообложение дохода сотрудников на УСН соотносится с пределом удержаний при взыскании долгов?,"Налогообложение дохода сотрудников на УСН (упрощенной системе налогообложения) и предел удержаний при взыскании долгов — это разные темы, которые не связаны напрямую. Давайте разберем их по отдельности. 1. Налогообложение дохода сотрудников на УСН:  - Организации на УСН могут выбирать между двумя объектами налогообложения: доходы или доходы минус расходы.  - Если организация выбрала объект доходы, то налоговая ставка составляет 6% от суммы доходов.  - Если организация выбрала объект доходы минус расходы, то налоговая ставка составляет 15% от разницы между доходами и расходами.  - НДФЛ (налог на доходы физических лиц) с зарплаты сотрудников удерживается и перечисляется в бюджет независимо от системы налогообложения организации. 2. Предел удержаний при взыскании долгов:  - Согласно статье 99 Федерального закона Об исполнительном производстве, размер удержаний из заработной платы и иных доходов должника исчисляется из суммы, оставшейся после удержания налогов.  - Общий размер удержаний не может превышать 50% от заработной платы и иных доходов. В некоторых случаях (например, алименты) этот предел может быть увеличен до 70%. Таким образом, налогообложение дохода сотрудников на УСН и предел удержаний при взыскании долгов — это разные процессы, которые регулируются разными нормативными актами."
99,Защищены ли деньги на счете эскроу при покупке строящегося жилья?,"Деньги на счете эскроу при покупке строящегося жилья защищены в рамках системы страхования вкладов, но с некоторыми ограничениями. Если на эскроу было более 10 миллионов рублей, сумма сверх этого лимита может быть возвращена только в случае банкротства или ликвидации банка. Для получения более подробной информации о системе страхования вкладов и защите средств на эскроу, рекомендую ознакомиться с соответствующей статьей."
100,Какие меры снижают риск кражи денег при расчетах на сайтах объявлений?,"Для снижения риска кражи денег при расчетах на сайтах объявлений рекомендуется: 1. Проверять платежную ссылку на подлинность, чтобы избежать фишинговых атак. 2. Сравнивать сумму и адресата платежа с данными в уведомлении от банка. 3. Не вводить данные карты на подозрительных сайтах, даже если они предлагают оплату штрафов или оформление субсидий. 4. Будьте бдительны и не поддавайтесь на предложения внести плату за регистрацию или страховой взнос, так как это может быть мошенничество."
101,Почему неквалифицированным инвесторам сейчас рискованно покупать иностранные бумаги через российских посредников?,"В период санкций покупка иностранных ценных бумаг через российских посредников может быть рискованной для неквалифицированных инвесторов по нескольким причинам. Во-первых, санкции могут привести к ограничениям или нестабильности на рынке, что увеличивает риски. Во-вторых, неквалифицированные инвесторы могут не иметь достаточных знаний и опыта для оценки этих рисков. В-третьих, даже если брокер предоставляет такую возможность, это не гарантирует безопасность вложений. Поэтому лучше рассмотреть альтернативные варианты, такие как доверительное управление или инвестиции в ПИФы, которые специализируются на таких ценных бумагах."
102,Сколько максимально вернут по соцвычету и по взносам на ИИС при ставке НДФЛ 22%,"По социальному налоговому вычету максимальная сумма, с которой можно вернуть НДФЛ, составляет 120 000 рублей в год. При ставке НДФЛ 22% максимальный возврат составит 26 400 рублей в год (120 000 рублей х 22%). По инвестиционному индивидуальному счету (ИИС) тип А (с вычетом на взносы) максимальная сумма взносов, с которой можно вернуть НДФЛ, составляет 1 000 000 рублей в год. При ставке НДФЛ 22% максимальный возврат составит 220 000 рублей в год (1 000 000 рублей х 22%)."
103,Можно ли без потерь забрать деньги из НСЖ или ИСЖ после покупки полиса?,"Возврат денежных средств по полисам страхования жизни (НСЖ или ИСЖ) возможен в определенных случаях, но обычно с некоторыми потерями. Вот основные моменты: 1. **Досрочное расторжение договора**: Если вы решите отказаться от полиса, вы можете вернуть часть внесенных средств, но сумма будет меньше из-за удержания страховой компании за период действия полиса. 2. **Условия возврата**: Возврат возможен только в том случае, если в договоре страхования предусмотрена такая возможность. Обычно это указано в условиях договора. 3. **Налоговые вычеты**: Если вы оформили полис ДМС, вы можете вернуть часть потраченных на страховку денег через налоговый вычет. Для более подробной информации рекомендую ознакомиться со статьями, указанными в контексте, особенно с материалами о налоговых вычетах и возврате страховок."
104,За счет чего банки обеспечивают выплаты кешбэка?,"Кешбэк — это возврат части средств, потраченных клиентом с использованием банковской карты. Банки обеспечивают выплаты кешбэка за счет нескольких источников: 1. Комиссии от торговых точек. Когда клиент оплачивает покупку картой, банк взимает комиссию с продавца. Часть этой комиссии идет на выплату кешбэка. 2. Проценты по кредитным картам. Если клиент использует кредитную карту, банк зарабатывает на процентах по кредитному лимиту. Часть этих доходов может направляться на кешбэк. 3. Обслуживание карт. Банки могут включать стоимость кешбэка в тарифы на обслуживание карт, особенно если карта является премиальной или платной. 4. Партнерские программы. Банки могут заключать соглашения с магазинами, сервисами и другими компаниями, которые компенсируют часть затрат на кешбэк. Таким образом, кешбэк для клиентов является маркетинговым инструментом, который помогает банкам привлекать и удерживать клиентов, а также стимулировать использование банковских карт."
105,"Когда разумнее выбрать микрозаем в МФО, а не льготный банковский кредит?","Разумнее выбрать микрозайм в МФО, а не льготный банковский кредит, в следующих случаях: 1. Если вам нужна небольшая сумма денег на короткий срок. МФО обычно выдают займы до 500 000 рублей, а банковские кредиты часто начинаются с более крупных сумм. 2. Если у вас нет времени на оформление банковского кредита. Процесс получения займа в МФО обычно занимает меньше времени, чем оформление кредита в банке. 3. Если у вас нет возможности предоставить залог или поручителей. МФО часто выдают займы без залога и поручителей, в то время как банки могут требовать их для выдачи кредита. 4. Если у вас плохая кредитная история. МФО могут выдавать займы даже клиентам с плохой кредитной историей, в то время как банки могут отказать в кредите. Однако, важно помнить, что процентные ставки по микрозаймам в МФО обычно выше, чем по банковским кредитам. Поэтому, если у вас есть возможность оформить льготный банковский кредит, это может быть более выгодным вариантом."
106,Чем отличается лимит пополнений ИИС-1/2 от лимита суммы взносов для вычета по ИИС-3?,"Лимит пополнений для ИИС-1 и ИИС-2, а также лимит суммы взносов для вычета по ИИС-3 — это разные понятия, связанные с индивидуальными инвестиционными счетами (ИИС). 1. **Лимит пополнений для ИИС-1 и ИИС-2**:  - ИИС-1 (тип А) и ИИС-2 (тип Б) имеют общий лимит пополнений. В 2024 году этот лимит составляет 1,5 миллиона рублей в год. Это максимальная сумма, которую можно внести на счет за календарный год. 2. **Лимит суммы взносов для вычета по ИИС-3**:  - ИИС-3 (тип В) не имеет лимита на пополнение, так как он не предусматривает налоговые льготы в виде вычетов. Однако, если речь идет о вычете по ИИС-1, то максимальная сумма взносов, с которой можно получить налоговый вычет, также составляет 1,5 миллиона рублей в год. Это означает, что вы можете вернуть до 525 тысяч рублей (13% от 1,5 миллиона рублей) за год. Таким образом, лимит пополнений для ИИС-1 и ИИС-2 совпадает с лимитом суммы взносов для вычета по ИИС-1, но ИИС-3 не имеет таких ограничений, так как он не предусматривает налоговые вычеты."
107,Как распределение накоплений между несколькими НПФ влияет на размер гарантированной защиты?,"Распределение накоплений между несколькими НПФ может снизить риски, связанные с недостаточностью активов одного фонда. Если активов одного НПФ окажется недостаточно или их не удастся быстро продать по справедливой цене, то распределение накоплений между несколькими фондами может помочь сохранить большую часть средств. Однако гарантированная защита накоплений в НПФ зависит от конкретных условий и возможностей каждого фонда, а не от их количества. Важно тщательно выбирать фонды и следить за их надежностью."
108,Как подтверждается подписание онлайн-кредита?,"Подписание онлайн-кредита подтверждается с помощью электронной подписи или SMS-кода, который приходит на телефон клиента. Это стандартные методы подтверждения, используемые банками и микрофинансовыми организациями для обеспечения безопасности сделки."
109,"Если бизнес не проходит по условиям льготного кредитования, какой инструмент позволит профинансировать оборудование на спецусловиях?","Если бизнес не подходит для льготного кредитования, можно рассмотреть следующие варианты: 1. **Гранты и субсидии от региональных властей**. Некоторые регионы предоставляют гранты на открытие бизнеса или субсидии на покупку оборудования. Подробнее об этом можно узнать на сайте Корпорации МСП или портале «Мой бизнес». 2. **Рассрочка или кредит на кассе**. Если оборудование покупается у поставщика, который предлагает рассрочку или кредит на кассе, это может быть удобным вариантом. Важно внимательно изучить условия договора. 3. **Кредит на бизнес**. Можно оформить обычный кредит на бизнес, возможно, с использованием госгарантии, чтобы получить более выгодные условия. 4. **POS-кредит**. Если оборудование нужно срочно, можно оформить POS-кредит (кредит на кассе) и позже погасить его досрочно с помощью более выгодного кредита."
110,Как проверить СМС о «пополнении счета» на подлинность?,"Для проверки подлинности СМС о «пополнении счета» рекомендуется следовать нескольким шагам: 1. **Проверьте источник сообщения**. Официальные уведомления от банка обычно приходят с короткого номера или указанного в договоре номера. Если номер незнакомый, это может быть признаком мошенничества. 2. **Сравните информацию**. Убедитесь, что сумма и реквизиты в сообщении совпадают с теми, которые вы ожидаете. Если есть сомнения, не переходите по ссылкам и не вводите коды из СМС. 3. **Проверьте баланс**. Войдите в мобильное приложение банка или онлайн-банкинг и проверьте баланс своего счета. Если пополнение не отображается, сообщение может быть поддельным. 4. **Обратитесь в банк**. Если у вас есть сомнения, свяжитесь с банком через официальные каналы поддержки. Не используйте номера, указанные в подозрительных сообщениях. 5. **Не передавайте коды**. Никогда не передавайте коды из СМС третьим лицам, даже если они представляются сотрудниками банка. Банк никогда не попросит вас подтвердить платеж или перевод таким образом. Если вы обнаружили подозрительное сообщение, немедленно заблокируйте карту и обратитесь в банк для дальнейших инструкций."
111,"Какой минимальный срок держать ИИС разных типов, чтобы сохранить право на налоговые льготы?","Для индивидуального инвестиционного счета (ИИС) типа А (льгота на вычет) минимальный срок владения составляет 3 года. Для ИИС типа Б (льгота на доход) минимальный срок владения составляет 3 года. Если вы закроете ИИС раньше этого срока, вы потеряете право на налоговые льготы."
112,"Как проверить, что финансовый посредник или платформа действует легально, и куда жаловаться при проблемах с инвестиционной платформой?","Чтобы проверить легальность финансового посредника или инвестиционной платформы, убедитесь, что она внесена в реестр Банка России. Для этого можно воспользоваться официальным сайтом регулятора. Если у вас возникли проблемы с инвестиционной платформой, которая состоит в реестре Банка России, вы можете пожаловаться в интернет-приемную регулятора или задать вопрос через мобильное приложение «ЦБ онлайн». Если платформа не в реестре, разногласия можно улаживать только в суде."
113,Как банки получают госданные при онлайн-заявке на ипотеку?,"Банки получают государственные данные при онлайн-заявке на ипотеку через интеграцию с государственными информационными системами. Например, при подаче заявки банк может запросить информацию о вашей кредитной истории через Бюро кредитных историй (БКИ), данные о доходах через налоговые органы или информацию о недвижимости через Росреестр. Это позволяет банку быстро и надежно проверить ваши данные без необходимости предоставления дополнительных документов."
114,Что произойдет с долгом при продаже залога дешевле задолженности: в автоломбарде против ипотеки?,"При продаже заложенного имущества дешевле суммы задолженности по кредиту, порядок действий зависит от типа залога и условий кредитного договора. Для автоломбарда: Если заложенное имущество продано дешевле суммы задолженности, банк или ломбард может потребовать от заемщика погасить оставшуюся сумму долга. Это называется дефицит покрытия. В некоторых случаях банк может списать долг, если это предусмотрено условиями договора, но это не является обязательным. Для ипотеки: Если заложенная недвижимость продана дешевле суммы задолженности, банк направляет вырученные деньги на погашение ипотечного кредита. Оставшуюся сумму долга заемщик должен погасить самостоятельно. Если заемщик не может это сделать, банк может обратиться в суд для взыскания оставшейся суммы. В обоих случаях важно внимательно изучить условия кредитного договора и проконсультироваться с банком или юристом для получения точной информации."
115,Почему низкая ставка по кредиту не гарантирует выгоду при покупке квартиры либо оборудования?,"Низкая ставка по кредиту не гарантирует выгоду по нескольким причинам: Во-первых, важно учитывать полную стоимость кредита, включая комиссии, страховки и другие скрытые платежи. Иногда низкая ставка компенсируется дополнительными расходами, что в итоге делает кредит менее выгодным. Во-вторых, условия кредитования могут включать строгие требования, такие как обязательное страхование или дополнительные услуги, которые увеличивают общую стоимость кредита. В-третьих, важно учитывать срок кредита. Низкая ставка на длительный срок может привести к значительным переплатам, даже если ставка кажется привлекательной. В-четвертых, важно сравнивать предложения от разных банков, так как условия могут значительно различаться, несмотря на одинаковую ставку. В-пятых, важно учитывать свои финансовые возможности и риски. Низкая ставка может быть привлекательной, но если кредит не подходит под ваши финансовые возможности, это может привести к проблемам с выплатами. В-шестых, важно учитывать инфляцию и изменения на финансовом рынке. Низкая ставка может быть выгодной сегодня, но в будущем ситуация может измениться, и кредит может стать менее выгодным. В-седьмых, важно учитывать репутацию банка и его надежность. Низкая ставка может быть привлекательной, но если банк не надежен, это может привести к проблемам с выплатами. В-восьмых, важно учитывать условия досрочного погашения. Низкая ставка может быть привлекательной, но если условия досрочного погашения невыгодные, это может привести к дополнительным расходам. В-девятых, важно учитывать условия кредитования, такие как минимальный и максимальный срок кредита, минимальная и максимальная сумма кредита, минимальный и максимальный возраст заемщика, минимальный и максимальный доход заемщика, минимальный и максимальный срок кредита,"
116,Почему не стоит отыгрываться на падающем рынке?,"Отыгрываться на падающем рынке не стоит по нескольким причинам: Во-первых, падающий рынок может продолжать снижаться, и вложения в такие активы могут привести к дополнительным убыткам. Во-вторых, эмоциональные решения часто приводят к нерациональным действиям, которые могут усугубить ситуацию. В-третьих, важно помнить, что инвестиции требуют времени и терпения, и попытки быстро компенсировать убытки могут быть рискованными. Лучше следовать заранее продуманной стратегии и не поддаваться панике."
117,Зачем для вклада выбирать надежный банк в конце года?,"Выбор надежного банка для вклада в конце года важен по нескольким причинам. Во-первых, в конце года многие банки предлагают повышенные процентные ставки по вкладам, чтобы привлечь клиентов. Однако, если банк не надежен, он может обанкротиться, и вы рискуете потерять свои средства. Во-вторых, процедура банкротства банка может занять долгое время, обычно не меньше полугода. В результате вы можете получить не все свои средства обратно, даже если банк признают банкротом. В-третьих, надежный банк с высоким рейтингом и хорошей репутацией с меньшей вероятностью обанкротится, что снижает риски потери ваших сбережений. Поэтому, чтобы минимизировать риски и обеспечить сохранность своих средств, важно выбирать надежный банк для размещения вклада, особенно в конце года, когда предложений на рынке становится больше."
118,Что делать при подозрительных списаниях по карте?,"При подозрительных списаниях по карте рекомендуется: 1. Немедленно заблокировать карту через мобильное приложение банка, звонок в колл-центр или онлайн-банк. 2. Подключить СМС или push-уведомления, чтобы оперативно узнавать о всех платежах. 3. Оспорить подозрительные транзакции, обратившись в банк с заявлением о возврате средств. 4. Обратиться в полицию для подачи заявления о мошенничестве. 5. Внимательно следить за всеми операциями по карте и своевременно реагировать на любые подозрительные действия. Для более подробной информации можно обратиться к статьям «Как уберечь себя и близких от финансового мошенничества» и «Моя карта заблокирована. Что делать?»."
119,"Последствия затяжной просрочки по ипотеке, оптимальная тактика до суда?","Последствия затяжной просрочки по ипотеке могут быть серьезными. Банк может начать процесс взыскания задолженности, который включает судебные разбирательства и продажу заложенной недвижимости. Это может привести к потере жилья и ухудшению кредитной истории. Оптимальная тактика до суда включает несколько шагов: 1. Свяжитесь с банком как можно раньше. Объясните ситуацию и попробуйте договориться о реструктуризации долга или отсрочке платежей. Банки часто идут на встречу клиентам, которые проявляют инициативу и стремятся решить проблему. 2. Оформите все соглашения с банком в письменной форме. Это защитит вас от возможных недоразумений в будущем. 3. Если финансовые трудности временные, рассмотрите возможность досрочного погашения части долга. Это поможет снизить общую сумму процентов и ускорить погашение кредита. 4. Избегайте скрытых схем и мошеннических предложений. Все действия должны быть прозрачными и оформлены официально. Если вы не можете договориться с банком, возможно, стоит обратиться за консультацией к юристу, специализирующемуся на кредитных спорах."
120,Как повысить шансы на одобрение кредита без переплаты за ненужные услуги?,"Для повышения шансов на одобрение кредита без переплаты за ненужные услуги, следуйте этим рекомендациям: 1. Поддерживайте стабильный доход и официальное трудоустройство. Банки в первую очередь оценивают наличие надежной работы и стабильной зарплаты. 2. Избегайте просрочек по обязательным платежам, таким как налоги, ЖКХ, алименты и другие. 3. Регулярно проверяйте свою кредитную историю. Вы можете получить её бесплатно два раза в год. Это поможет вам следить за своей кредитной репутацией и вовремя исправлять возможные ошибки. 4. Если вы не планируете оформлять кредиты, установите самозапрет на кредиты и займы. Это бесплатная услуга, которая защитит вас от мошенников, набирающих долги по вашим документам. 5. Не торопитесь при оформлении кредита. Внимательно изучайте все нюансы и условия кредитного договора, чтобы избежать лишних переплат и ненужных услуг."
121,"Куда обращаться при заниженной выплате, если страховщик проходит санацию?","При заниженной выплате от страховщика, который проходит санацию, можно обратиться к финансовому омбудсмену. Он обяжет страховую компанию выполнить условия договора. Также можно требовать выплаты процентов за задержку возмещения через суд."
122,Как оспорить списание по карте с учетом срока ответа банка?,"Для оспаривания списания по карте необходимо действовать в несколько этапов: 1. Обратитесь в банк с заявлением об оспаривании операции. Обычно банк рассматривает такие заявления в течение 30 дней с момента получения. 2. Если банк не ответил в установленный срок или отказал в удовлетворении вашей претензии, вы можете подать жалобу в интернет-приемную ФССП. 3. В случае затягивания рассмотрения жалобы или отказа ФССП в возврате средств, обратитесь в прокуратуру. Прокуратура проверит действия взыскателей и обяжет ФССП вернуть необоснованно списанные суммы. 4. Также можно подать иск в суд на приставов, если они не выполняют свои обязанности. Важно сохранять все документы и доказательства, подтверждающие вашу позицию."
123,Почему полис ИСЖ не равен вкладу в контексте раздела при разводе?,"Полис страхования жизни и здоровья (ИСЖ) не равен вкладу в контексте раздела имущества при разводе, потому что они представляют собой разные виды активов. Вклад в банке является финансовым активом, который может быть разделен между супругами в соответствии с брачным договором или решением суда. Полис ИСЖ, в свою очередь, является страховым продуктом, который может включать в себя различные условия и ограничения, такие как срок действия, сумма страховой выплаты и условия выплаты. Кроме того, полис ИСЖ может быть оформлен на одного из супругов, что также может повлиять на его раздел при разводе. В этом случае, если полис оформлен на одного из супругов, то он может быть признан личным имуществом этого супруга и не подлежать разделу. Таким образом, раздел полиса ИСЖ при разводе может быть более сложным процессом, чем раздел вклада, и может потребовать дополнительного анализа и консультации с юристом."
124,Когда возможны повышенные выплаты по вкладам до 10 млн рублей?,"Повышенные выплаты по вкладам до 10 млн рублей возможны в случаях, когда банк не является системно значимым, не поддается оздоровлению, а масштаб вложений в его оздоровление сравним или выше страховой ответственности Агентства по страхованию вкладов (АСВ). В таких ситуациях АСВ может выплатить повышенную компенсацию в пределах 10 млн рублей. Подробнее о правилах возврата денег можно узнать в статье «Как работает система страхования вкладов»."
125,Как подходить к выбору продавца на маркетплейсе либо кредитного брокера?,"При выборе продавца на маркетплейсе или кредитного брокера важно учитывать несколько ключевых моментов: 1. Рекомендации и отзывы: Опирайтесь на рекомендации друзей, знакомых или изучайте отзывы других клиентов. Это поможет оценить надежность и репутацию продавца или брокера. 2. Изучение условий: Внимательно изучайте условия сотрудничества, договор и все приложения к нему. Убедитесь, что вы понимаете все риски и обязанности. 3. Риски: Помните, что любые инвестиции или кредиты связаны с рисками. Диверсифицируйте вложения или рассмотрите несколько вариантов кредитных предложений, чтобы снизить возможные потери. 4. Отсутствие объективных критериев: Для кредитных брокеров нет государственных реестров или рейтингов, поэтому важно самостоятельно gather информацию и быть осмотрительным. 5. Тестирование и проверка: Перед покупкой или заключением договора пройдите тестирование, если это требуется, и убедитесь в надежности выбранного продавца или брокера."
126,Почему высокий индивидуальный кредитный рейтинг не гарантирует одобрение кредита?,"Высокий индивидуальный кредитный рейтинг не гарантирует одобрение кредита, потому что банк учитывает не только кредитную историю, но и другие важные факторы. Например, банк будет смотреть на наличие у вас надежной работы и стабильной зарплаты, а также на отсутствие просрочек по налогам, счетам за ЖКХ, алиментам и другим обязательным платежам. Даже если у вас высокий рейтинг, но есть проблемы с доходом или обязательными платежами, банк может отказать в кредите. Кроме того, банки используют собственные системы оценки заемщиков, которые могут учитывать дополнительные критерии, не связанные напрямую с кредитной историей."
127,Какие меры заранее снижают риск кражи денег с карты в поездке и дома?,"Для снижения риска кражи денег с карты как в поездке, так и дома, рекомендуется: 1. Использовать кредитную карту или карту с овердрафтом для автоперечислений, чтобы минимизировать потери в случае сбоев или краж. 2. Подключить СМС или push-уведомления по всем банковским картам, чтобы оперативно узнавать о платежах и вовремя их оспаривать. 3. Носить карты отдельно от наличных денег, например, в отдельном кейсе. 4. Оставлять большую часть средств в безопасном месте, например, в гостиничном сейфе или в чемодане с кодовым замком. 5. Следовать основным правилам безопасности при использовании банковских карт, чтобы защитить их от мошенников."
128,Когда ФНС присылает готовое заявление на вычет без декларации,"ФНС может прислать готовое заявление на налоговый вычет без необходимости подачи декларации, если организация, где вы работаете, пересылает информацию о ваших платежах в налоговую. В этом случае вам нужно только подтвердить согласие, и ФНС в течение месяца перечислит вам деньги. Если же организация не передает такие данные, вам придется самостоятельно подавать заявление и документы на вычет в ФНС."
129,Чем отличается порядок прекращения договоров при отказе страховщика от лицензии от ситуации с отзывом лицензии?,"Порядок прекращения договоров при отказе страховщика от лицензии и при отзыве лицензии может отличаться следующим образом: 1. Отказ страховщика от лицензии:  - Страховщик добровольно принимает решение прекратить свою деятельность.  - В этом случае страховщик обязан уведомить своих клиентов и предложить им альтернативные варианты страхования.  - Клиенты могут перезаключить договоры со страховщиком, который продолжит работу, или расторгнуть договоры без штрафных санкций. 2. Отзыв лицензии:  - Лицензия отзывается регулятором (например, Банком России) в случае нарушений со стороны страховщика.  - В этом случае страховщик обязан уведомить своих клиентов о прекращении деятельности и предложить им альтернативные варианты страхования.  - Клиенты могут перезаключить договоры со страховщиком, который продолжит работу, или расторгнуть договоры без штрафных санкций. В обоих случаях клиенты имеют право на возмещение ущерба в пределах страховой суммы. Однако в случае отзыва лицензии процесс может быть более сложным и длительным, так как регулятор может назначить временную администрацию для управления активами страховщика."
130,Куда обращаться с жалобой на страховщика в зависимости от вида нарушения?,"В зависимости от вида нарушения со стороны страховщика, вы можете обратиться в следующие инстанции: 1. К финансовому омбудсмену, если страховая компания не выплатила страховку в срок и не предоставила мотивированный отказ. Финансовый омбудсмен обяжет страховщика выполнить условия договора. 2. В суд, если необходимо требовать от страховой компании выплаты процентов за задержку возмещения. 3. В приемную Банка России, если страховая компания отказывается выполнять условия договора. Приложите к жалобе ответ страховщика и другие документы, которые помогут разобраться в ситуации. 4. В интернет-приемную Банка России, если страховая компания нарушает ваши права."
131,"Как узнать, в каких БКИ хранится моя кредитная история, и как бесплатно получить отчет?","Для того чтобы узнать, в каких бюро кредитных историй (БКИ) хранится ваша кредитная история, вы можете обратиться в Центральный каталог кредитных историй (ЦККИ). Это можно сделать через любой банк, который предоставляет такую услугу, или через официальный сайт ЦБ РФ. Чтобы бесплатно получить отчет о своей кредитной истории, вы можете воспользоваться своим правом на бесплатное получение кредитной истории два раза в год. Для этого нужно обратиться в любое БКИ, где хранится ваша кредитная история, и запросить отчет. Вы также можете воспользоваться услугами банка, который предоставляет доступ к кредитной истории через свой интернет-банк или мобильное приложение. Если у вас есть вопросы, связанные с кредитами или кредитной историей, обращайтесь, буду рад помочь."
132,Куда обращаться при споре со страховой?,"При споре со страховой компанией вы можете обратиться к финансовому омбудсмену. Он поможет решить денежные споры с финансовыми компаниями до суда. Решения финансового омбудсмена обязательны для исполнения страховыми компаниями, так же как и постановления суда."
133,Что выбрать предпринимателю без залога при потребности в деньгах на короткий срок?,"Для предпринимателя без залога, нуждающегося в деньгах на короткий срок, можно рассмотреть несколько вариантов: 1. Микрозайм. Это быстрый способ получить деньги, но важно учитывать высокие процентные ставки и риски переплаты. Перед оформлением микрозайма тщательно оценить свои финансовые возможности и убедиться, что вы сможете вернуть деньги в срок. 2. Кредит в банке. Некоторые банки предлагают кредиты для предпринимателей без залога. Важно внимательно изучить условия кредитования, включая процентные ставки, сроки погашения и возможные штрафы за просрочку. 3. Рассрочка или кредит на кассе. Если деньги нужны для покупки товаров или оборудования, можно рассмотреть возможность оформления рассрочки или кредита непосредственно на кассе. 4. Кредитная линия. Некоторые банки предлагают кредитные линии для предпринимателей, которые можно использовать по мере необходимости. Это может быть удобным вариантом, если у вас есть постоянная потребность в краткосрочном финансировании. Перед выбором любого из этих вариантов важно внимательно изучить все условия и убедиться, что вы сможете выполнить свои обязательства по возврату денег."
134,Чем для вкладчика отличается санация от отзыва лицензии?,"Санация и отзыв лицензии — это разные процедуры, которые могут применяться к банку или страховой компании. Для вкладчика их отличие заключается в следующем: 1. Санация — это процедура финансового оздоровления, которая позволяет компании продолжить работу под контролем регулятора. Вкладчики могут продолжать пользоваться услугами банка или страховой компании, но с некоторыми ограничениями. Вкладчики не теряют свои средства, но могут столкнуться с временными ограничениями на вывод средств. 2. Отзыв лицензии — это процедура, которая применяется к банку или страховой компании, если они не могут продолжать свою деятельность. В этом случае вкладчики могут потерять доступ к своим средствам и могут столкнуться с процедурой возврата вкладов через Агентство по страхованию вкладов (АСВ). Вкладчики могут получить свои средства в полном объеме, но процесс может занять некоторое время. Таким образом, для вкладчика санация — это менее рискованная процедура, так как она позволяет сохранить доступ к средствам, хотя и с некоторыми ограничениями. Отзыв лицензии же может привести к временной потере доступа к средствам и необходимости их возврата через АСВ."
135,В каких случаях банк компенсирует хищение средств?,"Банк компенсирует хищение средств в следующих случаях: 1. Если хищение произошло по вине банка, например, из-за ошибки в работе системы или сотрудников. 2. Если клиент стал жертвой мошенничества, и банк подтвердил факт хищения. В остальных случаях компенсация не гарантируется. Для получения компенсации необходимо обратиться в банк с заявлением и предоставить все необходимые доказательства."
136,"Как убедиться, что письмо о школьной субсидии не от мошенников?","Для проверки подлинности письма о школьной субсидии и защиты от мошенников рекомендуется: 1. Убедитесь, что реквизиты указаны корректно. В частности, проверьте номер корреспондентского счета банка. Обычно он начинается с 30101. Если номер отличается, это может быть признаком мошенничества. 2. Проверьте организацию, которой вы отправляете деньги. Для этого можно воспользоваться информацией из статьи «Что означают банковские реквизиты и зачем они нужны». 3. Будьте внимательны к деталям. Мошенники часто используют уловки, чтобы выманить конфиденциальную информацию. Подробнее об этом можно узнать в статье «Социальная инженерия: почему люди сами отдают мошенникам деньги». 4. Если вы сомневаетесь в подлинности письма, обратитесь напрямую в организацию, от которой якобы пришло письмо, через официальные каналы связи. 5. Не предоставляйте конфиденциальную информацию и не переводите деньги, если у вас есть малейшие сомнения."
137,Куда обращаться за выплатами: советские вклады против вкладов банка с отозванной лицензией?,"Для советских вкладов необходимо обращаться в Банк России, так как они регулируются государственными программами. Для вкладов в банке с отозванной лицензией, следует обращаться в Агентство по страхованию вкладов (АСВ). АСВ выплачивает компенсации вкладчикам в размере до 1,4 миллиона рублей. Подробнее о процедуре можно узнать на сайте АСВ или в статьях, указанных в контексте."
138,Что поможет новичку начать контролировать бюджет без сложных инструментов?,"Для начала контроля бюджета без сложных инструментов можно использовать простые методы. Например, обычную таблицу в электронных таблицах или бумажный блокнот для записи доходов и расходов. Важно регулярно сверяться с планом и следить за своими финансовыми обязательствами. Также можно воспользоваться специальными приложениями для учета расходов, которые помогут автоматизировать процесс и сделать его более удобным."
139,Какие инструменты снижения рисков для банков и инвесторов доступны через Корпорацию МСП?,"Через Корпорацию МСП доступны следующие инструменты снижения рисков для банков и инвесторов: 1. **Госгарантии**: Позволяют предпринимателям получить кредиты на более выгодных условиях, так как государство гарантирует возврат средств банку. Это снижает риски для банков при выдаче кредитов малому и среднему бизнесу. 2. **Льготные кредиты и займы**: Корпорация МСП предоставляет информацию о льготных кредитных программах, что позволяет инвесторам и банкам работать с предпринимателями на более безопасных условиях. 3. **Обучение и консультации**: Предприниматели могут пройти обучение и получить консультации, что повышает их финансовую грамотность и снижает риски невыполнения обязательств перед банками и инвесторами. 4. **Информация о мерах поддержки**: На сайте Корпорации МСП можно узнать о различных мерах поддержки, включая субсидии и гранты, что помогает предпринимателям стабилизировать свой бизнес и снизить риски для кредиторов."
140,"Как понять, потянете ли ежемесячный платеж по ипотеке?","Чтобы понять, потянете ли вы ежемесячный платеж по ипотеке, нужно учитывать несколько факторов. Во-первых, размер ежемесячного платежа не должен превышать 30% вашего ежемесячного дохода. Это стандартное правило, которое помогает избежать финансовых трудностей. Во-вторых, важно учитывать непредвиденные обстоятельства, такие как болезнь или увольнение. Подумайте, сможете ли вы продолжать выплачивать кредит в случае снижения дохода. Также стоит рассмотреть различные схемы оплаты и условия кредитования, которые предлагают банки. Это поможет вам выбрать наиболее подходящий вариант. Для более детальной информации о том, как оформить ипотечный кредит, вы можете обратиться к статье «Что такое ипотечный кредит и как его оформить»."
141,Как распознать фишинговое письмо?,"Фишинговые письма часто имитируют официальные сообщения от банков или других организаций. Они могут содержать ссылки на сайты-дубликаты, которые визуально похожи на настоящие, но отличаются одним-двумя символами в адресе. Чтобы распознать фишинговое письмо, обратите внимание на следующие признаки: 1. Подозрительные ссылки: проверьте адреса ссылок, на которые вас просят перейти. Они могут отличаться от официальных адресов банка или организации. 2. Требуют личные данные: если письмо просит вас ввести пароли, коды из SMS или другие конфиденциальные данные, это может быть признаком фишинга. 3. Срочность и угрозы: мошенники часто создают ощущение срочности, чтобы вы не задумывались о безопасности. Например, они могут угрожать блокировкой счета, если вы не предоставите данные. 4. Ошибки в тексте: официальные письма обычно хорошо отредактированы. Если в письме много орфографических или грамматических ошибок, это может быть признаком фишинга. Для более подробной информации о том, как распознать и защититься от фишинга, рекомендую ознакомиться со статьей «Фишинг: что это такое и как от него защититься»."
142,Как проверить легальность кредитора перед оформлением займа?,"Перед оформлением займа убедитесь, что финансовая организация работает легально. Проверить банк, МФО, КПК или ломбард можно на сайте Банка России. Для этого используйте Справочник участников финансового рынка. Если организации нет в этом списке, перед вами мошенники."
143,Какие ПИФы лучше подходят для долгосрочной стратегии инвестирования?,"Для долгосрочной стратегии инвестирования лучше всего подходят ПИФы, которые вкладываются в ценные бумаги. В этом случае решения о покупке или продаже активов принимают профессиональные инвесторы, что снижает риски для частных инвесторов. Важно выбирать фонды с устойчивой репутацией и проверенной стратегией инвестирования. Также стоит обратить внимание на биржевые фонды, которые позволяют разнообразить инвестиционный портфель. Однако не следует вкладывать все свободные деньги в один фонд, так как на фондовом рынке всегда есть риск убытков. Для более детального понимания инвестиций в ценные бумаги и управления рисками рекомендуется пройти бесплатный онлайн-курс от Московской биржи «Путь инвестора»."
144,Почему при замене водительского удостоверения важно сообщить об этом страховщику по ОСАГО?,"При замене водительского удостоверения важно сообщить об этом страховщику по ОСАГО, чтобы избежать возможных проблем при возникновении страхового случая. Если страховая компания обнаружит нестыковки в данных, например, несоответствие номеров водительских удостоверений, указанных в полисе, она может отказать в выплате или взыскать с вас сумму, которую выплатит пострадавшему. Это связано с тем, что страховой полис ОСАГО привязан к конкретным данным водителя, и их изменение должно быть отражено в полисе."
145,Как соотносится лимит суммы по кредитным каникулам для потребительских займов с максимальным размером кредита по семейной ипотеке?,"Для ответа на ваш вопрос требуется больше информации, так как в предоставленном контексте нет данных о конкретных лимитах суммы по кредитным каникулам для потребительских займов и максимальном размере кредита по семейной ипотеке. Эти параметры могут различаться в зависимости от банка, программы кредитования и других факторов. Рекомендую уточнить эту информацию у вашего банка или в отделении, где вы оформляли кредит. Также можно обратиться в местную администрацию, отделение соцзащиты или МФЦ для получения актуальных данных о доступных программах и лимитах."
146,"Зачем при размещении ценных бумаг нужны регистратор, а также депозитарий?","Регистратор и депозитарий играют важные роли в процессе размещения и обращения ценных бумаг. Регистратор ведет реестр владельцев ценных бумаг, фиксирует изменения в правах на них, а также обеспечивает учет и контроль за выпуском и обращением ценных бумаг. Это необходимо для прозрачности и надежности операций с ценными бумагами. Депозитарий, в свою очередь, хранит ценные бумаги и осуществляет их учет. Он обеспечивает безопасность хранения и контроль за движением ценных бумаг, а также выполняет расчеты и корреспонденцию по операциям с ними. Это позволяет минимизировать риски и обеспечивает надежность сделок на фондовом рынке."
147,"Получает ли созаемщик право на имущество, купленное в кредит, без указания в договоре купли-продажи?","В соответствии с действующим законодательством, если созаемщик указан в кредитном договоре, но не указан в договоре купли-продажи, его права на имущество, купленное в кредит, могут быть ограничены. В данном случае, право собственности на имущество возникает только у лица, указанного в договоре купли-продажи. Созаемщик, не указанный в этом договоре, не становится собственником имущества, даже если он участвует в погашении кредита. Однако, если имущество приобретено в браке, то в случае раздела имущества между супругами, суд может учесть вклад созаемщика в погашение кредита и распределить имущество с учетом этого вклада. Для более точного ответа необходимо знать конкретные обстоятельства дела, включая условия кредитного договора и договора купли-продажи, а также семейное положение сторон."
148,Через кого частному инвестору доступны опционы либо фьючерсы на бирже?,"Частному инвестору доступ к опционам и фьючерсам на бирже предоставляется через брокерские компании. Брокер выступает посредником между инвестором и биржей, позволяя покупать и продавать эти финансовые инструменты. Важно выбрать надежного брокера, изучить условия сотрудничества и внимательно ознакомиться с договором перед началом работы."
149,Как сохранить прожиточный минимум при аресте счетов после решения суда?,"В случае ареста счетов после решения суда важно действовать быстро и грамотно, чтобы сохранить прожиточный минимум. Вот несколько шагов, которые можно предпринять: 1. **Обратитесь в банк**: Уточните, какие именно счета и суммы были арестованы. Банк может предоставить информацию о остатках и ограничениях. 2. **Подайте заявление о выделении средств на прожиточный минимум**: Согласно законодательству, у вас есть право на выделение средств, необходимых для оплаты ЖКХ, продуктов и других жизненно важных нужд. Для этого нужно подать заявление в суд или приставу-исполнителю. 3. **Используйте наличные средства**: Если у вас есть наличные деньги, постарайтесь их сохранить и использовать для покрытия необходимых расходов. 4. **Реструктуризация долгов**: Если у вас есть другие долги, попробуйте договориться с кредиторами о реструктуризации или отсрочке платежей. 5. **Обратитесь за помощью**: В некоторых случаях можно обратиться в социальные службы или благотворительные организации для получения временной финансовой помощи. 6. **Консультация с юристом**: Если ситуация сложная, лучше проконсультироваться с юристом, который поможет защитить ваши права и найти оптимальные решения. Важно помнить, что каждый случай индивидуален, и конкретные действия могут зависеть от обстоятельств."
150,"Когда по оформленному кредиту можно не платить, несмотря на обязанность погашать долги?","По оформленному кредиту можно не платить в следующих случаях: 1. Если кредит уже полностью погашен, и это подтверждено справкой от банка. 2. Если кредит был рефинансирован, и все обязательства перед предыдущим банком выполнены. 3. Если есть договоренность с банком о реструктуризации долга или отсрочке платежей, что должно быть прописано в договоре. Важно помнить, что любые изменения в графике платежей должны быть согласованы с банком и зафиксированы в документах. В противном случае просрочка платежей может негативно сказаться на вашей кредитной истории."
151,Как проверить легальность посредника для привлечения финансирования онлайн?,"Для проверки легальности посредника, который предлагает услуги по привлечению финансирования онлайн, выполните следующие шаги: 1. Проверьте посредника в справочнике Банка России. Это можно сделать через официальный сайт Банка России, используя справочник участников финансового рынка. Если организация не значится в этом справочнике, это может быть признаком мошенничества. 2. Используйте проверенные сервисы, такие как «Факторинг для бизнеса» на Цифровой платформе МСП.РФ. Этот сервис позволяет подать заявку и получить предложения от проверенных факторинговых компаний. 3. Убедитесь, что у посредника есть соответствующая лицензия. Например, если это платежный сервис, у него должна быть лицензия небанковской кредитной организации или договор платежного агента с лицензированным банком. 4. Внимательно изучите отзывы и репутацию компании. Проверьте информацию на независимых платформах и форумах. Следуя этим шагам, вы сможете минимизировать риски и выбрать надежного посредника для привлечения финансирования."
152,Чем отличается порог выручки для обязательного приема карт «Мир» от максимальной суммы «закупки с полки» по 223‑ФЗ?,"По вашему вопросу могу ответить следующее: Порог выручки для обязательного приема карт «Мир» и максимальная сумма «закупки с полки» по 223‑ФЗ регулируются разными нормативными актами и имеют разные цели. 1. Порог выручки для обязательного приема карт «Мир» установлен для обеспечения возможности оплаты картами «Мир» в торговых точках. Этот порог определяется Центральным банком Российской Федерации и может меняться в зависимости от условий и требований. 2. Максимальная сумма «закупки с полки» по 223‑ФЗ определяется в рамках законодательства о закупках для государственных и муниципальных нужд. Этот показатель устанавливается для контроля за расходами и обеспечения прозрачности закупочной деятельности. Если вам нужно больше информации по конкретным значениям или условиям, лучше обратиться в банк или к специалистам, которые занимаются этими вопросами."
153,Какие проблемы с оплатой появились из‑за санкций?,"Из-за санкций могут возникнуть следующие проблемы с оплатой: 1. Потеря дохода, что затрудняет выполнение кредитных обязательств. 2. Необходимость реструктуризации долга или оформления кредитных каникул, если доходы снизились. 3. Возможные задержки или изменения в безналичных платежах, особенно если они связаны с международными операциями. 4. Усложнение доступа к кредитным ресурсам, включая кредиты на бизнес. Для более подробной информации о работе финансовой системы в условиях санкций рекомендуется обратиться на сайт Банка России."
154,Чем отличается имущественная ответственность ИП от ответственности учредителя ООО?,"Имущественная ответственность индивидуального предпринимателя (ИП) и учредителя общества с ограниченной ответственностью (ООО) имеет существенные различия. ИП отвечает по обязательствам своего бизнеса всем своим имуществом, как личным, так и используемым в предпринимательской деятельности. Это означает, что в случае долгов или банкротства ИП кредиторы могут претендовать на все его имущество, включая недвижимость, транспорт, счета и другие активы. Учредитель ООО, в свою очередь, несет ответственность в пределах своих долей в уставном капитале компании. Это означает, что личные активы учредителя защищены от претензий кредиторов бизнеса. Кредиторы могут требовать возмещения убытков только за счет имущества самой компании, а не за счет личного имущества учредителей. Таким образом, основное отличие заключается в степени защиты личного имущества: у ИП она отсутствует, а у учредителя ООО она присутствует."
155,Какие практики помогают сократить повседневные расходы при покупках?,"Для сокращения повседневных расходов при покупках можно использовать несколько практик: 1. Планирование покупок. Решите, какие покупки можно сделать заранее, чтобы избежать роста цен из-за повышенного спроса. Это поможет сэкономить и избежать лишних трат. 2. Использование рассрочки или кредитных карт с льготным периодом. Это позволяет растянуть оплату на несколько месяцев и избежать процентов, если вовремя вносить платежи. Важно внимательно изучать условия и не задерживать выплаты, чтобы не переплачивать. 3. Ведение учета доходов и расходов. Используйте приложения для учета финансов, чтобы контролировать свои траты и понимать, на чем можно сэкономить. Регулярно обновляйте список обязательных трат и следите за своими финансовыми целями. Эти практики помогут вам более осознанно подходить к покупкам и сократить повседневные расходы."
156,"Какой месячный срок действует для отказа от допуслуг по кредиту, совпадающий со сроком безуведомительного погашения POS-кредита?","В предоставленном контексте нет информации о месячном сроке для отказа от дополнительных услуг по кредиту, а также о сроке безуведомительного погашения POS-кредита. Эти данные не указаны в текстах. Если у вас есть дополнительные вопросы, связанные с банковскими услугами, пожалуйста, уточните их."
157,"Чем лизинг полезен на старте бизнеса, а также на стадии роста?","Лизинг полезен на старте бизнеса, так как позволяет использовать дорогостоящее оборудование или транспорт без необходимости сразу покупать его. Это снижает начальные затраты и облегчает вход в бизнес. На стадии роста лизинг помогает обновлять оборудование и расширять парк транспортных средств, не прибегая к крупным единовременным инвестициям. Это позволяет бизнесмену сохранять ликвидность и гибкость в управлении финансами. Однако важно учитывать условия лизинга, такие как ограничения на использование имущества и строгий график выплат. Нарушение этих условий может привести к расторжению договора и потере имущества."
158,Какие базовые правила помогут защититься от финансовых мошенников?,"Для защиты от финансовых мошенников следует соблюдать несколько базовых правил: 1. Никогда не сообщайте посторонним лицам пароли, коды из SMS и другую конфиденциальную информацию. Банк никогда не запрашивает такие данные по телефону, через мессенджеры или электронную почту. 2. Будьте внимательны при совершении переводов. Проверяйте реквизиты получателя и не спешите с переводом, если вам поступает подозрительный запрос. 3. Используйте только официальные каналы связи с банком. Для уточнения информации обращайтесь в банк через официальный сайт, мобильное приложение или горячую линию. 4. Регулярно проверяйте операции по своим счетам и картам. Если заметите подозрительные транзакции, сразу блокируйте карту и обращайтесь в банк. 5. Устанавливайте лимиты на переводы и платежи. Это поможет минимизировать ущерб в случае компрометации вашего аккаунта. 6. Используйте двухфакторную аутентификацию для доступа к своим счетам и картам. 7. Будьте осторожны с подозрительными ссылками и вложениями в письмах и сообщениях. Не переходите по ссылкам из неизвестных источников. 8. Обновляйте антивирусное программное обеспечение на ваших устройствах и не используйте публичные Wi-Fi сети для проведения финансовых операций. 9. Ознакомьтесь с разделом «Грабли» на сайте банка, где подробно описаны схемы мошенничества и способы защиты от них. Соблюдение этих правил поможет снизить риски потери денег и защитить ваши финансы."
159,Как проверить легальность посредника на рынке инвестиций?,"Для проверки легальности посредника на рынке инвестиций выполните следующие шаги: 1. Проверьте название компании и её лицензию в Справочнике участников финансового рынка на сайте Банка России. Если компании там нет, это мошенники. 2. Убедитесь, что посредник является кредитной организацией — банком. Только банки имеют право на легальную деятельность в этой сфере. 3. Проверьте, куда вас просят переводить деньги. Легальные компании принимают платежи только на свои счета. Если вас просят внести наличные без приходного ордера, отправить сумму на карту или электронный кошелек частного лица, или пополнить чей-то криптокошелек — это мошенники. 4. Ознакомьтесь с разделом «Грабли» на сайте Банка России, чтобы узнать о распространённых схемах мошенничества. 5. Перед инвестированием изучите текст «Что нужно знать начинающему инвестору», чтобы понять основные риски и правила безопасных инвестиций."
160,Можно ли через ИИС-3 инвестировать в золото с налоговой выгодой?,"Нет, через ИИС-3 (индивидуальный инвестиционный счет с возможностью вывода средств и налогового вычета) нельзя инвестировать в золото с налоговой выгодой. ИИС-3 позволяет получить налоговый вычет при внесении средств на счет, но не предоставляет налоговых льгот на доходы от инвестиций. Для инвестиций в золото с налоговыми преимуществами можно рассмотреть другие инструменты, такие как облигации, привязанные к золоту, или паи фондов, инвестирующих в драгоценные металлы, но налоговые вычеты по ним не применяются."
161,"Почему драгоценные металлы считаются защитой сбережений при высокой инфляции, но на коротком горизонте риск убытка велик?","Драгоценные металлы, такие как золото, считаются защитой сбережений при высокой инфляции, потому что их стоимость традиционно растет в условиях инфляционного роста. Это связано с тем, что драгоценные металлы воспринимаются как надежный актив, который сохраняет свою ценность в долгосрочной перспективе. Однако на коротком горизонте инвестирования риск убытка велик по нескольким причинам: 1. Волатильность цен: Цены на драгоценные металлы могут сильно колебаться в краткосрочной перспективе под влиянием различных факторов, таких как экономические новости, изменения валютных курсов и рыночные спекуляции. 2. Комиссии и наценки: При покупке и продаже драгоценных металлов могут взиматься комиссии и наценки, которые могут снизить общую доходность инвестиций, особенно если инвестиционный горизонт короткий. 3. Риски ликвидности: В некоторых случаях может быть сложно быстро продать драгоценные металлы по выгодной цене, особенно если рынок нестабилен. Таким образом, хотя драгоценные металлы могут быть хорошей защитой от инфляции в долгосрочной перспективе, на коротком горизонте они могут быть подвержены значительным колебаниям цен и другим рискам."
162,Как предпринимателю взять микрозаем на льготных условиях через госпрограмму — с ускоренным оформлением через цифровой профиль?,"Для получения микрозайма на льготных условиях через госпрограмму с ускоренным оформлением через цифровой профиль предпринимателю следует обратиться на портал Мой бизнес или сайт Корпорации МСП. Там можно узнать о действующих программах поддержки, включая льготные кредиты и микрозаймы. Также можно воспользоваться сервисом Факторинг для бизнеса на Цифровой платформе МСП.РФ для подачи заявки и получения индивидуальных условий финансирования."
163,Как избежать штрафов по нескольким кредитам в период праздников?,"Чтобы избежать штрафов по кредитам в период праздников, важно заранее спланировать свои финансы. Вот несколько шагов, которые помогут: 1. Оцените свои доходы и расходы. Подумайте, какие покупки можно отложить, а какие необходимо сделать до праздников. Это поможет избежать лишних трат и сохранить средства для погашения кредитов. 2. Если у вас есть социальные выплаты, которые приходят в период праздников, используйте их для погашения кредитов. Важно сделать это в течение семи дней после получения выплат, чтобы избежать начисления штрафов и пеней. 3. Если вы понимаете, что не сможете вовремя погасить кредит, обратитесь в банк заранее. Возможно, банк предложит реструктуризацию долга или изменение графика платежей, чтобы сделать их более посильными. 4. Если вы потеряли доход из-за санкций или других причин, уточните, подходите ли вы под параметры кредитных каникул. В некоторых случаях банк может предоставить отсрочку платежей. 5. Чтобы избежать мошеннических действий, установите самозапрет на кредиты. Это поможет защитить вас от нежелательных долгов. Если у вас возникли трудности с погашением кредитов, важно действовать оперативно и не игнорировать проблему. Обратитесь в банк для получения консультации и поиска решения."
164,Чем отличается снижение ставки в госпрограммах от «ипотеки от застройщика»?,"Снижение ставки в госпрограммах и ипотека от застройщика отличаются по нескольким ключевым параметрам: 1. **Источник финансирования**:  - В госпрограммах ставка снижается за счет субсидий от государства. Это может быть, например, программа льготной ипотеки, где государство компенсирует часть процентной ставки.  - Ипотека от застройщика предлагается банком в партнерстве с застройщиком. Здесь ставка может быть снижена за счет маркетинговых акций или специальных условий, установленных застройщиком. 2. **Условия и требования**:  - Госпрограммы часто имеют строгие условия, такие как ограничения по возрасту, доходу, региону или типу жилья.  - Ипотека от застройщика может иметь более гибкие условия, но также может включать требования, связанные с конкретным проектом или застройщиком. 3. **Сроки и ограничения**:  - Госпрограммы могут иметь ограниченный срок действия или лимиты на сумму кредита.  - Ипотека от застройщика может быть привязана к конкретному проекту и иметь свои сроки и ограничения. 4. **Риски и гарантии**:  - Госпрограммы обычно имеют более строгие гарантии и защиту для заемщиков.  - Ипотека от застройщика может включать дополнительные риски, связанные с надежностью застройщика и сроками сдачи объекта. Для более детальной информации рекомендую ознакомиться с условиями конкретных программ и предложений."
165,"Где в договоре искать ПСК по кредиту, что она означает?","ПСК (полная стоимость кредита) обычно указывается в разделе, где описываются условия кредитования. Это может быть раздел с названием Условия кредитования, Платежи по кредиту или Расчет стоимости кредита. ПСК означает полную стоимость кредита, то есть сумму всех процентов, комиссий и других платежей, которые заемщик обязан уплатить банку за весь срок кредитования. ПСК позволяет сравнить различные кредитные предложения и понять, насколько выгодно то или иное предложение."
166,Куда обращаться при споре по ИСЖ в отличие от претензий к инвестиционному советнику?,"При споре по инвестиционному страхованию жизни (ИСЖ) нужно обращаться к финансовому омбудсмену, если страховая компания не выполняет условия договора. В случае претензий к инвестиционному советнику, если он нарушает ваши права, можно направить ему претензию, а при отсутствии ответа или неудовлетворительном ответе подать жалобу в Банк России."
167,Почему жертвы прошлых обманов часто становятся целью новых мошенников?,"Жертвы прошлых обманов часто становятся целью новых мошенников, потому что мошенники знают, что такие люди уже были в подобных ситуациях и могут быть более доверчивыми или менее бдительными. Они могут считать, что уже пережили мошенничество и не будут так осторожны в будущем. Кроме того, мошенники могут использовать информацию о прошлых обманах, чтобы манипулировать жертвами и убедить их в том, что новая схема безопасна или выгодна."
168,Чем отличается банковский вклад от имущественного налогового вычета?,"Банковский вклад и имущественный налоговый вычет — это совершенно разные финансовые инструменты, которые преследуют разные цели и имеют разные механизмы. Банковский вклад — это сумма денег, которую клиент размещает в банке на определенных условиях с целью получения дохода в виде процентов. Вклад может быть срочным или до востребования, с возможностью капитализации процентов или без нее. Основная цель вклада — сохранение и приумножение средств. Имущественный налоговый вычет — это возврат части уплаченного налога на доходы физических лиц (НДФЛ) при покупке или строительстве жилья, а также при уплате процентов по ипотечному кредиту. Вычет предоставляется налогоплательщику в размере фактически произведенных расходов, но не более установленного лимита. Основная цель вычета — снижение налоговой нагрузки и поддержка граждан в приобретении жилья. Таким образом, банковский вклад — это инструмент для размещения денежных средств и получения дохода, а имущественный налоговый вычет — это механизм налогового возврата, связанный с приобретением недвижимости."
169,Почему цена ОСАГО у страховщиков может отличаться в разы?,"Цена ОСАГО может отличаться у разных страховщиков по нескольким причинам: Во-первых, страховые компании могут использовать разные методы расчета тарифов. Они могут учитывать различные факторы, такие как возраст и стаж водителя, регион проживания, мощность автомобиля и другие параметры. Во-вторых, страховые компании могут предлагать различные дополнительные услуги и условия, которые могут влиять на стоимость полиса. Например, некоторые компании могут предлагать более выгодные условия для клиентов с безаварийной ездой. В-третьих, страховые компании могут устанавливать разные коэффициенты, которые влияют на стоимость полиса. Например, коэффициент бонус-малус (КБМ) может снижать или увеличивать стоимость полиса в зависимости от количества аварий, в которых был виновен водитель. Наконец, страховые компании могут устанавливать разные цены в зависимости от своей политики и стратегии на рынке. Например, некоторые компании могут предлагать более низкие цены, чтобы привлечь больше клиентов, а другие могут устанавливать более высокие цены, чтобы обеспечить себе больше прибыли."
170,Какие признаки выдают финансовую пирамиду в вакансиях с быстрым заработком?,"Финансовые пирамиды часто маскируются под легальные проекты, включая вакансии с быстрым заработком. Вот несколько признаков, которые могут выдавать финансовую пирамиду: 1. **Необычные условия труда**: Если вакансия обещает высокий доход при минимальных усилиях или без опыта, это должно насторожить. Легальные компании обычно предлагают зарплату, соответствующую квалификации и объему работы. 2. **Требование вложений**: Если для начала работы требуется внести деньги, это явный признак пирамиды. Легальные работодатели не просят сотрудников вкладывать свои средства. 3. **Отсутствие четких обязанностей**: В вакансии не указаны конкретные задачи или обязанности, а акцент делается на быстром заработке. 4. **Непрозрачная структура оплаты**: Если зарплата зависит от привлечения новых участников или продажи товаров/услуг, которые никто не покупает, это признак пирамиды. 5. **Отсутствие официальной регистрации**: Компания не имеет юридического адреса, регистрационных данных или официального сайта. 6. **Отзывы и репутация**: Проверьте отзывы о компании в интернете. Если их нет или они слишком положительные, это может быть признаком мошенничества. Если вы заметили хотя бы один из этих признаков, лучше отказаться от сотрудничества с такой компанией и обратиться в легальный банк или финансовую организацию для получения дохода."
171,Какие действия заемщика приводят к ухудшению кредитной репутации по данным БКИ?,"Ухудшение кредитной репутации по данным Бюро кредитных историй (БКИ) происходит из-за следующих действий заемщика: 1. Просрочки по кредитам, займам, коммунальным платежам, штрафам и другим обязательным платежам. 2. Невыполнение обязательств по погашению долгов. 3. Наличие неоплаченных налогов, алиментов и других обязательных платежей. 4. Частые обращения за кредитами или займами, особенно если они не одобряются. 5. Наличие судебных решений о взыскании долгов. Эти факторы негативно влияют на кредитную историю и могут привести к отказу в предоставлении кредита в будущем."
172,Как избежать ошибок при подписании кредитного договора?,"Чтобы избежать ошибок при подписании кредитного договора, следуйте этим рекомендациям: 1. Внимательно читайте все пункты договора, включая мелкий шрифт. Обращайте внимание на процентные ставки, комиссии, штрафы и другие условия. 2. Убедитесь, что вы понимаете все термины и условия, указанные в договоре. Если что-то неясно, задайте вопросы кредитному специалисту. 3. Проверьте, соответствует ли сумма кредита и условия погашения тем, что были обсуждены с банком. 4. Обратите внимание на санкции за просрочку платежей и другие возможные штрафы. Они должны быть четко прописаны в договоре. 5. Убедитесь, что вы знаете все дедлайны и сроки погашения кредита. Лучше всего установить напоминания о платежах. 6. Проверьте, работает ли финансовая организация легально. Это можно сделать на сайте Банка России. 7. Не подписывайте договор, если у вас нет стабильного дохода или вы не уверены в своей способности выплатить кредит. 8. После подписания договора и погашения кредита возьмите в банке справку о том, что все обязательства перед ним выполнены."
173,Как облагаются проценты по вкладам с учетом страховой защиты вкладов?,"Проценты по вкладам облагаются налогом в соответствии с налоговым законодательством Российской Федерации. Налог на доходы по вкладам в банках удерживается в случае, если процентная ставка по вкладу превышает ключевую ставку Центрального банка Российской Федерации, увеличенную на 5 процентных пунктов. Текущая ключевая ставка ЦБ РФ составляет 16% годовых, поэтому налог на доходы по вкладам удерживается, если процентная ставка по вкладу превышает 21% годовых. Страховая защита вкладов, предоставляемая Агентством по страхованию вкладов (АСВ), не влияет на налогообложение процентов по вкладам. Страховка покрывает сумму вкладов и процентов по ним, но не освобождает от уплаты налогов. Если у вас есть дополнительные вопросы по налогообложению или страхованию вкладов, вы можете обратиться к статьям, указанным в контексте, или проконсультироваться с налоговым специалистом."
174,Чем отличается риск утраты активов при банкротстве доверительного управляющего по сравнению с брокером?,"Риск утраты активов при банкротстве доверительного управляющего и брокера имеет некоторые различия, которые важно учитывать. При банкротстве брокера: 1. Активы клиентов могут быть включены в конкурсную массу, что снижает шансы на их полное возвращение. 2. Процедура банкротства может занять значительное время, обычно не менее полугода. 3. Возмещение средств может быть частичным, а не полным. При банкротстве доверительного управляющего: 1. Активы клиентов могут быть переданы в управление другому доверительному управляющему или возвращены клиенту. 2. Процедура может быть более гибкой и быстрой, чем при банкротстве брокера. 3. Риск утраты активов может быть ниже, если активы были застрахованы или если управляющий имел четкие инструкции по их управлению. В обоих случаях важно обращаться в регуляторные органы, такие как Банк России, для защиты своих прав и активов."
175,"Какие меры безопасности рекомендуются при онлайн-расчетах с картой, в том числе при использовании бонусных программ?","Для безопасных онлайн-расчетов с картой и использованием бонусных программ рекомендуется: 1. Настроить самозапрет на карте, чтобы ограничить возможность использования карты в интернете. Инструкцию по настройке и снятию самозапрета можно найти в вашем онлайн-банке. 2. Подключить СМС или push-уведомления по всем банковским картам. Это поможет оперативно узнавать о платежах, которые вы не совершали, и вовремя их оспоривать. 3. Использовать для автоперечислений кредитную карту или карту с овердрафтом, чтобы в случае сбоев или краж не лишиться большой суммы. 4. Следовать основным правилам безопасности, чтобы защитить свою карту от мошенников. Подробнее о них можно узнать в статье «Как защититься от кражи денег с карты». 5. Будьте осторожны при получении карты по почте, так как есть риск утечки персональных данных. Лучше получать карту в отделении банка, если такая возможность есть. Для дополнительной информации о защите от мошенничества можно ознакомиться со статьями «Мошенничество с банковскими картами онлайн» и «Как уберечь себя и близких от финансового мошенничества»."
176,"Примут ли в банке ветхие иностранные купюры так же, как поврежденные рубли?","В банке могут принять ветхие иностранные купюры, но это зависит от их состояния и политики конкретного банка. Обычно банки обменивают иностранную валюту, если купюры не сильно повреждены и их подлинность можно подтвердить. Если купюры сильно повреждены или их подлинность вызывает сомнения, банк может отказать в обмене или отправить их на дополнительную проверку. Для точного ответа лучше обратиться в банк, где вы планируете обменять валюту, и уточнить их условия приема ветхих иностранных купюр."
177,Какие возрастные ограничения есть при накоплении на ребенка через вклад по сравнению с НСЖ?,"Возрастные ограничения при накоплении на ребенка через вклад и накопительное страхование жизни (НСЖ) могут отличаться. Для вклада: - Обычно ребенок может быть указан в качестве выгодоприобретателя по вкладу, но открыть вклад на ребенка можно только с согласия законных представителей (родителей или опекунов). - Возрастные ограничения зависят от политики конкретного банка, но часто вклад можно открыть на ребенка с момента рождения. Для накопительного страхования жизни (НСЖ): - НСЖ можно оформить на ребенка с момента рождения. - Родители или опекуны выступают в качестве страхователей, а ребенок — в качестве застрахованного лица. - Возрастные ограничения также зависят от условий конкретной страховой компании, но обычно НСЖ можно оформить на срок до 25-30 лет. Для более точной информации рекомендуется уточнить условия у конкретного банка или страховой компании."
178,Как с 2025 года отличаются ставки НДФЛ по инвестиционным доходам от ставок по прочим доходам?,"В представленном контексте нет информации о различиях в ставках НДФЛ по инвестиционным доходам и прочим доходам с 2025 года. В текстах упоминаются общие принципы налогообложения, но конкретные ставки и их изменения не приводятся. Для получения актуальной информации о ставках НДФЛ рекомендую обратиться к официальным источникам, таким как сайт Федеральной налоговой службы (ФНС) или проконсультироваться с налоговым специалистом."
179,"Как подготовиться к выбору карты с кешбэком, чтобы получать максимальный возврат?","Для выбора карты с максимальным кешбэком следует учитывать несколько ключевых моментов: 1. Определите категории расходов, по которым вы хотите получать кешбэк. Например, если вы часто заправляетесь, выбирайте карту с повышенным кешбэком на автозаправках. 2. Сравните условия нескольких банков. У каждого банка могут быть свои акции и программы лояльности. Например, в одном банке кешбэк на автозаправках может быть выше, чем в другом. 3. Учитывайте ежемесячные затраты на обслуживание карты. Иногда высокая комиссия может съесть всю выгоду от кешбэка. 4. Ознакомьтесь с правилами начисления кешбэка. У некоторых карт могут быть ограничения по сумме или категориям расходов. 5. Рассмотрите возможность использования карты для оплаты части семейных расходов, чтобы увеличить общую сумму кешбэка. 6. Подумайте, на что вы будете тратить полученные деньги от кешбэка. Это поможет вам мотивировать себя на экономию и рациональное использование средств. Пример из контекста: Марина выбрала карту с кешбэком на автозаправках, что позволило ей возвращать 1000–1500 рублей в месяц. Эти деньги она решила потратить на курсы рисования, о которых давно мечтала."
180,"Где получить бесплатную помощь, чтобы подготовиться к участию в госзакупках?","Для подготовки к участию в госзакупках вы можете воспользоваться бесплатными обучающими мероприятиями, которые проводят государственные организации, ассоциации предпринимателей и банки. Например, на Цифровой платформе МСП в разделе «Бизнес-обучение» (авторизация через «Госуслуги») вы найдете полезные материалы и курсы. Также можно обратиться на сайт Корпорации МСП или портал «Мой бизнес» для получения информации о мерах поддержки и обучении."
181,Чем опасна установка программ из непроверенных источников?,"Установка программ из непроверенных источников может привести к следующим рискам: Во-первых, вы можете заразить свой гаджет вирусами, которые могут повредить ваши данные или даже дать мошенникам доступ к вашим аккаунтам в соцсетях, мессенджерах или даже к мобильному банку. Во-вторых, такие программы могут маскироваться под официальные банковские приложения, что увеличивает риск кражи ваших финансовых данных. Всегда скачивайте приложения только из официальных магазинов и внимательно проверяйте разработчика. Официальные банковские приложения обычно указывают сам банк в качестве разработчика."
182,Как открыть вклад дистанционно с учетом безопасности биометрии?,"Для открытия вклада дистанционно с учетом безопасности биометрии необходимо выполнить несколько шагов: 1. Подписать заявление о согласии на использование биометрии. Это можно сделать в личном кабинете на сайте банка или через мобильное приложение. 2. Зарегистрировать свои биометрические данные в Единой биометрической системе (ЕБС) через портал Госуслуг. 3. После регистрации биометрии вы сможете использовать ее для подтверждения операций, включая открытие вклада. 4. Для открытия вклада дистанционно воспользуйтесь онлайн-банком или мобильным приложением вашего банка. Следуйте инструкциям на сайте или в приложении для выбора и оформления вклада. 5. При подтверждении операции используйте биометрию для авторизации. Важно соблюдать правила кибербезопасности, чтобы защитить свои данные и средства от мошенников."
183,Какие меры принимает Банк России для защиты инвесторов в период санкций?,"Банк России принимает несколько мер для защиты инвесторов в период санкций. Во-первых, регулятор предоставляет актуальную информацию о работе финансовой системы на своем сайте, что помогает инвесторам быть в курсе изменений и рисков. Во-вторых, Банк России активно развивает проекты по финансовой грамотности, что позволяет инвесторам лучше ориентироваться в финансовом мире и защищаться от мошенников. В-третьих, если инвесторы сталкиваются с проблемами, связанными с переводом активов или их изъятием, они могут обратиться в Банк России для защиты своих прав."
184,Какие налоговые льготы доступны по страхованию жизни?,"Налоговые льготы по страхованию жизни включают возможность оформить налоговый вычет. Это позволяет вернуть часть денег, потраченных на страховку. Вычет можно получить, если вы оформили полис добровольного медицинского страхования (ДМС) или другие виды страхования жизни. Подробнее о условиях и процедуре оформления вычета можно узнать в статье «Налоговый вычет»."
185,Какие инструменты помогут паре прозрачно вести общие расходы?,"Для прозрачного ведения общих расходов паре могут помочь следующие инструменты: 1. Общий счет с двумя картами. Это позволяет обоим партнерам иметь доступ к одному счету и контролировать общие расходы. 2. Приложения для учета расходов и доходов. Такие приложения позволяют вести совместный учет финансов, фиксировать доходы и расходы, а также анализировать финансовые потоки. 3. Общий семейный банк или две личные копилки для каждого. Это может быть как общий вклад, так и отдельные счета для накоплений, которые можно использовать для совместных целей. Важно помнить, что для эффективного управления общими расходами необходимо знать свои ежемесячные обязательные траты, вести учет доходов и расходов, а также регулярно актуализировать список обязательных трат."
186,Почему не стоит спешить с микрозаймом?,"Не стоит спешить с микрозаймом по нескольким причинам. Во-первых, микрозаймы часто сопровождаются высокими процентными ставками, что может привести к значительной переплате. Во-вторых, перед оформлением займа важно оценить свою финансовую ситуацию и убедиться, что вы сможете своевременно возвращать деньги, учитывая возможные непредвиденные обстоятельства, такие как болезнь или увольнение. В-третьих, если ежемесячные платежи по кредитам превышают 30% вашего дохода, это может стать серьезной финансовой нагрузкой. В-четвертых, существует риск попасть в долговую яму, если не справиться с выплатами. Поэтому важно подходить к кредитам и займам взвешенно и обдуманно."
187,"Зачем перед вводом личных данных проверять подлинность сайта, а также источник установки приложения?","Перед вводом личных данных проверять подлинность сайта и источник установки приложения необходимо, чтобы избежать мошенничества. Мошенники могут создавать поддельные сайты и приложения, которые маскируются под официальные банковские сервисы. Это может привести к краже персональных данных, денежных средств и другим негативным последствиям. Для проверки подлинности сайта и приложения следует: 1. Убедиться, что сайт имеет защищенное соединение (https://). 2. Проверять наличие официальных знаков и сертификатов. 3. Скачивать приложения только из официальных магазинов, таких как App Store или Google Play. 4. Обращать внимание на разработчика приложения — в официальных банковских приложениях указан сам банк. 5. Внимательно читать описание приложения и не устанавливать программы от сторонних разработчиков. Эти меры помогут защитить ваши данные и средства от мошенников."
188,Какие официальные каналы поддержки описаны для пострадавших от пандемии?,"Для пострадавших от пандемии коронавируса описаны следующие официальные каналы поддержки: 1. Портал «Мой бизнес» — здесь можно узнать о отраслевых программах поддержки. 2. Местные центры поддержки предпринимателей «Мой бизнес» — предоставляют более подробную информацию о доступных мерах поддержки. 3. Цифровая платформа МСП — помогает узнать о полезных сервисах и государственных программах, подходящих для конкретного бизнеса. 4. Горячая линия Агентства: 8 800 200-08-05 — для консультаций по банковским услугам, вкладам, кредитам и другим вопросам."
189,Чем различается рассрочка у туроператора по сравнению с рассрочкой у застройщика?,"Рассрочка у туроператора и рассрочка у застройщика различаются по нескольким ключевым параметрам: 1. Объект сделки: У туроператора рассрочка обычно предоставляется на оплату туристических услуг, таких как авиабилеты, проживание, экскурсии и другие услуги, связанные с путешествием. У застройщика рассрочка предоставляется на оплату жилья, которое находится на стадии строительства или уже построено. 2. Сроки и условия: Условия рассрочки у туроператора могут быть более гибкими и короткими по сроку, так как туроператоры часто предлагают рассрочку на несколько месяцев. У застройщиков рассрочка может быть более длительной, иногда на несколько лет, особенно если речь идет о долевом строительстве. 3. Риски: При покупке жилья в рассрочку у застройщика существует риск, связанный с завершением строительства и передачей квартиры. В случае с туроператором основной риск связан с исполнением обязательств по предоставлению туристических услуг. 4. Документы и процедуры: Для оформления рассрочки у застройщика могут потребоваться дополнительные документы, такие как договор долевого участия (ДДУ) или договор купли-продажи. У туроператоров процедура оформления рассрочки обычно проще и требует меньше документов. 5. Комиссии и проценты: Условия по комиссиям и процентам могут различаться. У туроператоров комиссии могут быть включены в стоимость тура, а у застройщиков могут быть дополнительные комиссии за оформление сделки. Если у вас есть дополнительные вопросы по банковским услугам или ипотеке, пожалуйста, уточните их."
190,Почему оплата через мобильные платежные системы безопаснее ввода реквизитов карты на сайтах?,"Оплата через мобильные платежные системы безопаснее ввода реквизитов карты на сайтах по нескольким причинам: 1. **Защита данных**: Мобильные платежные системы используют токенизацию, то есть вместо реальных данных карты передаются специальные токены. Это снижает риск утечки информации. 2. **Двухфакторная аутентификация**: Для подтверждения платежа часто требуется дополнительное действие, например, ввод кода из SMS или подтверждение через биометрию. 3. **Ограниченный доступ**: Виртуальные карты, которые можно создавать в некоторых мобильных платежных системах, могут быть ограничены по сумме или сроку действия, что снижает риски в случае утечки данных. 4. **Контроль транзакций**: Мобильные приложения банков и платежных систем часто предоставляют возможность быстро блокировать карту или отменять платежи в случае подозрительных операций. 5. **Защита от фишинга**: Ввод данных напрямую на сайтах повышает риск попадания на поддельные страницы, тогда как мобильные платежные системы обычно имеют защищенные каналы связи. Таким образом, использование мобильных платежных систем снижает риски, связанные с утечкой данных и мошенническими действиями."
191,Страхование крупного кредита при обычном обслуживании отличается от требований при рефинансировании?,"Да, страхование крупного кредита при обычном обслуживании и при рефинансировании может отличаться. При рефинансировании банк может потребовать дополнительные условия страхования, так как это связано с изменением условий кредитного договора. В частности, могут быть установлены более строгие требования к страхованию, чтобы минимизировать риски для банка. В случае обычного обслуживания кредита требования к страхованию могут быть менее строгими. Однако конкретные условия зависят от политики банка и условий кредитного договора."
192,Зачем учитывать риск развода при планировании ипотеки?,"Риск развода при планировании ипотеки важен учитывать, потому что в случае развода заложенная недвижимость может быть продана банком для погашения кредита. Вырученные деньги пойдут на погашение ипотеки, а оставшаяся сумма будет разделена между бывшими супругами. Если они не смогут договориться о разделе, это может привести к судебным разбирательствам."
193,"Где государство не обеспечивает защиту ваших денег: в ИСЖ, паевых фондах на брокерском счете или в жилищно‑накопительном кооперативе?","Государство не обеспечивает защиту ваших денег в паевых фондах на брокерском счете. В случае банкротства управляющей компании или других непредвиденных обстоятельств, вложения в паевые фонды могут быть потеряны. В ИСЖ (индивидуальный инвестиционный счет) и в жилищно-накопительном кооперативе государственная защита может быть предусмотрена в рамках законодательства, но риски все же присутствуют."
194,Вернут ли деньги за ОСАГО при продаже автомобиля по сравнению со случаем отзыва лицензии у страховщика?,"Возврат денег за ОСАГО при продаже автомобиля и при отзыве лицензии у страховщика регулируется разными условиями. При продаже автомобиля вы можете вернуть часть стоимости полиса ОСАГО пропорционально неиспользованному сроку страхования. Для этого необходимо обратиться в страховую компанию с заявлением о досрочном расторжении договора и предоставить документы, подтверждающие продажу автомобиля. При отзыве лицензии у страховщика возврат средств также возможен, но процедура может быть более сложной. В этом случае средства могут быть возвращены через Российский союз автостраховщиков (РСА). Однако конкретные условия и сроки возврата зависят от решения регуляторов и могут отличаться. Для точной информации рекомендуется обратиться в свою страховую компанию или в РСА."
195,"Как перейти к новому брокеру, если у вас ИИС-3?","Для перехода к новому брокеру с индивидуальным инвестиционным счетом типа 3 (ИИС-3) необходимо учитывать несколько важных моментов. Во-первых, ИИС-3 предполагает инвестирование в ценные бумаги, и при переходе к другому брокеру важно сохранить налоговые льготы, которые предоставляются по этому типу счета. Во-вторых, перед переходом рекомендуется внимательно изучить условия нового брокера, чтобы убедиться, что они соответствуют вашим инвестиционным целям и стратегии. В-третьих, процесс перехода обычно включает в себя несколько этапов: подача заявления на закрытие счета у текущего брокера, открытие нового счета у другого брокера и передача активов. Важно убедиться, что все активы будут переведены без потерь и с сохранением налоговых льгот. Для более подробной информации о процессе перехода и сохранении налоговых льгот рекомендуется обратиться к статьям, указанным в контексте, или проконсультироваться с представителями банка или брокерской компании."
196,Где проверить официальность сайта продавца ОСАГО?,Для проверки официальности сайта продавца ОСАГО рекомендуется воспользоваться официальным сайтом или справочником Банка России. Это позволит убедиться в легальности компании и избежать мошенничества.
197,Как отличается доступ к деньгам в ИСЖ по сравнению с продажей паев биржевых фондов?,"В контексте предоставленных текстов информация о индивидуальном инвестиционном счете (ИИС) отсутствует, поэтому я не могу дать точный ответ на ваш вопрос. Однако, я могу объяснить, как работает доступ к деньгам при продаже паев биржевых фондов. При продаже паев биржевых фондов (ПИФов) доступ к деньгам зависит от условий, установленных управляющей компанией (УК). Обычно, после подачи заявки на продажу паев, средства становятся доступными в течение нескольких дней, так как требуется время для обработки сделки и перевода денежных средств на ваш счет. Если у вас есть дополнительные вопросы, связанные с банковскими услугами или инвестициями, пожалуйста, задавайте их, и я постараюсь помочь."
198,Как закон ограничивает штрафы за просрочку по кредитной карте по сравнению с микрозаймом?,"Закон ограничивает размер штрафов за просрочку по кредитным договорам, включая кредитные карты. Штраф за просрочку не может превышать 20% от суммы просроченного платежа, но не более 2000 рублей за каждый случай просрочки. Для микрозаймов ограничения более строгие: штраф за просрочку не может превышать 0,1% от суммы просроченного платежа за каждый день просрочки."
199,Как проверить легальность финансовой компании перед переводом денег?,"Для проверки легальности финансовой компании перед переводом денег выполните следующие шаги: 1. Проверить название компании и её лицензию в Справочнике участников финансового рынка на сайте Банка России. Это позволит убедиться, что компания имеет необходимые разрешения для ведения финансовой деятельности. 2. Если вы ищете факторинговые компании, воспользуйтесь сервисом «Факторинг для бизнеса» на Цифровой платформе МСП.РФ. Это позволит вам подать заявку и получить предложения от проверенных компаний. 3. Внимательно изучите документы, которые вам предлагают подписать. Убедитесь, что все условия вам понятны и не содержат скрытых комиссий или невыгодных условий. 4. Если компания предлагает кредиты или займы, убедитесь, что она является кредитной организацией — банком. Это можно проверить в том же Справочнике участников финансового рынка. Следуя этим шагам, вы сможете минимизировать риски и избежать мошеннических схем."
200,"Как оспорить ошибку в кредитной истории, появившуюся после передачи долга новым кредитором?","Для оспаривания ошибки в кредитной истории, появившейся после передачи долга новым кредитором, следуйте этим шагам: 1. Обратитесь в банк или кредитную организацию, которая передала ваш долг. Уточните, какие именно данные были переданы в бюро кредитных историй (БКИ) и подтвердите, что ошибка действительно есть. 2. Обратитесь в БКИ, где хранится ваша кредитная история. Вы можете запросить бесплатную выписку из кредитной истории один раз в год. Если ошибка подтвердится, подавайте заявление о ее исправлении. 3. В заявлении укажите, какие именно данные являются ошибочными, и приложите доказательства. Это могут быть копии договоров, платежных документов или другие подтверждающие документы. 4. БКИ направит ваше заявление кредитору для проверки. Кредитор должен ответить в течение 30 дней. Если ошибка подтвердится, БКИ исправит данные в вашей кредитной истории. 5. Если кредитор не ответит или откажет в исправлении ошибки, вы можете обратиться в суд или в Роспотребнадзор для защиты своих прав. Важно: Следите за сроками и сохраняйте все документы, связанные с оспариванием ошибки."
201,"Как оформить возврат части расходов на обучение в виде налогового вычета, включая сроки поступления денег?","Для оформления налогового вычета на обучение необходимо выполнить следующие шаги: 1. Подготовьте необходимые документы. Обычно это договор с образовательным учреждением, квитанции об оплате, справка о доходах (2-НДФЛ) и заявление на вычет. 2. Подайте документы в налоговую инспекцию. Это можно сделать лично, через представителя или онлайн через личный кабинет на сайте ФНС. 3. После проверки документов, которая обычно занимает около 3 месяцев, налоговая служба примет решение о возврате налога. 4. Деньги будут перечислены на ваш банковский счет в течение месяца после принятия положительного решения. Если ваша организация передает информацию о платежах в налоговую, вам не потребуется подавать декларацию и подтверждающие документы. В этом случае деньги будут перечислены в течение месяца после подачи заявления."
202,"Чем BNPL отличается от кредитной карты по источнику средств, срокам беспроцентного периода?","BNPL (Buy Now, Pay Later) и кредитная карта различаются по источникам средств и срокам беспроцентного периода. 1. Источник средств: - BNPL: Средства предоставляются специальной компанией или банком, которые сотрудничают с магазинами. Это не ваши собственные средства, а кредит, который нужно вернуть. - Кредитная карта: Средства предоставляются банком, который выпустил карту. Это также кредит, но он доступен для использования в любое время в пределах установленного лимита. 2. Сроки беспроцентного периода: - BNPL: Обычно предлагает короткий беспроцентный период, например, 14, 30 или 60 дней. Если вы не возвращаете сумму в этот период, могут быть начислены проценты или штрафы. - Кредитная карта: Обычно предлагает более длительный беспроцентный период, например, 50-55 дней. Если вы погашаете задолженность полностью в этот период, проценты не начисляются. Если не погашаете, начинают начисляться проценты на оставшуюся сумму. Таким образом, BNPL удобен для растягивания оплаты на несколько месяцев без процентов, но требует строгого соблюдения сроков. Кредитная карта предоставляет больше гибкости в использовании средств и более длительный беспроцентный период, но также требует внимательного управления задолженностью."
203,"Как поступить, если в полисе ОСАГО применен неверный КБМ?","Если в полисе ОСАГО применен неверный коэффициент бонус-малус (КБМ), необходимо обратиться в страховую компанию с заявлением о перерасчете. Приложите к заявлению документы, подтверждающие правильный КБМ, например, предыдущие полисы ОСАГО. Если страховая компания отказывается исправить ошибку, можно обжаловать решение через Банк России или суд. Подробнее о процедуре можно узнать в статье «Как получить возмещение по ОСАГО»."
204,В чем разница между кешбэком и чарджбэком?,"Кешбэк и чарджбэк — это разные механизмы, связанные с банковскими картами, но они выполняют разные функции. Кешбэк — это возврат части средств за покупки, совершенные по карте. Кешбэк может быть фиксированным или процентным, а также зависеть от категории покупок. Например, в тексте описан случай, когда клиент получает кешбэк на автозаправках. Чарджбэк — это процедура возврата денежных средств на карту клиента в случае несанкционированного списания или оспаривания транзакции. Чарджбэк применяется, когда клиент обнаруживает неверное списание и обращается в банк для его отмены. Таким образом, кешбэк — это бонус за использование карты, а чарджбэк — это защита от мошеннических операций."
205,"Где в договоре должна быть указана полная стоимость кредита, что помогает отличить легального кредитора от черного?","Полная стоимость кредита должна быть указана в кредитном договоре. Обычно это делается в разделе, где описываются условия кредитования, включая процентную ставку, комиссии и другие платежи, связанные с кредитом. Легальные кредиторы обязаны предоставлять эту информацию в соответствии с законодательством, чтобы заемщик мог полностью понять, во сколько ему обойдется кредит. Если в договоре нет четкого указания на полную стоимость кредита или информация представлена неполно, это может быть признаком недобросовестного кредитора. В таком случае рекомендуется внимательно изучить договор или обратиться за консультацией в банк или финансовую организацию, чтобы убедиться в легальности кредитора."
206,Какие финансовые продукты не покрывает система страхования вкладов?,Система страхования вкладов не покрывает следующие финансовые продукты: 1. Страхование жизни. 2. Накопительные счета. 3. Инвестиционные счета. 4. Облигации и акции. 5. Пенсионные накопления. Эти продукты не входят в перечень защищенных АСВ (Агентством по страхованию вкладов) и не подлежат возмещению в случае отзыва лицензии у банка.
207,Зачем проверять членство МФО в СРО перед оформлением займа?,"Проверка членства микрофинансовой организации (МФО) в саморегулируемой организации (СРО) важна по нескольким причинам: Во-первых, это гарантия того, что МФО соблюдает установленные правила и нормы. СРО контролирует деятельность своих членов и может применять санкции за нарушения, включая штрафы или исключение из реестра. Во-вторых, если МФО входит в СРО, это снижает риски для заемщика. В случае нарушений со стороны МФО вы можете обратиться в СРО или Банк России для защиты своих прав. В-третьих, членство в СРО часто является признаком надежности и прозрачности компании. Это может быть дополнительным критерием при выборе МФО для оформления займа."
208,В каких ситуациях могут запретить выезд из России из‑за долгов?,"Запрет на выезд из России из-за долгов может быть установлен в следующих ситуациях: 1. Если у вас есть неисполненные обязательства по кредитам, займам или другим долгам, и судебные приставы начали исполнительное производство. 2. Если судебные приставы не согласны на отсрочку или рассрочку платежей, или уже ввели ограничение на выезд. 3. Если вы не соблюдаете новый график платежей, установленный судом после отсрочки или рассрочки. В таких случаях запрет на выезд может быть снят только после полного погашения долга или решения суда, которое отменяет ограничение."
209,"Почему рискованно сообщать коды из СМС в сценарии «задержалась посылка», а также показывать банковскую карту на видеособеседовании?","Сообщать коды из СМС в сценарии «задержалась посылка» и показывать банковскую карту на видеособеседовании рискованно по следующим причинам: 1. Коды из СМС: Эти коды используются для подтверждения операций и доступа к вашим финансовым данным. Если мошенники получат эти коды, они смогут совершать операции от вашего имени, например, переводить деньги или оформлять кредиты. 2. Банковская карта на видеособеседовании: На карте содержится важная информация, такая как номер карты, срок действия и CVV-код. Если мошенники получат доступ к этой информации, они смогут использовать её для совершения покупок или снятия денег с вашего счета. В обоих случаях мошенники могут использовать полученную информацию для несанкционированного доступа к вашим финансам. Поэтому важно никогда не сообщать коды из СМС и не показывать банковскую карту посторонним лицам."
210,Почему свежая регистрация компании повышает риск для соискателя или инвестора?,"Свежая регистрация компании может повышать риск для соискателя или инвестора по нескольким причинам: 1. Отсутствие истории: У новой компании нет финансовой истории, отчетности и репутации, что затрудняет оценку ее надежности и перспектив. Инвесторам и партнерам сложно оценить финансовое состояние и стабильность бизнеса. 2. Неопределенность: Новые компании часто находятся в стадии развития, и их бизнес-модель может быть не до конца отработана. Это увеличивает риск неудачи или изменения стратегии, что может привести к финансовым потерям для инвесторов. 3. Отсутствие активов: Новые компании обычно имеют ограниченные активы, что снижает их способность к погашению обязательств в случае финансовых трудностей. 4. Высокий риск банкротства: Статистически новые компании имеют более высокий риск банкротства в первые годы работы из-за неопытности, недостатка ресурсов или неудачного выбора рынка. 5. Ограниченные возможности привлечения инвестиций: Как указано в контексте, компании с новой регистрацией могут иметь ограниченные возможности для привлечения инвестиций, так как инвесторы предпочитают более устойчивые и проверенные бизнесы. Для снижения рисков инвесторы и партнеры могут требовать дополнительных гарантий, более тщательного анализа бизнес-плана или участия в управлении компанией."
211,Какие ограничения по счетам предусмотрены для налоговых вычетов по ПДС с учетом сроков выплат?,"Для получения налогового вычета по пенсионным доходам с учетом сроков выплат, необходимо учитывать несколько ключевых моментов: 1. **Тип счета**: Налоговый вычет можно оформить только на счета, предназначенные для получения пенсионных доходов. Это могут быть счета, открытые в банках или других финансовых учреждениях, которые предназначены для получения пенсионных выплат. 2. **Сроки выплат**: Налоговый вычет можно оформить только на те выплаты, которые были получены в течение налогового периода (календарного года). Если выплаты были получены в предыдущие годы, то вычет можно оформить только за последние три года. 3. **Документы**: Для оформления налогового вычета необходимо предоставить документы, подтверждающие получение пенсионных доходов. Это могут быть выписки из банка, справки о доходах и другие документы, подтверждающие получение пенсионных выплат. 4. **Ограничения по сумме**: Налоговый вычет не может превышать сумму фактически полученных пенсионных доходов. Также существует ограничение по максимальной сумме вычета, которая может быть оформлена в течение налогового периода. Для более подробной информации о налоговых вычетах и их оформлении, вы можете обратиться в Федеральную налоговую службу (ФНС)."
212,Когда требуется тестирование клиента для ИСЖ в отличие от покупки отдельных ETF?,"Тестирование клиента для инвестиционного страхования жизни (ИСЖ) требуется в случаях, когда продукт содержит элементы инвестирования, связанные с рисками. Это необходимо для того, чтобы клиент осознал возможные риски и потери. В отличие от покупки отдельных ETF, где клиент сам принимает решение о покупке и продаже, в ИСЖ тестирование обязательно, так как продукт может включать сложные инвестиционные стратегии. Для покупки ETF тестирование не требуется, так как ETF считаются более простым и доступным инструментом для инвестирования. Однако, важно помнить, что любые инвестиции могут привести к убыткам, и перед покупкой ETF также стоит изучить их риски и особенности."
213,"Где удобнее хранить «подушку безопасности», если нужен мгновенный доступ к деньгам?",Для хранения «подушки безопасности» с мгновенным доступом к деньгам удобнее всего использовать накопительный счет или депозит с возможностью снятия без потери процентов. Эти инструменты позволяют хранить деньги в безопасности и при этом оперативно снимать их при необходимости.
214,Как получить инвествычет через посредника при продаже бумаг?,"Для получения инвестиционного налогового вычета (инвествычета) через посредника при продаже ценных бумаг необходимо соблюдать несколько условий и следовать определенным шагам. Во-первых, инвествычет предоставляется только при продаже ценных бумаг, которые были в собственности не менее трех лет. Это условие должно быть выполнено для всех бумаг, по которым вы хотите получить вычет. Во-вторых, посредник, через которого вы продаете ценные бумаги, должен быть зарегистрирован в налоговой службе и иметь соответствующую лицензию. Это может быть брокерская компания, инвестиционная компания или другой посредник, имеющий право на осуществление брокерской деятельности. В-третьих, для получения инвествычета необходимо предоставить посреднику документы, подтверждающие право на вычет. Это могут быть договоры купли-продажи, выписки из реестра акционеров, а также другие документы, подтверждающие факт владения ценными бумагами в течение трех лет. После предоставления всех необходимых документов посредник должен заполнить налоговую декларацию и передать ее в налоговую службу. В декларации должны быть указаны все данные о продаже ценных бумаг, а также информация о праве на инвествычет. Налоговая служба рассмотрит декларацию и примет решение о предоставлении инвествычета. Если решение будет положительным, посредник получит налоговый вычет и передаст его вам. Важно отметить, что инвествычет предоставляется только один раз в год и только по одним и тем же ценным бумагам. Также необходимо учитывать, что инвествычет не предоставляется по всем видам ценных бумаг, а только по тем, которые указаны в налоговом кодексе. Если у вас есть дополнительные вопросы по поводу получения инвествычета, вы можете обратиться к своему посреднику или в налоговую службу для получения более подробной информации."
215,Где проверить легальность МФО перед оформлением «нуля»?,"Перед оформлением займа в микрофинансовой организации (МФО) проверьте ее легальность на сайте Банка России. Это можно сделать через раздел Реестр микрофинансовых организаций. Введите название или ИНН компании, чтобы убедиться, что она зарегистрирована и действует законно."
216,Как снизить риск оспаривания сделки при покупке вторичного жилья?,"Для снижения риска оспаривания сделки при покупке вторичного жилья рекомендуется: 1. Проверить юридическую чистоту объекта. Убедитесь, что на квартиру нет обременений, арестов или других ограничений. Для этого можно заказать выписку из ЕГРН. 2. Оформить сделку через банковский счет. Это позволит избежать наличных расчетов, которые сложнее отследить и подтвердить. 3. Использовать аккредитив или эскроу-счет. Эти инструменты обеспечивают защиту средств и гарантируют, что деньги будут переведены продавцу только после выполнения всех условий сделки. 4. Оформить договор купли-продажи у нотариуса. Это придаст сделке дополнительную юридическую силу. 5. Проверить документы продавца. Убедитесь, что продавец является собственником квартиры и имеет право на ее продажу. Эти меры помогут минимизировать риски и обеспечить безопасность сделки."
217,Где получить выписку о состоянии пенсионных накоплений?,"Вы можете получить выписку о состоянии пенсионных накоплений в личном кабинете на сайте Пенсионного фонда России (ПФР) или в многофункциональном центре (МФЦ). Также эту информацию можно запросить через свой пенсионный фонд, если ваши накопления находятся в негосударственном пенсионном фонде (НПФ)."
218,Чем отличаются переводы по номеру телефона через СБП от платежей по реквизитам с номером 30101?,"Переводы по номеру телефона через СБП и платежи по реквизитам с номером 30101 отличаются несколькими ключевыми аспектами: 1. **Способ идентификации получателя**:  - При переводе через СБП используется номер телефона получателя.  - При платеже по реквизитам с номером 30101 используются банковские реквизиты (например, ИНН, БИК, номер счета). 2. **Скорость и удобство**:  - Переводы через СБП обычно выполняются мгновенно и не требуют ввода множества реквизитов.  - Платежи по реквизитам могут занять больше времени и требуют точного ввода всех необходимых данных. 3. **Комиссия и лимиты**:  - Переводы через СБП могут иметь ограничения по сумме и комиссии, которые зависят от условий вашего банка.  - Платежи по реквизитам могут иметь свои лимиты и комиссии, которые также зависят от условий банка. 4. **Использование**:  - СБП часто используется для быстрых переводов между физическими лицами.  - Платежи по реквизитам чаще применяются для переводов между юридическими лицами или для оплаты услуг и товаров. Если у вас есть дополнительные вопросы по банковским услугам, пожалуйста, уточните их."
219,Чем накопительное страхование жизни отличается от инвестиционного с точки зрения гарантии дохода?,"Накопительное страхование жизни и инвестиционное страхование жизни различаются по степени гарантии дохода. Накопительное страхование жизни обычно предлагает гарантированный доход, так как оно основано на накоплении средств с фиксированной доходностью. Это означает, что клиент знает заранее, какую сумму он получит в конце срока страхования, и риски потерь минимальны. Инвестиционное страхование жизни, напротив, не гарантирует доход, так как оно связано с инвестированием в финансовые инструменты, такие как акции, облигации или другие ценные бумаги. Доходность в этом случае зависит от рыночных условий и может как превышать ожидания, так и привести к убыткам. Таким образом, накопительное страхование жизни подходит для тех, кто хочет получить гарантированный доход, а инвестиционное страхование жизни — для тех, кто готов принять на себя риски в обмен на потенциально более высокую доходность."
220,"Какие требования к страхованию залога при ипотеке, включая последствия перерыва в полисе?","При оформлении ипотеки обязательно страхование залоговой недвижимости. Это требование установлено законом, и банк не вправе отказать в кредите только из-за отсутствия страховки, кроме случая с залогом. Если страховой полис прерван, это может привести к следующим последствиям: - Банк может потребовать восстановления страхового покрытия. - В случае страхового случая без действующего полиса вы можете понести финансовые потери. - Банк может применить штрафные санкции или даже требовать досрочного погашения кредита. Для уточнения деталей и конкретных последствий рекомендуется обратиться в ваш банк или страховую компанию."
221,Как проверить легальность сервиса для кошелька по сравнению с финансовым маркетплейсом?,"Для проверки легальности сервиса для кошелька или финансового маркетплейса рекомендуется использовать справочник Банка России. В нем можно найти информацию о легальных финансовых организациях. Если сервис не указан в этом справочнике, это может быть признаком мошенничества. Также обратите внимание на способы внесения денежных средств. Легальные компании обычно принимают платежи только на свои счета с оформлением приходных ордеров. Если вас просят внести наличные без документов, отправить сумму на карту или электронный кошелек частного лица, или пополнить чей-то криптокошелек, это признаки мошенничества. Для дополнительной информации о мошеннических схемах можно обратиться к разделам «Грабли» и «Как распознать страховых мошенников»."
222,"Какие платежи лучше проводить с расчетного счета, чтобы снизить риск блокировки?","Для снижения риска блокировки счета лучше проводить платежи, которые не вызывают подозрений у банка и регуляторов. В частности, рекомендуется: 1. Проводить платежи с одного расчетного счета, а не распределять их между несколькими счетами. Это поможет избежать подозрений в попытке скрыть операции от контроля. 2. Соблюдать прозрачность операций. Все платежи должны быть обоснованными и соответствовать деятельности вашего бизнеса. 3. Избегать подозрительных операций, таких как частые переводы на частные счета или операции с большими суммами без явного обоснования. 4. Следовать рекомендациям банка и регуляторов, чтобы минимизировать риски блокировки счета."
223,Где проверить легальность финансовой организации перед вложением денег?,"Проверить легальность финансовой организации перед вложением денег можно в справочнике Банка России. Это позволит убедиться, что компания работает законно и имеет соответствующую лицензию."
224,"Каков минимальный срок «периода охлаждения» для обычных добровольных страховок, полисов, оформленных через банк вместе с кредитом, а также для договоров инвестиционного или накопительного страхования жизни?","Минимальный срок «периода охлаждения» для добровольных страховок, оформленных через банк вместе с кредитом, составляет 5 рабочих дней. Для договоров инвестиционного или накопительного страхования жизни этот срок составляет 30 календарных дней."
225,Куда жаловаться при нарушениях со стороны НПФ или страхового посредника?,"При нарушениях со стороны НПФ (негосударственного пенсионного фонда) или страхового посредника можно обратиться в следующие инстанции: 1. **Банк России** - если НПФ или страховой посредник нарушает законодательство, можно подать жалобу в Банк России. Это особенно актуально, если организация входит в реестр регулятора. 2. **Финансовый омбудсмен** - если страховая компания не выплатила страховку в срок и не предоставила мотивированный отказ, можно обратиться к финансовому омбудсмену. Он обяжет страховщика выполнить условия договора. 3. **Суд** - если страховая компания задерживает выплаты, можно требовать от нее выплаты процентов за задержку возмещения через суд. 4. **Интернет-приемная соответствующего регулятора** - для жалоб на инвестиционные платформы, которые состоят в реестре Банка России. Если у вас есть конкретные детали нарушения, уточните их, чтобы получить более точную консультацию."
226,Как ДСАГО влияет на необходимость доплаты виновником при крупном ущербе?,"ДСАГО (Добровольное страхование автогражданской ответственности) снижает финансовые риски виновника ДТП. Если ущерб потерпевшего превышает установленную законом сумму по ОСАГО, виновник должен возместить разницу самостоятельно. ДСАГО покрывает эту разницу, что уменьшает необходимость доплаты виновником. Таким образом, наличие ДСАГО снижает финансовую нагрузку на виновника аварии при крупном ущербе."
227,Какие ограничения действуют для неквалифицированных инвесторов при покупке акций и паев закрытых ПИФов?,"Для неквалифицированных инвесторов действуют следующие ограничения при покупке акций и паев закрытых ПИФов: 1. **ПИФы**: Неквалифицированные инвесторы могут приобретать паи только открытых и интервальных ПИФов. Закрытые ПИФы доступны только квалифицированным инвесторам. 2. **Информация о преобразовании**: Если ПИФ, в который вы инвестируете, подвергается преобразованию, управляющая компания (УК) обязана уведомить вас об этом. Для неквалифицированных инвесторов информация публикуется на официальных сайтах УК. Квалифицированные инвесторы получают уведомления по электронной почте, заказными письмами или другим способом, прописанным в правилах фонда. 3. **Риски**: Неквалифицированным инвесторам важно учитывать риски, связанные с инвестированием в ценные бумаги. Перед вложением средств рекомендуется изучить материалы, такие как «Что нужно знать начинающему инвестору», чтобы понять основные аспекты и риски фондового рынка. Если у вас есть дополнительные вопросы по инвестициям или другим банковским продуктам, задавайте их."
228,Чем отличается ДСАГО от каско по объекту защиты?,"ДСАГО (Добровольное страхование автогражданской ответственности) и КАСКО (Комплексное автомобильное страхование) отличаются по объекту защиты. ДСАГО защищает вас от финансовых рисков, связанных с причинением вреда третьим лицам. То есть, если вы стали виновником ДТП, ДСАГО покрывает ущерб, причиненный другим участникам аварии, если сумма превышает лимит обязательного страхования ОСАГО. КАСКО, в свою очередь, защищает сам автомобиль от ущерба, угона, хищения и других рисков. Это комплексная страховка, которая покрывает повреждения вашего автомобиля, независимо от того, кто является виновником ДТП."
229,Чем отличается ответственность эмитента по облигациям от акций?,"Ответственность эмитента по облигациям и акциям различается следующим образом: 1. Облигации: Эмитент облигаций обязан выплатить держателям облигаций купонный доход и номинальную стоимость облигаций в установленные сроки. В случае невыполнения этих обязательств эмитент может быть привлечен к ответственности. 2. Акции: Эмитент акций не несет обязательств перед акционерами по выплате дохода. Доход акционеров зависит от прибыли компании и решений собрания акционеров. В случае банкротства компании акционеры получают выплаты в последнюю очередь, после удовлетворения требований кредиторов, включая держателей облигаций."
230,Как меняется лимит возмещения по ремонту авто при европротоколе без фотофиксации по сравнению с оформлением через ГИБДД?,В предоставленном контексте нет информации о лимитах возмещения по ремонту авто при европротоколе без фотофиксации и оформлении через ГИБДД. Для получения точной информации рекомендую обратиться в страховую компанию или на официальный сайт Банка России.
231,Как обезопасить себя на случай утери векселя?,"Векселя, как и любые ценные бумаги, требуют особого внимания к их хранению и безопасности. В случае утери векселя, важно предпринять следующие шаги: 1. **Немедленно сообщите в банк или организацию, выпустившую вексель**. Это поможет заблокировать документ и предотвратить его использование третьими лицами. 2. **Обратитесь в полицию** для составления заявления об утере. Это может понадобиться для дальнейших юридических действий. 3. **Попросите выдать дубликат векселя**, если это предусмотрено условиями выпуска. Некоторые векселя могут быть перевыпущены при предоставлении соответствующих документов и подтверждении утери. 4. **Проверьте условия договора**, по которому был приобретен вексель. В некоторых случаях может быть предусмотрена страховка или компенсация при утере. 5. **Следите за новостями и обновлениями** от эмитента векселя. Иногда информация о потерянных или украденных ценных бумагах публикуется в открытых источниках. Если у вас возникли дополнительные вопросы по безопасности финансовых инструментов, обратитесь в банк или организацию, где вы приобрели вексель, для получения более детальной информации."
232,"Кто защищает клиентов при проблемах банка, а кто при отзыве лицензии у страховщика?","При проблемах с банком клиентов защищает финансовый омбудсмен. Он помогает решить споры с финансовыми компаниями до суда, включая ситуации, когда банк нарушает условия договора. При отзыве лицензии у страховщика клиентов защищает Агентство по страхованию вкладов (АСВ). В случае отзыва лицензии у страховой компании АСВ гарантирует выплату страховых возмещений в пределах установленных законом сумм."
233,Где надежнее сохранить деньги при отзыве лицензии банка: в векселе или при расчетах через банковскую ячейку?,"Надежнее сохранить деньги при отзыве лицензии банка в банковской ячейке. В этом случае ваши средства физически изолированы от банка и не зависят от его финансового состояния. Векселя же зависят от платежеспособности эмитента, и при его банкротстве вы рискуете потерять деньги."
234,"Как при разводе делят жилье и долг по семейной ипотеке, если взнос был из маткапитала","При разводе жилье, приобретенное в ипотеку с использованием материнского капитала, и долг по кредиту делятся следующим образом: 1. Жилье, купленное с использованием материнского капитала, является общим имуществом супругов, но с определенными ограничениями. Материнский капитал предназначен для улучшения жилищных условий всех членов семьи, поэтому при разводе жилье должно быть разделено с учетом интересов детей. 2. Долг по ипотеке также делится между супругами. Обычно это происходит в равных долях, но суд может принять иное решение, если будут представлены веские аргументы. 3. Если супруги не могут договориться о разделе имущества и долга, вопрос решается через суд. Суд может учесть множество факторов, включая вклад каждого супруга в погашение ипотеки, интересы детей и другие обстоятельства. 4. Если жилье находится в залоге у банка, то при разделе имущества банк должен быть уведомлен. Банк может потребовать погашения кредита или переоформления ипотеки на одного из супругов. 5. Оставшиеся средства после продажи заложенного жилья, если оно будет продано, делятся между супругами или направляются на погашение долга, в зависимости от решения суда. Важно отметить, что использование материнского капитала при покупке жилья накладывает дополнительные обязательства. Например, жилье должно быть оформлено в общую долевую собственность всех членов семьи, включая детей. Это может усложнить процесс раздела имущества при разводе."
235,"Какие госгарантии предусмотрены для средств пайщиков КПК, а также для взносов в ЖНК?","В предоставленных текстах нет информации о государственных гарантиях для средств пайщиков кредитных потребительских кооперативов (КПК) или взносов в жилищные накопительные кооперативы (ЖНК). Рекомендую уточнить этот вопрос у представителей соответствующих кооперативов или в государственных органах, регулирующих деятельность таких организаций."
236,Когда имеет смысл жаловаться в Банк России по проблеме с финансовой организацией?,"Жаловаться в Банк России имеет смысл в следующих случаях: 1. Если посредник нарушает ваши права, например, не дает вывести деньги с ИИС, и не реагирует на вашу претензию в течение 15 рабочих дней или ответ вас не устроил. 2. Если микрофинансовая организация (МФО) нарушает закон и правила, и вы уже обратились в саморегулируемую организацию, в которую входит эта МФО. 3. Если госорганы отказываются принимать ваше заявление или ответ вас не устроил, и вы хотите обратиться с жалобой в вышестоящую инстанцию. 4. Если посредник запрещает вам забрать активы или перевести их в другую компанию. В этих случаях Банк России может рассмотреть вашу жалобу и принять меры в отношении финансовой организации."
237,Что использовать для покрытия неожиданных трат?,"Для покрытия неожиданных трат рекомендуется использовать финансовую подушку безопасности. Обычно это сумма, эквивалентная 3–6 зарплатам, которую можно хранить на накопительном счете или депозите в банке. Это позволит вам иметь доступ к деньгам в случае непредвиденных расходов, не прибегая к кредитам или займам."
238,Почему переводы через СБП по номеру телефона упрощают межбанковские расчеты?,"Переводы через СБП (Систему быстрых платежей) по номеру телефона упрощают межбанковские расчеты по нескольким причинам: 1. Упрощенная идентификация получателя. Для перевода достаточно знать номер телефона получателя, что упрощает процесс и снижает вероятность ошибки при вводе реквизитов. 2. Быстрота выполнения операций. Переводы через СБП осуществляются в течение нескольких секунд, что значительно ускоряет процесс межбанковских расчетов. 3. Универсальность. СБП позволяет переводить деньги между клиентами разных банков, что упрощает взаимодействие между различными финансовыми учреждениями. 4. Доступность. Для использования СБП не требуется дополнительных приложений или сервисов, достаточно стандартного мобильного банка. 5. Безопасность. Система обеспечивает высокий уровень безопасности транзакций, что снижает риски мошенничества."
239,"Куда подавать заявку на продажу заблокированных активов, находящихся в паях ПИФа, с учетом доступности управляющих компаний на финансовых маркетплейсах?","Заявку на продажу заблокированных активов, находящихся в паях ПИФа, необходимо подавать в управляющую компанию (УК), которая управляет данным фондом. Если УК недоступна или блокирует операции, вы можете обратиться в Банк России для защиты своих прав."
240,Можно ли торговать на бирже без брокера?,"Нет, торговать на бирже без брокера невозможно. Брокер выступает посредником между инвестором и биржей, обеспечивая доступ к торговле ценными бумагами. Брокер выполняет важные функции, такие как исполнение сделок, хранение активов и предоставление информации о рынке. Без брокера физическое лицо не может напрямую участвовать в торгах на бирже."
241,"Как разместить подушку безопасности, чтобы она была защищена и без сюрпризов по условиям?","Для размещения финансовой подушки безопасности рекомендуется использовать накопительный счет или депозит в банке. Это позволит сохранить деньги в безопасности и обеспечить их доступность в случае необходимости. При выборе депозита важно обратить внимание на следующие условия: 1. Доступность средств: Убедитесь, что депозит позволяет снимать деньги без потери процентов или с минимальными штрафами. Это особенно важно для финансовой подушки, так как средства могут понадобиться в любой момент. 2. Процентная ставка: Сравните ставки по депозитам в разных банках. Выбирайте вариант с наиболее выгодными условиями, но не забывайте о надежности банка. 3. Срок депозита: Для финансовой подушки лучше выбрать депозит с коротким сроком или возможность частичного снятия средств без потери процентов. 4. Страхование вкладов: Убедитесь, что банк участвует в системе страхования вкладов, что гарантирует возврат средств в случае проблем с банком. 5. Условия продления: Проверьте, как происходит автоматическое продление депозита. Убедитесь, что вы сможете снять средства без дополнительных условий. Пример: Если вы выбрали депозит с возможностью частичного снятия, вы можете снять часть средств в случае необходимости, а оставшуюся сумму продолжать хранить на депозите. Это позволит вам сохранить доступность средств и при этом получать проценты на оставшуюся сумму."
242,Как многодетной семье сократить расходы на музеи во время отдыха?,"Для сокращения расходов на музеи во время отдыха многодетной семье можно воспользоваться следующими лайфхаками: 1. Ищите дни с бесплатным входом. Многие музеи предоставляют бесплатный вход в определенные дни недели или месяца. Например, в некоторых музеях бесплатный вход бывает в последний четверг месяца или в первый понедельник. 2. Используйте семейные билеты. Некоторые музеи предлагают специальные семейные билеты, которые дешевле, чем покупка отдельных билетов для каждого члена семьи. 3. Воспользуйтесь скидками. Многие музеи предоставляют скидки для многодетных семей, школьников или студентов. Уточните эту информацию на сайте музея или по телефону. 4. Планируйте заранее. Заранее изучите информацию о музеях, которые вы планируете посетить, и выберите те, которые предлагают наиболее выгодные условия для семей с детьми. 5. Используйте кешбэк и бонусные программы. Некоторые банковские карты предлагают кешбэк за покупку билетов в музеи. Это может помочь сэкономить на посещении культурных учреждений. 6. Ищите комбинированные билеты. Некоторые музеи предлагают комбинированные билеты, которые позволяют посетить несколько музеев по сниженной цене. Эти советы помогут вам сэкономить на посещении музеев и сделать отдых более доступным для всей семьи."
243,Почему повторяются финансовые пузыри?,"Финансовые пузыри повторяются по нескольким причинам, которые можно выделить из контекста и общих экономических знаний: 1. Чрезмерная эмиссия денег: Когда в экономике появляется слишком много денег, это может привести к инфляции и перегреву рынка. Центральный банк следит за этим, но не всегда может сразу среагировать. 2. Спекуляции: Инвесторы могут вкладывать деньги в активы, ожидая быстрой прибыли, что приводит к завышению цен. Это особенно актуально на фондовом рынке, где новички могут допускать ошибки. 3. Недооценка рисков: В периоды экономической стабильности люди могут забывать о рисках, что приводит к избыточному кредитованию и инвестированию в рискованные активы. 4. Психологические факторы: Человеческая психология играет важную роль. Люди склонны следовать за трендами, что усиливает рост пузырей. 5. Регуляторные провалы: Иногда регуляторы не успевают или не могут предотвратить образование пузырей из-за сложности прогнозирования экономических процессов. Для более детального понимания можно изучить статьи о инфляции, инвестициях и рисках, которые связаны с темами, упомянутыми в контексте."
244,Как технологии меняют финансовые услуги по мнению авторов подборок?,"Технологии значительно расширяют возможности финансовых услуг. Банки включают услуги связи, такие как оплата интернета или ТВ, в перечень платежей на своих сайтах и в мобильных приложениях, что позволяет клиентам решать финансовые вопросы онлайн. Это упрощает процесс и делает его более удобным."
245,Куда обращаться при споре со страховщиком по ИСЖ и по ОСАГО?,При споре со страховщиком по ИСЖ (ипотечному страхованию жилья) и по ОСАГО (обязательному страхованию автогражданской ответственности) можно обратиться к финансовому омбудсмену. Он обяжет страховую компанию выполнить условия договора. Также можно обратиться в суд для требования выплаты процентов за задержку возмещения.
246,"Какой уровень ПДН считается безопасным, а что происходит при превышении 50%?","В предоставленном контексте нет информации о ПДН (пропорциональном долевом нормативе) и его уровнях. ПДН обычно относится к банковским нормативам, которые регулируют деятельность банков, но конкретные значения и последствия их превышения не указаны в текстах. Для получения точной информации по этому вопросу рекомендую обратиться к официальным источникам банка или регулятора, например, Центрального банка. Если у вас есть дополнительные вопросы, связанные с банковскими услугами или рисками, я готов помочь."
247,"Что делать при мошеннических автоплатежах, как снизить риск повторения?","При мошеннических автоплатежах важно действовать быстро и последовательно. Вот что нужно сделать: 1. Отключите автоплатежи с кредитной карты или карты с овердрафтом. Это поможет избежать потерь в случае сбоев или краж. 2. Подключите СМС или push-уведомления по всем банковским картам. Это позволит оперативно узнавать о платежах, которые вы не совершали, и вовремя их оспаривать. 3. Обратитесь в банк для блокировки подозрительных транзакций. Банк может помочь остановить мошеннические платежи и вернуть деньги. 4. Проверьте настройки автоплатежей в интернет-банке или мобильном приложении. Убедитесь, что все платежи подтверждены вами. 5. Если вы не планируете оформлять кредиты, установите на них самозапрет. Это бесплатная услуга, которая защитит от мошенников, набирающих долги по чужим документам. 6. Соблюдайте правила кибербезопасности. Не передавайте секретную информацию третьим лицам и будьте внимательны при получении подозрительных сообщений. Для более подробной информации о защите от мошенничества вы можете обратиться к статьям «Как уберечь себя и близких от финансового мошенничества» и «Социальная инженерия: почему люди сами отдают мошенникам деньги»."
248,Когда вступят в силу изменения в ОСАГО после подачи заявления?,"Изменения в ОСАГО вступают в силу с момента подачи заявления, если иное не предусмотрено условиями договора или законодательством. Однако конкретные сроки могут зависеть от типа изменений и требований страховой компании. Для уточнения деталей рекомендуется обратиться в вашу страховую компанию или изучить условия вашего полиса ОСАГО."
249,Почему новичку опасно спекулировать деривативами?,"Новичку опасно спекулировать деривативами по нескольким причинам: Во-первых, деривативы являются сложными финансовыми инструментами, которые требуют глубоких знаний и опыта. Новичок может не полностью понимать механизмы их работы, что увеличивает риск потерь. Во-вторых, деривативы часто связаны с высокой волатильностью и рисками. Даже небольшие изменения на рынке могут привести к значительным потерям. В-третьих, деривативы могут включать в себя кредитные риски, особенно если они связаны с заемными средствами. Это означает, что помимо потерь на самом инструменте, можно столкнуться с дополнительными обязательствами. В-четвертых, деривативы могут быть использованы для манипуляций на рынке, что увеличивает риски для новичков, которые могут стать жертвами мошеннических схем. В-пятых, деривативы требуют постоянного мониторинга и управления. Новичок может не иметь достаточного времени или ресурсов для этого, что также увеличивает риски. В-шестых, деривативы могут быть связаны с высокими комиссиями и другими скрытыми расходами, которые могут существенно снизить прибыль или увеличить убытки. В-седьмых, деривативы могут быть использованы для спекуляций, что увеличивает риски потерь, особенно в условиях нестабильного рынка. В-восьмых, деривативы могут быть связаны с высоким уровнем рыночного риска, особенно если они связаны с иностранными активами или валютными операциями. В-девятых, деривативы могут быть использованы для хеджирования, но новичок может не понимать, как правильно использовать их для этой цели, что также увеличивает риски. В-десятых, деривативы могут быть связаны с высоким уровнем кредитного риска, особенно если они связаны с заемными средствами или другими обязательствами. В-одиннадцатых, де"
250,Как корректно учесть территориальный коэффициент при покупке ОСАГО онлайн?,"Для учета территориального коэффициента при покупке ОСАГО онлайн необходимо следовать следующим шагам: 1. **Выбор региона**: Укажите регион, в котором будет зарегистрировано транспортное средство. Территориальный коэффициент зависит от региона, где вы планируете использовать автомобиль. 2. **Использование калькулятора ОСАГО**: На сайте страховой компании или агрегаторе страховок используйте калькулятор ОСАГО. Введите все необходимые данные, включая регион, тип транспортного средства, мощность двигателя и другие параметры. 3. **Автоматический расчет**: Калькулятор автоматически учтет территориальный коэффициент при расчете стоимости полиса. Этот коэффициент может варьироваться в зависимости от региона, так как уровень аварийности и других рисков различается. 4. **Проверка данных**: Убедитесь, что все введенные данные корректны, особенно регион, так как это напрямую влияет на стоимость полиса. 5. **Оформление полиса**: После подтверждения всех данных и оплаты полиса, территориальный коэффициент будет учтен в итоговой стоимости ОСАГО. Если у вас возникли трудности или вопросы, вы можете обратиться в службу поддержки страховой компании для уточнения деталей."
251,Какой общий риск несут клиент брокера и владелец депозитарных расписок при отзывах лицензий у посредников?,"Клиент брокера и владелец депозитарных расписок несут риски, связанные с отзывом лицензий у посредников. В обоих случаях основной риск заключается в возможной потере доступа к своим активам и средствам. Для клиента брокера: - При отзыве лицензии у брокера клиент может столкнуться с проблемами вывода средств и ценных бумаг. - В таких ситуациях важно, чтобы брокер был членом компенсационного фонда, который может частично или полностью возместить убытки клиентов. Для владельца депозитарных расписок: - Депозитарные расписки (DR) представляют собой ценные бумаги, которые могут быть выданы иностранным эмитентам на российском рынке. - При отзыве лицензии у депозитария, который хранит эти расписки, может возникнуть риск потери доступа к активам. - В таких случаях важно, чтобы депозитарий был членом компенсационного фонда или имел другие механизмы защиты интересов клиентов. В обоих случаях клиенты должны внимательно изучать условия сотрудничества с брокером или депозитарием, а также следить за их финансовым состоянием и репутацией."
252,Какая страховка обязательна при ипотеке?,"При оформлении ипотеки обязательно только страхование залоговой недвижимости. Это требование установлено законом. Другие виды страхования, такие как страхование жизни или титульное страхование, могут быть предложены банком, но они не являются обязательными. Если вам навязывают дополнительные полисы или включают их стоимость в сумму кредита, вы можете пожаловаться в интернет-приемную Банка России или Роспотребнадзор."
253,Что делать с сомнительной или поврежденной банкнотой?,"Если у вас есть сомнительная или поврежденная банкнота, вы можете обратиться в банк для проведения экспертизы. Экспертиза бесплатна и обычно проводится сразу при вас. Если купюра повреждена, но подлежит обмену, банк выдаст вам новую. В сложных случаях банк может отправить купюру на проверку в Банк России. Если деньги окажутся подлинными, их зачислят на ваш счет. Если банкнота фальшивая, ее стоимость не возмещается."
254,Как сочетается рекомендация работать официально с защитой пенсионных накоплений государством?,"Рекомендация работать официально связана с формированием пенсионных накоплений, которые государство гарантирует защитить. При официальном трудоустройстве работодатель ежемесячно перечисляет страховые взносы в Пенсионный фонд, что формирует ваши пенсионные права. Эти накопления государство гарантирует защитить, включая их индексацию и сохранность. Если вы работаете неофициально, страховые взносы не перечисляются, и пенсионные накопления не формируются. Таким образом, официальное трудоустройство является основным способом защиты и увеличения своих пенсионных накоплений, которые государство гарантирует защитить."
255,Чем биржевые фонды отличаются от ПИФов по комиссиям и ликвидности?,"Биржевые фонды (ETF) и паевые инвестиционные фонды (ПИФы) отличаются по нескольким параметрам, включая комиссии и ликвидность. 1. Комиссии: - Биржевые фонды обычно имеют более низкие комиссии по сравнению с ПИФами. Это связано с тем, что ETF торгуются на бирже, и их управление менее затратное. - У ПИФов комиссии могут быть выше, так как управление фондом требует больше ресурсов и включает в себя более активное управление активами. 2. Ликвидность: - Биржевые фонды более ликвидны, так как они торгуются на бирже в реальном времени. Инвестор может купить или продать паи ETF в любое время в течение торговой сессии. - ПИФы менее ликвидны, так как паи можно купить или продать только по окончании торгового дня и по цене, установленной управляющей компанией. Таким образом, если важна низкая комиссия и высокая ликвидность, то биржевые фонды могут быть более подходящим вариантом. Однако, выбор всегда зависит от индивидуальных предпочтений и стратегии инвестирования."
256,Чем отличается защита сбережений в банке от защиты в кредитном потребительском кооперативе?,"Защита сбережений в банке и в кредитном потребительском кооперативе (КПК) имеет существенные различия. В банке сбережения клиентов защищены системой страхования вкладов, которая гарантирует возврат средств в случае отзыва лицензии у банка. В России, например, это система АСВ (Агентство по страхованию вкладов), которая покрывает вклады до 1,4 миллиона рублей. В кредитных потребительских кооперативах такая система страхования вкладов, как правило, отсутствует. КПК не входят в систему страхования вкладов, и в случае их банкротства возврат средств не гарантирован. Клиенты КПК зависят от финансовой устойчивости самого кооператива. Кроме того, банки подчиняются более строгому регулированию и контролю со стороны Центрального банка, что повышает уровень надежности. КПК, в свою очередь, могут иметь более гибкие условия для своих членов, но и уровень риска для вкладчиков выше."
257,Какие меры Банк России применяет для защиты клиентов?,"Банк России применяет несколько мер для защиты клиентов от мошенничества и финансовых рисков: 1. Проведение проектов по финансовой грамотности. Банк России разрабатывает образовательные программы для школ и вузов, проводит мероприятия и онлайн-семинары, а также готовит информационные материалы для СМИ. Это помогает клиентам лучше ориентироваться в мире финансов и защищаться от мошенников. 2. Публикация информации о мошеннических схемах. На сайте Банка России можно найти список официальных сайтов банков, а также статьи о том, как не попасться на уловки мошенников. Это помогает клиентам быть в курсе последних схем обмана и знать, как действовать в случае подозрения на мошенничество. 3. Рекомендации по безопасности. Банк России рекомендует клиентам перед принятием решений о крупных денежных расходах советоваться с близкими и специалистами, а также немедленно обращаться в полицию в случаях, вызывающих подозрение. 4. Защита системы быстрых платежей. Банк России обеспечивает надежную защиту системы быстрых платежей от мошенников, но при этом напоминает клиентам о необходимости соблюдать правила кибербезопасности. Эти меры помогают клиентам банков защищать свои средства и быть осведомленными о возможных рисках."
258,Чем электронные деньги отличаются от записей в блокчейне?,"Электронные деньги и записи в блокчейне различаются по нескольким ключевым параметрам. Электронные деньги представляют собой цифровые средства, которые хранятся на банковских счетах или электронных кошельках. Они используются для безналичных платежей и переводов через банковские системы, такие как система быстрых платежей. Электронные деньги защищены банковскими системами безопасности, но могут быть уязвимы к мошенническим действиям, например, через фишинг или социальную инженерию. Записи в блокчейне, с другой стороны, представляют собой децентрализованные и распределенные данные, которые хранятся на множестве компьютеров в сети. Блокчейн обеспечивает высокую степень безопасности и прозрачности, так как каждая транзакция подтверждается и записывается в блоки, которые связаны между собой. Это делает блокчейн устойчивым к мошенническим действиям и подделкам. Таким образом, основные отличия заключаются в степени децентрализации, уровне безопасности и способе хранения данных."
259,"Какие материалы применяют для повышения износостойкости российских банкнот, пример — купюра 200 рублей?","Информация о материалах, применяемых для повышения износостойкости российских банкнот, в предоставленном контексте отсутствует. В текстах не содержится данных о составе или свойствах банкнот, включая купюру 200 рублей. Для получения точной информации рекомендую обратиться в Банк России или на официальный сайт Центрального банка, где могут быть опубликованы детали о производстве и характеристиках российских денежных знаков."
260,Какие налоговые льготы дает ИИС-3 и на какой срок его имеет смысл открывать у брокера?,"ИИС-3 (индивидуальный инвестиционный счет с вычетом на вложения) предоставляет возможность вернуть часть уплаченного НДФЛ. Вычет составляет 13% от суммы внесенных средств, но не более 52 000 рублей в год. Максимальная сумма вложений, на которую можно получить вычет, составляет 1 млн рублей в год. Срок, на который имеет смысл открывать ИИС-3, зависит от ваших инвестиционных целей. Минимальный срок, чтобы получить вычет, составляет 3 года. Если вы планируете инвестировать на более длительный срок, это может быть выгодно, так как вы сможете вернуть часть уплаченного налога и продолжить инвестировать с учетом налоговых льгот."
261,"Как проверить, что предложение по кредиту или рефинансированию исходит от легального банка, а не от мошенников?","Чтобы убедиться, что предложение по кредиту или рефинансированию исходит от легального банка, выполните следующие шаги: 1. Проверьте название банка и его лицензию в Справочнике участников финансового рынка. Если банка там нет, это мошенники. 2. Убедитесь, что организация работает легально, проверив её на сайте Банка России. Это касается банков, МФО, КПК и ломбардов. 3. Внимательно изучите реквизиты, указанные в предложении. Мошенники могут указывать свои мошеннические счета и корреспондентский счет банка с номером 30101. Узнать больше о банковских реквизитах можно в соответствующих статьях. 4. Ознакомьтесь с документами по кредиту или займу перед подписанием. Это поможет избежать долговой ямы или потери залога. Если у вас есть дополнительные вопросы по кредитам или рефинансированию, задавайте их."
262,"Куда жаловаться, если оформили ИСЖ без тестирования под видом вклада?","Если вам оформили инвестиционное страхование жизни (ИСЖ) без проведения обязательного тестирования на понимание рисков, вы можете обратиться с жалобой в несколько инстанций: 1. В страховую компанию, которая оформила полис. Напишите претензию и запросите разъяснения. Укажите, что тестирование не проводилось, и потребуйте вернуть деньги в полном объеме, если это предусмотрено условиями договора. 2. В Банк России (Центральный банк РФ). Вы можете подать жалобу через официальный сайт или обратиться в территориальное управление. Банк России регулирует деятельность страховых компаний и может провести проверку. 3. В Роспотребнадзор. Если вы считаете, что ваши права как потребителя нарушены, вы можете подать жалобу в эту организацию. 4. В суд. Если другие способы не помогли, вы можете подать иск в суд для защиты своих прав. Для подачи жалобы подготовьте все документы, связанные с оформлением полиса, и укажите, что тестирование на понимание рисков не проводилось."
263,Как вовлечь детей в семейное планирование финансов без жесткого контроля?,"Для вовлечения детей в семейное планирование финансов без жесткого контроля можно использовать несколько подходов: 1. Объясните ребенку основы финансовой грамотности. Расскажите, как важно контролировать доходы и расходы, а также как можно копить на мечту. Это поможет ребенку понять, почему важно следить за финансами. 2. Используйте банковские услуги, которые предлагают специальные бонусы для детей. Например, кешбэк на покупку книг и канцтоваров. Объясните ребенку, как это работает и какие преимущества дает. 3. Вовлеките ребенка в процесс выбора финансовых инструментов для сбережений. Например, можно вместе выбрать вклад, накопительный счет или полис страхования жизни. Это поможет ребенку понять, какие варианты сбережений существуют и как они работают. 4. Создайте совместный финансовый план. Например, можно вместе составить список целей и определить, сколько нужно копить для их достижения. Это поможет ребенку понять, как важно планировать свои финансы. 5. Используйте игровые методы. Например, можно создать игру, в которой ребенок будет копить виртуальные деньги на мечту. Это поможет ребенку понять, как важно копить и как это может быть увлекательным."
264,"Как хранить акции, чтобы снизить риск потери при банкротстве брокера?","Для снижения риска потери акций при банкротстве брокера рекомендуется следовать нескольким ключевым принципам: 1. Выбор надежного брокера: Обратите внимание на репутацию, финансовую устойчивость и лицензии брокера. Важно, чтобы брокер был членом компенсационного фонда, который может частично возместить убытки в случае его банкротства. 2. Диверсификация: Распределяйте свои активы между несколькими брокерами. Это снизит риск потери всех средств при банкротстве одного из них. 3. Регулярный контроль: Следите за финансовым состоянием брокера и его деятельностью. Это поможет своевременно заметить признаки возможных проблем. 4. Использование индивидуальных инвестиционных счетов (ИИС): В некоторых случаях ИИС могут предоставить дополнительную защиту для ваших активов. 5. Избегание маржинальной торговли: Торговля с использованием заемных средств увеличивает риски, особенно в случае банкротства брокера. 6. Хранение активов на счетах, защищенных от банкротства: Некоторые брокеры предлагают специальные счета, которые защищены от требований кредиторов в случае банкротства. 7. Регулярное извлечение прибыли: Периодически извлекайте прибыль с ваших инвестиций, чтобы минимизировать возможные потери. 8. Ознакомление с условиями договора: Внимательно изучите договор с брокером, чтобы понять, какие гарантии и компенсации предоставляются в случае его банкротства. Следуя этим рекомендациям, вы сможете снизить риски потери акций при банкротстве брокера."
265,"К кому обратиться, если МФО навязала платные услуги и отказывается возвращать деньги?","Если МФО навязала платные услуги и отказывается возвращать деньги, вы можете обратиться в несколько инстанций: 1. В Банк России. Это регуляторный орган, который контролирует деятельность микрофинансовых организаций. Вы можете подать жалобу через их официальный сайт или горячую линию. 2. В саморегулируемую организацию (СРО), в которую входит ваша МФО. СРО также может принять меры в отношении нарушителя. 3. В прокуратуру. Если Банк России или СРО не помогли, вы можете обратиться в прокуратуру. Они проведут проверку и примут меры в случае нарушений. 4. В суд. Если все вышеперечисленные инстанции не помогли, вы можете подать иск в суд для защиты своих прав. Перед обращением в любую из этих инстанций рекомендуется собрать все доказательства нарушений, такие как договоры, квитанции, переписки и записи разговоров."
266,Как соотносятся создание безналичных денег банками с выпуском криптовалюты в блокчейне?,"Создание безналичных денег банками и выпуск криптовалюты в блокчейне — это принципиально разные процессы, которые имеют свои особенности и механизмы. Безналичные деньги, создаваемые банками, являются частью традиционной финансовой системы. Они выпускаются в соответствии с регулированием центральных банков и подлежат строгому контролю. Банки создают безналичные деньги через кредитование и другие финансовые операции, которые увеличивают денежную массу в экономике. Криптовалюта, в свою очередь, создается в блокчейне через процесс майнинга или других механизмов, таких как стейкинг. Криптовалюты децентрализованы и не контролируются центральными банками или другими регуляторами. Их выпуск и обращение основаны на криптографических алгоритмах и распределенной сети. Таким образом, основное различие заключается в том, что безналичные деньги банков регулируются и контролируются государственными институтами, тогда как криптовалюты функционируют в децентрализованной среде без участия центральных банков."
267,"Как безопасно купить страховку онлайн, чтобы при навязывании можно было вернуть деньги?","Для безопасной покупки страховки онлайн и возможности возврата денег в случае навязывания, рекомендуется использовать аккредитив в банке или депозит нотариуса. Это позволит вам вернуть средства, если продавец не исполнит свои обязательства. Также важно внимательно проверять реквизиты компании или паспортные данные продавца, если он действует лично. Если вы уже стали жертвой мошенничества, необходимо оперативно обратиться в свой банк. Система быстрых платежей защищена, но злоумышленники могут использовать различные уловки. Соблюдайте правила кибербезопасности, чтобы защитить свои деньги."
268,Где займы обычно обходятся дороже: в банках или в КПК?,"Займы обычно обходятся дороже в микрофинансовых организациях (МФО) или кредитно-потребительских кооперативах (КПК) по сравнению с банками. Это связано с более высокими процентными ставками и дополнительными комиссиями, которые применяются в этих организациях. Банки, как правило, предлагают более низкие ставки и прозрачные условия кредитования."
269,"Как проверить, что сайт оплаты или продажи полиса настоящий?","Для проверки подлинности сайта оплаты или продажи полиса рекомендуется обратить внимание на следующие моменты: 1. Проверьте адрес сайта. Мошеннические сайты часто используют адреса, похожие на настоящие, но с небольшими изменениями. Убедитесь, что адрес сайта соответствует официальному. 2. Проверьте наличие SSL-сертификата. Настоящие сайты обычно имеют защищенное соединение, что обозначается символом замка в адресной строке и началом адреса с https://. 3. Изучите отзывы и репутацию сайта. Проверьте отзывы других пользователей, чтобы убедиться в надежности сайта. 4. Проверьте контактную информацию. Настоящие сайты обычно предоставляют реальные контакты, включая адрес, телефон и электронную почту. 5. Обратите внимание на дизайн и содержание сайта. Мошеннические сайты могут содержать ошибки, низкое качество дизайна или некорректную информацию. Если у вас есть сомнения в подлинности сайта, лучше отказаться от совершения платежа или покупки. Для дополнительной информации о защите от мошенничества вы можете прочитать статьи, посвященные этой теме."
270,Законен ли отказ в продаже ОСАГО из‑за несоответствия данных проверке в НСИС?,"Отказ в продаже ОСАГО из-за несоответствия данных проверке в НСИС (Национальной системе идентификации и аутентификации) может быть законным, если несоответствие подтверждается и не может быть устранено. В таких случаях страховщик вправе отказать в заключении договора ОСАГО. Если страховщик отказывается выполнять условия договора или нарушает ваши права, вы можете обратиться с жалобой в приемную Банка России, приложив к жалобе ответ страховщика и другие документы, которые помогут разобраться в ситуации."
271,Почему индекс бигмака не подходит для измерения инфляции?,"Индекс Бигмака не подходит для измерения инфляции, потому что он отражает стоимость только одного товара - гамбургера, и не учитывает широкий спектр товаров и услуг, которые включаются в официальные индексы цен. Инфляция измеряется на основе изменения цен на корзину товаров и услуг, которые потребляют домохозяйства. Кроме того, индекс Бигмака может быть подвержен значительным колебаниям из-за изменений в ценах на отдельные ингредиенты или валютных курсов, что не отражает общую динамику инфляции в экономике."
272,"В какой срок после объявления санкций нужно перевести иностранные облигации к другому посреднику, чтобы не лишиться купонов?","В тексте нет конкретной информации о сроке, в течение которого нужно перевести иностранные облигации к другому посреднику, чтобы не лишиться купонов. Однако, в общем случае, рекомендуется действовать как можно быстрее, чтобы минимизировать риски, связанные с санкциями. Если у вас возникли проблемы с посредником, вы можете направить ему претензию, на которую он должен ответить в течение 15 рабочих дней. Если ответ не удовлетворителен или его нет, можно подать жалобу в Банк России."
273,Почему не стоит одновременно подавать много кредитных заявок при высоком ПДН?,"При высоком уровне просроченной задолженности (ПДН) подача множества кредитных заявок может усугубить ситуацию по нескольким причинам: 1. Ухудшение кредитной истории: Каждая кредитная заявка фиксируется в вашей кредитной истории. При высоком ПДН банки и МФО могут воспринять это как признак финансовой нестабильности, что еще больше снизит ваши шансы на одобрение кредита. 2. Увеличение долговой нагрузки: Если вам все же удастся получить несколько кредитов, это приведет к увеличению ежемесячных платежей. Как указано в первом тексте, идеально, чтобы платежи не превышали 30% вашего дохода. В противном случае погашение долга станет слишком тяжелой ношей. 3. Риск отказа: Банки и МФО могут отказать в кредите, увидев множество заявок при высоком ПДН. Это может быть воспринято как попытка скрыть финансовые проблемы или как признак неспособности управлять долгами. 4. Самозапрет на кредиты: Как указано в последнем тексте, установка самозапрета на кредиты может защитить вас от дополнительных долгов, которые вы не планировали брать. Это может быть полезным инструментом при высоком ПДН."
274,В каких случаях страховку оплачивает не клиент?,"Страховку оплачивает не клиент в следующих случаях: 1. Если страховой случай зарегистрирован и подтвержден, страховая компания обязана выплатить возмещение клиенту. Для этого клиент должен предоставить действующий страховой полис, квитанцию об оплате взносов и документы, подтверждающие страховой случай. 2. Если страховая компания не выплатила страховку в срок и не предоставила мотивированный отказ, клиент может обратиться к финансовому омбудсмену, который обяжет страховую компанию выполнить условия договора. 3. В случае, если ущерб потерпевшего превышает установленную законом сумму, виновник аварии должен возместить разницу самостоятельно, но первоначальная сумма может быть покрыта страховкой. 4. Если страховая компания обнаружит нестыковки в полисе после аварии, она может взыскать с клиента сумму, которую выплатит пострадавшему, но это относится к ситуациям, когда клиент не доплатил за полис изначально. 5. В случае недееспособности страхователя, все права и обязанности по страховкам переходят к попечителю, который может оплачивать страховку вместо клиента."
275,Какие ограничения на выдачу наличной валюты действуют для средств на счетах по сравнению с деньгами в банковской ячейке?,"Ограничения на выдачу наличной валюты для средств на счетах и для денег в банковской ячейке различаются. Для средств на счетах: - Банк может устанавливать лимиты на снятие наличных в день или в месяц. - Операции по снятию наличных могут быть ограничены в рамках антимошеннических мер. - Конвертация валют невозможна при снятии наличных с рублевого счета, так как операции проводятся в одной и той же валюте. Для денег в банковской ячейке: - Ограничения зависят от условий аренды ячейки и политики банка. - Как правило, при аренде ячейки банк не контролирует суммы и валюту, которые вы храните. - Однако, при снятии наличных из ячейки могут применяться те же лимиты и меры безопасности, что и при снятии со счета. Рекомендуется уточнять конкретные лимиты и условия у вашего банка."
276,Почему для успеха важен отказ от шаблонов?,"Отказ от шаблонов важен для успеха, потому что шаблонные решения часто не учитывают уникальные возможности и проблемы конкретной ситуации. Руководители, которые избегают шаблонов, могут более гибко и эффективно управлять командой, адаптируясь к изменениям и используя нестандартные подходы. Это позволяет им достигать больших целей, двигаясь небольшими, но значимыми шагами."
277,"Где искать официальные списки мер поддержки, банков-участников программ?","Официальные списки мер поддержки и банков-участников программ можно найти в нескольких местах: 1. На портале «Мой бизнес». Здесь представлены отраслевые программы поддержки, а также информация о банках, участвующих в этих программах. 2. На сайте Корпорации МСП. Здесь можно подобрать льготные программы, действующие в вашем регионе, и узнать о банках, которые предоставляют кредиты и займы в рамках этих программ. 3. На сайте Банка России. Здесь можно найти информацию о мерах поддержки, предложениях банков и других финансовых организаций. Для получения более подробной информации обратитесь в местные центры поддержки предпринимателей «Мой бизнес» или на Цифровую платформу МСП."
278,"Что грозит созаемщику, если основной заемщик прекратил выплаты?","Созаемщик несет такую же ответственность по кредиту, как и основной заемщик. Если основной заемщик прекратил выплаты, созаемщик обязан продолжать погашать кредит. В случае невыполнения этой обязанности банк может применить меры взыскания к созаемщику, включая судебные разбирательства и принудительное взыскание долга. Также могут быть начислены штрафы и пени за просрочку платежей."
279,Какие последствия наступают при несвоевременных выплатах по краудлендингу и по облигациям?,"При несвоевременных выплатах по краудлендингу и облигациям могут возникнуть следующие последствия: 1. Краудлендинг:  - Начисление штрафов и пеней за просрочку платежей. Размер санкций должен быть прописан в договоре.  - Ухудшение кредитной истории, что может затруднить получение кредитов в будущем.  - Возможные судебные разбирательства и взыскание задолженности через суд. 2. Облигации:  - Начисление набежавших процентов на сумму задолженности.  - Возможные штрафные санкции, если они предусмотрены условиями выпуска облигаций.  - Ухудшение репутации эмитента, что может повлиять на стоимость его облигаций и других финансовых инструментов. Важно своевременно погашать обязательства, чтобы избежать негативных последствий."
280,Почему досрочный платеж по кредиту лучше вносить в дату планового платежа?,"Досрочный платеж по кредиту лучше вносить в дату планового платежа, чтобы минимизировать начисление процентов. В этот день банк списывает основную сумму долга и проценты за текущий период. Если внести платеж в эту дату, большая часть средств пойдет на погашение основного долга, а не на проценты. Это позволит снизить общую переплату по кредиту."
281,Как учесть инфляцию в семейном плане для сохранения сбережений?,"Для учета инфляции в семейном плане и сохранения сбережений можно воспользоваться несколькими финансовыми инструментами. Во-первых, составьте финансовый план. Определите, сколько денег вам необходимо ежемесячно, и умножьте эту цифру на шесть. Это поможет вам понять, какая сумма необходима для чувства финансовой стабильности. Во-вторых, используйте финансовые инструменты, которые компенсируют потери из-за инфляции. Например, проценты по вкладу могут помочь сохранить стоимость сбережений. Также рассмотрите возможность использования карт с кешбэком, которые помогут вернуть часть потраченного. Кроме того, изучите возможности индивидуального инвестиционного счета (ИИС). В некоторых случаях можно получить налоговый вычет, что также поможет сохранить и приумножить сбережения. Для детей можно рассмотреть специальные бонусы, предлагаемые банками для детских карт, такие как кешбэк на покупку книг и канцтоваров. Это поможет стимулировать ребенка к сбережениям и копить на мечту. Также обратите внимание на банковские услуги, такие как вклады, полисов страхования жизни или накопительные счета, которые могут быть полезны для сбережений."
282,Чем отличаются решения для закрытия кассового разрыва для инвестора на бирже и для бизнеса?,"Для инвестора на бирже решения для закрытия кассового разрыва могут включать: 1. Маржинальную торговлю: использование заемных средств для покупки ценных бумаг, что позволяет увеличить потенциальную прибыль, но также повышает риски. 2. Кредитное плечо: возможность увеличить объем сделок за счет заемных средств, что может помочь в закрытии кассового разрыва, но требует осторожного управления рисками. 3. Диверсификацию вложений: инвестирование в ценные бумаги разных компаний и отраслей для снижения рисков. Для бизнеса решения для закрытия кассового разрыва могут включать: 1. Кредитные линии: получение кредитных линий от банков для покрытия временных финансовых разрывов. 2. Факторинг: продажа дебиторской задолженности для ускорения поступления денежных средств. 3. Лизинг: использование оборудования или других активов в аренду, что позволяет сохранить денежные средства. 4. Управление денежными потоками: оптимизация расходов и поступлений для минимизации кассовых разрывов. Важно помнить, что любые решения по закрытию кассового разрыва должны быть тщательно проанализированы и согласованы с финансовыми возможностями и стратегией компании или инвестора."
283,Почему сумма списания по рублевой карте за границей может отличаться от ожидаемой?,"Сумма списания по рублевой карте за границей может отличаться от ожидаемой по нескольким причинам: 1. Курс конвертации. Когда вы используете рублевую карту за границей, банк конвертирует сумму из иностранной валюты в рубли по своему курсу. Этот курс может отличаться от официального курса Центрального банка или курса, который вы видите в обменных пунктах. 2. Комиссия за конвертацию. Некоторые банки взимают дополнительную комиссию за конвертацию валюты. Это также может повлиять на итоговую сумму списания. 3. Комиссия за операцию. За использование карты за границей банк может взимать дополнительную комиссию. Это также может изменить итоговую сумму списания. 4. Динамический курс конвертации. Некоторые банки используют динамический курс конвертации, который может меняться в течение дня. Это также может привести к различиям в сумме списания. 5. Налоги и сборы. В некоторых странах могут взиматься дополнительные налоги или сборы, которые также могут повлиять на итоговую сумму списания."
284,Чем краудинвестинг отличается от краудлендинга?,"К сожалению, в предоставленном контексте нет информации о краудинвестинге и краудлендинге. Эти темы не освещены в текстах. Я консультирую по вопросам, относящимся к банку. Если у вас есть вопрос, связанный с банковскими услугами, пожалуйста, задайте его."
285,Что делать при подозрительном звонке «службы безопасности» на фоне блокировки карты?,"При подозрительном звонке «службы безопасности» на фоне блокировки карты следует действовать следующим образом: 1. Не предоставляйте никакую информацию по телефону. Мошенники могут пытаться выведать данные вашей карты, пароли или коды из SMS. 2. Перезвоните в банк по официальному номеру горячей линии, который указан на сайте банка или на обратной стороне вашей карты. 3. Уточните у сотрудника банка, действительно ли карта была заблокирована и по какой причине. 4. Если блокировка подтвердится, следуйте инструкциям банка для разблокировки или перевыпуска карты. 5. Подключите СМС или push-уведомления, чтобы оперативно получать информацию о всех операциях по карте. Важно помнить, что сотрудники банка никогда не будут запрашивать по телефону полные данные вашей карты, пароли или коды из SMS."
286,"В каких ситуациях предпринимателю проще воспользоваться лизингом, чем кредитом?","Лизинг может быть более удобным вариантом для предпринимателя в следующих ситуациях: 1. Если предпринимателю нужно оборудование или транспорт для ведения бизнеса, но он не хочет сразу покупать его в собственность. Лизинг позволяет использовать имущество, не тратя сразу крупную сумму. 2. Если предприниматель хочет сохранить ликвидность и не отвлекать значительные средства на покупку имущества. Лизинг позволяет распределить платежи на более длительный срок. 3. Если предприниматель планирует регулярно обновлять оборудование или транспорт. Лизинг позволяет легко вернуть имущество и взять в лизинг новое по истечении срока договора. 4. Если предприниматель не хочет заниматься оформлением имущества в собственность, а также нести затраты на его страхование и обслуживание. В лизинге эти вопросы часто ложатся на лизингодателя. 5. Если предприниматель хочет снизить налоговую нагрузку. В некоторых случаях лизинговые платежи могут быть учтены в расходах, что снижает налогооблагаемую базу. Однако важно помнить, что лизинг имеет свои ограничения, такие как ограничения на использование имущества и риски расторжения договора при нарушении условий."
287,Почему обещания «100% результата» и гарантированной прибыли без риска — признак мошенничества?,"Обещания «100% результата» и гарантированной прибыли без риска являются признаком мошенничества по нескольким причинам. Во-первых, любые инвестиции и финансовые операции связаны с определенными рисками. Даже самые надежные активы, такие как облигации или депозиты, могут не принести ожидаемой прибыли из-за изменения рыночных условий или других факторов. Во-вторых, гарантированная прибыль без риска противоречит основным принципам финансового рынка. Если бы существовали такие возможности, они бы уже были использованы всеми участниками рынка, и доходность таких операций не была бы высокой. В-третьих, мошенники часто используют такие обещания, чтобы привлечь внимание потенциальных жертв и убедить их вложить деньги в сомнительные проекты. Они могут предлагать высокие доходы при минимальных рисках, но на самом деле такие проекты обычно оказываются финансовыми пирамидами или другими видами мошенничества. В-четвертых, как указано в тексте, структурные ценные бумаги и сделки очень сложны, и разобраться во всех рисках могут только опытные инвесторы. Обещания гарантированной прибыли без риска часто используются для того, чтобы скрыть реальные риски и сложности таких операций. В-пятых, как отмечено в тексте, не стоит поддаваться на уговоры скорее подписать договор и внести деньги. Мошенники часто давят на потенциальных жертв, чтобы они не имели времени на обдумывание и консультацию с юристом или другими специалистами. Таким образом, обещания «100% результата» и гарантированной прибыли без риска являются признаком мошенничества, так как они противоречат основным принципам финансового рынка, скрывают реальные риски и используются для привлечения жертв в сомнительные проекты."
288,В каких случаях можно получить повышенную компенсацию до 10 млн рублей при проблемах с банком?,"Повышенная компенсация до 10 млн рублей может быть выплачена в следующих случаях: 1. Если банк не является системно значимым и не поддается оздоровлению, а масштаб вложений в его оздоровление сравним или выше страховой ответственности АСВ. 2. В некоторых других случаях, которые подробно описаны в статье «Как работает система страхования вкладов». Для получения более подробной информации рекомендуется ознакомиться с указанной статьей."
289,"Какие налоговые либо государственные стимулы доступны для НПФ, ДМС, страхования жизни?","Для негосударственных пенсионных фондов (НПФ), добровольного медицинского страхования (ДМС) и страхования жизни могут быть доступны следующие налоговые и государственные стимулы: 1. **Налоговые вычеты**:  - **Имущественный вычет**: Может быть предоставлен при покупке полиса страхования жизни, если он связан с приобретением жилья.  - **Социальный вычет**: Может быть предоставлен за contributions в НПФ, ДМС и страхование жизни. Этот вычет позволяет вернуть часть уплаченного НДФЛ. 2. **Налоговые льготы для НПФ**:  - Доходы НПФ от инвестирования пенсионных накоплений могут быть освобождены от налогообложения.  - Взносы в НПФ могут быть освобождены от НДФЛ для физических лиц. 3. **Государственные гарантии**:  - Государство может гарантировать возвратность вкладов в НПФ в случае банкротства фонда.  - Для ДМС и страхования жизни могут быть предусмотрены государственные программы субсидирования или компенсации части стоимости полисов. 4. **Инвестиционные льготы**:  - Доходы от инвестиций, сделанных в рамках НПФ, могут быть освобождены от налогообложения. Для более подробной информации рекомендуется обратиться к актуальным законодательным актам и консультироваться с налоговыми специалистами."
290,"Почему при разделе ипотечной квартиры важно учитывать лимиты льготных программ, если ставка была снижена за счет застройщика?","При разделе ипотечной квартиры важно учитывать лимиты льготных программ, даже если ставка была снижена за счет застройщика, потому что льготные программы могут иметь ограничения на повторное использование. Например, если вы уже воспользовались льготной программой, то повторно воспользоваться ей можно только при выполнении определенных условий, таких как появление еще одного ребенка в семье и закрытие предыдущего льготного кредита. Это важно, чтобы избежать нарушения условий программы и возможных проблем с банком."
291,Какие признаки укажут на финансовую пирамиду под видом инвестпроекта либо «работы с высоким доходом»?,"Финансовые пирамиды часто маскируются под инвестиционные проекты или предложения о работе с высоким доходом. Вот несколько признаков, которые могут указать на мошенническую схему: 1. Обещания высокой доходности при минимальных рисках. Если доходность значительно выше рыночных стандартов, это должно насторожить. 2. Отсутствие прозрачности в деятельности компании. Если компания не предоставляет четкой информации о своих инвестициях, партнерах или стратегиях, это тревожный знак. 3. Настойчивые уговоры внести деньги быстро. Мошенники часто давят на клиентов, чтобы те приняли решение без раздумий. 4. Отсутствие лицензий и регуляторных документов. Легальные инвестиционные компании всегда имеют соответствующие лицензии и регистрации. 5. Сложные схемы выплат и отсутствие четких условий. Если условия инвестирования или выплат неясны или слишком сложны, это может быть признаком мошенничества. 6. Отсутствие реальных активов. Если компания не может показать реальные активы или инвестиционные проекты, это повод для беспокойства. 7. Наличие негативных отзывов или жалоб. Перед инвестированием стоит проверить репутацию компании через независимые источники. Если вы заметили хотя бы один из этих признаков, лучше отказаться от сотрудничества с такой компанией и обратиться за консультацией к профессионалам."
292,Почему включение платных сервисов в сумму кредита ведет к переплате?,"Включение платных сервисов в сумму кредита ведет к переплате, потому что это увеличивает общую сумму кредита. В результате проценты начисляются не только на основную сумму займа, но и на стоимость этих сервисов. Это приводит к увеличению общей суммы, которую заемщик должен вернуть банку, что и называется переплатой."
293,"Когда уместнее выбрать краудфандинг, а не копить самостоятельно?","Краудфандинг может быть уместен в следующих случаях: 1. Когда у вас есть конкретный проект или идея, которая требует финансирования. Краудфандинг позволяет собрать деньги на реализацию этой идеи, привлекая внимание и поддержку широкой аудитории. 2. Когда вы хотите протестировать спрос на свой продукт или услугу. Краудфандинг позволяет оценить интерес потенциальных клиентов и получить обратную связь до запуска проекта. 3. Когда вы не хотите или не можете использовать традиционные методы финансирования, такие как кредиты или инвестиции. Краудфандинг предлагает альтернативный способ привлечения средств без необходимости отдавать долги или отдавать часть бизнеса инвесторам. Однако, важно помнить, что краудфандинг также связан с рисками и требует значительных усилий по продвижению и привлечению внимания. Перед началом кампании тщательно изучите все условия и возможные последствия."
294,Как оформить вычет на инвестиционный доход по ИИС‑3 при закрытии счета?,"Для оформления налогового вычета на инвестиционный доход по ИИС-3 при закрытии счета необходимо следовать следующим шагам: 1. Закройте индивидуальный инвестиционный счет (ИИС-3). 2. После закрытия счета банк или брокер, где был открыт ИИС, автоматически передаст информацию в налоговую службу. 3. Налоговый вычет будет рассчитан и перечислен автоматически, без необходимости подачи дополнительных документов или справок в налоговую инспекцию. 4. Сумма налогового вычета составит 13% от полученного дохода по ИИС-3. Подробнее о процессе и условиях получения налогового вычета можно узнать в статье «Какие налоги платит инвестор» или «Имущественные налоговые вычеты»."
295,"Как залог снижает риск потерь для того, кто предоставляет деньги?","Залог снижает риск потерь для кредитора, то есть того, кто предоставляет деньги, следующим образом: 1. Залог обеспечивает гарантию возврата средств. Если заемщик не выполняет свои обязательства, кредитор имеет право на продажу заложенного имущества и возмещение убытков за счет вырученных средств. 2. Залог повышает вероятность возврата кредита, так как заемщик заинтересован сохранить свое имущество. 3. Залог позволяет кредитору требовать более выгодных условий кредитования, так как риски потери средств снижаются. 4. Залог может быть использован для покрытия части или всех убытков, если заемщик не может вернуть кредит в полном объеме. Таким образом, залог служит дополнительной защитой для кредитора и снижает его риски потерь."
296,Обязателен ли для продавцов прием платежей по QR-коду через СБП по сравнению с планом приема цифровых рублей крупным бизнесом?,"Для продавцов прием платежей по QR-коду через СБП не является обязательным. Это добровольная услуга, которую банки предоставляют своим клиентам. В то время как прием цифровых рублей крупным бизнесом может быть обязательным в рамках тестирования или пилотных проектов, установленных регулятором. Если у вас есть дополнительные вопросы по банковским услугам, пожалуйста, уточните их."
297,Может ли банк отказать в кредите после биометрической идентификации?,"Банк может отказать в кредите после биометрической идентификации, так как эта процедура служит лишь для подтверждения вашей личности, а не для принятия решения о выдаче кредита. Решение о кредитовании зависит от других факторов, таких как ваша кредитная история, уровень дохода, наличие просрочек по обязательным платежам и другие критерии, которые банк учитывает при оценке заемщика."
298,Какие признаки операций чаще всего вызывают у банка подозрения в мошенничестве?,"Банки могут заподозрить мошенничество в следующих случаях: 1. Частые и крупные переводы на незнакомые счета. 2. Переводы на счета, зарегистрированные в других странах, особенно в офшорных зонах. 3. Операции, связанные с подозрительными реквизитами, такими как корреспондентские счета с номером 30101, которые могут быть использованы мошенниками. 4. Попытки скрыть часть операций, например, неполное отражение операций в отчетности. 5. Использование карт для переводов на счета, которые не связаны с вашими частными счетами. Для более подробной информации о том, как избежать проблем с банками и регулятором, можно обратиться к рекомендациям для предпринимателей."
299,Какой вариант финансирования выбрать сезонному бизнесу при риске отказа банка из‑за регулярных платежей?,"Для сезонного бизнеса с риском отказа банка из-за регулярных платежей можно рассмотреть несколько вариантов финансирования: 1. Кредитная линия: это возможность получить доступ к заемным средствам в пределах установленного лимита. Вы можете использовать эти средства по мере необходимости и возвращать их по мере возможности. Это может быть полезно для сезонного бизнеса, так как позволяет гибко управлять финансами в зависимости от сезона. 2. Микрозаймы: хотя они могут быть более дорогими по процентам, микрозаймы могут быть более доступными для сезонного бизнеса, особенно если у вас нет стабильного дохода. Однако важно тщательно оценить свою способность вернуть заем, чтобы избежать переплаты и проблем с кредитной историей. 3. Инвестиции или партнеры: можно рассмотреть возможность привлечения инвесторов или партнеров, которые готовы вложить средства в ваш бизнес. Это может быть особенно полезно, если у вас есть четкий план развития и перспективы роста. 4. Государственные программы поддержки: некоторые государства предлагают специальные программы поддержки для сезонного бизнеса. Эти программы могут включать субсидии, льготные кредиты или гарантии по кредитам. Важно тщательно оценить все варианты и выбрать тот, который лучше всего соответствует вашим потребностям и возможностям. Также рекомендуется проконсультироваться с финансовым консультантом для получения более детальной информации и рекомендаций."
300,"Как действует страхование вкладов для номинального счета на ребенка, по сравнению с обычным банковским вкладом?","Страхование вкладов для номинального счета на ребенка действует аналогично страхованию обычного банковского вклада. В случае отзыва лицензии у банка вы сможете рассчитывать на компенсацию в пределах 1,4 млн рублей. При этом будут просуммированы все счета и вклады, включая проценты по ним. В некоторых случаях Агентство по страхованию вкладов (АСВ) может выплатить повышенную страховку — до 10 млн рублей."
301,"Как распознать обман в звонках про блокировку карты из‑за SWIFT, где перепроверять такую информацию?","Обманные звонки о блокировке карты из-за SWIFT часто используют мошенники для получения ваших личных данных. Вот как распознать и проверить такую информацию: 1. **Не верьте неожиданным звонкам**. Банк никогда не будет звонить вам внезапно и требовать срочных действий по блокировке карты. 2. **Не предоставляйте личные данные**. Мошенники могут запросить коды из SMS, пароли или другие конфиденциальные данные. Настоящий банк никогда не попросит вас сообщить такие данные по телефону. 3. **Проверьте информацию через официальные каналы**. Если вам позвонили и сообщили о блокировке карты, не перезванивайте по номеру, который вам назвали. Вместо этого используйте официальный номер банка, который указан на сайте или на обратной стороне вашей карты. 4. **Подключите уведомления**. Если у вас подключены SMS или push-уведомления, вы сразу получите информацию о любых действиях с вашей картой. Это поможет вам оперативно реагировать на подозрительные транзакции. 5. **Обратитесь в банк**. Если у вас есть сомнения, лучше сразу обратиться в банк через официальные каналы связи или посетить отделение. Сотрудники банка помогут вам разобраться в ситуации и подтвердить или опровергнуть информацию о блокировке карты."
302,По каким признакам распознать фишинговый сайт или письмо?,"Фишинговые сайты и письма могут быть очень похожи на настоящие, но есть несколько признаков, которые помогут их распознать: 1. Адрес сайта или электронная почта могут отличаться от официальных всего одним-двумя символами. Например, вместо example.com может быть examp1e.com или examp1e.ru. 2. В письмах могут быть подозрительные ссылки. Не стоит переходить по ним, особенно если они ведут на сайты, которые выглядят как ваш банк или другая организация, но имеют странный адрес. 3. Внимательно проверяйте сумму и адресата при переводе денег. Если для оплаты требуется код от банка, сначала убедитесь, что сумма и адресат совпадают с теми, что указаны в уведомлении. 4. Фишинговые сайты могут содержать ошибки в тексте, необычный дизайн или другие подозрительные элементы. Если что-то кажется странным, лучше не вводить личные данные. Для более подробной информации о том, как защититься от фишинга, можно прочитать статьи, указанные в контексте."
303,Как проверить подлинность полиса ОСАГО перед покупкой?,"Для проверки подлинности полиса ОСАГО перед покупкой можно воспользоваться следующими методами: 1. Проверка через официальный сайт Российского Союза Автостраховщиков (РСА). На сайте РСА есть сервис, где можно проверить подлинность полиса ОСАГО по его номеру. Для этого нужно ввести номер полиса и другие необходимые данные. 2. Проверка через сайт страховой компании. Многие страховые компании предоставляют возможность проверки подлинности полиса ОСАГО на своих официальных сайтах. Для этого нужно ввести номер полиса и другие необходимые данные. 3. Проверка через мобильное приложение. Некоторые страховые компании предлагают мобильные приложения, где можно проверить подлинность полиса ОСАГО. 4. Проверка через банк. Если вы покупаете полис ОСАГО через банк, вы можете проверить его подлинность через банковское приложение или сайт. 5. Проверка через ГИБДД. Вы можете проверить подлинность полиса ОСАГО через портал ГИБДД. Для этого нужно ввести номер полиса и другие необходимые данные. Если у вас возникли сомнения в подлинности полиса ОСАГО, лучше обратиться в страховую компанию или в РСА для получения дополнительной информации."
304,Почему нельзя сообщать коды из СМС незнакомцам?,"Коды из СМС, которые приходят от банка, являются одноразовыми паролями для подтверждения операций. Если вы сообщите их незнакомцам, мошенники смогут использовать их для подтверждения платежей или переводов на свои счета. Банк не сможет вернуть вам деньги, если операция была подтверждена с помощью этого кода. Это связано с тем, что код из СМС является подтверждением вашего согласия на выполнение операции."
305,Чем отличается дополнительная детская карта от собственной молодежной карты с 14 лет?,"Дополнительная детская карта и собственная молодежная карта с 14 лет имеют несколько ключевых различий: 1. **Возраст и самостоятельность**:  - Дополнительная детская карта обычно оформляется на ребенка до 14 лет и привязывается к счету родителя или законного представителя. Ребенок не может самостоятельно управлять счетом, все операции контролируются взрослым.  - Молодежная карта с 14 лет оформляется на самого подростка и дает ему больше самостоятельности в управлении финансами. Однако, в зависимости от условий банка, могут быть ограничения на определенные операции. 2. **Функционал и возможности**:  - Дополнительная детская карта часто имеет ограниченный функционал, например, возможность только тратить деньги, но не пополнять счет или снимать наличные.  - Молодежная карта может предоставлять больше возможностей, включая пополнение счета, снятие наличных, а также доступ к различным бонусам и программам лояльности. 3. **Бонусы и программы лояльности**:  - Детская карта может предлагать специальные бонусы, например, кешбэк на покупку книг и канцтоваров, как указано в контексте.  - Молодежная карта также может иметь свои преимущества, такие как скидки в магазинах и аптеках, но они могут отличаться от детских карт. 4. **Ответственность и контроль**:  - За операции по детской карте несет ответственность родитель или законный представитель.  - По молодежной карте подросток несет ответственность за свои действия, хотя некоторые банки могут предусматривать контроль со стороны родителей. Если у вас есть конкретные вопросы по условиям и возможностям карт в вашем банке, рекомендуется уточнить их у оператора или на сайте банка."
306,Какие реестры и списки стоит проверить перед инвестированием и выбором юриста?,"Перед инвестированием и выбором юриста стоит проверить несколько ключевых реестров и списков: 1. Реестр инвестсоветников. Убедитесь, что выбранный вами специалист имеет статус инвестсоветника. Это позволит вам защитить свои права в случае неправильных рекомендаций. 2. Списки мошенников и псевдозащитников. Проверьте, не фигурирует ли выбранный вами юрист в списках мошенников или псевдозащитников. Это поможет избежать финансовых потерь. 3. Реестр лицензированных брокеров. Перед инвестированием убедитесь, что выбранный вами брокер имеет лицензию на осуществление брокерской деятельности. 4. Списки санкционированных компаний. Проверьте, не находится ли выбранная вами компания в списке санкционированных. Это поможет избежать инвестирования в компании, которые могут быть подвержены рискам. Проверка этих реестров и списков поможет вам снизить риски и защитить свои финансовые интересы."
307,"Когда разумнее выбрать банковский вклад, а не накопительное страхование жизни?","Банковский вклад может быть разумнее, чем накопительное страхование жизни, в следующих случаях: 1. Если вам важна гарантированная доходность. Вклады в банках обычно обеспечивают фиксированный процент, который заранее известен, в то время как доходность страхования жизни может зависеть от множества факторов и не гарантирована. 2. Если вы хотите иметь доступ к своим средствам в любой момент. Вклады можно разорвать досрочно, хотя и с возможными штрафами. Страховые полисы, как правило, имеют более жесткие условия досрочного расторжения. 3. Если вы не готовы рисковать своими сбережениями. Страхование жизни может привести к убыткам, в то время как вклад в банке защищен системой страхования вкладов. 4. Если вам нужны простые и понятные условия. Вклады обычно имеют более прозрачные условия и процентные ставки, чем страховые полисы. 5. Если вы планируете использовать средства в ближайшем будущем. Вклады с коротким сроком могут быть более подходящими, чем долгосрочные страховые полисы."
308,Как реально улучшить испорченную кредитную историю?,"Для улучшения испорченной кредитной истории необходимо выполнить несколько шагов: 1. Вовремя погашайте все текущие долги и обязательные платежи, включая кредиты, счета за ЖКХ, налоги и штрафы. Это поможет создать положительную кредитную историю. 2. Избегайте новых просрочек. Регулярно и своевременно оплачивайте все счета и обязательные платежи. 3. Если в вашей кредитной истории есть ошибки, такие как незакрытые долги или просроченные займы, которые вы не брали, обратитесь в бюро кредитных историй для их исправления. 4. Постепенно восстанавливайте доверие кредиторов. После улучшения ситуации с текущими платежами и исправления ошибок, вы сможете снова быть признаны надежным клиентом. 5. Обратите внимание на стабильность дохода. Банки также смотрят на наличие надежной работы и стабильной зарплаты при рассмотрении заявки на кредит. Следуя этим рекомендациям, вы сможете постепенно улучшить свою кредитную историю и повысить шансы на получение кредитов в будущем."
309,Как получить доступ к средствам на счете при проблемах с картой?,"При проблемах с картой для доступа к средствам на счете можно воспользоваться следующими способами: 1. Прикрепить к счету другую карту этого же банка. Некоторые банки предлагают такую услугу, но стоит уточнить по телефону горячей линии, возможно ли это и сколько времени займет. 2. Обратиться в банк для блокировки проблемной карты и получения новой. Сотрудники банка расскажут, в чем причина блокировки и подскажут, как лучше поступить в вашей ситуации. 3. Использовать другие способы доступа к счету, такие как интернет-банк или мобильное приложение, если они подключены. 4. Обратиться в отделение банка для получения консультации и решения проблемы с картой."
310,Почему массовая рассылка заявок снижает шансы на одобрение?,"Массовая рассылка заявок может снижать шансы на одобрение по нескольким причинам: Во-первых, банки и финансовые организации могут рассматривать это как подозрительную активность. Множество заявок от одного клиента за короткий промежуток времени может вызвать подозрения в мошенничестве или попытке обмана. Во-вторых, каждая заявка требует проверки и анализа кредитной истории, финансового состояния и других факторов. Если клиент подает множество заявок, это создает дополнительную нагрузку на систему и может привести к более тщательной проверке, что увеличивает риск отказа. В-третьих, банки могут ограничивать количество заявок от одного клиента в определенный период времени. Это делается для предотвращения злоупотреблений и защиты интересов как самого банка, так и других клиентов. В-четвертых, массовая рассылка заявок может негативно сказаться на кредитной истории клиента. Каждая заявка может быть записана в кредитную историю, и слишком много запросов за короткий промежуток времени может снизить кредитный рейтинг, что, в свою очередь, уменьшает шансы на одобрение. Таким образом, лучше подавать заявки осознанно и только в те банки, где есть реальная возможность получения кредита или другого финансового продукта."
311,Какие решения дают налоговую выгоду при одновременной защите сбережений?,"Финансовые инструменты, которые могут дать налоговую выгоду при одновременной защите сбережений, включают: 1. Индивидуальный инвестиционный счет (ИИС). Он позволяет получить налоговый вычет при внесении средств или при продаже активов, если соблюдены определенные условия. 2. Полисы накопительного страхования жизни. Они могут предоставлять налоговые льготы, например, налоговый вычет при оплате страховой премии. 3. Договоры добровольного пенсионного обеспечения (ДПО) с НПФ. В некоторых случаях contributions в НПФ могут быть предметом налоговых льгот. 4. Вклады в банке с использованием налоговых льгот, таких как налоговые вычеты на проценты по вкладам, если они предусмотрены законодательством. Для более подробной информации о конкретных условиях и возможностях налоговых вычетов рекомендуется обратиться к специалистам банка или консультантам по налогам."
312,"Где хранятся купленные через брокера акции и с чего начать их поиск, если вы потеряли документы?","Купленные через брокера акции хранятся на вашем брокерском счете. Чтобы найти их, вам нужно обратиться к вашему брокеру. Обычно это можно сделать через личный кабинет на сайте брокера или по телефону службы поддержки. Вам потребуется предоставить данные для идентификации, такие как паспортные данные и номер счета. Брокер предоставит информацию о ваших активах и поможет восстановить доступ к документам."
313,"Что безопаснее для оплаты: карта, QR‑код или биометрия?","Для оплаты безопаснее использовать карту или биометрию. Карта с подключенными СМС или push-уведомлениями позволяет оперативно контролировать платежи и быстро реагировать на подозрительные операции. Биометрия также считается безопасным методом, так как она использует уникальные биометрические данные, которые сложно подделать. QR-коды могут быть менее безопасными, так как существует риск подмены QR-кода на поддельный, что может привести к перечислению средств мошенникам. Поэтому важно использовать QR-коды только на проверенных и надежных платформах."
314,Какие устройства нужны для оплаты по QR-коду по сравнению с оплатой лицом на кассе?,"Для оплаты по QR-коду вам понадобится смартфон с установленным приложением банка или платежной системы, а также доступ в интернет. Вам нужно будет отсканировать QR-код, указанный на кассе или чеке, и подтвердить платеж в приложении. Для оплаты лицом на кассе обычно требуется банковская карта или наличные деньги. В некоторых случаях может потребоваться PIN-код для подтверждения платежа."
315,Какие реквизиты карты относятся к секретным при онлайн-оплате?,"При онлайн-оплате к секретным реквизитам карты относятся: - Номер карты - Срок действия карты (месяц и год) - CVV-код (три цифры на обратной стороне карты) Эти данные необходимо вводить только на проверенных и защищенных сайтах, чтобы избежать мошенничества."
316,"Как обращаются субординированные бумаги при санации, распространяется ли на такие инструменты защита АСВ?","Субординированные бумаги при санации банка обращаются следующим образом: они подлежат конвертации в акции или другие ценные бумаги, либо могут быть погашены. Однако защита Агентства по страхованию вкладов (АСВ) на такие инструменты не распространяется. АСВ страхует только вклады физических лиц и индивидуальных предпринимателей, а также некоторые другие обязательства банка, но не субординированные ценные бумаги."
317,"Какие последствия ждут продавца, если новый владелец ездит по его полису ОСАГО?","Если новый владелец автомобиля ездит по полису ОСАГО, оформленному на предыдущего собственника, это может привести к следующим последствиям: 1. Страховая компания может отказать в выплате по страховому случаю, так как полис оформлен на другое лицо. 2. В случае ДТП, если страховая компания обнаружит нестыковки, она сможет взыскать с прежнего владельца сумму, которую выплатит пострадавшему. 3. Прежний владелец может столкнуться с регрессным иском от страховой компании, если она возместила убытки пострадавшему, но полис был оформлен на другое лицо. Для избежания таких ситуаций рекомендуется оформлять новый полис ОСАГО на нового владельца автомобиля."
318,Какие шаги доступны заемщику при финансовых трудностях?,"При финансовых трудностях заемщику доступны следующие шаги: 1. Реструктуризация долга. Можно обратиться к кредитору с просьбой изменить график платежей, чтобы сделать ежемесячные взносы более посильными. 2. Объявление себя банкротом. Это крайний случай, который можно рассмотреть, если другие варианты не помогают. 3. Использование государственных программ поддержки. Например, можно воспользоваться льготными кредитами или грантами для предпринимателей. 4. Взвешенный подход к кредитам. Важно планировать свои финансы и не брать кредиты, которые могут привести к долговой яме."
319,"Что безопасно сообщать для получения перевода, какие данные считаются «ключом к деньгам»?","Для получения перевода безопасно сообщать только реквизиты, которые не дают доступ к вашим средствам. К таким данным относятся: - Номер счета получателя. - Название банка получателя. - БИК банка получателя. - Корреспондентский счет банка получателя. Данные, которые считаются «ключом к деньгам» и которые ни в коем случае нельзя сообщать третьим лицам: - Номер карты. - CVV-код. - Срок действия карты. - Пароль или код доступа к онлайн-банку. - SMS-коды подтверждения операций. Эти данные могут быть использованы мошенниками для несанкционированного доступа к вашим средствам. Всегда будьте бдительны и не передавайте их посторонним лицам."
320,"Какие цифровые условия нужны для дистанционного получения страхового возмещения по вкладам, а также для оформления социального вклада?","Для дистанционного получения страхового возмещения по вкладам и оформления социального вклада могут потребоваться следующие цифровые условия: 1. **Для получения страхового возмещения:**  - Доступ к интернет-банкингу или мобильному приложению банка, в котором был открыт вклад.  - Подтверждение личности через систему идентификации (например, СМС-код, электронная подпись).  - Наличие актуальных контактных данных, указанных в банке.  - Возможность получения уведомлений от Агентства по страхованию вкладов (АСВ) через электронную почту или СМС. 2. **Для оформления социального вклада:**  - Доступ к интернет-банкингу или мобильному приложению банка, где планируется открыть вклад.  - Подтверждение личности и права на социальные льготы (например, через портал Госуслуг или другие государственные сервисы).  - Наличие документов, подтверждающих право на социальные льготы (например, удостоверение многодетной семьи, пенсионное удостоверение и т.д.).  - Возможность подписания электронного договора. Для более точной информации рекомендуется обратиться в банк, где открыт вклад, или на официальный сайт Агентства по страхованию вкладов (АСВ)."
321,"Почему быстрая продажа квартиры, купленной по субсидированной ставке от застройщика, осложняется при разводе?","Быстрая продажа квартиры, купленной по субсидированной ставке от застройщика, может осложниться при разводе по нескольким причинам: 1. **Залоговое имущество**: Квартира, купленная в ипотеку, находится в залоге у банка. Это означает, что продажа требует согласования с банком. Банк должен одобрить сделку и убедиться, что вырученные средства пойдут на погашение кредита. 2. **Раздел имущества**: При разводе супруги должны договориться о разделе имущества. Если они не могут прийти к соглашению, вопрос решается через суд. Это может затянуть процесс продажи. 3. **Субсидированная ставка**: Субсидированная ставка обычно предоставляется при соблюдении определенных условий. Если квартира продается раньше срока, это может нарушить условия договора с застройщиком или банком, что также усложняет процесс. 4. **Эскроу-счет**: Если квартира покупалась через эскроу-счет, то средства закладываются на этот счет, и их выплата происходит только после выполнения всех условий сделки. Это также может замедлить процесс продажи. Таким образом, быстрая продажа квартиры при разводе осложняется из-за необходимости согласования с банком, раздела имущества и соблюдения условий субсидированной ставки."
322,В каких случаях действует госстрахование вкладов?,"Государственное страхование вкладов действует в следующих случаях: 1. Если у банка отозвана лицензия, вы можете рассчитывать на компенсацию в пределах 1,4 млн рублей. При этом будут просуммированы все ваши счета и вклады в этом банке, включая проценты по ним. 2. В некоторых случаях Агентство по страхованию вкладов (АСВ) выплатит вам повышенную страховку — до 10 млн рублей. Это может произойти, например, если банк является системно значимым или если масштаб вложений в его оздоровление сравним или выше страховой ответственности АСВ. 3. Если банк не является ни системно значимым, ни поддающимся лечению, а масштаб вложений в его оздоровление сравним или даже выше страховой ответственности АСВ, то шансов на оздоровление не остается, и вы можете рассчитывать на компенсацию в рамках страхования вкладов."
323,"Как понять, что страница оплаты фишинговая при онлайн‑покупках или оплате «налога» из вакансии?","Чтобы понять, что страница оплаты фишинговая, обратите внимание на следующие признаки: 1. Подозрительные реквизиты. Если вам предлагают ввести данные карты, паспортные данные или реквизиты фирмы/ИП на подозрительной странице, это может быть признаком фишинга. В безопасных вариантах оплаты, таких как аккредитив в банке или депозит нотариуса, деньги защищены и не переходят мошенникам. 2. Требуют внести плату за регистрацию или страховой взнос. Если вам предлагают оплатить что-то для начала работы или регистрации, это почти наверняка мошенничество. 3. Поддельные страницы. Если страница выглядит подозрительно, например, предлагает оплатить штраф или оформить субсидию, и просит ввести платежные данные, это может быть фишингом. В таком случае с вашей карты могут украсть деньги. 4. Несоответствие официальным источникам. Проверьте, соответствует ли страница официальным источникам, таким как сайт налоговой службы или банка. Если вы сомневаетесь, лучше перейти на официальный сайт через поисковую систему или использовать мобильное приложение банка для оплаты налогов. Если вы заметили хотя бы один из этих признаков, не вводите свои данные и не переводите деньги. Лучше перепроверить информацию и использовать проверенные способы оплаты."
324,Какой формат бизнеса выбрать для ограничения личной ответственности при работе с НДС?,"Для ограничения личной ответственности при работе с НДС рекомендуется выбрать форму собственности ООО (Общество с ограниченной ответственностью). В этом случае ответственность участников ограничена размером их вкладов в уставный капитал компании. Это означает, что личные активы владельцев защищены от претензий кредиторов бизнеса."
325,Почему начинать копить раньше выгоднее?,"Начинать копить раньше выгоднее по нескольким причинам: 1. Эффект сложного процента. Чем раньше вы начнете откладывать деньги, тем больше времени у них будет расти. Даже небольшие регулярные вклады со временем могут превратиться в значительную сумму благодаря накоплению процентов на проценты. 2. Возможность инвестирования. Раннее начало позволяет более гибко распоряжаться своими накоплениями, включая инвестиции в различные финансовые инструменты, которые могут принести более высокий доход по сравнению с обычными сберегательными счетами. 3. Подготовка к непредвиденным расходам. Накопления могут служить финансовой подушкой безопасности, которая поможет справиться с непредвиденными расходами, такими как медицинские услуги, ремонт или потеря работы. 4. Планирование на долгосрочную перспективу. Раннее начало позволяет лучше планировать свои финансовые цели, такие как покупка жилья, образование детей или достойная пенсия. 5. Уменьшение финансового стресса. Регулярное накопление помогает снизить уровень финансового стресса, так как вы заранее готовитесь к будущим расходам и неожиданным ситуациям."
326,Чем государственные гарантии по вкладам отличаются от защиты пенсионных накоплений в НПФ?,"Государственные гарантии по вкладам и защита пенсионных накоплений в НПФ (негосударственных пенсионных фондах) различаются по нескольким ключевым аспектам. Во-первых, государственные гарантии по вкладам действуют в рамках системы страхования вкладов. В России, например, вклады в банках, которые являются участниками системы страхования вкладов, защищены на сумму до 1,4 миллиона рублей. Это означает, что если банк обанкротится, вкладчик получит компенсацию в пределах этого лимита. Во-вторых, пенсионные накопления в НПФ защищены государством через механизмы, установленные для негосударственных пенсионных фондов. В случае банкротства НПФ пенсионные накопления граждан передаются в управление другому НПФ или в Пенсионный фонд России. Однако, в отличие от вкладов, здесь нет фиксированной суммы гарантии, и защита зависит от конкретных условий и правил фонда. Таким образом, государственные гарантии по вкладам предоставляют более четкие и конкретные условия защиты, тогда как защита пенсионных накоплений в НПФ зависит от регуляторных механизмов и условий конкретного фонда."
327,"Почему опасно переходить по ссылкам из напоминаний о продлении ОСАГО, а также из переписки с «работодателем»?","Переход по ссылкам из напоминаний о продлении ОСАГО или из переписки с «работодателем» опасен, потому что это может быть попыткой фишинга. Мошенники часто используют такие уловки, чтобы получить доступ к вашим личным данным или финансовым средствам. В статьях, которые вы привели, подробно рассказывается, как распознать опасные ссылки и защитить себя от подобных атак. Например, в статье «Фишинг: что это такое и как от него защититься» объясняется, как мошенники создают поддельные сайты, которые выглядят очень похоже на настоящие, и как они могут использовать различные уловки для получения ваших данных. Также в статье «Социальная инженерия: почему люди сами отдают мошенникам деньги» рассказывается, как мошенники используют психологические приемы, чтобы заставить вас перейти по опасным ссылкам."
328,Каковы лимиты страховой защиты вкладов против НПФ?,"Лимиты страховой защиты вкладов и пенсионных накоплений в НПФ различаются. Для вкладов в банках страховая защита предоставляется Агентством по страхованию вкладов (АСВ) и составляет до 1,4 млн рублей. В некоторых случаях возможна повышенная страховка до 10 млн рублей. Для пенсионных накоплений в НПФ страховая защита не предусмотрена. В случае недостаточности активов НПФ или проблем с их продажей, вернуть внесенные деньги в полном объеме может быть невозможно. Поэтому важно тщательно выбирать НПФ и, при необходимости, распределять накопления между несколькими фондами."
329,Когда регулятор выберет санацию вместо отзыва лицензии?,"Регулятор выберет процедуру финансового оздоровления (санацию) вместо отзыва лицензии, если понимает, что банкротство компании может привести к социальной напряженности или системным проблемам на финансовом рынке. В таком случае Банк России оценивает риски для всего финансового рынка и принимает решение в пользу санации, чтобы минимизировать негативные последствия."
330,Когда имеет смысл открывать ИИС и какой минимальный срок нужен для ИИС-3?,"Исходя из предоставленного контекста, информация о индивидуальных инвестиционных счетах (ИИС) отсутствует. Я консультирую по вопросам, относящимся к банку. Если у вас есть другие вопросы, связанные с банковскими услугами, пожалуйста, задайте их."
331,"Кто имеет право на кредитные каникулы из‑за мобилизации, какой срок перерыва предусмотрен?","Кредитные каникулы из-за мобилизации предоставляются участникам специальной военной операции или их родственникам. Срок перерыва зависит от условий, установленных кредитором, но обычно это период, на который приостанавливаются платежи по кредиту. Точные сроки и условия следует уточнять у вашего кредитора."
332,Как подготовиться к ежегодным тратам без стресса?,"Для подготовки к ежегодным тратам без стресса рекомендуется: 1. Составить финансовый план. Определите, сколько денег вам необходимо ежемесячно, и умножьте эту цифру на шесть. Это поможет вам понять, какая сумма нужна для комфортного проживания. 2. Использовать финансовые инструменты. Например, проценты по вкладу могут компенсировать потери из-за инфляции, а карты с кешбэком помогут вернуть часть потраченного. 3. Создать финансовую подушку безопасности. Отложите 3–6 зарплат и храните эти деньги на накопительном счете или депозите в банке. Это поможет вам справиться с неожиданными расходами. 4. Регулярно сверяться с планом. Используйте таблицу или специальное приложение для учета расходов и доходов. Это поможет вам следить за своими финансами и избежать лишних трат."
333,"Что мешает оплате картой в России, если SWIFT не помеха?","Основные причины, которые могут помешать оплате картой в России, даже если SWIFT не является препятствием, включают: 1. Блокировка карты по решению банка. Это может произойти из-за подозрительных операций, подозрения на мошенничество или по инициативе самого клиента. 2. Недостаточно средств на карте. Если на карте не хватает средств для оплаты, транзакция будет отклонена. 3. Технические сбои или ограничения, наложенные банком. Например, лимиты на переводы или платежи, которые могут быть установлены банком. 4. Ошибки в реквизитах или данных карты. Неверно указанный номер карты, срок действия или CVV-код могут привести к отклонению платежа. 5. Ограничения, связанные с конкретным магазином или сервисом. Некоторые иностранные сервисы могут не принимать карты российских банков. 6. Санкционные ограничения. Несмотря на то, что SWIFT не является препятствием, другие санкционные меры могут влиять на возможность оплаты картой. Если у вас возникли проблемы с оплатой картой, рекомендуется связаться с банком для уточнения причины и решения проблемы."
334,Что выбрать для закрытия кассового разрыва: факторинг или краудлендинг?,"Для закрытия кассового разрыва необходимо учитывать несколько факторов, включая сроки, стоимость, условия и риски каждого инструмента. Факторинг и краудлендинг имеют свои особенности. Факторинг - это продажа дебиторской задолженности банку или факторинговой компании. Это позволяет получить деньги сразу, а не ждать оплаты от контрагентов. Факторинг может быть полезен, если у вас есть стабильные и проверенные контрагенты, которые обязаны вам деньги. Краудлендинг - это привлечение денег от большого числа инвесторов через специализированные платформы. Это может быть быстрым способом получить финансирование, но он связан с более высокими рисками и процентными ставками. Важно учитывать, что оба инструмента имеют свои риски и особенности. Факторинг может быть более надежным, если у вас есть стабильные контрагенты, а краудлендинг может быть более гибким, но с более высокими процентными ставками. Рекомендую обратиться в банк для получения более детальной информации и консультации по вашей конкретной ситуации."
335,"Что делать, если из‑за ошибки в НСИС не получается купить ОСАГО онлайн?","Если из-за ошибки в НСИС не получается купить ОСАГО онлайн, рекомендую обратиться в страховую компанию, где вы планируете оформить полис. Операторы компании помогут разобраться в причине ошибки и предложат альтернативные способы оформления полиса. Также можно обратиться в Российский союз автостраховщиков (РСА) для получения дополнительной информации и помощи."
336,Можно ли продать ипотечную квартиру без согласия банка?,"Продажа ипотечной квартиры без согласия банка невозможна. Банк является залогодержателем, и любые сделки с заложенным имуществом требуют его согласия. В противном случае сделка будет признана недействительной. Для продажи ипотечной квартиры необходимо получить разрешение банка, который может потребовать погашения кредита или переоформления ипотеки на нового владельца."
337,С какого возраста ребенок может совершать мелкие покупки самостоятельно?,"Согласно контексту, банки предлагают специальные детские карты, которые могут использоваться для совершения мелких покупок. Обычно такие карты доступны для детей старше определенного возраста, например, с 16 лет, как указано в одном из текстов. Однако точный возраст может варьироваться в зависимости от политики конкретного банка. Рекомендуется уточнить условия в вашем банке."
338,"Что произойдет с вашими деньгами при отзыве лицензии банка по вкладу, оформленному через маркетплейс, в отличие от ситуации с векселем?","При отзыве лицензии у банка, в котором у вас оформлен вклад через маркетплейс, ваши деньги будут застрахованы в рамках системы страхования вкладов. Вы сможете рассчитывать на компенсацию в пределах 1,4 млн рублей. Все ваши счета и вклады в этом банке, включая проценты по ним, будут просуммированы для расчета компенсации. В случае с векселем ситуация иная. Вексель — это долговая ценная бумага, и если банк-эмитент векселя станет банкротом, он может не иметь средств для его погашения. В этом случае вы рискуете потерять вложенные деньги, так как векселя не подлежат страхованию в рамках системы страхования вкладов."
339,Как совместить выплаты по автокредиту с созданием подушки безопасности?,"Для совмещения выплат по автокредиту с созданием подушки безопасности следует придерживаться нескольких ключевых принципов: 1. **Планирование бюджета**:  - Оцените свои ежемесячные доходы и расходы. Убедитесь, что выплаты по автокредиту не превышают 30% от вашего ежемесячного дохода. Это позволит вам свободно распределять оставшиеся средства на другие нужды, включая создание подушки безопасности. 2. **Создание подушки безопасности**:  - Начните откладывать деньги на подушку безопасности. Рекомендуемый размер подушки безопасности составляет 3-6 месячных расходов. Это поможет вам покрыть непредвиденные расходы, такие как ремонт автомобиля или временная потеря дохода. 3. **Автоматизация сбережений**:  - Настройте автоматическое перечисление средств на отдельный счет для подушки безопасности. Это поможет вам регулярно откладывать деньги, не прибегая к дополнительным усилиям. 4. **Контроль долгов**:  - Избегайте накопления дополнительных долгов. Если у вас уже есть автокредит, постарайтесь не брать новые кредиты или займы, чтобы не увеличивать финансовую нагрузку. 5. **Использование страховки**:  - Рассмотрите возможность оформления страховки, которая может покрыть часть расходов в случае непредвиденных обстоятельств, таких как потеря работы или болезнь. 6. **Оптимизация расходов**:  - Пересмотрите свои текущие расходы и найдите возможности для экономии. Это может освободить дополнительные средства для создания подушки безопасности. Следуя этим рекомендациям, вы сможете эффективно совместить выплаты по автокредиту с созданием финансовой подушки безопасности, обеспечивая себе финансовую стабильность."
340,Что делать при подозрении на нелегального ломбарда?,"При подозрении на нелегального ломбарда рекомендуется предпринять следующие шаги: 1. Проверить легальность работы организации. Для этого можно воспользоваться сайтом Банка России, где публикуется информация о зарегистрированных финансовых организациях, включая ломбарды. 2. Если вы столкнулись с предложением заключить договор купли-продажи, комиссии или лизинга, а также генеральную доверенность с правом продажи, не подписывайте ничего. Скорее всего, это мошенники. 3. Пожаловаться на подозрительную организацию в интернет-приемную Банка России. Это поможет привлечь внимание регулятора к возможным нарушениям. 4. Если есть подозрение на мошенничество, сообщите в полицию. Даже если возбуждение уголовного дела маловероятно, допрос может стать дополнительным давлением на заемщика, чтобы он вернул деньги."
341,"Какой уровень рейтинга выбрать для страховщика, чтобы снизить риск нестабильности?","Для снижения риска нестабильности при выборе страховщика рекомендуется обращать внимание на его рейтинг. В России рейтинги страховых компаний выставляются агентствами, такими как Эксперт РА, Национальное рейтинговое агентство (НРА) и международными агентствами, такими как S&P, Moody's, Fitch. Рейтинги страховых компаний обычно делятся на несколько уровней: 1. Высокий уровень надежности (например, AAA, AA+). 2. Умеренный уровень надежности (например, A, BBB). 3. Низкий уровень надежности (например, BB, B). Для снижения риска нестабильности лучше выбирать страховщиков с высоким или умеренным уровнем надежности. Это минимизирует вероятность проблем с выплатами и повысит уверенность в стабильности страховой компании."
342,Как участие банка в продаже страховки отражается на цене?,"Участие банка в продаже страховки может влиять на цену страхового полиса, но это зависит от конкретных условий и соглашений между банком и страховой компанией. Банки часто сотрудничают со страховыми компаниями, предлагая клиентам различные страховые продукты, такие как страхование вкладов, страхование жизни, автострахование и другие. В некоторых случаях банк может предлагать клиентам специальные условия или скидки на страховые полисы, что может снизить их стоимость. Это может быть связано с тем, что банк получает комиссию от страховой компании за привлечение клиентов, и часть этой комиссии может быть переведена в виде скидки для клиента. Однако, если банк не предлагает специальных условий или скидок, цена страхового полиса может оставаться такой же, как и при покупке напрямую у страховой компании. В любом случае, важно внимательно изучать условия страхования и сравнивать предложения от разных страховых компаний, чтобы выбрать наиболее выгодный вариант."
343,Как статус МФО влияет на шанс вернуть вложения при банкротстве организации?,"Статус МФО (микрофинансовой организации) действительно влияет на шансы вернуть вложения при банкротстве. Если МФО входит в государственный реестр и является членом саморегулируемой организации (СРО), это увеличивает шансы на возврат средств. При банкротстве МФО, если она входит в СРО, процедура финансового оздоровления может быть инициирована Банком России. Это может дать больше времени и возможностей для возврата средств. В противном случае, если МФО не входит в реестр или СРО, шансы на возврат средств значительно снижаются. Также важно отметить, что процедура банкротства может занять значительное время, и возврат средств может быть частичным. Однако, даже в этом случае, это лучше, чем ничего не делать и полностью потерять вложения."
344,"Как при расчете ПДН учитывают кредит, где вы созаемщик, по сравнению с кредитом, где вы поручитель?","При расчете платежеспособного дохода на человека (ПДН) кредит, по которому вы являетесь созаемщиком, учитывается в полном объеме, так как вы несете солидарную ответственность по этому кредиту наравне с основным заемщиком. В случае, если вы являетесь поручителем, кредит также учитывается в расчете ПДН, но обычно с меньшим весом, так как ваша ответственность наступает только в случае невыполнения обязательств основным заемщиком. Однако конкретные правила могут различаться в зависимости от политики банка или кредитной организации."
345,"Что делать, если требуют оплатить кредит, которого вы не оформляли?","Если вам требуют оплатить кредит, которого вы не оформляли, следует действовать следующим образом: 1. Уточните информацию о долге. Попросите кредитора предоставить документы, подтверждающие вашу задолженность. Это может быть договор кредита, выписка из кредитной истории и другие документы. 2. Проверьте свою кредитную историю. Вы можете получить бесплатную выписку из кредитной истории один раз в год на сайте Центрального каталога кредитных историй (ЦККИ) или через банки-партнеры. 3. Если вы обнаружили ошибку в кредитной истории, обратитесь в бюро кредитных историй (БКИ), чтобы исправить ее. Для этого нужно подать заявление и предоставить документы, подтверждающие вашу позицию. 4. Если кредитор продолжает требовать оплату долга, которого нет, вы можете обратиться в суд для защиты своих прав. В суде вам нужно будет доказать, что вы не оформляли кредит и не пользовались заемными средствами. 5. В случае если кредитор нарушает ваши права, вы можете подать жалобу в Роспотребнадзор или Центральный банк РФ. Для более подробной информации обратитесь к статье «Кредитная история: зачем она нужна и можно ли ее исправить»."
346,Зачем предпринимателю нужен бизнес-план при привлечении денег через инвестплатформы или биржу?,"Бизнес-план нужен предпринимателю для нескольких ключевых целей при привлечении инвестиций: 1. Показать инвесторам четкую стратегию развития бизнеса. Это поможет убедить их в том, что вложения будут использованы эффективно и принесут прибыль. 2. Оценить финансовые риски и перспективы. Бизнес-план позволяет инвесторам понять, насколько проект доходный и какие возможные угрозы существуют. 3. Привлечь квалифицированных специалистов. Если бизнес-план составлен грамотно, он может заинтересовать не только инвесторов, но и опытных менеджеров, которые захотят присоединиться к проекту. 4. Получить кредиты или гранты. Многие банки и государственные программы требуют бизнес-план для предоставления финансирования. 5. Контролировать выполнение планов. Бизнес-план служит ориентиром для предпринимателя, помогая следить за выполнением поставленных задач и корректировать стратегию при необходимости."
347,Как инвестору распорядиться замороженными паями ПИФов в 2024 году?,"В 2024 году, если паи ПИФов заморожены, инвестору следует обратиться к управляющей компании (УК), которая управляет фондом. УК должна сообщить о вариантах преобразования фонда на своих официальных сайтах. Если ПИФ доступен только квалифицированным инвесторам, УК оповещает пайщиков по электронной почте, заказными письмами или другим способом, прописанным в правилах фонда. Инвестору важно внимательно изучить предложенные варианты и принять решение на основе своей инвестиционной стратегии и риск-профиля. Если у вас есть дополнительные вопросы по конкретному ПИФу, рекомендуется связаться с УК для получения более детальной информации."
348,"Сколько можно вернуть по ИИС при открытии до конца года, с каким сроком перечисляют деньги через ФНС?","По ИИС (индивидуальному инвестиционному счету) с типом налогового вычета можно вернуть до 52 000 рублей в год. Это максимальная сумма налога на доходы физических лиц (НДФЛ), которую можно вернуть, если внести на счет до 400 000 рублей в год. Деньги через ФНС перечисляются в течение месяца после подачи заявления и подтверждения документов. Если организация, где вы работаете, передает информацию о ваших платежах в налоговую, то подтверждающие документы и декларация не понадобятся."
349,Чем официальное измерение инфляции отличается от «индекса борща»?,"Официальное измерение инфляции проводится Банком России и другими центральными банками на основе комплексного анализа цен на широкий перечень товаров и услуг, которые составляют потребительскую корзину. Этот индекс учитывает изменения цен на продукты питания, одежду, жилье, транспорт, медицинские услуги и другие категории. «Индекс борща» — это шутливый способ оценки инфляции, который основан на изменении цены одного конкретного продукта или блюда, например, борща. Такой индекс не является научным или официальным методом измерения инфляции, так как он не учитывает динамику цен на другие товары и услуги, которые влияют на общий уровень инфляции. «Индекс борща» скорее служит для развлечения и иллюстрации того, как могут расти цены на отдельные продукты."
350,В каких схемах применяется номинальный счет?,"Номинальный счет применяется в схемах, связанных с ипотекой. Например, при продаже ипотечной квартиры остаток денег с номинального счета получает сам продавец. Это позволяет обеспечить безопасность сделки и контроль за средствами."
351,Какие возможности дает 30 дней после оформления договора или POS-кредита?,"В течение 30 дней после оформления договора или POS-кредита у вас есть возможность воспользоваться периодом охлаждения. В этот период вы можете вернуть товар и расторгнуть договор без объяснения причин. Это позволяет избежать долговых обязательств, если вы передумали или нашли более выгодные условия кредитования. Также в этот период можно изучить другие варианты кредитов и при необходимости погасить POS-кредит досрочно."
352,Когда стоит обратиться к финансовому консультанту вместо самостоятельного планирования?,"Обратиться к финансовому консультанту стоит в нескольких случаях: 1. Если у вас сложная финансовая ситуация, которая требует профессионального анализа. Например, если вы планируете крупные инвестиции, покупку недвижимости или открытие бизнеса. 2. Если вы не уверены в своих знаниях и опыте в области финансового планирования. Консультант поможет составить план, который учитывает все нюансы и минимизирует риски. 3. Если у вас нет времени или желания заниматься финансами самостоятельно. Консультант возьмет на себя рутинные задачи, такие как анализ доходов и расходов, подбор финансовых инструментов и контроль исполнения плана. 4. Если вы хотите получить профессиональную оценку своих финансовых решений. Консультант может помочь избежать ошибок и предложить оптимальные варианты для достижения ваших финансовых целей. 5. Если вы сталкиваетесь с необычными или сложными финансовыми ситуациями, такими как наследование, раздел имущества или выход на пенсию. В таких случаях профессиональная помощь может быть особенно полезной."
353,Чем для вкладчика отличается санация банка от отзыва лицензии?,"Санация банка и отзыв лицензии — это разные процедуры, которые имеют разные последствия для вкладчиков. Санация банка — это процедура финансового оздоровления, которая проводится для спасения банка от банкротства. В этом случае банк продолжает работать, но под контролем регулятора. Вкладчики могут продолжать пользоваться своими счетами и вкладами, но могут быть ограничения на вывод средств. Отзыв лицензии — это процедура, при которой банк лишается права на осуществление банковских операций. В этом случае банк прекращает свою деятельность, и вкладчики могут потерять доступ к своим средствам. Однако, в соответствии с законом, вкладчики могут получить компенсацию от Агентства по страхованию вкладов (АСВ) в размере до 1,4 миллиона рублей. Таким образом, основное отличие для вкладчика заключается в том, что при санации банка вкладчики могут продолжать пользоваться своими счетами и вкладами, хотя и с некоторыми ограничениями, а при отзыве лицензии вкладчики могут потерять доступ к своим средствам и получить компенсацию от АСВ."
354,Может ли просроченный микрозаем бесконечно расти из‑за пеней?,"Просроченный микрозаем не может расти бесконечно из-за пеней. Однако, если не погашать задолженность, пени будут накапливаться, увеличивая общую сумму долга. Это может привести к значительному росту задолженности, особенно если проценты за просрочку высокие. В конечном итоге, если долг не будет погашен, кредитор может обратиться в суд или коллекторские агентства для взыскания задолженности."
355,"Как поступить при требовании доплаты за ремонт по ОСАГО при оценке в пределах лимита, проверяя статус полиса через НСИС?","Для проверки статуса полиса ОСАГО и решения вопроса о доплате за ремонт в пределах лимита, выполните следующие шаги: 1. Проверьте статус полиса ОСАГО через НСИС (Национальный союз страховщиков ответственности). Для этого посетите официальный сайт НСИС и используйте сервис проверки полиса. 2. Убедитесь, что полис действителен и не имеет ограничений. Если полис в порядке, страховая компания обязана покрыть убытки в пределах лимита, установленного законом. 3. Если страховая компания требует доплаты, запросите письменное обоснование. В некоторых случаях это может быть связано с неполной информацией о полисе или ошибками в его оформлении. 4. Если вы уверены, что полис оформлен правильно и все данные верны, обратитесь в страховую компанию с требованием пересмотреть решение о доплате. При необходимости, предоставьте дополнительные документы, подтверждающие правильность оформления полиса. 5. Если страховая компания отказывается пересмотреть решение, вы можете обратиться в Российский союз автостраховщиков (РСА) или в суд для защиты своих прав. Для более подробной информации о процессе и ваших правах, обратитесь к статьям, указанным в контексте, или свяжитесь с вашей страховой компанией напрямую."
356,Почему вклад в банке предпочтительнее домашней копилки с точки зрения инфляции и сохранности денег?,"Вклад в банке предпочтительнее домашней копилки по нескольким причинам, связанным с инфляцией и сохранностью денег. Во-первых, банки предлагают процентный доход на вклады, который помогает компенсировать инфляцию. Даже если процентная ставка ниже уровня инфляции, она все же обеспечивает некоторую защиту от обесценивания денег. В отличие от домашней копилки, где деньги просто лежат и теряют свою покупательную способность. Во-вторых, банки обеспечивают страхование вкладов. В России, например, действует система страхования вкладов, которая гарантирует возврат средств до определенной суммы в случае отзыва лицензии у банка. Это значительно снижает риски потери денег. В-третьих, банки предлагают различные условия по вкладам, включая капитализацию процентов, что позволяет увеличить доходность вклада. Кроме того, банки могут предлагать специальные акции и бонусы для вкладчиков. В-четвертых, деньги на вкладе защищены от краж и других рисков, связанных с хранением наличных денег дома. Банки обеспечивают высокий уровень безопасности для хранящихся средств. Таким образом, вклад в банке предоставляет не только защиту от инфляции, но и гарантирует сохранность денег, что делает его более выгодным и надежным вариантом по сравнению с домашней копилкой."
357,Почему снятие наличных с карты за границей обходится дорого?,"Снятие наличных с карты за границей обходится дорого из-за нескольких факторов. Во-первых, банки часто взимают комиссию за снятие наличных в иностранной валюте. Во-вторых, если банкомат или банк применяет невыгодный курс обмена, это также увеличивает стоимость операции. В-третьих, при снятии небольших сумм (20–50 евро или долларов) комиссия может составить до 25% от суммы, что делает такую операцию особенно невыгодной. Поэтому рекомендуется снимать крупные суммы сразу, если это возможно, чтобы минимизировать потери на комиссиях и невыгодном курсе."
358,Зачем ограничивать платежи по кредитам уровнем до 30% дохода?,"Ограничение платежей по кредитам уровнем до 30% дохода рекомендуется для того, чтобы избежать финансовой перегрузки. Если ежемесячные платежи превышают эту сумму, есть риск, что погашение долга станет слишком тяжелой ношей. Это может привести к просрочкам, дополнительным штрафам и ухудшению кредитной истории. Кроме того, оставшиеся 70% дохода должны покрывать все остальные расходы, включая непредвиденные обстоятельства, такие как болезнь или увольнение."
359,Как соотносятся лимит сотрудников на УСН с критерием малого бизнеса по численности?,"Для малого бизнеса в России установлены определенные критерии, включая лимит по численности сотрудников. Согласно законодательству, малым предприятием признается организация, в которой средняя численность работников за календарный год не превышает 100 человек, а для микропредприятий — не более 15 человек. При применении упрощенной системы налогообложения (УСН) лимит по численности сотрудников также учитывается. Для УСН лимит численности сотрудников совпадает с общими критериями малого бизнеса: не более 100 человек для малого предприятия и не более 15 человек для микропредприятия. Таким образом, лимит сотрудников на УСН соответствует критериям малого бизнеса по численности."
360,"Каков максимальный срок кредитных каникул, какие лимиты по сумме действуют?","Максимальный срок кредитных каникул зависит от условий, установленных банком или кредитной организацией, а также от конкретной программы. Обычно кредитные каникулы предоставляются на срок от 3 до 6 месяцев. Что касается лимитов по сумме, то они также могут варьироваться в зависимости от политики кредитора. В некоторых случаях кредитные каникулы могут быть предоставлены только по кредитам, сумма которых не превышает определенный лимит, например, 1 миллион рублей. Для более точной информации рекомендуется обратиться в ваш банк или кредитную организацию, где вы оформляли кредит, так как условия могут отличаться в зависимости от конкретного продукта и политики кредитора."
361,Как кредитные каникулы мобилизованного отражаются на созаемщике?,"Кредитные каникулы для мобилизованных заемщиков обычно распространяются только на самого заемщика, а не на созаемщиков. Это означает, что основной долг и проценты за период каникул набегут, но размер и периодичность платежей для созаемщика останутся прежними. Однако количество платежей может увеличиться, так как общая сумма долга вырастет. Для более точной информации рекомендуется обратиться в ваш банк или кредитную организацию, так как условия могут различаться в зависимости от конкретного кредитного договора и политики банка."
362,"При какой сумме долгов выбирают внесудебное банкротство, а когда возникает обязанность подать в суд?","Внесудебное банкротство доступно гражданам, у которых сумма долгов не превышает 500 тысяч рублей. Если сумма долгов больше этой суммы, то необходимо обращаться в суд для процедуры банкротства."
363,"Почему при перегретой экономике снижение ключевой ставки запускает инфляционную спираль, подрывая сбережения?","При перегретой экономике снижение ключевой ставки может привести к увеличению денежной массы в обращении. Это происходит потому, что более низкие ставки делают кредиты дешевле, что стимулирует заемные средства и увеличивает потребительские и инвестиционные расходы. В результате спрос на товары и услуги растет, а предложение не успевает за ним, что ведет к росту цен, то есть к инфляции. Если инфляция становится устойчивой, это может запустить инфляционную спираль, когда работники требуют более высоких зарплат для компенсации роста цен, а компании, в свою очередь, повышают цены на свои товары и услуги, чтобы покрыть более высокие затраты на оплату труда. Это подрывает сбережения, так как покупательная способность денег снижается. Банк России, проводя денежно-кредитную политику, стремится сбалансировать инфляцию и развитие экономики, чтобы не допустить как слишком высокой, так и слишком низкой инфляции."
364,Когда страховка действительно обязательна: при покупке билета или при оформлении кредита?,"Страховка обязательна только в определенных случаях. При покупке билета страховка не является обязательной. Однако при оформлении кредита страховка может быть обязательной, например, при ипотеке, где обязательно страхование залоговой недвижимости. В других случаях банк не вправе отказать в кредите только из-за отсутствия страховки. Если вам навязывают страховку, вы можете пожаловаться в интернет-приемную Банка России или Роспотребнадзор."
365,"Сколько раз в год бесплатно можно получить кредитную историю, а где узнать, в каких БКИ она хранится?","Вы можете получить кредитную историю бесплатно два раза в год. Чтобы узнать, в каких бюро кредитных историй (БКИ) хранится ваша кредитная история, вы можете обратиться в Центральный каталог кредитных историй (ЦККИ). Для этого нужно подать запрос в любое БКИ, и они обязаны предоставить вам информацию о том, где хранится ваша кредитная история."
366,"Какой уровень долговой нагрузки считается приемлемым, а какой — критическим для заемщика?","Согласно контексту, приемлемым уровнем долговой нагрузки считается, когда размер ежемесячных платежей по кредитам не превышает 30% от ежемесячного дохода заемщика. Если этот показатель выше, то есть риск, что погашение долга станет слишком тяжелой ношей. Критическим уровнем можно считать ситуацию, когда долговая нагрузка превышает 30% от дохода, так как это увеличивает риск просрочек и попадания в долговую яму."
367,Когда заявлять в полицию при мошенничестве или аварии?,"При мошенничестве необходимо как можно скорее подать заявление в полицию. Чем быстрее вы это сделаете, тем больше шансов найти преступников и вернуть деньги. Это касается как мошеннических действий с банковскими картами, так и других видов финансового обмана. В случае аварии также важно незамедлительно обратиться в полицию для фиксации происшествия и дальнейшего расследования."
368,Почему снижение ключевой ставки в перегретой экономике может разогнать инфляцию вместо роста выпуска?,"Снижение ключевой ставки в перегретой экономике может привести к увеличению денежной массы, что в свою очередь может усилить инфляционные процессы. Это происходит потому, что снижение ставки делает кредиты дешевле, что стимулирует заемные средства и увеличивает денежные потоки в экономике. Если экономика уже находится в состоянии перегрева, дополнительные деньги могут не пойти на увеличение производства, а усилить инфляционное давление, так как спрос на товары и услуги будет расти быстрее, чем их предложение."
369,Чем грозит досрочная смена фонда в ОПС по сравнению с досрочным расторжением договора НПО?,"Досрочная смена фонда в системе обязательного пенсионного страхования (ОПС) и досрочное расторжение договора с негосударственным пенсионным фондом (НПФ) имеют разные последствия. 1. Досрочная смена фонда в ОПС: - Перевод пенсионных накоплений из одного НПФ в другой или в управляющую компанию не влечет потерь, если соблюдены все условия и сроки. - Важно убедиться, что новый фонд имеет лицензию и соответствует вашим требованиям. - Процесс перевода может занять до 30 рабочих дней. 2. Досрочное расторжение договора НПФ: - Если активов НПФ недостаточно или их не удается быстро продать по справедливой цене, вернуть внесенные в фонд деньги в полном объеме может не получиться. - В случае расторжения договора НПФ, согласно условиям договора, можно потерять часть средств, например, половину вырученной суммы. Таким образом, досрочная смена фонда в ОПС менее рискованна, чем досрочное расторжение договора НПФ, так как не влечет потерь, если все условия соблюдены."
370,"Как заранее оценить переплату по кредиту, чтобы не попасть в долговую яму?","Чтобы заранее оценить переплату по кредиту, нужно учесть несколько факторов: 1. Процентную ставку. Чем она выше, тем больше будет переплата. Сравните ставки в разных банках. 2. Срок кредита. Чем дольше срок, тем больше переплата, даже при низкой ставке. 3. Тип платежей. Аннуитетные платежи (равные ежемесячные платежи) обычно приводят к большей переплате, чем дифференцированные (уменьшающиеся платежи). 4. Дополнительные комиссии и страховки. Уточните, какие дополнительные расходы предусмотрены в кредитном договоре. Для расчета переплаты можно использовать кредитные калькуляторы, которые доступны на сайтах банков. Введите сумму кредита, срок, процентную ставку и тип платежей, чтобы получить точную информацию о переплате."
371,Где проверить легальность страховой компании либо кооператива при сомнениях?,"Для проверки легальности страховой компании или кооператива вы можете воспользоваться следующими ресурсами: 1. Справочник Банка России. В этом справочнике можно найти информацию о всех легальных финансовых организациях, включая страховые компании. Это официальный источник, который регулярно обновляется. 2. Официальный сайт страховой компании. На сайте компании должна быть размещена информация о лицензии, выданной Банком России. Также можно проверить актуальность лицензии через справочник Банка России. 3. Финансовый омбудсмен. Если у вас возникли сомнения в легальности компании или в ее действиях, вы можете обратиться к финансовому омбудсмену для получения консультации и помощи. Если вы не нашли информацию о компании в справочнике Банка России или у вас остались сомнения, лучше воздержаться от сотрудничества с такой организацией, чтобы избежать мошенничества."
372,Как защищать права по ОСАГО при отсутствии периода охлаждения?,"В статье «ОСАГО: что это такое и как работает» вы можете узнать о случаях, когда можно досрочно отказаться от полиса и вернуть часть его стоимости. Также в статье «Как распознать страховых мошенников» подробно рассказано о схемах обмана с ОСАГО и о том, как избежать проблем при оформлении полиса. Если ваши права нарушены, рекомендую ознакомиться со статьей «Что делать, если ваши права нарушены»."
373,Как избежать потерь при переводе пенсионных накоплений в программу долгосрочных сбережений из другого фонда?,"Чтобы избежать потерь при переводе пенсионных накоплений из одного фонда в другой, следуйте нескольким важным шагам: 1. Проверьте наличие лицензии у нового НПФ. Убедитесь, что у выбранного вами негосударственного пенсионного фонда есть действующая лицензия. Это можно сделать на сайте Центрального банка или на сайте самого фонда. 2. Ознакомьтесь с условиями перевода. Уточните в текущем и новом НПФ, какие документы требуются для перевода, какие сроки обработки заявления и есть ли какие-либо ограничения или комиссии. 3. Учитывайте сроки перевода. Перевод пенсионных накоплений может занять до 30 рабочих дней. Убедитесь, что вы подаете заявление заранее, чтобы избежать задержек. 4. Используйте официальные каналы. Подавайте заявление о переводе через официальные каналы, такие как личный кабинет на сайте Пенсионного фонда или через многофункциональный центр (МФЦ). 5. Следите за изменениями. Если вы решите оформить запрет на дистанционный перевод, сделайте это через МФЦ. Это позволит вам контролировать процесс перевода и избежать нежелательных операций. Для более подробной информации о процессе перевода и возможных рисках, обратитесь к статьям, указанным в контексте, или посетите сайт Социального фонда России."
374,Чем грозит просрочка по «нулевому» микрозайму для будущих заявок на кредит?,"Просрочка по любому займу, включая нулевой микрозайм, может негативно сказаться на вашей кредитной истории. Это может привести к следующим последствиям: 1. Ухудшение кредитной истории. Просрочки фиксируются в вашей кредитной истории и могут снизить ваш кредитный рейтинг. Это может затруднить получение кредитов в будущем. 2. Отказ в кредите. Банки и микрофинансовые организации могут отказать в выдаче кредита, если увидят просрочки в вашей кредитной истории. 3. Ухудшение условий кредитования. Даже если вам одобрят кредит, условия могут быть менее выгодными, например, более высокая процентная ставка. 4. Повышенные риски для заемщика. В случае просрочки по нулевому микрозайму, могут быть начислены штрафы и пени, что увеличит общую сумму долга. Важно помнить, что даже небольшие просрочки могут иметь долгосрочные последствия для вашей кредитной истории и финансового благополучия."
375,"Каковы последствия отзыва лицензии банка для долга по кредитке, а НПФ — для пенсионных накоплений?","Последствия отзыва лицензии у банка и у НПФ различаются. Для долга по кредитке: Если у банка отозвали лиценцию, ваш долг по кредитной карте не исчезает. Обычно кредитные обязательства переходят к Агентству по страхованию вкладов (АСВ), которое становится временным управляющим. Вы продолжаете выплачивать кредит в соответствии с условиями договора, но теперь платежи направляются на специальный счет, управляемый АСВ. В дальнейшем долг может быть передан другому банку или коллекторскому агентству. Для пенсионных накоплений: Если у НПФ отозвали лиценцию, ваши пенсионные накопления не пропадают. Они переходят в управление временной управляющей компании, назначенной АСВ. Вы можете выбрать, оставить накопления в этой компании или перевести их в другой НПФ. Временная управляющая компания обязана обеспечить сохранность ваших средств и их инвестирование в соответствии с законодательством."
376,С какого возраста подросток открывает вклад с возможностью снимать проценты до совершеннолетия?,"Вклады для детей обычно открываются родителями или законными представителями. Подросток может самостоятельно управлять вкладом и снимать проценты, начиная с 14 лет, если это предусмотрено условиями банка. Однако конкретные условия зависят от политики банка и законодательства. Рекомендую уточнить детали у вашего банка."
377,Влияет ли участие созаемщика на сумму и процент по кредиту?,"Участие созаемщика может повлиять на сумму и процент по кредиту. Банк учитывает доходы и кредитную историю всех участников сделки, что может повысить шансы на одобрение кредита на более выгодных условиях. Однако окончательное решение зависит от политики банка и индивидуальных обстоятельств заемщиков."
378,Как учитываются вклад с кредитом в одном банке при санации либо при отзыве лицензии?,"В случае санации или отзыва лицензии у банка, вклады и кредиты клиентов учитываются по-разному. Вкладчики обычно защищены системой страхования вкладов, которая гарантирует возврат средств до определенной суммы. Что касается кредитов, то их погашение продолжается в соответствии с условиями договора, даже если банк находится в процессе санации или ликвидации. В таких ситуациях важно следить за официальными сообщениями банка и регуляторов, а также обращаться в Агентство по страхованию вкладов для получения актуальной информации."
379,Как определяется доходность по векселю по сравнению с ценой лота на аукционе замороженных активов?,"Доходность по векселю определяется исходя из его номинальной стоимости и цены покупки. Вексель приносит доход в виде разницы между номинальной стоимостью и ценой покупки, а также возможными процентами, если вексель процентный. Что касается аукциона замороженных активов, доходность определяется исходя из цены лота и его рыночной стоимости. Если лот продается по цене ниже рыночной, то доходность будет выше. Для точного сравнения доходности векселя и лота на аукционе замороженных активов необходимо знать конкретные условия и параметры каждого инструмента. Вексель может быть более ликвидным и менее рискованным, чем активы на аукционе, но это зависит от эмитента векселя и его финансового состояния. Если у вас есть конкретные данные по векселю и лоту, можно провести более детальный анализ и сравнить их доходность."
380,"Какой налог можно платить со сдачи жилья вместо НДФЛ, чем его ставки отличаются от подоходного налога?","Сдача жилья в аренду облагается налогом на доходы физических лиц (НДФЛ) по ставке 13% или 15% в зависимости от суммы дохода. Однако, вместо НДФЛ можно платить налог на профессиональный доход (НПД) по ставке 4%, 6% или 15% в зависимости от выбранного тарифа. Основные отличия: 1. Ставка налога: НДФЛ — 13% или 15%, НПД — 4%, 6% или 15%. 2. Упрощенный режим: НПД позволяет упростить налоговые отчисления и не требует ведения сложной отчетности. 3. Возможность вычета: При НДФЛ можно получить налоговые вычеты, например, на имущественные расходы, что снижает налоговую нагрузку. Для выбора оптимального варианта необходимо учитывать конкретные условия и суммы дохода."
381,Что делать при первых признаках невозможности вовремя платить по кредиту?,"При первых признаках невозможности вовремя платить по кредиту, рекомендуется действовать следующим образом: 1. Свяжитесь с банком или кредитором. Объясните ситуацию и попросите об отсрочке платежей, кредитных каникулах или реструктуризации долга. Это поможет избежать просрочек и негативных последствий. 2. Попробуйте договориться о новых условиях платежей. Возможно, банк предложит изменить график платежей, чтобы они стали более посильными. 3. Если ситуация критическая и нет возможности договориться с кредитором, рассмотрите возможность объявления себя банкротом. Это крайняя мера, но иногда она может быть единственным выходом. 4. Следите за графиком платежей и старайтесь избегать просрочек. Это поможет сохранить хорошую кредитную историю. 5. Удостоверьтесь, что после погашения долга кредит действительно закрыт. Возьмите в банке справку о выполнении всех обязательств. Если у вас есть дополнительные вопросы по кредитам или долгам, обращайтесь."
382,Как начать подготовку к пассивному доходу к конкретной дате?,"Для подготовки к пассивному доходу к конкретной дате следует действовать пошагово: 1. Составьте финансовый план. Определите, сколько денег вам необходимо ежемесячно, и умножьте эту цифру на шесть. Это поможет вам понять, какую сумму нужно накопить для финансовой подушки безопасности. 2. Используйте финансовые инструменты. Рассмотрите возможность открытия вклада, который компенсирует потери из-за инфляции, или карты с кешбэком, чтобы вернуть часть потраченных средств. Также изучите возможности индивидуального инвестиционного счета и налоговые вычеты. 3. Создайте финансовую подушку безопасности. Отложите 3–6 зарплат и храните эти деньги на накопительном счете или депозите в банке. 4. Рассмотрите долгосрочные накопления. Для создания прибавки к пенсии можно заключить договор добровольного пенсионного обеспечения с НПФ, открыть вклады в банке, полисы накопительного страхования или инвестировать на фондовом рынке. 5. Используйте приложения для учета расходов и доходов. Регулярно сверяйтесь с планом и следуйте ему, чтобы достичь своих финансовых целей."
383,В какой срок после ДТП подают документы страховщику при европротоколе?,Срок подачи документов страховщику при использовании европротокола зависит от конкретных условий страховой компании и законодательства. Обычно документы необходимо предоставить в течение 5 рабочих дней с момента ДТП. Однако для точного ответа рекомендуется уточнить условия в вашем страховом полисе или обратиться напрямую в страховую компанию.
384,Как проходит принудительная конвертация депозитарных расписок в акции при блокировке обмена?,"Принудительная конвертация депозитарных расписок в акции происходит автоматически, если это предусмотрено правилами выпуска расписок. Условия обмена можно уточнить у депозитария, который учитывает ваши расписки, или у кастодиана, который хранит акции. Если посредник запрещает вам забрать активы или перевести их в другую компанию, вы можете пожаловаться в Банк России."
385,Какие данные банковской карты нужны мошенникам?,Мошенникам могут понадобиться следующие данные вашей банковской карты: 1. Номер карты. 2. Срок действия карты (месяц и год). 3. CVV/CVC-код (трёхзначный код на обратной стороне карты). 4. Имя держателя карты. Эти данные могут быть использованы для совершения несанкционированных платежей или снятия средств.
386,"Почему при последствиях ДТП владельцу удобнее иметь каско, а не полагаться на одно ОСАГО?","Каско предоставляет более широкое покрытие по сравнению с ОСАГО. ОСАГО покрывает только ущерб, причиненный третьим лицам, в то время как каско защищает и само транспортное средство, и его владельца. При ДТП каско позволяет получить компенсацию за повреждения своего автомобиля, а также за ущерб, причиненный третьим лицам, если это предусмотрено договором. Кроме того, каско часто включает дополнительные услуги, такие как выплата за угон, повреждение стекол, помощь на дороге и другие. В случае ДТП с каско владельцу автомобиля не нужно доказывать свою невиновность, как это может потребоваться при ОСАГО, что ускоряет процесс получения компенсации."
387,"Вправе ли кредитор подать в суд за просрочку, если мобилизованному уже одобрили кредитные каникулы?","Если мобилизованному гражданину уже одобрили кредитные каникулы, кредитор не вправе подавать в суд за просрочку платежей на период действия этих каникул. Кредитные каникулы предполагают отсрочку платежей, и в этот период заемщик не несет ответственности за просрочки. Однако важно убедиться, что кредитор официально уведомлен о предоставлении каникул и согласился с этим. Если кредитор продолжает требовать платежи или угрожает судом, необходимо обратиться в банк или МФО для подтверждения статуса каникул и при необходимости обратиться в суд для защиты своих прав."
388,"Учитывают ли при расчете НДФЛ проценты по счетам с процентом на остаток, например по текущему счету?","Нет, проценты, начисленные на остаток по текущему счету, не учитываются при расчете НДФЛ. Эти проценты не облагаются налогом на доходы физических лиц. Однако, если речь идет о доходах от вкладов или депозитов, то они могут облагаться НДФЛ, если процентная ставка превышает установленные законодательством значения."
389,Как корректно сравнить доходность НПФ с результатами управляющих компаний СФР с учетом комиссий?,"Для корректного сравнения доходности НПФ с результатами управляющих компаний СФР с учетом комиссий необходимо учитывать несколько ключевых аспектов: 1. **Доходность**: Сравните доходность инвестирования за определенный период. Уточните, какие именно показатели доходности предоставляются (например, годовая доходность, доходность за последние 3 года и т.д.). 2. **Комиссии**: Учтите все комиссии, которые взимаются НПФ и управляющими компаниями СФР. Это могут быть комиссии за управление, комиссии за перевод средств, комиссии за вывод средств и другие скрытые комиссии. 3. **Риски**: Оцените уровень рисков, связанных с инвестициями. НПФ могут предлагать разные стратегии инвестирования, что влияет на уровень доходности и рисков. 4. **Транспарентность**: Убедитесь, что информация о доходности и комиссиях предоставляется открыто и понятно. Это поможет вам сделать осознанный выбор. 5. **Сроки**: Учтите сроки инвестирования. Доходность может значительно различаться в зависимости от срока инвестирования. Для более детального анализа рекомендуется обратиться к официальным отчетам и документам НПФ и управляющих компаний СФР, а также воспользоваться калькуляторами и инструментами, доступными на сайтах этих организаций."
390,Какие ограничения на досрочный выход описаны для векселя по сравнению с поданной заявкой на аукцион замороженных активов?,"В предоставленном контексте нет информации о векселях и аукционах замороженных активов. Эти темы не освещены в текстах, которые вы предоставили. Если у вас есть дополнительные вопросы, связанные с банковскими услугами, рисками или другими темами, которые могут быть релевантны, пожалуйста, уточните их."
391,Какие шаги помогут не переплатить при выборе ипотеки по аналогии с борьбой с импульсивными покупками?,"Для того чтобы не переплатить при выборе ипотеки, можно следовать следующим шагам: 1. Планирование бюджета: Оцените свои финансовые возможности и составьте бюджет. Убедитесь, что вы можете позволить себе ежемесячные платежи по ипотеке, не жертвуя другими важными расходами. 2. Сравнение предложений: Изучите предложения от разных банков. Сравните процентные ставки, условия погашения, комиссии и другие параметры. Это поможет вам выбрать наиболее выгодное предложение. 3. Аннуитетный или дифференцированный платеж: Выберите способ погашения кредита, который вам удобен. Аннуитетный платеж позволяет равномерно распределять нагрузку, а дифференцированный — уменьшать переплату. 4. Досрочное погашение: Если у вас появятся свободные деньги, направьте их на внеплановые платежи. Это снизит основной долг и уменьшит переплату банку. 5. Оформление досрочного погашения: Узнайте, как правильно оформлять полное или частичное погашение кредита досрочно. Это поможет избежать ошибок и дополнительных комиссий. 6. Консультация с экспертом: Обратитесь за консультацией к специалисту банка или финансовому консультанту. Они помогут вам выбрать оптимальные условия и избежать ошибок."
392,"Как организовать ребенку карманные деньги на карте так, чтобы родитель видел его траты?","Для организации карманных денег на карте с контролем со стороны родителей можно воспользоваться следующими методами: 1. **Детская карта с родительским контролем**: Многие банки предлагают специальные карты для детей, которые привязываются к счету родителей. Родители могут контролировать траты, устанавливать лимиты и получать уведомления о транзакциях. 2. **Мобильное приложение**: Некоторые банки предоставляют мобильные приложения, где родители могут отслеживать расходы ребенка, блокировать карту при необходимости и пополнять счет. 3. **Уведомления о транзакциях**: Настройте SMS или push-уведомления о каждой операции по карте, чтобы всегда быть в курсе, на что ребенок тратит деньги. 4. **Обсуждение и обучение**: Разберитесь с ребенком, как работают карты, какие преимущества они дают и как важно контролировать свои расходы. Это поможет ребенку осознанно подходить к тратам. 5. **Лимиты и категории расходов**: Установите лимиты на карте и ограничьте траты по определенным категориям, например, на развлечения или покупки в интернете. Эти меры помогут вам контролировать финансовые операции ребенка и привить ему разумное отношение к деньгам."
393,"Что безопаснее для сохранности активов при проблемах у посредника: брокер или доверительный управляющий, и почему?","Безопасность активов при проблемах у посредника зависит от нескольких факторов, но в целом можно выделить следующие моменты: 1. Брокер: Брокер предоставляет услуги по совершению сделок на фондовом рынке. В случае проблем с брокером, такие как банкротство, клиенты могут столкнуться с задержками в выводе средств или даже потерями. Однако, если брокер является членом компенсационного фонда, клиенты могут рассчитывать на возмещение части средств. 2. Доверительный управляющий: Доверительный управляющий управляет активами клиента на основании договора доверительного управления. В случае проблем с управляющим, клиенты могут столкнуться с аналогичными рисками, но у них есть возможность обратиться в суд для защиты своих интересов, особенно если управляющий нарушил условия договора. Таким образом, оба варианта имеют свои риски, но доверительный управляющий может предоставить больше возможностей для защиты активов в случае проблем, особенно если договор четко регулирует права и обязанности сторон. Важно тщательно выбирать посредника и внимательно изучать условия сотрудничества."
394,Почему не стоит инвестировать последние деньги либо занимать на биржу?,"Инвестировать последние деньги или занимать средства для вложений в биржу не рекомендуется по нескольким причинам: Во-первых, инвестиции всегда связаны с рисками. Даже при тщательном анализе и диверсификации портфеля, есть вероятность потерь. Если вы вложите последние деньги, вы рискуете остаться без финансовой подушки безопасности, что может привести к серьезным проблемам. Во-вторых, использование заемных средств, особенно с кредитным плечом, значительно увеличивает риски. Маржинальная торговля может привести к потере не только вложенных средств, но и к долгам перед брокером, если рынок двинется не в вашу сторону. В-третьих, для успешных инвестиций требуется время и опыт. Без подготовки и стратегии вы можете допустить ошибки, которые приведут к убыткам. Лучше сначала накопить достаточный капитал и пройти обучение, прежде чем выходить на фондовый рынок."
395,"Когда безопаснее переводить пенсионные накопления в новый НПФ, если ориентироваться на надежные фонды по рейтингу?","Переводить пенсионные накопления в новый НПФ безопаснее всего в период стабильности фондового рынка и экономики в целом. Это связано с тем, что в такие периоды активы НПФ имеют более высокую ликвидность и могут быть быстро и выгодно реализованы. Рекомендуется выбирать НПФ с высоким рейтингом надежности, который подтверждает финансовую устойчивость и эффективность управления фондом. Также важно следить за новостями и аналитикой, чтобы быть в курсе изменений в пенсионной системе и на финансовых рынках. Перед переводом накоплений убедитесь, что выбранный НПФ имеет лицензию и соответствует вашим инвестиционным целям и уровню риска."
396,Каковы сроки подачи заявлений при ликвидации МФО по сравнению с обращением за возмещением при отзыве лицензии у НПФ?,"Сроки подачи заявлений при ликвидации МФО и обращении за возмещением при отзыве лицензии у НПФ регулируются разными нормативными актами и зависят от конкретных обстоятельств. При ликвидации МФО сроки подачи заявлений могут варьироваться в зависимости от процедуры ликвидации. Обычно, кредиторы и заемщики должны подать свои заявления в установленные сроки, которые определяются решением суда или ликвидационной комиссией. При отзыве лицензии у НПФ сроки обращения за возмещением также зависят от процедуры. Обычно, участники НПФ должны подать заявления о возмещении в установленные сроки, которые могут быть определены нормативными актами или решением регулятора. Для более точной информации рекомендуется обратиться к нормативным актам, регулирующим деятельность МФО и НПФ, или проконсультироваться с юристом."
397,Почему платеж через терминал может зависнуть при отзыве лицензии у банка‑посредника?,"Платеж через терминал может зависнуть при отзыве лицензии у банка-посредника по нескольким причинам: Во-первых, отзыв лицензии означает, что банк больше не имеет права осуществлять банковские операции. Это может привести к прекращению работы его систем и сервисов, включая платежные терминалы. Во-вторых, платежные терминалы могут быть настроены на работу с конкретными банками-посредниками. Если лицензия у такого банка отозвана, терминал может не иметь возможности завершить операцию, так как связь с банком-посредником прервана. В-третьих, отзыв лицензии может вызвать технические сбои и нестабильность в работе платежных систем, что также может привести к зависанию платежей. В таких ситуациях рекомендуется обратиться в службу поддержки вашего банка или оператора терминала для получения более подробной информации и решения проблемы."
398,Почему рискованно работать через иностранного форекс-дилера без российской лицензии?,"Работать через иностранного форекс-дилера без российской лицензии рискованно по нескольким причинам: Во-первых, такие компании не подчиняются российскому законодательству. Это значит, что в случае нарушения ваших прав или мошенничества, вы не сможете обратиться в российские государственные органы для защиты своих интересов. Во-вторых, отсутствие лицензии Банка России говорит о том, что деятельность компании не проверяется и не регулируется. Это увеличивает риск столкнуться с недобросовестными действиями со стороны дилера. В-третьих, в случае проблем с компанией, вы не сможете обратиться в Банк России для разрешения споров. Вам придется решать вопросы через международные инстанции, что может быть сложно и длительно. В-четвертых, такие компании могут не предоставлять достаточной защиты ваших средств. В случае банкротства или других проблем, вы рискуете потерять все свои вложения. Поэтому, чтобы минимизировать риски, рекомендуется работать только с легальными компаниями, имеющими лицензию Банка России."
399,Куда жаловаться при нарушении прав со стороны брокера или форекс‑дилера?,"Если ваши права нарушает брокер или форекс-дилер, который состоит в реестре Банка России, вы можете подать жалобу в интернет-приемную Банка России. Также можно задать вопрос о работе таких организаций через мобильное приложение «ЦБ онлайн». Если же проблемы возникли с организацией, которой нет в реестре Банка России, то улаживать разногласия возможно только в суде."
400,Распространяется ли самозапрет на POS‑микрозаймы?,"Самозапрет на кредиты и займы распространяется на все виды кредитных заявок, включая POS-кредиты. Если вы установили самозапрет, банки и микрофинансовые организации (МФО) не смогут одобрить кредитную заявку от вашего имени, в том числе и на POS-кредиты. Это защищает вас от нежелательных долгов, которые могут быть набраны мошенниками или в результате вашего собственного неосознанного решения."
401,Почему внеплановый платеж лучше делать в дату планового взноса?,"Внеплановый платеж лучше делать в дату планового взноса, чтобы избежать лишних процентов. Если внести дополнительную сумму в дату планового платежа, банк сначала спишет начисленные проценты, а оставшуюся часть направит на погашение основного долга. Это позволит уменьшить общую сумму долга и снизить переплату по кредиту. Если же внеплановый платеж будет сделан в другой день, банк может списать его как обычный платеж по графику, и основной долг уменьшится не так значительно."
402,"Какие инструменты, в отличие от банковских вкладов, не покрываются государственной системой страхования?","Страхование вкладов в банках покрывает сумму до 1,4 млн рублей, а в некоторых случаях до 10 млн рублей. Однако существуют инструменты, которые не покрываются государственной системой страхования. К ним относятся: 1. Страхование жизни и инвестиционные полисы. Эти вложения не гарантируют доход и могут привести к убыткам. Они не защищены системой страхования вкладов. 2. Деньги на эскроу-счетах, если их сумма превышает 10 млн рублей. В этом случае сумма сверх лимита может быть возвращена только в ходе банкротства или ликвидации банка. 3. Другие финансовые инструменты, такие как акции, облигации, деривативы и другие инвестиционные продукты, не покрываются системой страхования вкладов."
403,По каким причинам оператор кошелька или банк блокируют операции?,"Оператор кошелька или банк могут блокировать операции по нескольким причинам: 1. Подозрительная активность: если система обнаруживает необычные или подозрительные операции, это может привести к блокировке для предотвращения мошенничества. 2. Недостаточно средств: если на счету или карте недостаточно средств для выполнения операции, банк может заблокировать транзакцию. 3. Нарушение условий использования: если клиент нарушает условия договора или политику банка, это может привести к блокировке операций. 4. Технические сбои: иногда блокировки происходят из-за технических проблем или сбоев в системе. 5. Подтверждение личности: если требуется дополнительная верификация клиента, операции могут быть временно заблокированы до завершения процесса. 6. Юридические требования: банк может блокировать операции по требованию правоохранительных органов или в рамках судебных разбирательств. Если ваша операция была заблокирована, рекомендуется связаться с банком или оператором кошелька для уточнения причины и решения проблемы."
404,Когда СТО вправе требовать доплату при ремонте по ОСАГО?,"Станция техобслуживания (СТО) вправе требовать доплату при ремонте по ОСАГО в следующих случаях: 1. Если стоимость ремонта превышает лимит возмещения по ОСАГО. В этом случае разницу между фактической стоимостью ремонта и лимитом возмещения должен оплатить владелец автомобиля. 2. Если в ходе ремонта были выявлены дополнительные повреждения, которые не были учтены при первоначальной оценке ущерба. В этом случае владелец автомобиля должен оплатить ремонт этих повреждений самостоятельно. 3. Если владелец автомобиля выбрал более дорогие запасные части или услуги, чем те, которые предусмотрены программой ремонта по ОСАГО. В этом случае разницу в стоимости должен оплатить владелец автомобиля. Для получения более подробной информации рекомендую ознакомиться со статьей «Как получить возмещение по ОСАГО»."
405,Как авторы советуют усиливать команду за счет подбора людей?,"В предоставленном контексте нет конкретных рекомендаций по усилению команды за счет подбора людей. Однако, в одном из текстов упоминается важность вовлеченности сотрудников и их готовности брать на себя ответственность. Это может косвенно указывать на то, что при подборе людей в команду стоит обращать внимание на их мотивацию, готовность к развитию и способность к самостоятельной работе. Если у вас есть дополнительные вопросы по теме управления командой или инвестиций, пожалуйста, уточните их."
406,"Можно ли отменить перевод через СБП, как это соотносится с необратимостью транзакций в блокчейне?","Отмена перевода через СБП возможна, но только в определенных случаях. Если перевод был совершен ошибочно или покупатель вернул товар, можно инициировать возврат средств. Для этого нужно знать номер телефона получателя и номер транзакции, которые указаны на чеке. Возврат осуществляется почти мгновенно. Что касается необратимости транзакций в блокчейне, то в отличие от СБП, большинство операций в блокчейне действительно являются необратимыми. Это означает, что после подтверждения транзакции ее нельзя отменить или изменить. Однако, в некоторых случаях, например, если перевод был совершен по ошибке, можно попытаться договориться с получателем о возврате средств."
407,Чем отличается защита денег инвесторов МФО от гарантий по добровольным пенсиям в НПФ?,"Защита денег инвесторов в микрофинансовых организациях (МФО) и гарантии по добровольным пенсиям в негосударственных пенсионных фондах (НПФ) различаются по нескольким ключевым аспектам. Для МФО: 1. Инвестиции в МФО не гарантированы государством. Это означает, что в случае банкротства МФО инвесторы могут потерять свои средства. 2. Важно проверять, входит ли выбранная МФО в государственный реестр, что может дать дополнительную уверенность в ее надежности. Для НПФ: 1. Пенсионные накопления в НПФ защищены государством. В случае банкротства фонда средства клиентов переходят в управление другому НПФ или в Социальный фонд России (СФР). 2. Порядок наследования пенсионных накоплений зависит от правил конкретного НПФ, что также важно учитывать при выборе фонда. Таким образом, основное отличие заключается в уровне защиты средств: в НПФ она выше благодаря государственным гарантиям, тогда как в МФО инвестиции несут больше рисков."
408,"Российские облигации у санкционного брокера доступны, какие бумаги для новичка самые надежные?","Для новичка, который хочет инвестировать в российские облигации, важно учитывать несколько факторов. Во-первых, стоит выбирать облигации с высокой надежностью эмитента. Обычно это облигации крупных и стабильных компаний, а также государственные облигации. Во-вторых, важно понимать, что любые инвестиции связаны с рисками, и даже надежные облигации могут не принести ожидаемой доходности. Поэтому перед покупкой облигаций стоит изучить их риски и особенности, а также пройти тестирование, если это требуется. В-третьих, для снижения рисков стоит диверсифицировать вложения, то есть инвестировать деньги в облигации разных компаний из разных отраслей. Если вы торгуете на бирже через брокера, именно вы принимаете окончательное решение о покупке или продаже облигаций и несете за него ответственность. Поэтому важно тщательно оценить все риски и особенности инвестирования в облигации."
409,Кто платит НДФЛ по доходам от депозитарных расписок против дивидендов по акциям?,"НДФЛ по доходам от депозитарных расписок и дивидендов по акциям платит физическое лицо, которое получает эти доходы. В обоих случаях налог составляет 13% для резидентов РФ и 15% для нерезидентов. Однако важно учитывать, что депозитарные расписки могут облагаться налогом только в том случае, если они приносят доход, например, в виде дивидендов или при продаже по цене выше покупной. Дивиденды по акциям облагаются НДФЛ независимо от их размера."
410,Как снизить риск потери ценных бумаг при проблемах у посредника?,"Чтобы снизить риск потери ценных бумаг при проблемах у посредника, рекомендуется: 1. Выбирать брокера или управляющую компанию с хорошей репутацией и лицензией. Это снизит вероятность мошенничества или банкротства посредника. 2. Перед началом сотрудничества внимательно изучить условия договора, включая вопросы страхования и компенсации. 3. Регулярно отслеживать состояние своего счета и операции, проводимые брокером. 4. Использовать услуги только тех посредников, которые имеют статус инвестсоветника, если вы хотите иметь возможность требовать компенсацию в случае ошибок. 5. Рассмотреть возможность использования доверительного управления или ПИФов, что снизит вашу зависимость от действий конкретного брокера. 6. Ознакомиться с материалами о выборе брокера и работе с ним, чтобы минимизировать риски."
411,"Как банки увеличивают количество денег в экономике, что при этом угрожает ценам?","Банки увеличивают количество денег в экономике, предоставляя кредиты. Когда банки выдают кредиты, они создают новые денежные средства, которые поступают в экономику. Это происходит потому, что кредиты увеличивают денежную массу, так как заемщики используют эти средства для покупок, инвестиций или других операций. Однако увеличение денежной массы может привести к инфляции, если предложение товаров и услуг не успевает за ростом денежной массы. В результате цены на товары и услуги могут начать расти, что угрожает стабильности цен в экономике. Центральный банк страны, в том числе Банк России, контролирует этот процесс, используя инструменты денежно-кредитной политики, такие как изменение ключевой ставки, чтобы сбалансировать инфляцию и поддерживать стабильность экономики."
412,Когда уместно рефинансировать кредит: при появлении ребенка либо перед Новым годом?,"Рефинансировать кредит уместно в случае появления ребенка, если это связано с возможностью воспользоваться льготными программами, такими как ипотека с господдержкой. Это может быть выгодно, если у вас уже есть ипотека, и вы хотите воспользоваться повторно льготными условиями. Что касается рефинансирования перед Новым годом, это может быть уместно, если у вас есть возможность получить более выгодные условия по кредиту, например, сниженную процентную ставку или более удобный график платежей. Однако важно учитывать, что перед Новым годом банки могут быть перегружены заявками, и процесс рефинансирования может занять больше времени."
413,"Каков лимит страхового возмещения по вкладам, когда доступна выплата до 10 млн рублей?","Лимит страхового возмещения по вкладам составляет 1,4 млн рублей. Однако в некоторых случаях АСВ выплачивает повышенное возмещение до 10 млн рублей. Подробнее о таких случаях можно узнать в статье «Как работает система страхования вкладов»."
414,Как выгодно использовать распродажи при подготовке к школе или к Новому году?,"Для выгодного использования распродаж при подготовке к школе или Новому году следует придерживаться нескольких рекомендаций: 1. Планирование покупок: Заранее составьте список необходимых покупок и определите, какие из них можно приобрести со скидкой. Это поможет избежать импульсных покупок и сэкономить бюджет. 2. Сравнение цен: Перед покупкой сравните цены в разных магазинах и на различных платформах. Это позволит найти наиболее выгодные предложения. 3. Использование кешбэка и бонусов: Если у вас есть банковская карта с кешбэком или специальными бонусами для детских покупок, используйте их. Например, некоторые банки предлагают кешбэк на покупку книг и канцтоваров. 4. Бдительность при онлайн-покупках: При оплате через интернет проверяйте платежные ссылки на предмет фишинга. Убедитесь, что сумма и адресат в уведомлении совпадают с вашими данными. 5. Оптимальное время для покупок: Покупайте товары заранее, чтобы избежать предпраздничного ажиотажа и роста цен. Это особенно актуально для подготовки к Новому году. 6. Финансовая подушка: Перед крупными покупками убедитесь, что у вас есть финансовая подушка безопасности. Это поможет избежать долгов и лишнего стресса. Следуя этим рекомендациям, вы сможете выгодно использовать распродажи и сэкономить при подготовке к школе или Новому году."
415,"Что делать, если в полисе ОСАГО указан неправильный КБМ, и когда начнут действовать исправления?","Для исправления неправильного коэффициента бонус-малус (КБМ) в полисе ОСАГО необходимо обратиться в страховую компанию, которая выдала полис. Страховая компания проведет проверку и при необходимости внесет исправления. Исправления в КБМ начинают действовать с даты, указанной в новом полисе ОСАГО. Если исправления внесены в действующий полис, они применяются с момента их внесения. Если страховая компания отказывается исправлять ошибку, вы можете обратиться в Российский союз автостраховщиков (РСА) или в суд для обжалования решения."
416,"Как распознать обман, когда обещают компенсации за прошлые потери?","Обман с обещаниями компенсаций за прошлые потери можно распознать по нескольким признакам: 1. Если вам предлагают уступить право требовать компенсацию от страховой компании, но при этом занижают размер выплаты, это может быть признаком мошенничества. Мошенники могут получить от страховщика намного больше, чем обещают вам. 2. Если вам предлагают услуги юристов, которые утверждают, что смогут получить для вас компенсацию, но при этом умалчивают о необходимости уплаты НДФЛ с полученной суммы, это также может быть признаком обмана. 3. Если вам предлагают подписать договор или внести деньги быстро, без тщательного анализа и консультаций с юристом, это может быть признаком финансовой пирамиды или другого мошеннического проекта. 4. Если компания или человек, предлагающий компенсацию, не может предоставить четкие и прозрачные условия сотрудничества, это также должно насторожить. В любом случае, перед тем как соглашаться на предложение о компенсации, тщательно проверьте информацию, проконсультируйтесь с юристом и не торопитесь с решением."
417,"Какой кредитный рейтинг должен иметь МФО для долгосрочных вложений с учетом того, что такие инвестиции не страхуются государством?","Для долгосрочных вложений в микрофинансовые организации (МФО) важно учитывать несколько факторов, так как такие инвестиции не страхуются государством. Во-первых, МФО должна иметь высокий кредитный рейтинг, который отражает ее финансовую устойчивость и надежность. Чем выше рейтинг, тем ниже риски для инвестора. Во-вторых, важно проверить, входит ли МФО в государственный реестр и саморегулируемую организацию (СРО). Это дополнительная гарантия того, что компания соблюдает законодательство и правила, установленные для МФО. В-третьих, стоит обратить внимание на финансовую отчетность МФО, ее прибыльность и уровень задолженности. Это поможет оценить, насколько стабильна компания и способна ли она выполнять свои обязательства перед инвесторами. Также рекомендуется изучить репутацию МФО на рынке, отзывы клиентов и партнеров, а также историю выплат по обязательствам. В целом, для долгосрочных вложений в МФО важно выбирать компании с высоким кредитным рейтингом, прозрачной финансовой отчетностью и хорошей репутацией на рынке."
418,"Какие ограничения на досрочный выход из сделки указаны для векселя, а также для участия в аукционе заблокированных активов?","В предоставленном контексте нет информации о векселях и аукционах заблокированных активов. Эти темы не затрагиваются в текстах. Если у вас есть дополнительные вопросы, связанные с банковскими продуктами или услугами, пожалуйста, уточните их."
419,"Попадают ли деньги в доверительном управлении, на брокерском счете и в структурном депозите под страхование вкладов?","Нет, деньги в доверительном управлении, на брокерском счете и в структурных депозитах не подлежат страхованию вкладов. Страхование вкладов распространяется только на средства, размещенные на банковских счетах и вкладах, включая текущие счета, сберегательные счета и депозиты."
420,Как госпоручительство помогает оформить заем?,"Госпоручительство позволяет предпринимателям получить кредит на более выгодных условиях или по сниженной ставке. Это происходит за счет государственной гарантии, которая снижает риски для банка. В результате банк может предложить более благоприятные условия кредитования. Для получения такой поддержки предпринимателям следует обращаться в Корпорацию МСП или на портал «Мой бизнес», где можно узнать о действующих программах и выбрать подходящую."
421,Как мошенники получают данные банковских карт через поддельные сайты?,"Мошенники создают сайты-дубликаты, которые внешне очень похожи на настоящие. Эти сайты могут отличаться всего одним-двумя символами в адресе. Пользователи, не заметив подмены, вводят свои данные, включая реквизиты банковских карт, что позволяет мошенникам получить доступ к их счетам. Для защиты от таких действий важно внимательно проверять адрес сайта перед вводом данных. Если вы заметили подозрительную активность на вашем счете, необходимо оперативно обратиться в банк."
422,Как удостовериться в легальности кредитора перед заявкой?,"Чтобы удостовериться в легальности кредитора перед подачей заявки, выполните следующие шаги: 1. Проверить кредитора на сайте Банка России. На сайте Банка России есть реестры легальных банков, микрофинансовых организаций (МФО), кредитных потребительских кооперативов (КПК) и ломбардов. Введите название организации в поиск и убедитесь, что она числится в соответствующем реестре. 2. Ознакомьтесь с отзывами и репутацией кредитора. Проверьте отзывы клиентов на независимых платформах, таких как Отзовик, Фламп, Яндекс.Отзывы и другие. Обратите внимание на жалобы и негативные отзывы, связанные с незаконными действиями или обманом. 3. Внимательно изучите договор. Перед подписанием кредитного договора внимательно прочитайте все условия, включая процентные ставки, комиссии, штрафы за просрочку и другие важные детали. Если в договоре есть неясные или подозрительные пункты, не подписывайте его, пока не получите разъяснения. 4. Проверьте лицензию. У легального кредитора должна быть лицензия на осуществление банковских или микрофинансовых операций. Уточните, действует ли лицензия и не была ли она аннулирована. 5. Обратитесь в финансовый омбудсмен. Если у вас есть сомнения в легальности кредитора, вы можете обратиться в финансовый омбудсмен или в Роспотребнадзор для получения консультации. Следуя этим шагам, вы сможете минимизировать риски и убедиться в легальности кредитора перед подачей заявки."
423,Покроет ли страховка ответственности кражу из банковской ячейки?,"Страховка ответственности банка не покрывает кражу из банковской ячейки. Банковская ячейка является местом хранения ценностей клиента, и ответственность за их сохранность лежит на клиенте. В случае кражи из ячейки компенсацию можно получить только при наличии отдельного страхового полиса, который покрывает такие риски. Банк не несет ответственности за содержимое ячейки, если не доказано его причастность к краже."
424,Как избежать потерь при онлайн‑покупках вне официальных магазинов?,"Для безопасных онлайн-покупок вне официальных магазинов рекомендуется использовать аккредитив в банке или депозит нотариуса. Это гарантирует, что продавец получит деньги только после выполнения своих обязательств. В случае неисполнения обязательств средства вернутся к вам. Также важно проверять реквизиты фирмы или паспортные данные продавца, если он действует как ИП или физическое лицо."
425,Что может покупать неквалифицированный инвестор без тестов с учетом ограничений на иностранные бумаги?,"Неквалифицированный инвестор может покупать следующие ценные бумаги без прохождения тестирования: 1. Обычные акции и облигации российских эмитентов, которые включены в котировальные списки биржи. 2. Паи инвестиционных фондов (ПИФы), которые инвестируют в российские активы. 3. Облигации федерального займа (ОФЗ) и облигации субъектов РФ. 4. Корпоративные облигации российских компаний, которые не относятся к структурным облигациям. Важно учитывать, что покупка иностранных ценных бумаг может быть ограничена в соответствии с действующими санкциями и регуляторными требованиями."
426,Зачем сравнивать условия разных банков или сервисов перед крупной тратой?,"Сравнивать условия разных банков или сервисов перед крупной тратой нужно, чтобы выбрать наиболее выгодное предложение. Это поможет минимизировать переплату по кредиту или другим финансовым продуктам. Например, при оформлении кредита важно учитывать не только процентную ставку, но и дополнительные комиссии, страховки и другие расходы. Сравнивая полную стоимость кредита (ПСК) или переплату в разных банках, можно сделать осознанный выбор и сэкономить значительную сумму."
427,"Как избежать лишних платных сервисов при микрозайме, а также в какой срок можно от них отказаться после подписания?","Чтобы избежать лишних платных сервисов при оформлении микрозайма, внимательно читайте договор перед подписанием. Уточняйте у представителя МФО, какие услуги включены в стоимость займа, и отказывайтесь от ненужных. Обычно, дополнительные услуги, такие как страховка или СМС-информирование, могут быть включены автоматически, но их можно исключить. Что касается отказа от платных сервисов после подписания договора, это зависит от условий конкретного МФО. В некоторых случаях от дополнительных услуг можно отказаться в течение определенного срока, например, в течение 14 дней с момента заключения договора. Однако конкретные сроки и условия отказа должны быть прописаны в договоре. Рекомендую обратиться в вашу МФО для уточнения этой информации."
428,Как отличается период охлаждения по кредитным страховкам от сроков возврата ИСЖ или НСЖ на небольшую сумму?,"Период охлаждения по кредитным страховкам и сроки возврата страховых сумм по ипотечному страхованию жилья (ИСЖ) или накоплению страхового запаса (НСЖ) различаются по своей природе и регулируются разными нормативными актами. Период охлаждения по кредитным страховкам обычно составляет 14 дней с момента заключения договора страхования. В течение этого периода клиент имеет право отказаться от страховки и вернуть уплаченную страховую премию. Это право закреплено в законодательстве и направлено на защиту прав потребителей. Сроки возврата страховых сумм по ИСЖ или НСЖ зависят от условий конкретного страхового договора и могут варьироваться. Обычно процесс возврата страховой суммы начинается после наступления страхового случая и может занять несколько месяцев, так как требует оценки ущерба и проверки обстоятельств страхового случая. Таким образом, период охлаждения по кредитным страховкам является фиксированным и коротким, в то время как сроки возврата страховых сумм по ИСЖ или НСЖ зависят от условий договора и могут быть более длительными."
429,Какой налоговый режим выбрать ИП для минимальной отчетности с учетом риска личным имуществом?,"Для индивидуального предпринимателя (ИП) с минимальной отчетностью и желанием минимизировать риски для личного имущества, наиболее подходящими налоговыми режимами могут быть: 1. **Упрощенная система налогообложения (УСН)**:  - УСН Доходы или УСН Доходы минус расходы.  - Минимальная отчетность: нужно сдавать декларацию раз в год.  - Риски для личного имущества: ИП отвечает по обязательствам всем своим имуществом, но можно застраховать риски через страховые полисы. 2. **Патентная система налогообложения (ПСН)**:  - Подходит для небольшого бизнеса с ограниченным перечнем видов деятельности.  - Минимальная отчетность: нет необходимости сдавать декларации, только вести книгу учета доходов.  - Риски для личного имущества: аналогично УСН, ИП отвечает всем имуществом. 3. **Налог на профессиональный доход (НПД) для самозанятых**:  - Минимальная отчетность: нужно отправлять чеки и сдавать декларацию раз в год.  - Риски для личного имущества: самозанятые также отвечают по обязательствам всем имуществом, но риски могут быть ниже из-за меньшего масштаба деятельности. Для минимизации рисков личного имущества можно рассмотреть возможность регистрации бизнеса в форме ООО, так как в этом случае ответственность ограничена размером уставного капитала. Однако это увеличит объем отчетности."
430,Учитывается ли доход по обезличенным металлическим счетам при расчёте НДФЛ по вкладам?,"Доход по обезличенным металлическим счетам не облагается НДФЛ, так как они не являются вкладами в традиционном понимании. Эти счета представляют собой инвестиционные инструменты, и доход от них не подлежит налогообложению в рамках НДФЛ по вкладам. Однако, если вы получаете доход от продажи металлов, приобретенных на таких счетах, то этот доход может облагаться налогом в соответствии с законодательством. Для более детальной информации рекомендуется обратиться к статье «Какие налоги платит инвестор»."
431,Как правильно проверять подлинность банкнот при расчетах наличными с последующим обращением при сомнениях?,"Для проверки подлинности банкнот при расчетах наличными и дальнейшего обращения в банк при сомнениях следуйте этим шагам: 1. Проверьте банкноту на наличие защитных элементов, таких как водяные знаки, микротекст, рельефные элементы и специальные волокна. Подробнее о том, как отличить настоящие банкноты от фальшивых, можно прочитать в статье «Как проверить подлинность денег». 2. Если у вас есть сомнения в подлинности банкноты, обратитесь в банк для проведения экспертизы. Экспертиза бесплатна и обычно проводится сразу при вас. 3. Если купюра повреждена, но подлежит обмену, банк выдаст вам новую. В сложных случаях банк может отправить купюру на проверку в Банк России. Если деньги окажутся настоящими, их зачислят на ваш счет. Если банкнота фальшивая, ее стоимость не возмещается."
432,"Почему сделки на бирже безопаснее, чем внебиржевые?","Сделки на бирже считаются более безопасными по нескольким причинам: 1. Регулирование: Биржевые сделки проходят под контролем регулирующих органов, что снижает риски мошенничества и недобросовестных действий. 2. Прозрачность: На бирже цены и объемы сделок публикуются в реальном времени, что позволяет инвесторам принимать обоснованные решения. 3. Гарантии исполнения: Биржи обеспечивают выполнение обязательств по сделкам, что снижает риски неисполнения контрактов. 4. Ликвидность: Биржевые активы обычно более ликвидны, что позволяет быстрее и легче выйти из позиции. 5. Защита инвесторов: Биржи предоставляют механизмы защиты инвесторов, такие как компенсационные фонды и арбитражные процедуры. Внебиржевые сделки, напротив, могут быть менее прозрачными, менее ликвидными и более подверженными рискам, так как они не регулируются биржей и могут зависеть от условий, установленных контрагентами."
433,Как различаются лимиты возмещения по банковским вкладам по сравнению с добровольной пенсией в НПФ?,"Лимиты возмещения по банковским вкладам и добровольной пенсии в НПФ различаются следующим образом: 1. Банковские вклады:  - В России вклады в банках страхуются государством через Агентство по страхованию вкладов (АСВ).  - Максимальная сумма возмещения по вкладам составляет 1,4 миллиона рублей.  - Возмещение выплачивается в случае отзыва лицензии у банка или его банкротства. 2. Добровольная пенсия в НПФ:  - В случае с НПФ нет гарантированного возмещения вкладов государством.  - Возмещение зависит от финансового состояния самого НПФ и его активов.  - Если активов НПФ недостаточно или их не удастся быстро продать по справедливой цене, вернуть внесенные в фонд деньги в полном объеме не получится.  - Поэтому важно тщательно выбирать НПФ и, возможно, распределять средства по нескольким фондам, особенно если сумма превышает 2,8 миллиона рублей."
434,Почему страховка дороже при оплате через кредит?,"Страховка может быть дороже при оплате через кредит по нескольким причинам: Во-первых, банк может включать стоимость страховки в общую сумму кредита, что увеличивает сумму, на которую начисляются проценты. Это приводит к увеличению общей стоимости кредита и, соответственно, к увеличению стоимости страховки. Во-вторых, банки могут предлагать свои страховые продукты, которые могут быть дороже, чем аналогичные продукты на рынке. Это связано с тем, что банки часто сотрудничают с определенными страховыми компаниями и получают от них комиссию. В-третьих, при оплате страховки через кредит могут применяться дополнительные комиссии или платежи, которые увеличивают общую стоимость страховки. Важно отметить, что страхование залоговой недвижимости при оформлении ипотеки является обязательным, а страхование жизни и других рисков — добровольным. Если вам навязывают полисы или включают их стоимость в сумму кредита без вашего согласия, вы можете пожаловаться в интернет-приемную Банка России или Роспотребнадзор."
435,Какой предел льготной части кредита действует при совмещении «ипотеки от застройщика» с господдержкой?,"В предоставленных текстах нет конкретной информации о пределе льготной части кредита при совмещении «ипотеки от застройщика» с господдержкой. Для получения точной информации рекомендую обратиться в банк, предоставляющий ипотеку, или в местные органы власти, занимающиеся вопросами господдержки."
436,"Как учесть страховые платежи при планировании бюджета семьи, когда страховка на жилье обязательна?","При планировании бюджета семьи, когда страховка на жилье обязательна, следует учесть несколько ключевых моментов: 1. **Регулярные платежи**: Включите страховые взносы в ежемесячные расходы. Это поможет избежать неожиданных трат и сохранить финансовую стабильность. 2. **Налоговые вычеты**: Изучите возможность получения налогового вычета. Например, при оформлении полиса ДМС или страхования жилья часть потраченных средств можно вернуть через налоговый вычет. Это снизит общую нагрузку на бюджет. 3. **Сравнение предложений**: Перед заключением договора страхования сравните предложения от разных страховых компаний. Это поможет выбрать наиболее выгодные условия и оптимизировать расходы. 4. **Гибкость платежей**: Уточните у страховой компании возможность изменения условий оплаты (например, ежегодные вместо ежемесячных платежей), что может быть более удобным для семейного бюджета. 5. **Дополнительные услуги**: Оцените, какие дополнительные услуги включены в страховой полис. Иногда можно отказаться от ненужных опций, чтобы снизить общую стоимость страховки. Если у вас есть дополнительные вопросы по страхованию или планированию бюджета, обращайтесь."
437,"Почему кредитные рейтинги важны для облигаций, доступных неквалифицированным инвесторам?","Кредитные рейтинги важны для облигаций, доступных неквалифицированным инвесторам, по нескольким причинам: Во-первых, рейтинг показывает уровень надежности эмитента облигаций. Чем выше рейтинг, тем ниже риск дефолта, то есть невыполнения обязательств по выплате купонного дохода и возврату номинальной стоимости облигации. Во-вторых, рейтинг помогает инвесторам оценить риски и доходность облигаций. Облигации с более низким рейтингом обычно предлагают более высокую доходность, но и несут более высокие риски. В-третьих, рейтинговые агентства регулярно пересматривают рейтинги, что позволяет инвесторам быть в курсе изменений в финансовом состоянии эмитента и принимать обоснованные решения о покупке или продаже облигаций. Для неквалифицированных инвесторов, которые могут не иметь глубоких знаний о финансовых рынках, рейтинговые оценки являются важным инструментом для оценки надежности и рисков облигаций."
438,Чем отличается отмена операции через сервис «второй руки» от возврата ошибочного перевода?,"Отмена операции через сервис «второй руки» и возврат ошибочного перевода — это разные процедуры, которые применяются в разных ситуациях. Отмена операции через сервис «второй руки» обычно используется, когда клиент хочет отменить перевод, который еще не был завершен или не был получен получателем. Это может быть актуально, если перевод был отправлен по ошибке и еще не прошел окончательную обработку. Возврат ошибочного перевода применяется, когда деньги уже были отправлены и получены получателем. В этом случае клиент должен обратиться в банк или использовать специальные сервисы для возврата средств. Процедура может включать в себя разыскание получателя и попытку вернуть деньги через банк или другие финансовые учреждения. Таким образом, основное отличие заключается в стадии процесса перевода: отмена операции через сервис «второй руки» применяется до завершения перевода, а возврат ошибочного перевода — после того, как деньги уже были получены получателем."
439,Как правильно проводить расчеты при продаже ипотечной квартиры?,При продаже ипотечной квартиры расчеты проводятся через номинальный счет. Остаток денежных средств после погашения ипотеки получает продавец. Для более детальной информации о процессе продажи ипотечной квартиры рекомендую ознакомиться со статьей «Как продать или купить ипотечную квартиру».
440,"Почему доходность накопительной части государственной пенсии невысока, а займы вне банка обычно обходятся дороже?","Доходность накопительной части государственной пенсии невысока, потому что она формируется за счет государственных средств и инвестируется в консервативные активы, которые обеспечивают стабильность, но не высокие доходы. Государство стремится минимизировать риски, поэтому использует надежные, но менее доходные инструменты. Займы вне банка обычно обходятся дороже, потому что они связаны с более высокими рисками для кредитора. Внебанковские кредиторы, такие как микрофинансовые организации, компенсируют риски высокими процентными ставками. Кроме того, такие займы часто оформляются без тщательной проверки кредитной истории заемщика, что также увеличивает стоимость кредита."
441,"Какие шаги нужно сделать после несанкционированного списания с карты, включая сроки обращения?","Для решения вопроса несанкционированного списания средств с карты необходимо выполнить следующие шаги: 1. **Свяжитесь с банком**: Немедленно обратитесь в банк, выпустивший карту. Это можно сделать через горячую линию, онлайн-чат или лично в отделении. Укажите дату, сумму и реквизиты операции, которую считаете несанкционированной. 2. **Подайте заявление**: В банке вам предложат заполнить заявление о несанкционированном списании средств. Это заявление должно быть рассмотрено в установленные законом сроки. 3. **Сроки обращения**: Согласно законодательству, вы должны уведомить банк о несанкционированной операции в течение 30 дней с момента обнаружения. Однако чем раньше вы это сделаете, тем лучше. 4. **Временное блокирование карты**: Банк может временно заблокировать карту для предотвращения дальнейших несанкционированных операций. 5. **Расследование**: Банк проведет расследование и примет решение о возврате средств. Если операция действительно была несанкционированной, банк обязан вернуть деньги в течение 30 дней с момента подачи заявления. 6. **Дополнительные меры**: Если банк отказывается возвращать средства или вы не согласны с его решением, вы можете обратиться в финансовый омбудсмен или в суд. Важно: Сохраните все документы и переписку с банком, это поможет в случае необходимости доказать свою позицию."
442,В каких случаях есть смысл обращаться в суд при ошибочном переводе либо участии в пирамиде?,"Обращаться в суд имеет смысл в следующих случаях: 1. Если вы стали жертвой финансовой пирамиды и не можете вернуть свои деньги через другие способы. В таком случае суд может помочь взыскать убытки с организаторов пирамиды. 2. Если при ошибочном переводе деньги не возвращаются добровольно, а ФССП или другие инстанции не помогают. В этом случае суд может обязать возвратить средства. 3. Если приставы не исправляют ошибки при списании денег и отказываются возвращать суммы, суд может обязать их выполнить свои обязанности."
443,Что безопаснее для сохранности активов — доверительное управление или брокерское обслуживание?,"Для сохранности активов важно учитывать несколько факторов. Доверительное управление предполагает передачу активов управляющему, который принимает решения от вашего имени. В этом случае важно тщательно выбирать управляющего и внимательно изучать условия договора. Брокерское обслуживание предполагает, что вы сами принимаете решения о покупке и продаже ценных бумаг, а брокер лишь выполняет ваши поручения. В этом случае важно внимательно изучать условия сотрудничества с брокером и помнить, что инвестиции на фондовом рынке всегда связаны с рисками. В обоих случаях важно тщательно подходить к выбору брокера или управляющего, внимательно изучать все бумаги, прежде чем их подписывать, и помнить, что инвестиции на фондовом рынке всегда связаны с рисками."
444,Как кредитные каникулы отражаются на кредитной истории с учетом новых сроков хранения записей?,"Кредитные каникулы могут отразиться на кредитной истории следующим образом: 1. В период кредитных каникул платежи по кредиту могут быть приостановлены или уменьшены. Это может быть отражено в кредитной истории как изменение графика платежей. 2. Если кредитные каникулы были предоставлены в рамках реструктуризации долга, это также может быть отражено в кредитной истории. 3. После окончания кредитных каникул, если заемщик возобновляет платежи в соответствии с новым графиком, это может положительно сказаться на кредитной истории. 4. Если заемщик не возобновляет платежи после окончания кредитных каникул, это может привести к просрочкам и негативно отразиться на кредитной истории. Срок хранения записей в кредитной истории составляет 10 лет. Это означает, что все изменения, связанные с кредитными каникулами, будут храниться в кредитной истории в течение этого срока."
445,Зачем в бизнес-плане заранее прописывать действия на случай ухудшения условий?,"В бизнес-плане важно заранее прописывать действия на случай ухудшения условий, чтобы минимизировать риски и обеспечить устойчивость бизнеса. Это позволяет предпринимателю быть готовым к неожиданным изменениям на рынке, таким как экономические кризисы, изменения в законодательстве или снижение спроса на продукцию. В случае ухудшения условий, предприниматель сможет быстро принять меры для стабилизации бизнеса, например, сократить расходы, пересмотреть стратегию или привлечь дополнительное финансирование. Кроме того, наличие плана действий на случай ухудшения условий может повысить доверие инвесторов и кредиторов, что увеличит шансы на получение финансирования."
446,Какие первые шаги сделать при мошенническом списании с карты?,"При мошенническом списании с карты необходимо предпринять следующие шаги: 1. Немедленно заблокировать карту, позвонив в банк по номеру службы поддержки. Это предотвратит дальнейшие списания. 2. Обратиться в банк с заявлением о мошеннических операциях. Банк проведет расследование и примет меры для возврата средств, если списание подтвердится. 3. Сохранить все документы и чеки, подтверждающие мошеннические операции. Это поможет в процессе расследования. 4. Обратиться в полицию для подачи заявления о мошенничестве. Это может быть необходимо для дальнейших юридических действий. 5. Следовать рекомендациям банка по защите карты и счета в будущем, чтобы предотвратить подобные инциденты."
447,Как меняется порядок ответственности созаемщика против поручителя при смерти участника СВО?,"Для ответа на ваш вопрос требуется больше информации, так как в предоставленном контексте нет данных о порядке ответственности созаемщика и поручителя при смерти участника СВО. Рекомендую уточнить этот вопрос у специалиста банка или юриста, который сможет предоставить точную информацию на основе действующего законодательства и условий вашего договора."
448,Как созаемщик влияет на условия ипотеки по сравнению с поручителем?,"Созаемщик и поручитель влияют на условия ипотеки по-разному. Созаемщик является полноценным участником кредитного договора. Его доход учитывается при расчете максимальной суммы кредита, а также его кредитная история влияет на решение банка о выдаче ипотеки. Наличие созаемщика может повысить шансы на одобрение кредита и увеличить сумму, которую банк готов выдать. Поручитель, в свою очередь, лишь гарантирует выполнение обязательств основного заемщика. Его доход и кредитная история не влияют на условия ипотеки напрямую, но банк может учитывать их при оценке надежности заемщика. Поручитель несет такую же ответственность по кредиту, как и основной заемщик, но не имеет прав на залоговое имущество. Таким образом, созаемщик может существенно повлиять на условия ипотеки, тогда как поручитель в основном служит дополнительной гарантией для банка."
449,Почему многие страны перешли к инфляционному таргетированию и какую цель по инфляции выбрал Банк России?,"Многие страны перешли к инфляционному таргетированию, чтобы обеспечить стабильность цен и предсказуемость экономической политики. Это позволяет снизить инфляционные ожидания и создать условия для устойчивого экономического роста. Банк России выбрал цель по инфляции в 4%. Это означает, что центральный банк стремится поддерживать уровень инфляции вблизи этого значения, чтобы обеспечить стабильность цен и доверие к национальной валюте."
450,Как зафиксировать курс валюты для будущей закупки без покупки валюты сразу?,"Для фиксации курса валюты на будущую закупку без немедленной покупки можно рассмотреть несколько вариантов: 1. **Форвардный контракт** - это соглашение с банком о покупке валюты по заранее установленному курсу в будущем. Это позволяет зафиксировать текущий курс и защититься от возможных колебаний. 2. **Опционный контракт** - это право, но не обязательство, купить валюту по заранее установленному курсу в будущем. Опцион дает больше гибкости, так как вы можете воспользоваться выгодным курсом или отказаться от сделки, если курс станет более выгодным. 3. **Валютный своп** - это соглашение о обмене валютами на определенный срок по заранее установленному курсу. Это может быть полезно, если у вас есть обязательства в иностранной валюте. Для более детальной информации и оформления таких сделок обратитесь в ваш банк."
451,Когда крупнейшие банки предоставят доступ к цифровому рублю по сравнению со статусом подключения банков к СБП?,На данный момент в предоставленных текстах нет информации о сроках предоставления доступа к цифровому рублю крупнейшими банками. Также нет данных о сравнении статуса подключения банков к Системе быстрых платежей (СБП) и цифровому рублю. Для получения актуальной информации по этому вопросу рекомендую обратиться напрямую в Банк России или на официальные ресурсы крупнейших банков.
452,Как работает период охлаждения для допуслуг к кредитам по сравнению с полисами ИСЖ?,"Период охлаждения для дополнительных услуг к кредитам и для полисов ипотечного страхования жизни и здоровья (ИСЖ) может отличаться. Для дополнительных услуг к кредитам период охлаждения обычно составляет 5-14 дней. В течение этого времени вы можете отказаться от услуги и вернуть деньги, если не были оказаны услуги. Для полисов ИСЖ период охлаждения также составляет 5-14 дней. В течение этого времени вы можете отказаться от страховки и вернуть деньги, если не было страховых случаев. Однако, важно уточнить условия периода охлаждения у вашего банка или страховой компании, так как они могут отличаться."
453,Чем отличаются по риску и доходности банковский вклад и инвестиции в ценные бумаги для пассивного дохода?,"Банковский вклад и инвестиции в ценные бумаги отличаются по уровню риска и доходности. Банковский вклад обычно считается более безопасным инструментом. Доходность по вкладу фиксирована и зависит от процентной ставки, установленной банком. Риск по вкладу минимален, так как средства застрахованы в рамках системы страхования вкладов. Инвестиции в ценные бумаги, такие как акции и облигации, могут приносить более высокую доходность, но и связаны с большим риском. Ценные бумаги подвержены колебаниям на фондовом рынке, и их стоимость может как расти, так и падать. Доходность по ценным бумагам может быть как фиксированной (например, купонный доход по облигациям), так и переменной (например, дивиденды по акциям). Для пассивного дохода инвестиции в ценные бумаги могут быть более подходящими, так как они могут приносить доход в виде дивидендов или купонных выплат. Однако важно помнить, что инвестиции в ценные бумаги требуют более тщательного анализа и управления рисками."
454,Кто не сможет получить социальный налоговый вычет?,"Социальный налоговый вычет не смогут получить граждане, которые не имеют официального дохода, с которого уплачивается налог на доходы физических лиц (НДФЛ). Это связано с тем, что социальный налоговый вычет возвращает часть уплаченного налога, а без официального дохода налог не уплачивается. Также важно отметить, что самозанятые граждане, которые платят налог на профессиональный доход, могут получить социальный налоговый вычет только в том случае, если они официально зарегистрированы и платят налоги."
455,"Почему пенсионеры, а также бывшие жертвы пирамид становятся мишенью повторных афер?","Пенсионеры и бывшие жертвы пирамид становятся мишенью повторных афер по нескольким причинам: Во-первых, пенсионеры часто имеют накопления, которые мошенники стремятся получить. Преступники используют различные схемы, чтобы выманить деньги, например, звонят от имени банка или государственных органов, требуя перевести средства на якобы безопасные счета. Во-вторых, бывшие жертвы пирамид могут быть более доверчивыми и менее бдительными, так как уже имели опыт участия в подобных схемах. Мошенники могут использовать этот фактор, предлагая новые выгодные предложения, которые на самом деле являются обманом. Кроме того, преступники часто применяют методы социальной инженерии, чтобы манипулировать людьми и заставить их самих отдавать деньги. Это может включать в себя создание ложного чувства срочности или страха, чтобы жертва приняла решение без должного обдумывания. Для защиты от повторных афер важно быть бдительным, не доверять незнакомым звонкам и сообщениям, а также не передавать свои личные данные и деньги без проверки информации. Банк России проводит бесплатные уроки финансовой грамотности, которые помогут разобраться в новых схемах обмана и методах защиты."
456,Как распознать фишинговый сайт при оплате онлайн?,"Чтобы распознать фишинговый сайт при оплате онлайн, обратите внимание на следующие моменты: 1. Проверьте адрес сайта. Фишинговые сайты часто очень похожи на настоящие, но их адреса могут отличаться всего одним-двумя символами. 2. Убедитесь, что сайт использует защищенное соединение (адрес должен начинаться с https://). 3. Проверьте наличие знаков безопасности, таких как значок замка в адресной строке браузера. 4. Внимательно изучите уведомления и сообщения на сайте. Если они содержат ошибки или выглядят подозрительно, это может быть признаком фишинга. 5. Проверьте платежную ссылку перед оплатой. Если она выглядит подозрительно, не переходите по ней. 6. Если для оплаты требуется код от банка, сначала проверьте уведомление — совпадают ли сумма и адресат. Для более подробной информации о том, как распознать фишинговый сайт, вы можете прочитать статью «Фишинг: что это такое и как от него защититься»."
457,"Как оспорить кредит, оформленный мошенниками на мое имя?","Для оспаривания кредита, оформленного мошенниками на ваше имя, следуйте этим шагам: 1. **Обратитесь в банк или МФО**, где был оформлен кредит. Напишите заявление о том, что вы не оформляли этот кредит и подозреваете мошенничество. Приложите к заявлению копии документов, подтверждающих вашу личность и отсутствие подписи в договоре. 2. **Подайте заявление в полицию**. Составьте заявление о мошенничестве. Укажите все известные вам детали о мошенниках и прилагайте копии документов, которые у вас есть: договоры, чеки, скриншоты с сайта и т.д. 3. **Обратитесь в Банк России**, если кредит был оформлен в организации, которая имеет лицензию Банка России. Банк России может провести проверку и принять меры против нарушителей. 4. **Соберите все доказательства**. Это могут быть скриншоты переписок, записи разговоров, свидетельские показания и другие документы, которые могут подтвердить вашу позицию. 5. **Обратитесь в суд**, если банк или МФО отказываются признавать мошенничество. Суд может принять решение в вашу пользу и обязать банк или МФО отменить кредит. Если у вас есть дополнительные вопросы по этой теме, обращайтесь."
458,Почему при санкциях против брокера с депозитарной лицензией замораживаются иностранные активы клиентов?,"При санкциях против брокера с депозитарной лицензией иностранные активы клиентов могут замораживаться по нескольким причинам. Во-первых, санкции могут ограничивать операции с иностранными активами, что приводит к временному запрету на их перевод или продажу. Во-вторых, банки и другие финансовые учреждения, которые обслуживают брокера, могут приостановить операции с иностранными активами из-за рисков нарушения санкционного законодательства. В-третьих, регуляторы, такие как Банк России, могут временно ограничить операции с иностранными активами для защиты интересов клиентов и предотвращения возможных потерь. В таких ситуациях клиентам рекомендуется следить за обновлениями от брокера и регуляторов, а также обращаться в поддержку брокера для получения актуальной информации о статусе своих активов."
459,"Как действовать, если сомневаетесь в легальности финансовой организации?","Чтобы проверить легальность финансовой организации, воспользуйтесь справочником Банка России. Введите название организации в справочник, чтобы убедиться, что она зарегистрирована и работает легально. Если организация не найдена в справочнике, это повод насторожиться. Если вы уже подписали договор с МФО, но она нарушает закон, обратитесь с жалобой в Банк России и в саморегулируемую организацию (СРО), в которую входит эта МФО. За нарушения МФО могут оштрафовать или исключить из СРО и государственного реестра. Перед подписанием любых документов внимательно их изучите. Не торопитесь и не поддавайтесь на уговоры. При необходимости проконсультируйтесь с юристом."
460,Закроет ли банк карту или счет автоматически после полного погашения кредита?,"Нет, банк не закроет карту или счет автоматически после полного погашения кредита. Для закрытия счета и аннулирования карты необходимо подать в банк соответствующее заявление. Это поможет избежать возможных комиссий и образования нового долга."
461,Как узнать обо всех оформленных на вас кредитах?,"Для того чтобы узнать обо всех оформленных на вас кредитах, вы можете воспользоваться несколькими способами: 1. **Обратиться в бюро кредитных историй (БКИ)**. В России действуют несколько БКИ, таких как Национальное бюро кредитных историй (НБКИ), Объединённое кредитное бюро (ОКБ) и другие. Вы можете запросить свою кредитную историю, которая содержит информацию обо всех ваших кредитах и займах. 2. **Использовать государственные сервисы**. Например, на портале Госуслуг можно получить выписку из кредитной истории. Для этого нужно зарегистрироваться на портале и подать соответствующий запрос. 3. **Обратиться в банки и микрофинансовые организации (МФО)**, где у вас могут быть кредиты. Вы можете запросить информацию о своих задолженностях и текущих кредитах. 4. **Использовать услуги банков и финансовых организаций**, которые предоставляют возможность проверки кредитной истории. Некоторые банки и сервисы предлагают бесплатные или платные услуги по проверке кредитной истории. Если у вас есть подозрения, что на вас оформлены кредиты без вашего ведома, рекомендуется установить самозапрет на кредиты и займы. Это поможет защитить вас от мошеннических действий."
462,Как соотносится автоматическое начисление налога на АУСН с порядком списания долгов со счетов ИП?,"Автоматическое начисление налога на АУСН (упрощенная система налогообложения) и порядок списания долгов со счетов ИП (индивидуальных предпринимателей) регулируются разными механизмами и нормативными актами. 1. Автоматическое начисление налога на АУСН:  - Налог на АУСН начисляется автоматически на основе данных, предоставленных организацией или ИП в налоговую службу.  - Для получения налогового вычета не требуется предоставлять подтверждающие документы или декларацию.  - ФНС перечисляет деньги в течение месяца после подтверждения согласия. 2. Порядок списания долгов со счетов ИП:  - Если ФССП (Федеральная служба судебных приставов) списывает деньги с счетов ИП для погашения долгов, и при этом допускает ошибки или не исправляет их, ИП может подать жалобу в интернет-приемную ФССП.  - В случае затягивания рассмотрения заявления или отказа ФССП в возврате денег, ИП может обратиться в прокуратуру или подать иск в суд. Таким образом, автоматическое начисление налога на АУСН и списание долгов со счетов ИП — это разные процессы, которые регулируются разными органами и нормативными актами."
463,"Какие принципы финансовой дисциплины помогают избежать перерасхода, долгов?","Финансовая дисциплина помогает избежать перерасхода и долгов. Вот несколько ключевых принципов: 1. Планирование бюджета. Регулярно составляйте бюджет, учитывая все доходы и расходы. Это поможет контролировать финансовые потоки и избежать ненужных трат. 2. Создание финансовой подушки. Откладывайте часть доходов на резервный фонд. Это поможет покрыть непредвиденные расходы без привлечения заемных средств. 3. Контроль расходов. Следите за своими тратами и избегайте импульсных покупок. Перед покупкой оценивайте, насколько она необходима. 4. Использование кредитов только по необходимости. Перед оформлением кредита тщательно оценивайте свою способность его погасить. Избегайте займов на несущественные нужды. 5. Регулярное погашение долгов. Если у вас уже есть долги, старайтесь погашать их как можно быстрее, чтобы избежать накопления процентов. 6. Образование в области финансов. Учитесь управлять своими финансами, читайте литературу, посещайте семинары и консультации. Это поможет принимать обоснованные финансовые решения. Следуя этим принципам, вы сможете избежать перерасхода и долгов, а также улучшить свое финансовое положение."
464,Какие признаки выдают телефонную мошенническую атаку?,"Признаки телефонной мошеннической атаки могут включать следующие моменты: 1. Звонок от неизвестного номера, особенно если он начинается с необычного кода или выглядит подозрительно. 2. Сотрудник банка или другой организации не будет требовать от вас пароли, коды из СМС или другую конфиденциальную информацию по телефону. 3. Мошенники могут использовать психологические приемы, такие как создание чувства срочности или страха, чтобы заставить вас действовать быстро и без раздумий. 4. Если звонящий предлагает перевести деньги на безопасный счет или предоставить доступ к вашему счету, это почти наверняка мошенничество. 5. Проверьте информацию о звонке самостоятельно, перезвонив в банк по официальному номеру, указанному на сайте или в договоре. Если вы заметили что-то подозрительное, лучше перезвонить в банк самостоятельно по официальному номеру и уточнить информацию."
465,Какие инструменты помогают сократить расходы на праздники?,"Для сокращения расходов на праздники можно использовать несколько финансовых инструментов: 1. Общий счет с двумя картами. Это позволяет совместно управлять бюджетом и контролировать расходы. 2. Приложения для учета расходов и доходов. Они помогают отслеживать финансы и планировать траты. 3. Карты с кешбэком. Они возвращают часть потраченных средств, что снижает общую сумму расходов. 4. Финансовые инструменты для накоплений, такие как общий «семейный банк» или две личные копилки. Это помогает копить деньги на праздники заранее. Также важно планировать бюджет и следить за расходами, чтобы финансовые решения были более продуманными."
466,"Какой реестр проверяют по МФО, а какой по коллекторскому агентству?","Для проверки микрофинансовых организаций (МФО) необходимо обращаться к государственному реестру МФО. Этот реестр содержит информацию о всех легально работающих микрофинансовых компаниях. Для проверки коллекторских агентств нужно обращаться к реестру коллекторских агентств, который также ведется Банком России. В этом реестре содержатся данные о всех коллекторских агентствах, имеющих лицензию на свою деятельность."
467,Как совмещать накопления на долгосрочные цели с контролем повседневных трат?,"Для совмещения накоплений на долгосрочные цели с контролем повседневных трат можно использовать несколько подходов: 1. **Финансовый план и учет расходов**:  - Составьте финансовый план, определите ежемесячные доходы и расходы.  - Используйте таблицу или специальное приложение для учета доходов и расходов.  - Регулярно сверяйтесь с планом и корректируйте его при необходимости. 2. **Автоматизация накоплений**:  - Настройте автоматическое перечисление средств на накопительный счет или вклад сразу после получения зарплаты.  - Используйте карты с кешбэком для повседневных трат, чтобы частично компенсировать расходы. 3. **Разделение средств**:  - Откройте отдельный счет для накоплений, чтобы не смешивать средства для повседневных трат и долгосрочных целей.  - Используйте общий счет с двумя картами, если ведете бюджет вместе с партнером. 4. **Использование финансовых инструментов**:  - Вкладывайте средства на депозиты или индивидуальные инвестиционные счета (ИИС) для долгосрочных накоплений.  - Изучите возможности налоговых вычетов при использовании ИИС. 5. **Регулярный пересмотр бюджета**:  - Актуализируйте список обязательных трат хотя бы раз в полгода.  - Анализируйте свои расходы и доходы, чтобы понимать, где можно сэкономить и увеличить накопления. Следуя этим рекомендациям, вы сможете эффективно контролировать повседневные траты и одновременно накапливать средства на долгосрочные цели."
468,Как защищены деньги на аккредитиве по сравнению со счетом эскроу при сделке в ипотеке?,"Деньги на аккредитиве и счете эскроу защищены по-разному. При аккредитиве средства блокируются на счете банка и перечисляются продавцу только после выполнения определенных условий. В случае банкротства банка эти средства защищены в рамках системы страхования вкладов, но только в пределах 10 млн рублей. Счет эскроу также защищает средства, но они находятся на отдельном счете и перечисляются продавцу только после выполнения условий сделки. В случае банкротства банка средства на эскроу-счете сверх 10 млн рублей можно вернуть только в ходе банкротства или ликвидации банка. Таким образом, обе системы защищают средства, но счет эскроу может быть более надежным для крупных сумм, так как средства находятся на отдельном счете и защищены от несанкционированного доступа."
469,Как снизить риск личных выплат при суброгации после ДТП?,"Чтобы снизить риск личных выплат при суброгации после ДТП, следуйте этим рекомендациям: 1. **Покупайте полис ДСАГО**. Это добровольное страхование, которое покрывает ущерб, превышающий лимит ОСАГО. Даже если полис не обязателен, он значительно снижает ваши финансовые риски. 2. **Будьте внимательны при оформлении ОСАГО**. Убедитесь, что все данные в полисе заполнены корректно. Если страховая компания обнаружит нестыковки после аварии, она может взыскать с вас сумму выплаты пострадавшему. 3. **Не привлекайте юристов без необходимости**. Если вы получаете возмещение от страховой компании напрямую, оно не облагается НДФЛ. Юристы могут занижать размер выплаты и получать от страховщика больше, чем выплачивают вам, а вы еще и заплатите налог с их вознаграждения. 4. **Следите за сроками и процедурами**. Если ущерб потерпевшего превышает установленную законом сумму, виновник аварии должен возместить разницу самостоятельно. Убедитесь, что все процедуры оформлены правильно, чтобы избежать дополнительных расходов. Если у вас есть дополнительные вопросы по страхованию или банковским продуктам, задавайте их."
470,Доступна ли одновременная льгота на взносах вместе с льготой на доход по ИИС разных типов?,"По вопросу о доступности одновременной льготы на взносы и льготы на доход по индивидуальному инвестиционному счету (ИИС) разных типов, необходимо уточнить, что ИИС бывает двух типов: с вычетом на взносы (тип А) и с вычетом на доход (тип Б). Одновременное использование обоих типов льгот невозможно. Вы можете выбрать только один тип льготы при открытии ИИС. Если у вас уже открыт ИИС одного типа, вы не можете изменить его на другой."
471,Кто вправе запрашивать информацию о ценных бумагах умершего?,"Информацию о ценных бумагах умершего вправе запрашивать наследники, предоставив соответствующие документы, подтверждающие их право на наследство. Обычно это свидетельство о праве на наследство, выданное нотариусом. Банк или брокерская компания, где хранились ценные бумаги, предоставят информацию наследникам после проверки документов."
472,Как отменить навязанную допуслугу к онлайн‑займу под 0%?,"Для отмены навязанной дополнительной услуги к онлайн-займу под 0% вам необходимо обратиться в банк или микрофинансовую организацию, где вы оформляли займ. Уточните в договоре условия предоставления услуги и возможность ее отмены. Обычно это можно сделать через личный кабинет, звонок в службу поддержки или посещение офиса. Убедитесь, что у вас есть все необходимые документы для подтверждения вашей личности и права на отмену услуги."
473,Как избежать ущерба кредитной истории при риске просрочки по краткосрочному займу?,"Чтобы избежать ущерба кредитной истории при риске просрочки по краткосрочному займу, следуйте этим рекомендациям: 1. Планируйте свои платежи заранее. Убедитесь, что у вас есть достаточно средств для погашения займа в срок. Рассчитайте свои доходы и расходы, чтобы избежать непредвиденных ситуаций. 2. Обратитесь в банк или МФО за реструктуризацией долга, если понимаете, что не сможете вовремя вернуть деньги. В договоре рефинансирования должны быть прописаны возможные санкции, но это лучше, чем просрочка. 3. Следуйте графику платежей и старайтесь избегать просрочек. Если вы уже взяли займ, придерживайтесь графика платежей, чтобы не допустить просрочек. 4. Установите самозапрет на кредиты и займы, если не планируете брать новые кредиты. Это защитит вас от мошенников и случайных долгов. 5. Проверьте свою кредитную историю регулярно. Если вы обнаружите незакрытые долги или просроченные займы, которые вы не брали, обратитесь в бюро кредитных историй для исправления информации. 6. Не берите займы без необходимости. Подумайте, действительно ли вам нужен займ, и рассчитайте, как вы будете его возвращать. Считается, что ежемесячные платежи по кредитам не должны превышать 30% вашего дохода."
474,"Кто контролирует работу брокеров, депозитариев и управляющих ПИФов?","Работу всех финансовых институтов, включая паевые инвестиционные фонды (ПИФы) и управляющие компании, контролирует Центральный банк Российской Федерации (Банк России)."
475,Как сочетать УСН с патентом при тестировании нового направления с учетом личного риска ИП?,"Для сочетания УСН с патентом при тестировании нового направления бизнеса с учетом личного риска ИП, важно учитывать несколько ключевых моментов: 1. **Выбор системы налогообложения**:  - УСН (упрощенная система налогообложения) и патентная система налогообложения (ПСН) могут применяться одновременно, но для разных видов деятельности. Это означает, что основной вид деятельности может быть на УСН, а новый тестируемый вид деятельности — на патенте.  - Патентная система подходит для небольших видов деятельности с ограниченным доходом, так как она предполагает фиксированный налоговый платеж за весь срок действия патента. 2. **Риски и тестирование**:  - При тестировании нового направления важно оценить риски. Патентная система может быть выгодна, если доход от нового направления не превышает установленные лимиты, так как это позволит избежать дополнительных налоговых обязательств.  - УСН, в свою очередь, может быть более гибкой и подходящей для более масштабных проектов, где доходы могут варьироваться. 3. **Господдержка и льготы**:  - Для снижения рисков можно воспользоваться господдержкой бизнеса. Подробнее о видах господдержки и льготных программах можно узнать на сайте Корпорации МСП и портале «Мой бизнес». 4. **Консультация с специалистами**:  - Перед принятием решения рекомендуется проконсультироваться с бухгалтером или налоговым консультантом, чтобы правильно оформить документы и избежать налоговых рисков. Таким образом, сочетание УСН с патентом при тестировании нового направления бизнеса может быть выгодным, если правильно оценить риски и выбрать подходящую систему налогообложения для каждого вида деятельности."
476,Какой способ контроля поможет вовремя заметить мошеннические списания по карте?,"Подключите СМС или push-уведомления по всем банковским картам, которыми вы пользуетесь. Это поможет оперативно узнавать о платежах, которые вы не совершали, и вовремя их оспаривать."
477,В каких ситуациях возможно упрощенное внесудебное банкротство должника?,"Упрощенное внесудебное банкротство возможно в следующих ситуациях: 1. Если сумма долга не превышает 500 000 рублей. 2. Если у должника нет имущества, на которое можно обратить взыскание. 3. Если должник не занимался предпринимательской деятельностью в течение последних трех лет. В таких случаях процедура банкротства может быть проведена через многофункциональный центр (МФЦ) без обращения в суд."
478,Как проверить легальность ломбарда либо брокера?,"Чтобы проверить легальность ломбарда или брокера, вы можете воспользоваться официальным справочником Банка России. На сайте Банка России представлена актуальная информация о всех зарегистрированных финансовых организациях, включая ломбарды и брокерские компании. Это позволит вам убедиться, что организация работает легально и имеет соответствующие лицензии."
479,Как соотносится переплата по займам под 0% при просрочке с законным лимитом по краткосрочным кредитам?,"Переплата по займам под 0% при просрочке может значительно превышать законный лимит по краткосрочным кредитам. Согласно первому тексту, закон позволяет судье снизить размер задолженности до уровня ключевой ставки, действовавшей в период действия кредитного договора, но это происходит редко и только в исключительных случаях. В остальных случаях переплата может быть очень высокой, особенно если заемщик не успевает погасить долг в срок."
480,"Как поступить, если пришло сообщение об ошибочном переводе с просьбой вернуть деньги?","Если вы получили сообщение об ошибочном переводе, сначала убедитесь, что это не мошенническая схема. Не переводите деньги, пока не проверите информацию. Ознакомьтесь с инструкциями в статье «Как вернуть деньги, которые вы отправили или получили по ошибке». Если перевод действительно ошибочный, свяжитесь с банком для уточнения деталей и дальнейших действий."
481,Как безопасно оформить ОСАГО онлайн через финансовую платформу?,"Для безопасного оформления ОСАГО онлайн через финансовую платформу рекомендуется следовать нескольким ключевым шагам: 1. Проверьте надежность платформы. Убедитесь, что платформа имеет лицензию на предоставление финансовых услуг и работает легально. Это можно сделать, запросив у платформы соответствующие документы или проверив информацию на официальных сайтах регулирующих органов. 2. Используйте проверенные платформы. Оформляйте ОСАГО через официальные сайты страховых компаний, которые имеют лицензию на проведение страховых операций. Это снизит риск мошенничества. 3. Внимательно заполняйте данные. При оформлении полиса внимательно проверяйте вводимые данные, чтобы избежать ошибок, которые могут привести к проблемам при использовании полиса. 4. Используйте безопасные методы оплаты. Для оплаты полиса выбирайте безопасные методы, такие как банковский перевод, электронные кошельки с высоким уровнем защиты или платежные системы, которые предлагают дополнительные меры безопасности. 5. Сохраняйте копии документов. После оформления полиса сохраните все документы, подтверждающие покупку, включая квитанции об оплате и электронные копии полиса. Это поможет в случае возникновения спорных ситуаций. Если у вас возникли сомнения в безопасности платформы, лучше обратиться в страховую компанию напрямую или воспользоваться услугами проверенных агрегаторов, которые сотрудничают с лицензированными банками и страховыми компаниями."
482,Нужно ли банку считать ПДН при оформлении кредитных каникул для мобилизованного?,"При оформлении кредитных каникул для мобилизованных заемщиков банк не всегда обязан учитывать ПДН (потребительский долг на душу населения). Это зависит от условий кредитного договора и внутренних политик банка. В данном случае, важно обратиться в банк, где оформлен кредит, и уточнить условия предоставления кредитных каникул для мобилизованных. Банк может предложить различные варианты поддержки, включая отсрочку платежей, изменение графика погашения или другие меры. Если у вас есть конкретный банк, в котором оформлен кредит, рекомендуется связаться с его службой поддержки или посетить отделение для получения точной информации."
483,Какие онлайн‑сервисы МСП помогут на старте: где сделать бизнес‑план и где подать заявку на льготную поддержку?,"Для старта бизнеса и получения льготной поддержки можно воспользоваться следующими онлайн-сервисами: 1. **Сайт Корпорации МСП**:  - Здесь можно узнать о мерах поддержки, действующих в вашем регионе и отрасли.  - Подать заявку на льготный кредит или заем.  - Подобрать помещение для бизнеса с невысокой арендной платой.  - Пройти бесплатное обучение, включая курсы для начинающих предпринимателей и персональные консультации по развитию бизнеса. 2. **Государственный портал «Мой бизнес»**:  - На этом портале можно подобрать льготные программы, действующие в вашем регионе.  - Узнать о мерах поддержки, которые предлагают многие регионы.  - Получить более подробную информацию о помощи, на которую вы можете рассчитывать, в местных центрах поддержки предпринимателей. 3. **Цифровая платформа МСП**:  - Поможет узнать о полезных сервисах и государственных программах, которые подойдут именно вашему бизнесу.  - Через сервис «Факторинг для бизнеса» на Цифровой платформе МСП.РФ можно найти проверенные компании и подать единую онлайн-заявку. В течение 24 часов факторинговые компании направят вам индивидуальные условия финансирования в личный кабинет МСП.РФ. Эти сервисы помогут вам на старте бизнеса, включая создание бизнес-плана и получение льготной поддержки."
484,Как изменился размер соцвычета на спорт в 2024 по сравнению с 2022?,"К сожалению, в предоставленном контексте нет информации о размере социального вычета на спорт в 2024 и 2022 годах. Для получения актуальной информации рекомендую обратиться в налоговую службу или на официальный сайт банка, где могут быть опубликованы последние изменения по социальным вычетам."
485,"Что стоит сделать перед оформлением ипотеки, чтобы учесть обязательные расходы по кредиту?","Перед оформлением ипотеки важно учесть несколько ключевых моментов: 1. Оцените свои финансовые возможности. Убедитесь, что ежемесячные платежи по кредиту не превышают 30% вашего дохода. Это поможет избежать финансовых трудностей в будущем. 2. Учтите все обязательные расходы, связанные с оформлением ипотеки. Это могут быть комиссии банка, страхование, оценка недвижимости и другие расходы. 3. Ознакомьтесь с условиями договора и возможными рисками. Например, если вы покупаете квартиру в строящемся доме, убедитесь, что средства зачисляются на счет эскроу, чтобы минимизировать риски. 4. Подумайте о непредвиденных обстоятельствах, таких как потеря работы или болезнь, и как вы будете выплачивать кредит в таких ситуациях. 5. Сравните предложения разных банков, чтобы выбрать наиболее выгодные условия. Для более детальной информации вы можете обратиться к статьям, указанным в контексте, особенно к статье «Ипотека от застройщика: особенности и риски»."
486,"Где проверять легальность банков, страховщиков, платежных агрегаторов?","Для проверки легальности банков, страховщиков и платежных агрегаторов можно воспользоваться следующими ресурсами: 1. Банки и кредитные организации: проверьте название и лицензию в Справочнике участников финансового рынка на сайте Банка России. 2. Страховщики: также можно проверить в Справочнике участников финансового рынка на сайте Банка России. 3. Платежные агрегаторы: убедитесь, что у них есть лицензия небанковской кредитной организации или договор платежного агента с лицензированным банком."
487,Чем отличается вклад от инвестиций по защите средств?,"Вклад и инвестиции отличаются по уровню защиты средств. При размещении средств на вклад в банке, средства клиента защищены системой страхования вкладов. В России, например, это система АСВ (Агентство по страхованию вкладов), которая гарантирует возврат вкладов до 1,4 миллиона рублей в случае отзыва лицензии у банка. Инвестиции, в свою очередь, не гарантируют возврат средств. Инвестиции связаны с рисками, и их доходность может как превышать, так и быть ниже ожидаемой. В случае инвестиций в ценные бумаги, клиент несет все риски, связанные с изменением рыночной конъюнктуры, кредитоспособностью эмитента и другими факторами. Таким образом, вклад обеспечивает более высокую степень защиты средств, тогда как инвестиции предполагают более высокие риски и потенциальную доходность."
488,Нужно ли заемщику менять платежи при санации банка либо при отзыве лицензии?,"При санации банка или отзыве лицензии у заемщика могут возникнуть изменения в условиях обслуживания кредита. Однако, непосредственно менять график платежей не всегда обязательно. Вот что важно учитывать: 1. **Санация банка**: В этом случае банк продолжает работать, но под контролем регуляторов. Условия кредитного договора могут быть пересмотрены, но это зависит от конкретных решений банка и регуляторов. Заемщику следует уточнить у банка, не изменились ли условия обслуживания кредита. 2. **Отзыв лицензии**: Если у банка отозвана лицензия, заемщику необходимо действовать в соответствии с инструкциями Агентства по страхованию вкладов (АСВ) или нового управляющего банка. В этом случае могут быть предложены варианты реструктуризации долга или передачи кредита другому банку. Заемщику важно следить за официальными сообщениями и действовать в соответствии с ними. В обоих случаях заемщику рекомендуется обратиться в банк или АСВ для получения точной информации о дальнейших действиях."
489,Как учитывать инфляцию в семейном финансовом плане?,"Для учета инфляции в семейном финансовом плане следует: 1. Оценить текущий уровень инфляции и прогнозируемые изменения. Это поможет понять, насколько будут расти цены на товары и услуги. 2. Учитывать инфляцию при формировании сбережений. Например, если вы планируете накопить определенную сумму, учитывайте, что через несколько лет эта сумма будет иметь меньшую покупательную способность из-за инфляции. 3. Использовать финансовые инструменты, которые защищают от инфляции. Например, вклады с процентной ставкой выше уровня инфляции, облигации с плавающим купоном или инвестиции в акции компаний, которые могут расти быстрее инфляции. 4. Регулярно пересматривать финансовый план и корректировать его с учетом изменения уровня инфляции. Это поможет сохранить покупательную способность ваших сбережений и достичь финансовых целей."
490,Почему банковский вклад безопаснее инвестиций в ПИФы?,"Банковский вклад считается более безопасным по нескольким причинам: 1. Гарантии государства: Вклады в банках застрахованы государством. В России, например, действует система страхования вкладов, которая гарантирует возврат средств до определенной суммы (на 2023 год это 1,4 миллиона рублей) в случае отзыва лицензии у банка. 2. Стабильность доходности: Процентная ставка по вкладу фиксируется на весь срок и не зависит от колебаний на финансовых рынках. Это позволяет заранее знать, какой доход вы получите. 3. Отсутствие рыночных рисков: В отличие от ПИФов, где доходность зависит от динамики цен на ценные бумаги, банковские вклады не подвержены рыночным рискам. Вы не можете потерять свои деньги из-за падения стоимости активов. 4. Простота и понятность: Банковские вклады проще в управлении и не требуют глубоких знаний о рынке ценных бумаг. Это делает их более доступными для большинства людей. Однако стоит учитывать, что доходность по вкладам обычно ниже, чем потенциальная доходность от инвестиций в ПИФы. Поэтому выбор между вкладом и ПИФом зависит от ваших целей, сроков инвестирования и уровня риска, который вы готовы принять."
491,Какие ПИФы подходят для краткосрочной стратегии?,"Для краткосрочной стратегии инвестирования подходят ПИФы, которые вкладываются в высоколиквидные активы, такие как акции или облигации с коротким сроком погашения. Это позволяет быстрее выйти из инвестиций и получить прибыль. Однако важно учитывать, что краткосрочные инвестиции обычно сопряжены с более высокими рисками. Рекомендуется выбирать ПИФы, которые инвестируют в активы с высокой ликвидностью, чтобы можно было быстро продать их при необходимости. Также стоит обратить внимание на фонды, которые имеют хорошую историю выплат и стабильную доходность. Для более детального понимания инвестиций и рисков можно пройти бесплатный онлайн-курс от Московской биржи «Путь инвестора»."
492,В чем различие условий вычетов по ИИС-1/ИИС-2?,"ИИС-1 (тип А) и ИИС-2 (тип Б) — это два типа индивидуальных инвестиционных счетов, которые имеют разные условия налоговых вычетов. ИИС-1 (тип А) позволяет получить налоговый вычет на внесенные средства. Максимальная сумма вычета составляет 1 миллион рублей в год, а налоговый вычет составляет 13% от этой суммы, то есть 130 тысяч рублей в год. Этот вычет можно получить только один раз в год, и он не зависит от доходности инвестиций. ИИС-2 (тип Б) не предоставляет налоговый вычет на внесенные средства, но позволяет не платить налог на доходы от инвестиций. Это означает, что все доходы, полученные от инвестиций на этом счете, не облагаются налогом. Однако, если вы закрываете счет раньше трех лет, то налог на доходы все же придется заплатить. Таким образом, основное различие между ИИС-1 и ИИС-2 заключается в том, что ИИС-1 предоставляет налоговый вычет на внесенные средства, а ИИС-2 позволяет не платить налог на доходы от инвестиций."
493,Какие страховки реально обязательны по закону?,"По закону обязательными являются следующие виды страховок: 1. ОСАГО (Обязательное страхование автогражданской ответственности) — для владельцев транспортных средств. 2. Обязательное медицинское страхование (ОМС) — для всех граждан. 3. Страхование ответственности перевозчика (для юридических лиц и индивидуальных предпринимателей, занимающихся перевозками). 4. Страхование ответственности работодателя за причинение вреда жизни и здоровью работников (для работодателей). Другие виды страхования, такие как ДСАГО или страхование жизни, являются добровольными и не обязательны по закону."
494,"Где монеты зачислят без комиссии, а где пополнение обойдется дороже?","В банках и обменных пунктах комиссия за обмен монет может отличаться. Обычно, если вы обмениваете монеты в банке, где у вас открыт счет, комиссия может быть ниже или отсутствовать. В других банках или обменных пунктах комиссия может быть выше. Для точного ответа нужно уточнить, о каком именно банке идет речь, так как условия могут различаться. Рекомендую уточнить информацию у вашего банка или на его официальном сайте."
495,Как проверить страховую компанию перед покупкой автостраховки?,"Для проверки страховой компании перед покупкой автостраховки рекомендуется выполнить следующие шаги: 1. Проверьте лицензию и репутацию компании. Убедитесь, что у страховой компании есть действующая лицензия на осуществление страховой деятельности. Это можно сделать на сайте Центрального банка Российской Федерации или на сайте страховой компании. 2. Изучите отзывы и рейтинги. Посмотрите отзывы клиентов о работе страховой компании на независимых платформах, таких как Отзовик, Фламп и другие. Также обратите внимание на рейтинги страховых компаний, которые публикуются в СМИ и на специализированных сайтах. 3. Ознакомьтесь с условиями договора. Внимательно изучите все условия страхового полиса, включая исключения, франшизы и другие важные детали. Убедитесь, что вы понимаете, какие риски покрываются страховкой, а какие нет. 4. Сравните предложения разных компаний. Не выбирайте первую попавшуюся страховую компанию. Сравните условия и стоимость страховок у нескольких компаний, чтобы найти наиболее выгодное предложение. 5. Уточните процесс выплат. Перед покупкой страховки уточните, как происходит процесс выплат в случае страхового случая. Узнайте, какие документы необходимо предоставить, и сколько времени занимает рассмотрение заявки. 6. Проверьте финансовую устойчивость компании. Убедитесь, что страховая компания имеет достаточные финансовые ресурсы для выполнения своих обязательств. Это можно сделать, изучив финансовую отчетность компании или обратившись к независимым рейтингам. Следуя этим шагам, вы сможете выбрать надежную страховую компанию и избежать возможных проблем в будущем."
496,В каких случаях банк обязан вернуть клиенту деньги при мошенническом переводе и при несанкционированной операции по карте?,"Банк обязан вернуть клиенту деньги в следующих случаях: 1. Если мошеннический перевод или несанкционированная операция по карте произошли по вине банка, например, из-за сбоя в системе или ошибки сотрудников. 2. Если клиент своевременно уведомил банк о мошенничестве или несанкционированной операции и предпринял все возможные меры для минимизации ущерба, такие как блокировка карты. 3. Если клиент не предоставлял свои реквизиты и пароли третьим лицам, и не нарушал условия договора с банком. В остальных случаях возврат денег зависит от политики банка и может быть рассмотрен индивидуально."
497,В каких случаях банк вправе приостанавливать операции бизнеса?,"Банк вправе приостанавливать операции по счету бизнеса в нескольких случаях: 1. Если банк считает, что операции связаны с повышенным риском. Например, если банк подозревает, что средства могут использоваться в противозаконных целях. 2. Если банк получил запрос от правоохранительных органов или других уполномоченных государственных структур. 3. Если банк обнаружил нарушения в документах или информации, предоставленной клиентом. 4. Если банк считает, что операции могут нанести ущерб финансовой системе или другим клиентам. В таких случаях банк может заблокировать счет или приостановить операции до выяснения обстоятельств. Клиент имеет право обжаловать решение банка через механизм внутреннего контроля качества (МВК) или в суде."
498,Чем защита денег на банковских счетах отличается от вложений в НСЖ при проблемах у организации?,"Защита денег на банковских счетах и вложений в негосударственные пенсионные фонды (НСЖ) при проблемах у организации имеет существенные различия. Для банковских счетов и вкладов действует система страхования вкладов (ССВ), которая гарантирует возврат средств в пределах 1,4 млн рублей. В некоторых случаях компенсация может быть увеличена до 10 млн рублей. Все счета и вклады в одном банке суммируются, включая начисленные проценты. Для вложений в НСЖ страховка не действует. В случае проблем у негосударственного пенсионного фонда (НПФ) защита вложений зависит от условий договора и финансового состояния фонда. В отличие от банковских вкладов, НСЖ не подпадают под действие системы страхования вкладов, и возврат средств может быть менее гарантированным."
499,Что проверяют банки по бизнес-плану по сравнению с краудинвестингом?,"Банки и платформы краудинвестинга проверяют бизнес-планы по разным критериям. Банки в первую очередь оценивают: 1. Финансовую устойчивость и платежеспособность бизнеса. 2. Наличие стабильного дохода и отсутствие просрочек по обязательным платежам. 3. Надежность работы и стабильность зарплаты. 4. Риски для финансового рынка и социальной напряженности в случае проблем с бизнесом. Платформы краудинвестинга, как правило, обращают внимание на: 1. Перспективность и инновационность проекта. 2. Потенциальную доходность и сроки окупаемости. 3. Репутацию и опыт команды, реализующей проект. 4. Готовность инвесторов поддерживать проект. Банки более консервативны и требуют подтверждения финансовой стабильности, в то время как краудинвестинговые платформы могут быть более гибкими и ориентированными на потенциал проекта."
500,Чем отличается банковское финансирование с госгарантией от краудлендинга?,"Банковское финансирование с госгарантией и краудлендинг — это два разных способа получения денежных средств, которые имеют существенные различия. Банковское финансирование с госгарантией предполагает, что банк выдает кредит заемщику, а государство гарантирует возврат средств в случае невыполнения обязательств заемщиком. Это снижает риски для банка и может упростить процесс получения кредита для заемщика. Краудлендинг, с другой стороны, это метод коллективного финансирования, при котором множество инвесторов вкладывают небольшие суммы денег в проект или бизнес. В этом случае заемщик получает деньги от множества людей, а не от одного банка. Краудлендинг обычно осуществляется через специализированные платформы и может быть менее формализованным по сравнению с банковским кредитованием. Таким образом, основные различия заключаются в источнике финансирования, уровне риска и процессе получения средств."
