ID вопроса,Вопрос,Ответы на вопрос
1,Как просрочка по беспроцентному займу скажется на переплате/ПСК?,"Просрочка по беспроцентному займу может привести к начислению штрафов и пеней, что увеличит общую сумму переплаты. Даже если изначально проценты не начислялись, при просрочке могут быть применены дополнительные комиссии, предусмотренные договором. Это может негативно сказаться на вашей кредитной истории и повысить ПСК (потенциальный скоринговый коэффициент), что в будущем может усложнить получение кредитов на более выгодных условиях."
2,"Как действовать вкладчику при отзыве лицензии, учитывая лимит безопасной суммы?","При отзыве лицензии у банка вкладчику следует действовать следующим образом: 1. Ознакомьтесь с информацией о системе страхования вкладов. Ваши средства будут застрахованы в пределах 1,4 миллиона рублей. Это включает все ваши счета и вклады в этом банке, а также начисленные проценты. 2. Обратитесь в Агентство по страхованию вкладов (АСВ) для получения компенсации. Обычно выплаты начинаются в течение 14 дней с момента отзыва лицензии. 3. В некоторых случаях АСВ может выплатить повышенную страховку — до 10 миллионов рублей. Уточните, подпадаете ли вы под эти условия. 4. Следите за официальными сообщениями банка и АСВ. Информация о порядке выплат будет размещена на их сайтах. 5. Если сумма ваших вкладов превышает лимит страхования, обратитесь в банк или АСВ для получения информации о процедуре возврата остатка средств. Для более подробной информации обратитесь к статье «Как работает система страхования вкладов»."
3,Как действовать при оспаривании незаконной продажи долга с учетом установленных сроков ответа на претензии?,"При оспаривании незаконной продажи долга важно действовать в рамках установленных законом сроков. Вот основные шаги: 1. Проверка законности продажи долга: Убедитесь, что продажа долга соответствует законодательству. В договоре должны быть прописаны все условия и сроки. 2. Направление претензии: Если вы считаете, что продажа долга незаконна, направьте претензию в банк или коллекторское агентство. Срок ответа на претензию обычно составляет 30 дней. 3. Обращение в Банк России: Если банк или коллекторское агентство отказывается выполнять условия договора или не реагирует на вашу претензию, вы можете обратиться в приемную Банка России. Приложите к жалобе ответ страховщика и другие документы, которые помогут разобраться в ситуации. 4. Судебное разбирательство: Если претензия и обращение в Банк России не привели к решению проблемы, вы можете обратиться в суд. Убедитесь, что у вас есть все необходимые документы и доказательства. Важно следовать установленным срокам и сохранять все документы, связанные с долгом и его продажей."
4,Как изменился лимит социального вычета на спорт по сравнению с 2022 годом?,"В предоставленном контексте нет информации о лимите социального вычета на спорт и его изменениях по сравнению с 2022 годом. Для получения актуальной информации рекомендую обратиться к официальным источникам, таким как сайт Федеральной налоговой службы (ФНС) или консультанту по налогам."
5,Чем отличаются сроки обращения за наследством по закону от сроков для налогового имущественного вычета?,"Сроки обращения за наследством и сроки для налогового имущественного вычета различаются. Сроки обращения за наследством: Согласно законодательству, наследник должен принять наследство в течение шести месяцев со дня открытия наследства. Это может быть сделано как через нотариуса, так и фактически, путем управления имуществом или оплаты долгов наследодателя. Сроки для налогового имущественного вычета: Налоговый имущественный вычет можно оформить в течение трех лет с момента получения права на вычет. Например, если вы купили недвижимость в 2023 году, вы можете подать заявление на вычет в 2023, 2024 или 2025 годах. Таким образом, сроки обращения за наследством и сроки для налогового имущественного вычета различаются и зависят от конкретных обстоятельств и законодательных требований."
6,Почему при высокой долговой нагрузке банк может отказать в новом кредите?,"Банк может отказать в новом кредите при высокой долговой нагрузке, потому что это увеличивает риски для финансовой организации. Высокая долговая нагрузка означает, что у вас уже есть значительные обязательства по другим кредитам, и добавление нового долга может привести к трудностям с его погашением. Банк оценивает вашу способность выплачивать кредит, учитывая ваш доход, расходы и текущие обязательства. Если долговая нагрузка слишком высока, банк может посчитать, что вы не сможете своевременно выплачивать новый кредит, что приведет к просрочкам и убыткам для банка."
7,Что сделать первым делом при обнаружении мошеннического списания с карты?,"При обнаружении мошеннического списания с карты первым делом необходимо: 1. Немедленно заблокировать карту, позвонив в банк по номеру службы поддержки. 2. Обратиться в банк с заявлением о мошенническом списании, предоставив все необходимые доказательства. 3. Подключить СМС или push-уведомления, если это еще не сделано, чтобы оперативно отслеживать все операции по карте. Для более подробной информации о действиях в случае мошенничества можно обратиться к статьям, указанным в контексте."
8,"Куда обращаться, если заемные деньги ушли мошенникам?","Если заемные деньги ушли мошенникам, необходимо оперативно обратиться в свой банк. Также как можно скорее подайте заявление в ближайшее отделение полиции. Подробнее о том, как действовать в таких ситуациях, можно узнать в статье «Что делать, если с банковской карты украли деньги»."
9,Как с помощью госгарантий повысить шанс одобрения и какую долю кредита они покрывают?,"Государственные гарантии могут повысить шанс одобрения кредита для бизнеса, так как они снижают риски для банка. В зависимости от программы, госгарантии могут покрывать до 80-90% суммы кредита. Это означает, что в случае невозврата кредита банк получит компенсацию от государства, что делает кредитование менее рискованным. Более подробную информацию о конкретных программах и условиях можно найти на сайте Корпорации МСП или портале «Мой бизнес»."
10,Почему вклад безопаснее инвестиций в ценные бумаги?,"Вклад в банке считается более безопасным по сравнению с инвестициями в ценные бумаги по нескольким причинам: 1. Гарантии государства. Вклады в банках, которые являются участниками системы страхования вкладов, защищены государством. В случае банкротства банка вкладчики могут рассчитывать на возврат своих средств в пределах установленного лимита. 2. Стабильность доходности. Вклады обычно предлагают фиксированный процент доходности, который известен заранее. Это позволяет вкладчику точно знать, сколько он получит в конце срока. 3. Меньший риск. В отличие от ценных бумаг, которые могут сильно колебаться в цене, вклад не подвержен таким резким изменениям. Даже если банк испытывает финансовые трудности, вкладчики обычно не теряют свои средства. 4. Простота и доступность. Вклады доступны для большинства граждан и не требуют глубоких знаний о рынке ценных бумаг. Для открытия вклада достаточно обратиться в банк и оформить необходимые документы. 5. Отсутствие необходимости активного управления. В отличие от инвестиций в ценные бумаги, которые требуют постоянного мониторинга и управления, вклад можно открыть и забыть о нем до конца срока. Однако стоит помнить, что даже вклады имеют свои риски, такие как инфляция, которая может снизить реальную доходность вклада. Поэтому важно выбирать надежные банки и внимательно изучать условия вклада перед его открытием."
11,"Каковы сроки блокировки перевода, а также решения финомбудсмена?","Сроки блокировки перевода зависят от обстоятельств. Если перевод был совершен мошенническим путем, банк может разблокировать его немедленно после подтверждения клиентом, что он не совершал эту операцию. В других случаях сроки могут варьироваться в зависимости от политики банка. Решение финансового омбудсмена обычно принимается в течение 15 дней. Это решение имеет такую же силу, как и постановление суда."
12,Почему иностранные депозитарные расписки и многие ETF могут быть заблокированы и кому они доступны?,"Иностранные депозитарные расписки (ADR, GDR) и некоторые ETF могут быть заблокированы по нескольким причинам, связанным с регуляторными ограничениями и санкциями. Например, если компания, выпустившая эти ценные бумаги, находится под санкциями или если сам инструмент попал под ограничения. Доступ к таким инструментам может быть ограничен для резидентов определенных стран, включая Россию, в соответствии с международными санкциями и внутренними регуляторными требованиями. Для более точной информации о доступности конкретных инструментов рекомендуется обратиться к вашему брокеру или в службу поддержки банка, где открыт ваш инвестиционный счет."
13,Какие приемы помогут сократить импульсные покупки?,"Для сокращения импульсных покупок можно использовать несколько приемов: Во-первых, составьте список необходимых покупок заранее и придерживайтесь его. Это поможет избежать спонтанных приобретений. Во-вторых, установите лимит на расходы. Определите сумму, которую вы готовы потратить, и не превышайте её. В-третьих, используйте метод остывания. Если вы видите что-то, что хотите купить, подождите хотя бы день-два перед покупкой. Часто после этого желание купить пропадает. В-четвертых, избегайте покупок в кредит или рассрочку, если это не крайняя необходимость. Подумайте, действительно ли вам нужен этот товар, или вы просто хотите его иметь. В-пятых, анализируйте свои покупки. Регулярно проверяйте, что вы купили и насколько это было необходимо. Это поможет вам понять свои слабые места и избежать повторения ошибок в будущем."
14,Чем отличаются госгарантии по деньгам на эскроу от гарантий по накоплениям в НПФ?,"Госгарантии по деньгам на эскроу и гарантии по накоплениям в НПФ отличаются по нескольким ключевым аспектам: 1. Страхование вкладов:  - На эскроу-счетах деньги защищены системой страхования вкладов. Если банк обанкротится, сумму до 10 млн рублей можно вернуть через Агентство по страхованию вкладов (АСВ). Суммы сверх этого лимита возвращаются только в ходе банкротства или ликвидации банка.  - В НПФ гарантии зависят от активов фонда. Если активов недостаточно или их нельзя быстро продать, вернуть внесенные деньги в полном объеме может быть сложно. 2. Цель использования:  - Эскроу-счета часто используются для безопасного хранения средств при сделках, например, при покупке недвижимости. Деньги хранятся на счете до выполнения определенных условий, после чего они переводятся получателю.  - НПФ предназначены для накопительной пенсии. Средства вносятся на долгосрочной основе и инвестируются для получения дохода, который в будущем будет выплачиваться в виде пенсии. 3. Доступность средств:  - Деньги на эскроу-счетах обычно доступны только после выполнения условий сделки, но в случае банкротства банка их можно вернуть через АСВ.  - Средства в НПФ доступны только при достижении пенсионного возраста или в случае наступления определенных страховых случаев, таких как инвалидность или смерть застрахованного лица. Таким образом, основное отличие заключается в механизме защиты и целях использования средств."
15,Как распознать мошенников при возврате денег за отмененный рейс?,"Для распознавания мошенников при возврате денег за отмененный рейс следует обратить внимание на несколько ключевых моментов: 1. Проверьте, от кого пришло сообщение. Мошенники часто используют поддельные адреса электронной почты или номера телефонов, которые могут быть похожи на официальные, но содержат ошибки или необычные символы. 2. Официальные уведомления о возврате денег обычно приходят от авиакомпании или банка, с которым вы совершали покупку. Если сообщение пришло от неизвестного отправителя, это повод насторожиться. 3. Мошенники могут просить предоставить личные данные, такие как номер карты, CVV-код, пароли или коды из SMS. Официальные организации никогда не запрашивают такую информацию через электронную почту или сообщения. 4. Внимательно проверяйте ссылки в сообщениях. Мошенники часто используют поддельные сайты, которые выглядят как официальные, но имеют другой адрес в строке браузера. 5. Если вам предлагают вернуть деньги через необычные способы, такие как перевод на карту третьего лица или оплата за комиссию, это явный признак мошенничества. 6. Официальные возвраты денег обычно занимают определенное время и проводятся через банк, с которым вы совершали покупку. Если вам обещают быстрый возврат, это может быть признаком мошенничества. Если у вас есть сомнения, лучше обратиться напрямую в авиакомпанию или в свой банк для уточнения информации."
16,Какие документы подойдут для подтверждения дохода при заявке на кредит?,"Для подтверждения дохода при заявке на кредит обычно требуются следующие документы: 1. Справка о доходах по форме банка или справка 2-НДФЛ. 2. Копия трудовой книжки или трудового договора. 3. Выписка с банковского счета, подтверждающая регулярные поступления заработной платы. 4. Для индивидуальных предпринимателей и самозанятых: декларация о доходах, выписки из банка, подтверждающие движение средств, и другие документы, подтверждающие доход. Точный список документов может варьироваться в зависимости от требований конкретного банка. Рекомендуется уточнить список документов у кредитного специалиста банка, в который вы планируете подавать заявку."
17,Зачем частному клиенту следить за рейтингом страховщика на фоне возможной приостановки лицензии?,"Частному клиенту важно следить за рейтингом страховщика, чтобы минимизировать риски. Если у страховой компании отзовут лицензию, клиент может столкнуться с проблемами при получении страховых выплат. Банк России оценивает риски для финансового рынка и принимает решение о приостановке или отзыве лицензии. Если компания обанкротится, это может привести к социальной напряженности или системным проблемам. Поэтому, чтобы избежать таких ситуаций, клиенту следует выбирать страховщиков с высоким рейтингом и стабильным положением на рынке."
18,Чем для вкладчика отличается санация от отзыва лицензии?,"Санация и отзыв лицензии — это разные процедуры, которые могут применяться к банку или страховой компании. Для вкладчика они имеют следующие отличия: 1. Санация:  - Это процедура финансового оздоровления, направленная на восстановление платежеспособности банка или страховой компании.  - Вкладчики продолжают пользоваться своими счетами и вкладами, так как банк или страховая компания продолжает работать.  - Вкладчики не теряют свои средства, так как санация направлена на сохранение стабильности финансовой организации. 2. Отзыв лицензии:  - Это крайняя мера, применяемая к банку или страховой компании, которая не может восстановить свою платежеспособность.  - Вкладчики теряют доступ к своим счетам и вкладам, так как банк или страховая компания прекращает свою деятельность.  - Вкладчики могут получить свои средства через процедуру банкротства, но это может занять значительное время и не всегда гарантирует полное возмещение средств. Таким образом, для вкладчика санация предпочтительнее, так как она позволяет сохранить доступ к своим средствам и избежать потерь."
19,Какие лимиты действуют на выплаты клиентам МФО по сравнению с гарантиями для клиентов НПФ?,"Лимиты и гарантии для клиентов МФО и НПФ существенно различаются. Для микрофинансовых организаций (МФО): - Максимальная сумма займа для физических лиц ограничена законом. Например, для микрозаймов сумма не должна превышать 1 миллион рублей. - Процентные ставки и штрафы за просрочку также регулируются законодательством, но могут быть достаточно высокими. - МФО могут взимать дополнительные комиссии и штрафы, что увеличивает общую стоимость займа. Для негосударственных пенсионных фондов (НПФ): - Выплаты клиентам НПФ регулируются государством и зависят от размера пенсионных накоплений. - Максимальная сумма выплат не ограничена, но зависит от суммы, накопленной на индивидуальном лицевом счете. - Перевод накоплений из одного НПФ в другой возможен, но требует соблюдения определенных условий и сроков. - Гарантии выплат обеспечиваются государством, что снижает риски для клиентов. Таким образом, клиенты МФО сталкиваются с более строгими лимитами и высокими рисками, в то время как клиенты НПФ имеют гарантии выплат и более гибкие условия."
20,Какие банковские инструменты подходят для безопасных расчетов и для возврата денег при споре?,"Для безопасных расчетов и возврата денег при споре можно использовать следующие банковские инструменты: 1. Система быстрых платежей. Она надежно защищена от мошенников, но важно соблюдать правила кибербезопасности. 2. Общий счет с двумя картами. Это позволяет контролировать расходы и оперативно реагировать на подозрительные транзакции. 3. Приложения для учета расходов и доходов. Они помогают отслеживать финансовые операции и выявлять подозрительные сделки. 4. Корреспондентский счет банка. При переводе денег важно проверять реквизиты получателя, чтобы избежать мошенничества. Для возврата денег при споре можно воспользоваться услугами банка по разрешению спорных ситуаций. Обычно банк рассматривает претензии клиентов и принимает меры для возврата средств, если операция была совершена без согласия клиента или с нарушением условий договора."
21,Как безопасно настроить автоплатеж?,"Для безопасного настройки автоплатежа рекомендуется использовать кредитную карту или карту с овердрафтом. Это позволит минимизировать потери в случае сбоев или краж. Также важно подключить СМС или push-уведомления по всем банковским картам, чтобы оперативно узнавать о платежах и вовремя их оспаривать."
22,Как мошенники крадут реквизиты при оплате онлайн?,"Мошенники могут красть реквизиты при оплате онлайн различными способами. Например, они создают поддельные сайты, которые выглядят как настоящие, и просят ввести платежные данные. Если вы введете свои данные на такой странице, мошенники смогут украсть деньги с вашей карты. Также они могут использовать фишинговые письма или сообщения, чтобы выманить у вас конфиденциальную информацию. Важно всегда проверять адрес сайта, на котором вы вводите данные, и не переходить по подозрительным ссылкам."
23,"Чем отличаются ОСАГО, каско, ДСАГО по выплатам?","ОСАГО, КАСКО и ДСАГО различаются по условиям и объемам выплат. ОСАГО - это обязательное страхование автогражданской ответственности. Оно покрывает ущерб, причиненный третьим лицам. Выплаты по ОСАГО ограничены лимитами, установленными законом, и не покрывают ущерб вашему собственному автомобилю. КАСКО - это комплексное автострахование, которое покрывает ущерб как третьим лицам, так и вашему автомобилю. Выплаты по КАСКО могут быть значительно выше, чем по ОСАГО, и зависят от условий договора. ДСАГО - это добровольное страхование автогражданской ответственности. Оно дополняет ОСАГО и покрывает ущерб, превышающий лимиты ОСАГО, а также другие риски, не покрываемые ОСАГО. Выплаты по ДСАГО зависят от условий договора и могут быть значительно выше, чем по ОСАГО."
24,Какие базовые меры кибербезопасности соблюдать при онлайн‑оплате услуг?,"Для безопасной онлайн-оплаты услуг соблюдайте следующие меры кибербезопасности: 1. Проверяйте подлинность сайта, на котором вы совершаете оплату. Убедитесь, что вы находитесь на официальном сайте компании, а не на поддельной странице. 2. Не вводите платежные данные на подозрительных сайтах, даже если они предлагают оплату штрафов или оформление субсидий. 3. Используйте надежные методы оплаты, такие как аккредитив в банке или депозит нотариуса. Это защитит вас от мошенничества, если продавец не выполнит свои обязательства. 4. Соблюдайте правила кибергигиены, такие как использование сложных паролей и двухфакторной аутентификации. 5. Будьте бдительны и не поддавайтесь на психологические уловки мошенников, которые могут пытаться выманить у вас секретную информацию."
25,Зачем и в каких случаях инвесторам нужно проходить тестирование перед сделками с облигациями и при маржинальной торговле?,"Тестирование перед сделками с облигациями и при маржинальной торговле проводится для нескольких целей: 1. Оценка понимания рисков. Тестирование помогает убедиться, что инвестор осознает возможные риски, связанные с инвестициями в облигации или маржинальной торговлей. Это важно, так как такие операции могут привести к убыткам. 2. Определение уровня подготовки. Тестирование позволяет оценить, насколько инвестор разбирается в особенностях работы с облигациями или маржинальной торговлей. Это помогает снизить вероятность принятия неверных решений. 3. Соответствие требованиям регуляторов. В некоторых случаях тестирование является обязательным требованием регуляторов для защиты инвесторов. Например, для покупки структурных облигаций или участия в маржинальной торговле. 4. Защита прав инвесторов. Если инвестор прошел тестирование и не понял рисков, он имеет право отказаться от сделки и вернуть свои деньги. Это защищает его от нежелательных финансовых потерь. Таким образом, тестирование помогает инвесторам лучше понимать риски и особенности инвестиций, а также защищает их права."
26,Можно ли продать ипотечную квартиру при разводе без суда?,"Да, можно продать ипотечную квартиру при разводе без суда. В этом случае банк продаст заложенную недвижимость, вырученные деньги пойдут на погашение ипотечного кредита. Оставшуюся сумму банк передаст бывшим супругам. Если они не смогут договориться о разделе оставшейся суммы, то вопрос придется решать через суд."
27,Как изменится доступ неквалифицированного инвестора к иностранным акциям на российских биржах с 2025 года?,"На основании предоставленного контекста, конкретной информации о том, как изменится доступ неквалифицированного инвестора к иностранным акциям на российских биржах с 2025 года, нет. В текстах упоминаются общие рекомендации для инвесторов, риски и способы получения информации, но нет данных о конкретных изменениях в доступе к иностранным акциям. Для получения актуальной информации по этому вопросу рекомендую обратиться к официальным источникам, таким как сайты Московской биржи или регулирующих органов. Также можно воспользоваться бесплатным онлайн-курсом от Московской биржи «Путь инвестора» для получения дополнительных рекомендаций."
28,Зачем добавлять золото в портфель в период нестабильности рынка?,"Золото часто добавляют в инвестиционный портфель в периоды нестабильности рынка по нескольким причинам: 1. Защита от инфляции: Золото традиционно считается надежным средством сохранения капитала в условиях инфляции. В периоды экономической нестабильности его цена обычно растет, что помогает компенсировать потерю покупательной способности денег. 2. Диверсификация: Золото имеет низкую корреляцию с другими финансовыми инструментами, такими как акции или облигации. Это означает, что в периоды падения фондового рынка золото может сохранять или даже увеличивать свою стоимость, снижая общую волатильность портфеля. 3. Ликвидность: Золото является высоколиквидным активом, который можно быстро продать на мировых рынках. Это особенно важно в периоды нестабильности, когда инвесторы могут нуждаться в быстром доступе к капиталу. 4. Убежище в кризис: В периоды политической или экономической нестабильности золото часто воспринимается как безопасный актив, что способствует росту его цены. Однако стоит учитывать, что инвестиции в золото также имеют свои риски, такие как волатильность цен и отсутствие доходов в виде дивидендов или процентов. Кроме того, для покупки структурных облигаций, связанных с золотом, может потребоваться пройти тестирование или получить статус квалифицированного инвестора."
29,Чем отличаются кредитные каникулы от внесудебного банкротства?,"Кредитные каникулы и внесудебное банкротство — это разные механизмы помощи заемщикам в сложной финансовой ситуации. Кредитные каникулы — это временная отсрочка платежей по кредиту, которая предоставляется на определенный срок. Это позволяет заемщику временно снизить финансовую нагрузку. Кредитные каникулы могут быть предоставлены по закону или по решению кредитора. Внесудебное банкротство — это процедура, позволяющая физическим лицам объявить себя банкротами без обращения в суд. Это упрощенный способ списания долгов, который проводится через многофункциональные центры (МФЦ). Внесудебное банкротство доступно при соблюдении определенных условий, таких как размер долга и отсутствие имущества, которое можно реализовать для погашения долгов. Таким образом, кредитные каникулы — это временная мера, а внесудебное банкротство — это процедура списания долгов."
30,"Какие гранты доступны начинающему предпринимателю, а какие налоговые каникулы предусмотрены?","Начинающие предприниматели могут воспользоваться следующими мерами поддержки: 1. Гранты на открытие нового дела. Некоторые регионы предлагают предпринимателям гранты на открытие нового бизнеса. Подробнее о местных мерах поддержки можно узнать в статье «Я начинающий бизнесмен. Как государство может меня поддержать?» или на сайте Корпорации МСП и портале «Мой бизнес». 2. Налоговые каникулы. Предприниматели, которые встали на учет в реестр малого и среднего предпринимательства, не имеют задолженностей по налогам и страховым взносам более чем на 3000 рублей, не сняты с учета и не находятся в процессе ликвидации, могут получить субсидию. Для этого нужно подать заявление в Федеральную налоговую службу (ФНС) не позднее 15 декабря 2021 года. Подробнее об условиях программы и порядке получения грантов можно узнать на сайте ФНС и на портале Минэкономразвития."
31,"Чем отличаются ипотечные каникулы от кредитных, допускаются ли они при уже допущенной просрочке?","Ипотечные каникулы и кредитные каникулы имеют схожие принципы, но различаются по условиям и целям. Ипотечные каникулы обычно предоставляются заемщикам, которые временно не могут выполнять свои обязательства по ипотечному кредиту. Это может быть связано с потерей работы, болезнью или другими обстоятельствами. В период ипотечных каникул заемщик может приостановить выплаты по кредиту на определенный срок, но проценты по кредиту продолжают начисляться и добавляются к основному долгу. Кредитные каникулы могут предоставляться по различным кредитам, включая потребительские и бизнес-кредиты. В период кредитных каникул заемщик также может приостановить выплаты, но проценты продолжают начисляться и добавляются к основному долгу. Размер и периодичность платежей остаются прежними, но их количество увеличивается. Что касается просрочек, то обычно ипотечные и кредитные каникулы могут быть предоставлены только тем заемщикам, которые не имеют значительных просрочек по кредиту. Если просрочка уже допущена, банк может отказать в предоставлении каникул или предложить другие способы решения проблемы, такие как реструктуризация долга. Для более точной информации рекомендуется обратиться в ваш банк или прочитать статью «Кредит есть, а денег нет. Что делать?» чтобы узнать о других способах выхода из сложной финансовой ситуации."
32,Как определить официальный сайт финансовой организации по признакам в поиске?,"Чтобы определить официальный сайт финансовой организации, обратите внимание на следующие признаки: 1. Наличие информации о регистрации в реестре Банка России. Официальные финансовые организации должны быть зарегистрированы в соответствующих реестрах. 2. Наличие контактной информации, включая адрес, телефон и email. 3. Наличие информации о лицензиях и разрешениях на осуществление финансовой деятельности. 4. Наличие информации о руководстве и сотрудниках организации. 5. Наличие информации о клиентах и партнерах организации. 6. Наличие информации о финансовых показателях и отчетности организации. 7. Наличие информации о защите персональных данных и безопасности. 8. Наличие информации о политике конфиденциальности и обработке персональных данных. 9. Наличие информации о правилах и условиях предоставления финансовых услуг. 10. Наличие информации о способах связи с организацией, включая онлайн-чат и форму обратной связи. Если сайт не содержит хотя бы некоторых из этих признаков, это может быть признаком мошенничества. В таком случае рекомендуется проверить информацию о финансовой организации в реестре Банка России или обратиться в службу поддержки банка для получения дополнительной информации."
33,Чем различается ответственность по долгам ИП по сравнению с ООО?,"Ответственность по долгам индивидуального предпринимателя (ИП) и общества с ограниченной ответственностью (ООО) различается следующим образом: 1. ИП: - Ответственность по долгам ИП является персональной. Это означает, что предприниматель отвечает по обязательствам всем своим имуществом, как бизнесовым, так и личным. - Кредиторы могут взыскать долги ИП за счет его личного имущества, если бизнесовых активов недостаточно для покрытия обязательств. 2. ООО: - Ответственность по долгам ООО является ограниченной. Это означает, что участники общества не отвечают по обязательствам компании своим личным имуществом. - Кредиторы могут претендовать только на имущество, принадлежащее ООО. Личные активы участников защищены от взыскания. Таким образом, основное различие заключается в степени ответственности: ИП отвечает всем своим имуществом, а участники ООО — только имуществом компании."
34,Что общего в последствиях просрочки по микрозайму и по займу через инвестиционную платформу?,"В обоих случаях просрочка может привести к негативным последствиям для заемщика. В частности, это может повлиять на кредитную историю, что в дальнейшем усложнит получение кредитов или займов. Также возможны штрафные санкции и увеличение общей суммы долга. В случае с инвестиционной платформой, если она состоит в реестре Банка России, можно обратиться в интернет-приемную регулятора для защиты своих прав."
35,Как безопасно оплатить покупку онлайн?,"Для безопасной оплаты покупки онлайн рекомендуется использовать аккредитив в банке или депозит нотариуса. В этом случае, если продавец не исполнит свои обязательства, деньги вернутся к вам. Также важно внимательно проверять реквизиты продавца или ИП, либо паспортные данные, если услуга оказывается лично."
36,Как снизить риск при онлайн‑покупках к школе?,"Для снижения риска при онлайн-покупках к школе рекомендуется: 1. Проверять реквизиты фирмы или ИП, либо паспортные данные продавца, если он оказывает услугу лично. 2. Использовать самые безопасные варианты оплаты, такие как аккредитив в банке или депозит нотариуса. Тогда в случае если продавец не исполнит свои обязательства, он не получит ваши деньги — они вернутся к вам. 3. Настроить самозапрет на интернет-платежи в вашем онлайн-банке. Это поможет защититься от киберкраж. 4. Разобраться с ребенком, как работают специальные бонусы для детских карт, например кешбэк на покупку книг и канцтоваров, если в вашем банке есть такие возможности."
37,"Что произойдет с ипотекой при разводе, если один из супругов перестанет платить?","При разводе, если один из супругов перестанет платить по ипотеке, банк продолжит требовать погашение кредита в соответствии с графиком платежей. Если платежи не будут поступать, банк может применить меры, предусмотренные договором, включая начисление штрафов и пени. В случае продолжительной просрочки банк имеет право обратиться в суд для взыскания задолженности. Суд может вынести решение о продаже заложенной недвижимости, чтобы погасить долг. Вырученные от продажи деньги пойдут на погашение ипотечного кредита, а оставшаяся сумма будет разделена между бывшими супругами, если они не смогут договориться о разделе самостоятельно. Если у вас есть дополнительные вопросы по ипотеке или кредитам, задавайте их."
38,Когда обращаться с жалобой в Банк России?,"Обращаться с жалобой в Банк России следует в следующих случаях: 1. Если страховщик отказывается выполнять условия договора страхования. 2. Если компания, у которой нет лицензии Банка России, нарушает ваши права. 3. Если брокер или управляющий нарушает ваши права, например, не дает вывести деньги с ИИС, и вы не получили удовлетворительного ответа на претензию. 4. Если госорганы отказываются принимать ваше заявление или ответ вас не устроил. В каждом из этих случаев Банк России может помочь разобраться в ситуации и защитить ваши права."
39,Чем самозапрет на кредиты отличается от услуг кредитных брокеров?,"Самозапрет на кредиты и услуги кредитных брокеров решают разные задачи и имеют принципиальные отличия. Самозапрет на кредиты — это механизм, который позволяет вам заблокировать возможность получения кредитов или займов от вашего имени. Это защита от мошенников, которые могут попытаться оформить кредит на ваше имя без вашего согласия. Самозапрет действует как барьер, который предотвращает одобрение кредитных заявок. Кредитные брокеры, напротив, помогают клиентам найти и оформить кредит. Они действуют как посредники между заемщиками и банками или МФО, помогая подобрать наиболее выгодные условия кредитования. Однако, как указано в контексте, нет объективных критериев для выбора кредитных брокеров, и их услуги могут быть рискованными, так как нет гарантии их надежности. Таким образом, самозапрет на кредиты — это инструмент защиты от нежелательных долгов, а услуги кредитных брокеров — это помощь в получении кредита."
40,Когда наследник вправе рассчитывать на повышенное страховое возмещение по средствам из наследства с учетом требований к оформлению прав?,"Наследник вправе рассчитывать на повышенное страховое возмещение по средствам из наследства в следующих случаях: 1. Если наследодатель умер в период с 2001 по 2023 годы. 2. Если сумма вкладов наследодателя по состоянию на 20 июня 1991 года составляла 400 рублей или больше, то наследник получит 6000 рублей. 3. Если сумма вкладов была меньше 400 рублей, то наследник получит сумму, равную произведению суммы вкладов на 15. Для оформления прав на компенсацию наследник должен предоставить необходимые документы, подтверждающие право на наследство и размер вкладов наследодателя."
41,Зачем нужны обновления системы вместе с антивирусом для защиты от фишинга?,"Обновления системы и антивируса помогают защитить ваши устройства от последних угроз, включая фишинг. Мошенники постоянно разрабатывают новые методы атаки, и обновления содержат защиту от этих угроз. Антивирусные программы также обновляют свои базы данных, чтобы распознавать и блокировать новые вирусы и фишинговые ссылки. Это снижает риск заражения устройства и кражи личных данных."
42,Как меняется роль Банка России в защите интересов клиентов при реорганизации НПФ по сравнению с его мандатом по контролю инфляции?,"Роль Банка России в защите интересов клиентов при реорганизации негосударственных пенсионных фондов (НПФ) и его мандат по контролю инфляции различаются по своей природе и целям. При реорганизации НПФ Банк России, как регулятор финансового рынка, оценивает риски для всего финансового рынка. Если банк понимает, что банкротство НПФ может привести к социальной напряженности или системным проблемам, он может инициировать процедуру финансового оздоровления. В противном случае, НПФ может столкнуться с приостановкой или отзывом лицензии. В этом контексте Банк России защищает интересы клиентов, предотвращая возможные потери их пенсионных накоплений. В то же время, при контроле инфляции Банк России проводит денежно-кредитную политику, направленную на сдерживание инфляции и поддержание стабильности экономики. В этом случае его основная задача — не допустить разгона инфляции, но при этом дать возможность экономике адаптироваться и постепенно вернуть инфляцию к цели. Здесь Банк России действует в интересах всех участников экономики, включая клиентов банков, обеспечивая стабильность цен и финансовую стабильность в целом."
43,В каких законных случаях пенсионные накопления оказываются в другом фонде без вашего согласия?,"Пенсионные накопления могут быть переведены в другой фонд без вашего согласия в следующих случаях: 1. Если вы не сделали выбор фонда или управляющей компании, ваши накопления автоматически могут быть переведены в выбранный государством фонд или управляющую компанию. 2. В случае реорганизации или ликвидации вашего текущего негосударственного пенсионного фонда (НПФ), накопления могут быть переведены в другой фонд в соответствии с решением регуляторов или суда. 3. Если вы не оформили запрет на дистанционный перевод пенсионных накоплений, мошенники могут попытаться перевести ваши накопления в другой фонд без вашего ведома. Для защиты от этого можно оформить запрет через многофункциональный центр (МФЦ). 4. В случае изменения законодательства, регулирующего пенсионные накопления, могут быть внесены изменения в порядок их управления, что может привести к переводам между фондами. Для более подробной информации рекомендуется обратиться к официальным источникам, таким как сайт Социального фонда России (СФР) или консультироваться с представителями выбранного вами пенсионного фонда."
44,Что делать при звонке из банка с тревожными новостями о счете?,"При получении звонка с тревожными новостями о счете, якобы из банка, важно действовать следующим образом: 1. Не паникуйте и не предоставляйте никакую информацию по телефону. Банк никогда не будет требовать от вас пароли, коды из SMS или другую конфиденциальную информацию по телефону. 2. Прекратите разговор и перезвоните в банк по официальному номеру, указанному на сайте или на обратной стороне вашей карты. Уточните информацию у сотрудника банка. 3. Если вы подозреваете мошенничество, немедленно заблокируйте свою карту через мобильное приложение банка или по телефону горячей линии. 4. Обратитесь в полицию и подайте заявление о попытке мошенничества. Сохраните запись разговора, если это возможно. 5. Пожаловаться в интернет-приемную Банка России, если звонки продолжаются после вашего отказа от общения."
45,Что делать при СМС о блокировке банковской карты?,"При получении сообщения о блокировке карты стоит сразу позвонить по официальному номеру банка или обратиться в отделение. Сотрудники расскажут, в чем причина блокировки и подскажут, как лучше поступить в вашей ситуации."
46,Кому доступен залог до продажи: жильцам ипотечной квартиры против владельца автомобиля в автоломбарде?,"Залог до продажи доступен жильцам ипотечной квартиры. В случае с ипотекой, залоговое имущество (квартира) остается в собственности банка до полного погашения кредита, но жильцы могут продолжать проживать в ней. Владельцы автомобиля, сданного в автоломбард, не могут пользоваться автомобилем до погашения займа, так как транспортное средство находится в залоге у кредитора."
47,"Как узнать, в каких БКИ хранится моя кредитная история, чтобы посмотреть свой индивидуальный рейтинг?","Чтобы узнать, в каких бюро кредитных историй (БКИ) хранится ваша кредитная история, вы можете воспользоваться несколькими способами: 1. Обратиться в Центральный каталог кредитных историй (ЦККИ). Это бесплатно. Для этого нужно подать заявление в банк, где у вас есть кредит или счет, или напрямую в БКИ. Банк или БКИ передаст ваш запрос в ЦККИ, и вы получите список БКИ, где хранится ваша кредитная история. 2. Обратиться напрямую в БКИ. В России действуют несколько крупных БКИ, таких как Национальное бюро кредитных историй (НБКИ), Объединённое кредитное бюро (ОКБ), Русский стандарт и другие. Вы можете отправить запрос в каждое из них для получения своей кредитной истории. 3. Использовать сервисы, которые предоставляют доступ к кредитной истории. Некоторые финансовые сервисы и приложения позволяют получить доступ к вашей кредитной истории, но за это может взиматься плата. После получения списка БКИ, вы можете запросить свою кредитную историю и узнать свой индивидуальный рейтинг. Обычно, кредитная история содержит информацию о ваших кредитах, займах, просрочках и других финансовых обязательствах."
48,Какие меры нужны для безопасных онлайн-платежей с детской карты?,"Для безопасных онлайн-платежей с детской карты необходимо соблюдать несколько мер предосторожности: Во-первых, настройте самозапрет на интернет-платежи. Это позволит блокировать несанкционированные операции. Подробную инструкцию по настройке и снятию самозапрета можно найти в вашем онлайн-банке. Во-вторых, объясните ребенку правила кибергигиены. Не стоит вводить данные карты на подозрительных сайтах, даже если это кажется безопасным. Например, при оплате штрафов или оформлении субсидий важно убедиться в подлинности страницы. В-третьих, используйте безопасные способы оплаты. Например, аккредитив в банке или депозит нотариуса. Это особенно актуально при покупке товаров или услуг у незнакомых продавцов. Также важно разобраться с бонусами и преимуществами детской карты. Например, кешбэк на покупку книг и канцтоваров может быть полезен, но нужно понимать, как это работает и какие условия применяются. Если у вас есть дополнительные вопросы по безопасности онлайн-платежей, обратитесь в службу поддержки вашего банка."
49,Какие действуют лимиты: сколько возмещает АСВ по дополнительной пенсии и какие максимальные суммы обычно выдают МФО?,"По дополнительной пенсии, застрахованной в негосударственном пенсионном фонде (НПФ), АСВ не выплачивает компенсации, так как система страхования вкладов (АСВ) распространяется только на банковские вклады и счета. Что касается микрофинансовых организаций (МФО), то максимальные суммы кредитов зависят от политики конкретной МФО и законодательных ограничений. В России, например, максимальная сумма микрозайма для физических лиц ограничена законом и составляет 1 миллион рублей. Однако точные лимиты могут варьироваться в зависимости от условий конкретной МФО и кредитной истории заемщика."
50,Как по-разному обращаются со штрафами и пенями при ипотечных каникулах и при судебном банкротстве?,"При ипотечных каникулах штрафы и пени обычно не начисляются, так как это временная отсрочка платежей, предусмотренная законом. Банк не может начислить штрафы или пени за период каникул, если они оформлены в соответствии с установленными правилами. При судебном банкротстве ситуация иная. Штрафы и пени, начисленные до момента признания банкротства, могут быть включены в реестр требований кредиторов. Однако после вынесения решения о банкротстве и включении долгов в реестр, дальнейшее начисление штрафов и пеней прекращается. В рамках процедуры банкротства суд может принять решение о списании части долгов, но это зависит от конкретных обстоятельств дела."
51,"Как проходят расчеты при продаже квартиры, находящейся в залоге у банка?","При продаже квартиры, находящейся в залоге у банка, расчеты проходят следующим образом: 1. Банк получает остаток денег с номинального счета, который предназначен для погашения ипотечного кредита. 2. После погашения кредита оставшаяся сумма передается продавцу. 3. Если продавец и покупатель договорились о других условиях оплаты, это должно быть оформлено официально и согласовано с банком. Для более подробной информации можно обратиться к статьям, указанным в контексте, такие как «Как продать или купить ипотечную квартиру» и «Банкротство физических лиц»."
52,"Каков общий лимит вычета на взносы при сочетании ИИС‑3, ПДС, доппенсии?","Общий лимит вычета на взносы при сочетании ИИС-3, пенсионных накоплений (ПДС) и дополнительных пенсионных выплат не указан в предоставленном контексте. Для получения точной информации рекомендую обратиться в налоговую службу или к специалисту по налогам. Если у вас есть дополнительные вопросы, связанные с банковскими услугами или налогами, задавайте их, и я постараюсь помочь."
53,Когда кредитор сможет продать залог: автомобиль в автоломбарде против ипотечной квартиры?,"Кредитор может продать залоговое имущество в случае нарушения условий кредитного договора, таких как просрочка платежей или невыполнение других обязательств. Для автомобиля, заложенного в автоломбарде, продажа может произойти быстрее, так как процесс обычно более упрощен и не требует длительных судебных разбирательств. Обычно, если заемщик не погашает кредит в течение определенного срока (например, 30 дней), автоломбард может начать процедуру продажи автомобиля. Для ипотечной квартиры процесс продажи заложенного имущества более сложный и длительный. Банк может начать процедуру продажи только после судебного решения, которое может занять несколько месяцев. Обычно банк должен предоставить заемщику возможность погасить задолженность в течение определенного срока, а также провести оценку имущества и попытаться продать его через аукцион или другие законные способы. Таким образом, продажа автомобиля в автоломбарде может произойти быстрее, чем продажа ипотечной квартиры, из-за различий в процедурах и требованиях законодательства."
54,"На что смотреть при покупке полиса ДМС, чтобы не ошибиться?","При покупке полиса ДМС обратите внимание на следующие моменты: 1. Перечень страховых случаев. Уточните, какие медицинские услуги и лечение покрываются полисом. 2. Франшизу. Это сумма, которую вы оплачиваете самостоятельно, прежде чем страховая компания начнет покрывать расходы. 3. Лимиты покрытия. Ознакомьтесь с максимальными суммами, которые страховая компания готова выплатить по разным видам услуг. 4. Сеть медицинских учреждений. Убедитесь, что в полисе включены клиники и больницы, которые вам удобны. 5. Сроки действия полиса. Проверьте, на какой период оформляется страховка. 6. Условия продления. Узнайте, как можно продлить полис и какие для этого требуются действия. 7. Исключения. Обратите внимание на случаи, которые не покрываются полисом. Также рекомендуется внимательно изучить условия договора и задать все интересующие вопросы страховому агенту или представителю компании."
55,"Где по умолчанию хранятся пенсионные накопления, допускается ли перевод между СФР и НПФ?","Пенсионные накопления по умолчанию хранятся в государственном пенсионном фонде, который называется Социальный фонд России (СФР). Да, допускается перевод пенсионных накоплений из СФР в негосударственный пенсионный фонд (НПФ) и наоборот. Вы можете оставить накопления в СФР или перевести их в НПФ, но убедитесь, что у выбранного фонда есть лицензия. Также можно поменять управляющую компанию, оставаясь в СФР."
56,Почему обещания кредитного брокера гарантируем кредит не заслуживают доверия?,"Обещания кредитного брокера «гарантируем кредит» не заслуживают доверия по нескольким причинам. Во-первых, нет объективных критериев для выбора кредитных брокеров. Нет государственного реестра кредитных брокеров или рейтингов, которые могли бы стать ориентиром. Это означает, что любые гарантии могут быть не более чем маркетинговым ходом. Во-вторых, решение о выдаче кредита принимает банк, а не брокер. Банки оценивают множество факторов, включая кредитную историю, доходы, обязательства и другие параметры. Брокер не может гарантировать одобрение кредита, так как это зависит от внутренних политик и критериев банка. В-третьих, обещания гарантированного кредита могут быть признаком мошенничества. Недобросовестные брокеры могут использовать такие обещания для привлечения клиентов и последующего обмана, например, требования предоплаты или скрытых комиссий. В-четвертых, даже если брокер привлекает созаемщиков или поручителей, это не гарантирует одобрение кредита. Банки могут отказать в кредите по множеству причин, и дополнительные участники сделки не всегда решают проблему. Таким образом, обещания гарантированного кредита от брокера следует рассматривать с большой осторожностью и предпочитать проверенные источники информации и рекомендации."
57,Какими способами пополнить карту безналичной валютой и можно ли затем снять эти деньги в иностранной наличности?,"Для пополнения карты безналичной валютой и последующего снятия наличных за границей можно воспользоваться следующими способами: 1. Международные переводы: Вы можете получать международные переводы на свою карту. При этом деньги будут конвертированы в рубли по курсу Банка России. Однако, если у вас есть мультивалютная карта, возможно, часть средств останется в иностранной валюте. 2. Обменные операции: Некоторые банки позволяют обменивать валюту между счетами. Вы можете обменять рубли на иностранную валюту и затем снять эти средства в наличности за границей. 3. Использование банкоматов за границей: Если ваша карта поддерживает снятие наличных в иностранной валюте, вы можете снять деньги в банкоматах за границей. Однако, учитывайте, что за такие операции могут взиматься комиссии. 4. Обналичивание через банк: Вы можете обратиться в банк и запросить обналичивание иностранной валюты. Банк может предложить вам обменять рубли на иностранную валюту и выдать наличные. Важно учитывать, что при снятии наличных за границей могут взиматься комиссии, а также что курс обмена может отличаться от официального курса Банка России."
58,"Какие действия нужны, чтобы получить выплату после ДТП по европротоколу, включая необходимые доказательства?","Для получения выплаты по европротоколу после ДТП необходимо выполнить следующие действия: 1. Зафиксировать обстоятельства ДТП:  - Сделать фотографии места происшествия, повреждений автомобилей и других важных деталей.  - Записать контактные данные свидетелей, если они есть. 2. Заполнить извещение о ДТП:  - Оформить европротокол (извещение о ДТП) совместно с другим участником аварии. В извещении должны быть указаны все необходимые данные о ДТП, включая дату, время, место, обстоятельства и повреждения. 3. Предоставить документы в страховую компанию:  - Действующий страховой полис ОСАГО.  - Квитанцию об оплате страховых взносов.  - Заполненное извещение о ДТП.  - Документы, подтверждающие регистрацию страхового случая (например, протокол ГИБДД, если он был вызван). 4. Обратиться в страховую компанию:  - Написать заявление о страховой выплате.  - Предоставить все собранные документы и доказательства. 5. Дождаться решения страховой компании:  - Страховая компания рассмотрит ваше заявление и примет решение о выплате или отказе.  - Если страховая компания не выплатила страховку в срок и не предоставила мотивированный отказ, вы можете обратиться к финансовому омбудсмену или в суд для защиты своих прав."
59,Что будет с авто в залоге по автокредиту при просрочке либо после смерти заемщика?,"При просрочке платежей по автокредиту банк может инициировать процедуру взыскания заложенного автомобиля. Это может привести к его продаже для погашения долга. В случае смерти заемщика, если автокредит не погашен, банк также может продать заложенный автомобиль для покрытия долга. Наследники не смогут оставить автомобиль в залоге, если он является предметом обеспечения по кредиту. Банк продаст автомобиль и направит вырученные средства на погашение кредита. Оставшуюся сумму, если она будет, можно будет разделить между наследниками."
60,Как различается защита денег при отзыве лицензии у банка: депозит против счета эскроу?,"Защита денег при отзыве лицензии у банка различается для депозитов и счетов эскроу следующим образом: Для депозитов: - Максимальная сумма страхования составляет 1,4 млн рублей. - В некоторых случаях АСВ может выплатить повышенную страховку — до 10 млн рублей. - Все ваши счета и вклады в этом банке, включая проценты по ним, будут просуммированы для расчета компенсации. Для счетов эскроу: - Если на эскроу было больше 10 млн рублей, сумму сверх лимита можно будет вернуть только в ходе банкротства или ликвидации банка. - Страхование вкладов в размере 1,4 млн рублей не распространяется на средства, находящиеся на счетах эскроу."
61,Как официальные данные об инфляции можно использовать при решении: брать ипотеку или разместить деньги на вкладе?,"Официальные данные об инфляции можно использовать для сравнения доходности ипотеки и вкладов. Если инфляция выше процентной ставки по вкладу, реальная доходность вклада будет отрицательной. В этом случае ипотека может быть более выгодной, так как процентная ставка по ипотеке обычно выше инфляции. Однако, если инфляция ниже процентной ставки по вкладу, реальная доходность вклада будет положительной, и в этом случае вклад может быть более выгодным. Также стоит учитывать, что ипотека предполагает долгосрочные обязательства, а вклад может быть более гибким инструментом."
62,"Как неквалу получить доступ к ETF зарубежных рынков, а также к паям ЗПИФов?","Для неквалифицированных инвесторов доступ к зарубежным ETF и паям ЗПИФов может быть ограничен. Однако есть несколько способов, как это можно сделать: 1. Через брокерские счета: Некоторые брокеры предоставляют доступ к зарубежным ETF. Вам нужно будет открыть брокерский счет и выбрать соответствующие инструменты. Уточните у вашего брокера, какие именно ETF доступны для покупки. 2. Через управляющие компании (УК): Некоторые УК предлагают ПИФы, которые инвестируют в зарубежные активы, включая ETF. Вы можете приобрести паи таких ПИФов. Информацию о доступных фондах можно найти на сайтах УК или у вашего финансового консультанта. 3. Через доверительное управление: Если вы не хотите самостоятельно выбирать активы, можно передать свои средства в доверительное управление специализированной компании, которая будет инвестировать в зарубежные ETF и другие активы. Важно помнить, что инвестиции в зарубежные активы могут быть связаны с дополнительными рисками, особенно в условиях санкций. Всегда внимательно изучайте условия и риски перед инвестированием."
63,Совместима ли компенсация 450 000 ₽ по ипотеке для третьего ребенка с имущественным налоговым вычетом?,"Согласно предоставленному контексту, информация о совместимости компенсации 450 000 рублей по ипотеке для третьего ребенка с имущественным налоговым вычетом отсутствует. Для получения точного ответа рекомендуется обратиться в налоговую службу или в банк, где оформлена ипотека."
64,Какие приемы помогают сократить импульсивные траты?,"Для сокращения импульсивных трат можно использовать несколько приемов: 1. Составьте финансовый план и определите ежемесячные обязательные траты. Это поможет вам лучше контролировать свои расходы и избегать ненужных покупок. 2. Используйте приложения для учета расходов и доходов. Это поможет вам отслеживать свои траты и понимать, на что уходит больше всего денег. 3. Заведите отдельный счет или копилку для накоплений. Это поможет вам откладывать деньги на важные цели и избегать импульсивных покупок. 4. Используйте карты с кешбэком. Это поможет вам вернуть часть потраченных денег и сэкономить на покупках. 5. Перед покупкой задавайте себе вопросы: Нужна ли мне эта вещь?, Могу ли я позволить себе эту покупку?, Найду ли я эту вещь дешевле?. Это поможет вам избежать импульсивных покупок."
65,"Зачем финансовая подушка безопасности нужна семье так же, как зрелому бизнесу?","Финансовая подушка безопасности нужна семье и зрелому бизнесу для обеспечения финансовой стабильности и защиты от непредвиденных расходов. Она позволяет: 1. Покрыть неожиданные расходы, такие как медицинские счета, ремонт автомобиля или другие чрезвычайные ситуации. 2. Поддержать финансовую устойчивость в периоды временного снижения доходов, например, при потере работы или снижении прибыли бизнеса. 3. Избежать необходимости брать кредиты или занимать деньги у родственников и друзей в случае финансовых трудностей. 4. Обеспечить спокойствие и уверенность в завтрашнем дне, зная, что у вас есть резервные средства на случай непредвиденных обстоятельств. Для семьи и бизнеса рекомендуется откладывать сумму, эквивалентную 3–6 месячным расходам, и хранить эти деньги на накопительном счете или депозите в банке."
66,Чем отличаются государственные гарантии для денег на эскроу при покупке новостройки и для банковского вклада?,"Государственные гарантии для денег на эскроу при покупке новостройки и для банковского вклада различаются по механизму защиты и условиям возврата средств. Для денег на эскроу: - Средства защищены в рамках системы страхования вкладов, но только в пределах 10 млн рублей. - Сумма сверх этого лимита может быть возвращена только в ходе банкротства или ликвидации банка. Для банковского вклада: - Средства также защищены системой страхования вкладов, но в пределах 1,4 млн рублей. - В случае банкротства банка вкладчики могут рассчитывать на возврат средств в пределах установленного лимита. Таким образом, основное отличие заключается в лимитах и условиях возврата средств."
67,Как безопаснее настроить оплату частями в онлайн‑магазине?,"Для безопасной оплаты частями в онлайн-магазине рекомендуется использовать аккредитив в банке или депозит нотариуса. Эти методы обеспечивают защиту ваших средств: если продавец не выполнит свои обязательства, деньги вернутся к вам. Также важно внимательно проверять реквизиты получателя и избегать ввода платежных данных на подозрительных сайтах."
68,"Какие льготы предусмотрены по программе долгосрочных сбережений, включая размер вычета на взносы?","По программе долгосрочных сбережений, такой как индивидуальный инвестиционный счет (ИИС) типа Б, предусмотрен налоговый вычет на взносы. Размер вычета составляет 13% от суммы внесенных средств, но не более 1 миллиона рублей в год. То есть максимальный вычет можно получить, если внести на ИИС 1 миллион рублей, и он составит 130 тысяч рублей. Для получения вычета необходимо подать налоговую декларацию 3-НДФЛ. Также важно помнить, что средства на ИИС типа Б можно вывести без потери вычета только по истечении трех лет с момента открытия счета."
69,Какие лимиты действуют для бесплатных переводов по СБП по сравнению с кэшаутом?,"Для бесплатных переводов по Системе быстрых платежей (СБП) действуют следующие лимиты: 1. Ежедневный лимит на переводы составляет 100 000 рублей. 2. Ежемесячный лимит на переводы составляет 1 000 000 рублей. Что касается кэшаута (снятия наличных с карты через банкомат или терминал), то лимиты могут отличаться в зависимости от банка и типа карты. Обычно банки устанавливают свои лимиты на снятие наличных, которые могут быть как ежедневными, так и ежемесячными. Для точной информации о лимитах кэшаута необходимо обратиться в ваш банк."
70,Как проходит расчет через счет эскроу при долевом строительстве?,"При долевом строительстве расчет через счет эскроу проходит следующим образом: 1. Часть стоимости жилья зачисляется на счет эскроу. Это гарантирует, что деньги будут использованы только на строительство объекта. 2. Деньги с эскроу-счета перечисляются застройщику по мере выполнения им работ. Это означает, что средства выделяются поэтапно, в зависимости от этапов строительства. 3. Если застройщик не выполняет свои обязательства, деньги остаются на эскроу-счете и могут быть возвращены покупателю. 4. В случае банкротства или ликвидации банка, в котором открыт эскроу-счет, сумма сверх 10 миллионов рублей может быть возвращена только в ходе этих процедур. Важно отметить, что использование эскроу-счета снижает риски для покупателя, так как деньги защищены и могут быть возвращены в случае неисполнения обязательств застройщиком."
71,Кто контролирует профессиональных участников фондового рынка?,"Профессиональных участников фондового рынка, включая паевые инвестиционные фонды и управляющие компании, контролирует соответствующий регулятор. В России этой функцией занимается Центральный банк Российской Федерации (Банк России). Он устанавливает правила и нормы, которым должны следовать финансовые институты, и осуществляет надзор за их деятельностью."
72,"На какой срок разумно вкладываться в драгоценные металлы для сохранения сбережений, чтобы вписать это в финансовый план?","Для вложений в драгоценные металлы с целью сохранения сбережений рекомендуется рассматривать долгосрочный горизонт инвестирования. Обычно это период от 3 до 5 лет и более. Это связано с тем, что драгоценные металлы, такие как золото и серебро, могут демонстрировать высокую волатильность в краткосрочной перспективе, но на длительном сроке они традиционно сохраняют свою стоимость и могут служить надежным средством сохранения капитала. Важно учитывать, что инвестиции в драгоценные металлы могут быть связаны с определенными рисками, такими как банкротство добывающего предприятия или брокера. Поэтому перед инвестированием стоит тщательно изучить рынок и возможные риски, а также рассмотреть возможность прохождения тестирования или получения статуса квалифицированного инвестора, если вы планируете покупать сложные инструменты, такие как структурные облигации."
73,При каких условиях мобилизованный ИП может перейти на НПД?,"Для мобилизованного ИП переход на налог на профессиональный доход (НПД) возможен при соблюдении следующих условий: 1. Отсутствие долгов по налогам. 2. Соблюдение всех требований закона, связанных с изменением налогового статуса. Мобилизованный ИП может вернуться к уплате налога на профессиональный доход, если снова решит вести небольшое дело в одиночку."
74,"Кому доступен банковский вклад, а кому положен имущественный вычет при покупке жилья?","Банковский вклад доступен всем физическим лицам, которые соответствуют требованиям банка, например, возрастным ограничениям и условиям по минимальной сумме вклада. Имущественный вычет при покупке жилья положен налогоплательщикам, которые соответствуют следующим условиям: 1. Они являются налоговыми резидентами России. 2. Они покупают жилье в России. 3. Они оплачивают жилье за счет собственных средств, а не за счет работодателя, имущественного вычета или других льгот. 4. Они не использовали имущественный вычет ранее. Для получения имущественного вычета необходимо подать налоговую декларацию и предоставить документы, подтверждающие покупку жилья."
75,Какие документы подтверждают ваши права по онлайн-сделке на маркетплейсе в отличие от случая утери векселя?,"Для подтверждения прав по онлайн-сделке на маркетплейсе вам потребуются следующие документы: 1. Подтверждение оплаты (чеки, квитанции, выписки из банка). 2. Сообщения, переписка или уведомления, подтверждающие факт заказа и его условия. 3. Договор купли-продажи, если он был заключен. 4. Гарантийные талоны или сертификаты, если они прилагались к товару. В случае утери векселя подтверждением прав будут: 1. Документы, подтверждающие владение векселем (например, выписки из реестра владельцев векселей). 2. Подтверждение оплаты векселя. 3. Договор купли-продажи векселя, если он был заключен. 4. Обращение в банк или организацию, где вексель был зарегистрирован, для восстановления данных. Если у вас есть дополнительные вопросы по банковским услугам или инвестициям, пожалуйста, задайте их."
76,"Кто контролирует МФО, а кто — коллекторов?","Контроль за микрофинансовыми организациями (МФО) осуществляет Банк России. Он ведет государственный реестр МФО, а также контролирует их деятельность, включая соблюдение законов и правил. Коллекторские агентства контролируются Федеральной службой судебных приставов (ФССП) и Банком России. Коллекторские агентства, которые работают с банковскими долгами, также должны быть включены в государственный реестр, который ведет Банк России."
77,"Что стоит внимательно проверить в договоре, если вы оформляете НПО в НПФ и если берете заем?","При оформлении НПО (негосударственного пенсионного обеспечения) в НПФ стоит внимательно проверить следующие моменты: 1. Условия накопления и выплат. Уточните, как формируются ваши пенсионные накопления, какие проценты начисляются, и как будут выплачиваться средства при выходе на пенсию. 2. Возможность досрочного расторжения договора. Проверьте, можно ли расторгнуть договор досрочно и на каких условиях. 3. Комиссии и скрытые платежи. Убедитесь, что в договоре нет скрытых комиссий или дополнительных платежей. 4. Гарантии и страхование. Уточните, какие гарантии предоставляет НПФ и есть ли страхование ваших накоплений. При оформлении займа стоит внимательно проверить: 1. Процентную ставку и условия ее изменения. Убедитесь, что процентная ставка фиксированная или переменная, и как она может измениться в будущем. 2. Сроки и график платежей. Проверьте, как часто нужно вносить платежи и какие санкции предусмотрены за просрочку. 3. Штрафы и комиссии. Уточните, какие штрафы и комиссии могут быть применены за нарушение условий договора. 4. Возможность досрочного погашения. Проверьте, можно ли погасить заем досрочно и на каких условиях. 5. Обязательства и гарантии. Убедитесь, что вы понимаете все обязательства, которые на вас возлагаются, и какие гарантии предоставляет кредитор."
78,Как начисляются проценты и штрафы во время кредитных каникул по санкциям и по мобилизации?,"Во время кредитных каникул по санкциям и по мобилизации проценты и штрафы начисляются следующим образом: 1. Проценты: Если вы потеряли доход из-за санкций, кредитор может прибавить к основному долгу набежавшие проценты за время каникул. Размер и периодичность платежей останутся прежними, как и до каникул, но их количество увеличится. 2. Штрафы: Возможные санкции должны быть прописаны в договоре рефинансирования. После того как погасите долг, удостоверьтесь, что кредит точно закрыт — возьмите в прежнем банке справку о том, что все ваши обязательства перед ним выполнены. Важно следовать графику платежей и старайтесь избегать просрочек, чтобы не испортить кредитную историю."
79,"Почему внебиржевые сделки рискованнее, чем торговля на бирже?","Внебиржевые сделки рискованнее, чем торговля на бирже, по нескольким причинам: 1. Отсутствие регулирования: На бирже сделки проходят под контролем регуляторов, что снижает риски мошенничества и недобросовестных действий. Внебиржевые сделки не имеют такого контроля, что увеличивает риски. 2. Отсутствие ликвидности: На бирже всегда есть покупатели и продавцы, что позволяет быстро и легко купить или продать ценные бумаги. Вне биржи ликвидность может быть низкой, и найти контрагента для сделки может быть сложно. 3. Отсутствие прозрачности: На бирже цены и объемы сделок публикуются, что позволяет инвесторам принимать обоснованные решения. Внебиржевые сделки часто заключаются на условиях, которые не публикуются, что увеличивает риски. 4. Риск контрагента: Внебиржевые сделки заключаются напрямую между двумя сторонами, и если одна из сторон не выполняет свои обязательства, другая сторона может понести убытки. На бирже риск контрагента снижен, так как биржа гарантирует выполнение обязательств. 5. Отсутствие механизмов защиты: На бирже существуют механизмы защиты инвесторов, такие как гарантийные фонды и страхование сделок. Внебиржевые сделки таких механизмов защиты не имеют."
80,Как проверить полис ОСАГО через НСИС?,"Для проверки полиса ОСАГО через Национальную систему идентификации страховых случаев (НСИС) выполните следующие шаги: 1. Перейдите на официальный сайт НСИС или используйте мобильное приложение. 2. Введите номер полиса ОСАГО и другие необходимые данные, такие как серия и номер свидетельства о регистрации транспортного средства. 3. Система предоставит информацию о статусе полиса, включая сроки действия и возможные ограничения. Если у вас возникнут трудности, обратитесь в свою страховую компанию или на горячую линию НСИС для получения дополнительной помощи."
81,Есть ли госгарантия возврата средств при крахе брокера либо при исключении МФО из реестра?,"При банкротстве брокера государственная гарантия возврата средств отсутствует. В случае банкротства брокера клиенты могут претендовать на возврат активов через процедуру банкротства, но это может занять значительное время, и возврат может быть неполным. В случае исключения МФО из государственного реестра, клиенты также не имеют гарантированного возврата средств. Однако, если МФО нарушает закон, можно обратиться в Банк России и в саморегулируемую организацию, в которую входит эта МФО, для привлечения ее к ответственности."
82,"Что происходит дальше, если должник отказывается от общения с коллекторами?","Если должник отказывается от общения с коллекторами, то коллекторы могут предпринять следующие шаги: 1. Продолжение звонков и писем: Коллекторы могут продолжать пытаться связаться с должником, используя различные каналы связи, такие как телефонные звонки, SMS, электронные письма и почтовые отправления. 2. Передача долга в суд: Если коллекторы не могут договориться с должником о погашении долга, они могут передать дело в суд для взыскания долга в судебном порядке. В этом случае суд может вынести решение о взыскании долга с должника. 3. Взыскание долга через судебных приставов: Если суд вынес решение о взыскании долга, судебные приставы могут начать процедуру взыскания долга, включая арест имущества должника, списание денежных средств с банковских счетов и другие меры. 4. Обращение в коллекторские агентства: Коллекторы могут передать долг в другое коллекторское агентство, которое будет пытаться взыскать долг с должника. 5. Обращение в полицию: Если коллекторы нарушают права должника, например, угрожают, оскорбляют или применяют физическую силу, должник может обратиться в полицию для защиты своих прав. Важно отметить, что должник имеет право на защиту своих прав и может обратиться в Федеральную службу судебных приставов или Национальную ассоциацию профессиональных коллекторских агентств для защиты своих прав."
83,Какие инструменты подойдут для консервативного накопления на срок от трех лет и с чего лучше начинать инвестору‑новичку?,"Для консервативного накопления на срок от трех лет подойдут следующие инструменты: 1. Облигации: Это долговые ценные бумаги, которые обычно обеспечивают стабильный доход в виде купонных выплат. Облигации могут быть государственными или корпоративными. Государственные облигации считаются более надежными, так как их выпускает государство. 2. Депозиты: Банковские вклады с фиксированной процентной ставкой. Они обеспечивают стабильный доход и минимальный риск. 3. Фонды денежного рынка: Эти фонды инвестируют в краткосрочные и высоколиквидные финансовые инструменты, такие как государственные облигации и коммерческие бумаги. Они обеспечивают стабильный доход и минимальный риск. Для начинающего инвестора лучше всего начать с изучения основ инвестирования. Можно пройти бесплатный онлайн-курс от Московской биржи «Путь инвестора», чтобы разобраться в нюансах инвестирования и рисках. Также рекомендуется внимательно отнестись к выбору специалиста, если вы решите воспользоваться услугами инвестсоветника. Не стоит слепо следовать его рекомендациям, если они кажутся вам слишком рискованными."
84,"Что делать, если пришло сообщение о блокировке карты с просьбой перезвонить по незнакомому номеру?","Если вы получили сообщение о блокировке карты с просьбой перезвонить по незнакомому номеру, не следует этого делать. Это может быть попытка мошенничества. Вместо этого: 1. Немедленно свяжитесь с банком по официальному номеру горячей линии, который указан на сайте банка или на обратной стороне вашей карты. 2. Сотрудники банка помогут разобраться в ситуации и подтвердят, была ли действительно блокировка карты. 3. Если блокировка подтвердится, сотрудники банка объяснят причину и подскажут, как действовать дальше. Ни в коем случае не предоставляйте посторонним лицам информацию о вашей карте, пароли или коды из SMS."
85,Как меняется выплата по ОСАГО при европротоколе в зависимости от фотофиксации либо разногласий?,"Выплата по ОСАГО при использовании европротокола может зависеть от нескольких факторов, включая наличие фотофиксации и разногласий между участниками ДТП. 1. Фотофиксация: Если у вас есть фотофиксация обстоятельств ДТП, это может упростить процесс получения выплаты. Фотографии могут служить доказательством вины другого участника и помочь в оценке ущерба. В некоторых случаях наличие фотофиксации может ускорить процесс выплаты. 2. Разногласия: Если между участниками ДТП есть разногласия, это может затруднить процесс получения выплаты. В таких случаях страховая компания может провести дополнительное расследование, чтобы определить виновника ДТП и размер ущерба. Это может занять больше времени и, возможно, привести к снижению размера выплаты. В любом случае, для получения более точной информации рекомендуется обратиться в вашу страховую компанию или изучить условия вашего полиса ОСАГО."
86,Почему заявления о страховке в МФО не гарантируют возврат вложений?,"Заявления о страховке в микрофинансовых организациях (МФО) не гарантируют возврат вложений по нескольким причинам: Во-первых, страховка может покрывать только часть вложений или определенные риски. Например, страховой полис может защищать от банкротства МФО, но не от всех возможных рисков, таких как мошенничество или невыполнение обязательств. Во-вторых, условия страхования могут быть ограничены. Например, страховой случай может быть определен очень узко, и не все ситуации, при которых вы потеряете деньги, могут подпадать под страховую защиту. В-третьих, даже если страховой случай наступил, процесс выплат может быть длительным и сложным. Страховая компания может затягивать выплаты или отказать в них, если найдет основания для отказа. В-четвертых, страховка не гарантирует полный возврат вложений. Даже если страховая компания признает страховой случай, она может выплатить только часть суммы, которая была застрахована. Поэтому перед вложением денег в МФО важно внимательно изучить условия страхования, уточнить, что именно застраховано, на какую сумму и какие случаи считаются страховыми. Если у вас возникнут вопросы или проблемы с выплатами, вы можете обратиться к финансовому омбудсмену или в суд."
87,"Чем отличаются госгарантии для вкладов, пенсионных накоплений в НПФ, полисов НСЖ по защите суммы?","Государственные гарантии для вкладов, пенсионных накоплений в НПФ и полисов накопительного страхования жизни (НСЖ) различаются по механизмам защиты и условиям. 1. Вклады в банках: Сумма вклада в банке защищена государством в рамках системы страхования вкладов. Максимальная сумма возмещения составляет 1,4 миллиона рублей. Это означает, что если банк обанкротится, вкладчик получит свои деньги в пределах этой суммы. 2. Пенсионные накопления в НПФ: Пенсионные накопления в негосударственных пенсионных фондах (НПФ) не имеют такой же гарантии, как вклады в банках. В случае проблем с НПФ, возврат средств зависит от активов фонда и его способности их продать. Государство не гарантирует полный возврат внесенных средств. 3. Полисы накопительного страхования жизни (НСЖ): Полисы НСЖ также не имеют государственных гарантий в том же объеме, что и банковские вклады. Возврат средств зависит от финансового состояния страховой компании и условий договора. В случае банкротства страховой компании, возмещение может быть ограничено. Таким образом, государственные гарантии для вкладов наиболее надежны, тогда как пенсионные накопления в НПФ и полисы НСЖ имеют более высокие риски и зависят от финансового состояния соответствующих организаций."
88,"В каких случаях выгоднее созаемщик, а не поручитель, для снижения ставки либо увеличения суммы?","Созаемщик и поручитель выполняют разные функции в кредитном договоре, и их выбор зависит от конкретных условий и целей. Созаемщик может быть выгоднее в следующих случаях: 1. Улучшение кредитной истории: если у созаемщика более высокая кредитная история и доход, это может повысить шансы на одобрение кредита или снижение процентной ставки. 2. Увеличение суммы кредита: если у созаемщика есть дополнительные доходы или активы, это может позволить увеличить сумму кредита. 3. Совместное использование кредита: если кредит оформляется на совместные нужды, например, на покупку недвижимости или автомобиля, то созаемщик может быть более подходящим вариантом. Поручитель, в свою очередь, может быть выгоднее, если: 1. Вы хотите сохранить основную ответственность за кредит за собой. 2. Поручитель имеет более высокую кредитную историю и доход, что может помочь в одобрении кредита, но вы не хотите делить ответственность. 3. Поручитель готов помочь только в случае необходимости, но не хочет быть полноценным участником кредитного договора. В любом случае, перед принятием решения стоит проконсультироваться с банком и тщательно оценить все риски."
89,"Как работают структурные облигации, привязанные к цене золота?","Структурные облигации, привязанные к цене золота, представляют собой сложный финансовый инструмент, который сочетает в себе элементы долгового обязательства и дериватива. Их работа основана на изменении цены золота на рынке. 1. Принцип работы: Эти облигации обычно имеют купонный доход, который зависит от изменения цены золота. Например, если цена золота растет, инвестор получает более высокий купон, если падает — купон может быть ниже или даже отсутствовать. 2. Риски: Структурные облигации считаются сложным инструментом и несут в себе определенные риски. Во-первых, существует риск банкротства эмитента облигаций или брокера, через которого вы их покупаете. Во-вторых, цена золота может измениться не в вашу пользу, что приведет к потере дохода или даже к убыткам. 3. Тестирование: Для покупки таких облигаций вам придется пройти тестирование или получить статус квалифицированного инвестора, так как они считаются сложным инструментом. 4. Диверсификация: Чтобы снизить риски, стоит диверсифицировать свои вложения, то есть инвестировать в бумаги разных компаний и отраслей. Важно помнить, что любые инвестиции могут обернуться убытками, и вы несете ответственность за свои решения на рынке."
90,Почему инвестиции в себя считаются выгодными?,"Инвестиции в себя считаются выгодными, потому что они приносят долгосрочные преимущества, которые могут превышать финансовые риски. Вот несколько причин: 1. Развитие навыков и знаний: Инвестируя в образование и обучение, вы повышаете свою профессиональную ценность, что может привести к карьерному росту и увеличению дохода. 2. Улучшение здоровья: Вложения в здоровый образ жизни, спорт и медицину помогают сохранить здоровье и повысить качество жизни, что также может снизить будущие медицинские расходы. 3. Личный рост: Инвестиции в себя, такие как психологическая помощь, коучинг или саморазвитие, могут улучшить ваше эмоциональное и ментальное состояние, что положительно скажется на всех сферах жизни. 4. Финансовая грамотность: Обучение финансовой грамотности помогает лучше управлять своими деньгами, избегать рисков и принимать обоснованные инвестиционные решения. Таким образом, инвестиции в себя могут привести к повышению качества жизни, увеличению дохода и снижению долгосрочных рисков."
91,Чем отличается остановка операции от блокировки счета по 115‑ФЗ?,"Остановка операции и блокировка счета по 115-ФЗ — это разные процедуры, которые применяются в разных ситуациях. Остановка операции обычно происходит в случае подозрения на мошенничество или несанкционированное использование карты. Банк может временно приостановить операцию, чтобы проверить её подлинность. Если владелец карты подтвердит, что операция не была им совершена, банк отменит её и предложит перевыпустить карту. Блокировка счета по 115-ФЗ, с другой стороны, происходит в рамках противодействия легализации доходов, полученных преступным путем, и финансированию терроризма. В этом случае банк может заблокировать счет, если у него есть основания полагать, что операции, связанные с этим счетом, могут быть связаны с преступной деятельностью. Блокировка счета по 115-ФЗ требует соблюдения определенных процедур и может быть снята только после проверки и подтверждения законности операций."
92,"Почему за наличную валюту стоит идти в банк, а не к брокеру?","В банке обычно более выгодный курс обмена валюты по сравнению с брокерами. Банки предлагают более прозрачные условия и меньшие комиссии при обмене наличной валюты. Кроме того, банки обеспечивают высокую степень безопасности при проведении операций."
93,Как отличаются кредитные каникулы для мобилизованных ИП от каникул для МСП из санкционных отраслей?,"Кредитные каникулы для мобилизованных ИП и для МСП из санкционных отраслей имеют различия в условиях и целях. Для мобилизованных ИП кредитные каникулы предоставляются как мера поддержки участников специальной военной операции или их родственников. Это позволяет отложить выплаты по кредитам на определенный срок, но после окончания каникул долг будет увеличен за счет набежавших процентов, а количество платежей увеличится. Для МСП из санкционных отраслей кредитные каникулы могут быть предоставлены, если бизнес потерял доход из-за санкций. В этом случае также возможна отсрочка платежей, но после каникул долг и график платежей могут быть реструктурированы, чтобы сделать их более посильными. Таким образом, основное отличие заключается в причинах предоставления каникул и возможных вариантах дальнейшего управления долгом."
94,Почему при возврате денег за страховку сумма бывает меньше из‑за комиссий посредников?,"При возврате денег за страховку сумма может быть меньше из-за комиссий, которые удерживают посредники. Это происходит, когда вы привлекаете юристов или других посредников для получения компенсации от страховой компании. Посредники могут умалчивать о том, что вам придется заплатить НДФЛ с суммы, которую они получат от страховщика, выступая вашим представителем. Если же вы получаете возмещение напрямую от страховой компании, оно не облагается подоходным налогом."
95,Чем отличаются гранты от льготных кредитов по обязательствам по возврату средств?,"Гранты и льготные кредиты отличаются по условиям возврата средств. Гранты не требуют возврата средств. Это безвозмездная финансовая помощь, предоставляемая на определенные цели. Если проект не удается или предприниматель передумал его реализовывать, он может просто вернуть сумму гранта. Льготные кредиты, напротив, требуют возврата средств. Они предоставляются на льготных условиях, таких как низкая процентная ставка, отсрочка платежей или другие преимущества. Однако заемщик обязан вернуть всю сумму кредита вместе с начисленными процентами в соответствии с условиями договора. Таким образом, основное отличие заключается в обязательстве по возврату средств: гранты не требуют возврата, а льготные кредиты требуют."
96,Чем факторинг отличается от банковского кредита по обеспечению?,"Факторинг и банковский кредит отличаются по обеспечению следующим образом: 1. Факторинг: при факторинге обеспечением выступают дебиторская задолженность компании, то есть деньги, которые должны ей заплатить контрагенты. Банк или факторинговая компания выкупает эти долги и предоставляет компании деньги сразу, а затем сама взыскивает долг с контрагентов. 2. Банковский кредит: при банковском кредите обеспечением могут выступать различные активы компании, такие как недвижимость, оборудование, ценные бумаги и другие. Банк предоставляет кредит под залог этих активов, и в случае невыполнения обязательств по кредиту, банк имеет право реализовать залог для покрытия своих убытков. Таким образом, основное отличие заключается в том, что при факторинге обеспечением выступают долги контрагентов, а при банковском кредите — различные активы компании."
97,"Какую роль играет Агентство по страхованию вкладов в защите вкладчиков банков, а также клиентов страховщиков?","Агентство по страхованию вкладов (АСВ) играет ключевую роль в защите вкладчиков банков. В случае отзыва лицензии у банка АСВ выплачивает компенсацию вкладчикам в пределах 1,4 миллиона рублей. При этом учитываются все счета и вклады в этом банке, включая начисленные проценты. В некоторых случаях АСВ может выплатить повышенную страховку — до 10 миллионов рублей. Для клиентов страховщиков АСВ также может быть полезным, так как помогает решать споры с финансовыми компаниями, включая страховые. Если страховая компания не выполняет условия договора, например, не выплачивает страховое возмещение или занижает выплату, можно обратиться к финансовому омбудсмену, который помогает решить спор до суда. Решения омбудсмена обязательны для финансовых организаций."
98,Как налогообложение дохода сотрудников на УСН соотносится с пределом удержаний при взыскании долгов?,"Налогообложение дохода сотрудников на УСН (упрощенной системе налогообложения) и предел удержаний при взыскании долгов регулируются разными нормативными актами и не связаны напрямую. 1. Налогообложение дохода сотрудников на УСН:  - Организации на УСН уплачивают налог с разницы между доходами и расходами (объект налогообложения доходы минус расходы) или с доходов (объект налогообложения доходы).  - Налоговые ставки зависят от выбранного объекта налогообложения и региона.  - С заработной платы сотрудников удерживаются страховые взносы и НДФЛ (13% для резидентов, 15% для нерезидентов). 2. Предел удержаний при взыскании долгов:  - Согласно статье 99 Федерального закона Об исполнительном производстве, максимальный размер удержания из заработной платы и иных доходов должника составляет:   - 50% при взыскании алиментов;   - 20% при взыскании по исполнительным документам, не связанным с алиментами.  - Удержания не могут превышать 70% в случае взыскания алиментов на несовершеннолетних детей, возмещения вреда, причиненного здоровью, и возмещения ущерба, причиненного смертью кормильца. Таким образом, налогообложение дохода сотрудников на УСН и предел удержаний при взыскании долгов регулируются разными нормативными актами и не связаны напрямую. Налогообложение определяет, какие налоги и взносы удерживаются с дохода сотрудников, а предел удержаний определяет, какую часть дохода можно удержать при взыскании долгов."
99,Защищены ли деньги на счете эскроу при покупке строящегося жилья?,"Деньги на счете эскроу при покупке строящегося жилья защищены, но с некоторыми ограничениями. В случае, если на эскроу было более 10 миллионов рублей, сумма сверх этого лимита будет возвращена только в ходе банкротства или ликвидации банка. Это связано с системой страхования вкладов, которая покрывает суммы до 10 миллионов рублей. Для более подробной информации о работе системы страхования вкладов можно обратиться к соответствующей статье."
100,Какие меры снижают риск кражи денег при расчетах на сайтах объявлений?,"Для снижения риска кражи денег при расчетах на сайтах объявлений рекомендуется: 1. Проверять платежные ссылки на предмет фишинга. Используйте проверенные методы для выявления мошеннических ресурсов. 2. Внимательно сверяйте сумму и адресата платежа с уведомлением, полученным от банка. 3. Не вносите предоплату или страховые взносы на подозрительных сайтах. 4. Избегайте ввода платежных данных на неофициальных или подозрительных страницах. 5. Используйте защищенные методы оплаты, такие как электронные кошельки или системы с защитой покупателя. 6. Следите за актуальными инструкциями по кибергигиене и защите от мошенничества."
101,Почему неквалифицированным инвесторам сейчас рискованно покупать иностранные бумаги через российских посредников?,"В период санкций покупка иностранных ценных бумаг через российских посредников может быть рискованной для неквалифицированных инвесторов по нескольким причинам. Во-первых, санкции могут привести к ограничениям или изменениям в условиях торговли, что увеличивает риски для инвесторов. Во-вторых, даже если брокер предоставляет такую возможность, важно тщательно оценить все возможные риски, связанные с покупкой иностранных бумаг. В-третьих, неквалифицированные инвесторы могут не иметь достаточного опыта и знаний для оценки всех рисков, связанных с инвестированием в иностранные ценные бумаги. Поэтому лучше рассмотреть альтернативные варианты, такие как доверительное управление или инвестирование в ПИФы, которые специализируются на таких ценных бумагах."
102,Сколько максимально вернут по соцвычету и по взносам на ИИС при ставке НДФЛ 22%,"По социальному налоговому вычету максимальная сумма возврата составляет 13% от суммы расходов, но не более 120 000 рублей в год. Это означает, что максимальный возврат по социальному вычету при ставке НДФЛ 22% составит 26 400 рублей (120 000 рублей х 22%). По взносам на индивидуальный инвестиционный счет (ИИС) тип А максимальный возврат составляет 13% от суммы взносов, но не более 52 000 рублей в год. Это означает, что максимальный возврат по ИИС тип А при ставке НДФЛ 22% составит 114 400 рублей (520 000 рублей х 22%). Для ИИС тип Б налоговый вычет не предоставляется, но доходы по таким счетам освобождаются от налогообложения при условии, что средства не снимаются в течение трех лет."
103,Можно ли без потерь забрать деньги из НСЖ или ИСЖ после покупки полиса?,"Возврат денежных средств за страховой полис, будь то НСЖ (накопление страховой защиты) или ИСЖ (инвестиционное страхование жизни), возможен, но обычно с определенными условиями и возможными потерями. 1. Досрочное расторжение полиса: В большинстве случаев страховые компании позволяют досрочно расторгнуть договор страхования, но возвращаемая сумма будет меньше внесенной. Это связано с тем, что часть средств уже была использована для покрытия страховых рисков и комиссий. 2. Условия возврата: Возврат возможен, если в договоре страхования предусмотрена соответствующая опция. Обычно возвращается часть внесенных средств за вычетом начисленных комиссий и страховых платежей. 3. Налоговые последствия: Возврат средств может повлечь за собой налоговые обязательства, особенно если полис был оформлен в рамках инвестиционного страхования жизни (ИСЖ). Для более точной информации рекомендуется обратиться в страховую компанию, где был оформлен полис, или изучить условия договора."
104,За счет чего банки обеспечивают выплаты кешбэка?,"Банки обеспечивают выплаты кешбэка за счет нескольких факторов: 1. Комиссии от торговых точек. Банки получают комиссию от магазинов и сервисов за проведение безналичных платежей. Часть этой комиссии идет на выплату кешбэка клиентам. 2. Условия партнерских программ. Банки заключают соглашения с партнерами, которые готовы компенсировать часть расходов на кешбэк в обмен на привлечение клиентов. 3. Доходы от обслуживания карт. Банки зарабатывают на ежемесячной плате за обслуживание карт, а также на процентах по кредитам, которые могут быть связаны с использованием карты. 4. Маркетинговые стратегии. Кешбэк часто используется как инструмент привлечения и удержания клиентов, что в долгосрочной перспективе приносит банку больше прибыли."
105,"Когда разумнее выбрать микрозаем в МФО, а не льготный банковский кредит?","Микрозайм в МФО может быть разумным выбором в следующих случаях: 1. Если вам нужна небольшая сумма денег на короткий срок. МФО обычно выдают займы до 1 миллиона рублей на срок до 1 года. Банковские кредиты, как правило, выдаются на более длительные сроки и на более крупные суммы. 2. Если у вас нет времени на сбор документов и ожидание решения по кредиту. МФО обычно принимают решение о выдаче займа в течение нескольких минут или часов, тогда как банки могут рассматривать заявку на кредит несколько дней. 3. Если у вас нет возможности предоставить залог или поручителей. МФО обычно не требуют залог или поручителей, тогда как банки могут требовать их для выдачи кредита. 4. Если у вас плохая кредитная история. МФО могут выдавать займы даже клиентам с плохой кредитной историей, тогда как банки обычно отказывают в кредите клиентам с плохой кредитной историей. Однако, стоит помнить, что процентные ставки по микрозаймам в МФО обычно выше, чем по банковским кредитам. Поэтому, если у вас есть возможность получить льготный банковский кредит, лучше воспользоваться ею."
106,Чем отличается лимит пополнений ИИС-1/2 от лимита суммы взносов для вычета по ИИС-3?,"Лимит пополнений ИИС-1 и ИИС-2 отличается от лимита суммы взносов для вычета по ИИС-3 следующим образом: 1. ИИС-1 и ИИС-2:  - Лимит пополнений составляет 1 миллион рублей в год.  - Этот лимит относится к сумме взносов, которые вы можете внести на счет в течение года. 2. ИИС-3:  - Лимит суммы взносов для вычета составляет 400 тысяч рублей в год.  - Этот лимит относится к сумме взносов, с которой вы можете получить налоговый вычет. Таким образом, основное отличие заключается в размере лимита и в том, что лимит для ИИС-1 и ИИС-2 относится к сумме взносов, а для ИИС-3 — к сумме, с которой можно получить налоговый вычет."
107,Как распределение накоплений между несколькими НПФ влияет на размер гарантированной защиты?,"Распределение накоплений между несколькими НПФ может повлиять на размер гарантированной защиты следующим образом: 1. Диверсификация рисков: Если активы одного НПФ окажутся недостаточными или их не удастся быстро продать по справедливой цене, распределение накоплений между несколькими фондами снижает риск потери всех средств. Это позволяет уменьшить зависимость от одного фонда и его инвестиционной стратегии. 2. Гарантированная защита: В случае банкротства НПФ гарантированная защита накоплений ограничена. Например, если сумма накоплений превышает 2,8 млн рублей, распределение между несколькими НПФ может помочь сохранить большую часть средств, так как гарантии могут действовать в рамках каждого фонда отдельно. 3. Выбор надежных фондов: Важно тщательно выбирать НПФ, удостоверяясь, что у них есть лицензии и хорошая репутация. Это снижает риски и повышает уровень гарантированной защиты. Таким образом, распределение накоплений между несколькими НПФ может повысить общую безопасность ваших сбережений, но важно учитывать условия и репутацию каждого выбранного фонда."
108,Как подтверждается подписание онлайн-кредита?,"Подписание онлайн-кредита обычно подтверждается следующими способами: 1. Электронной подписью. Это может быть квалифицированная электронная подпись, которая имеет такую же юридическую силу, как и обычная подпись на бумажном документе, или простая электронная подпись, которая может быть создана с помощью SMS-кода или одноразового пароля, отправленного на ваш телефон. 2. SMS-кодом. Банк или микрофинансовая организация может отправить вам SMS с кодом, который нужно ввести в специальное поле на сайте для подтверждения вашего согласия с условиями кредита. 3. Одноразовым паролем. Это может быть пароль, который вы получаете по SMS, email или через мобильное приложение банка. 4. Подтверждением через мобильное приложение. Некоторые банки позволяют подписывать кредитные договоры через их мобильное приложение, используя биометрические данные, такие как отпечаток пальца или распознавание лица. Важно внимательно изучить все условия кредита перед его подписанием, чтобы избежать нежелательных обязательств."
109,"Если бизнес не проходит по условиям льготного кредитования, какой инструмент позволит профинансировать оборудование на спецусловиях?","Если бизнес не подходит для льготного кредитования, можно рассмотреть несколько вариантов: 1. Обычный кредит с господдержкой. Некоторые регионы предлагают субсидии или гранты на покупку оборудования. Подробнее об этом можно узнать на сайте Корпорации МСП и портале «Мой бизнес». 2. Рассрочка или кредит на кассе. Это может быть удобным вариантом, если оборудование нужно срочно. Главное — внимательно изучить условия договора. 3. POS-кредит. Это кредит, который оформляется непосредственно на кассе магазина. Он может быть полезен, если оборудование нужно срочно, а других вариантов оплаты нет. Позже можно изучить другие кредитные предложения и погасить POS-кредит досрочно."
110,Как проверить СМС о пополнении счета на подлинность?,"Для проверки подлинности СМС о «пополнении счета» рекомендуется следовать нескольким шагам: 1. Проверьте источник сообщения. Официальные сообщения от банка обычно приходят с короткого номера или указанного в договоре номера. Если номер незнакомый, это может быть признаком мошенничества. 2. Сравните информацию в СМС с данными в вашем банковском приложении или личном кабинете. Если пополнение не отображается в истории операций, сообщение может быть поддельным. 3. Не переходите по ссылкам из подозрительных сообщений. Мошенники часто используют фишинговые ссылки для кражи данных. 4. Свяжитесь с банком. Если у вас есть сомнения, позвоните в службу поддержки банка по официальному номеру, указанному на сайте или на обратной стороне карты. Не используйте номера, указанные в подозрительных сообщениях. 5. Проверьте последние платежи. Как указано в контексте, имеет смысл перепроверить все последние платежи, чтобы убедиться, что никакие средства не были списаны без вашего ведома. Если вы перевели деньги или предоставили код из СМС, к сожалению, банк не сможет вернуть вам деньги, как указано в контексте. Поэтому важно быть внимательным и проверять подлинность таких сообщений."
111,"Какой минимальный срок держать ИИС разных типов, чтобы сохранить право на налоговые льготы?","Для индивидуального инвестиционного счета (ИИС) типа А (с вычетом на вложения) минимальный срок владения составляет 3 года. Для ИИС типа Б (с вычетом на доход) минимальный срок владения также составляет 3 года. Если вы закроете счет или выведете средства раньше, вы потеряете право на налоговые льготы."
112,"Как проверить, что финансовый посредник или платформа действует легально, и куда жаловаться при проблемах с инвестиционной платформой?","Чтобы проверить, действует ли финансовый посредник или платформа легально, убедитесь, что она внесена в реестр Банка России. Для этого можно воспользоваться официальным сайтом регулятора. Если возникли проблемы с инвестиционной платформой, которая состоит в реестре Банка России, жалуйтесь в интернет-приемную регулятора или задайте вопрос через мобильное приложение «ЦБ онлайн». Если платформа не в реестре, разногласия можно улаживать только в суде."
113,Как банки получают госданные при онлайн-заявке на ипотеку?,"Банки получают государственные данные при онлайн-заявке на ипотеку через интеграцию с государственными информационными системами. Например, банк может запросить информацию о кредитной истории клиента через Бюро кредитных историй (БКИ), данные о доходах через налоговые органы или информацию о недвижимости через Росреестр. Это позволяет банку быстро и надежно проверить информацию, предоставленную клиентом, и принять решение о выдаче кредита."
114,Что произойдет с долгом при продаже залога дешевле задолженности: в автоломбарде против ипотеки?,"При продаже заложенного имущества дешевле суммы задолженности по кредиту, порядок действий зависит от типа залога и условий договора. Для автоломбарда: Если заложенное имущество продано дешевле суммы задолженности, банк или ломбард может взыскать с заемщика оставшуюся сумму долга. Это называется дефицитом покрытия. В некоторых случаях заемщик может быть обязан выплатить эту разницу. Для ипотеки: Если заложенная недвижимость продана дешевле суммы задолженности, банк направит вырученные деньги на погашение ипотечного кредита. Оставшуюся сумму долга заемщик должен будет выплатить самостоятельно. В некоторых случаях банк может предоставить отсрочку или реструктуризацию долга, но это зависит от условий договора и соглашения с банком. В обоих случаях важно своевременно информировать банк о сложившейся ситуации и пытаться договориться о возможных вариантах решения проблемы."
115,Почему низкая ставка по кредиту не гарантирует выгоду при покупке квартиры либо оборудования?,"Низкая ставка по кредиту не гарантирует выгоду по нескольким причинам: Во-первых, ставка может быть низкой, но при этом кредит может включать дополнительные комиссии или скрытые платежи, которые в итоге сделают кредит более дорогим. Во-вторых, важно учитывать общие условия кредита, такие как срок кредитования, сумма кредита, штрафы за досрочное погашение и другие условия, которые могут повлиять на общую стоимость кредита. В-третьих, при покупке квартиры или оборудования важно учитывать не только стоимость кредита, но и стоимость самого объекта, его ликвидность, возможные риски и другие факторы, которые могут повлиять на общую выгоду сделки. В-четвертых, низкая ставка может быть временной акцией или предложением, которое в будущем может измениться, что также может повлиять на общую стоимость кредита. Поэтому при выборе кредита важно учитывать не только ставку, но и все условия кредита, а также общие условия сделки."
116,Почему не стоит отыгрываться на падающем рынке?,"На падающем рынке не стоит отыгрываться, потому что это может привести к дополнительным убыткам. Когда рынок падает, цены на активы снижаются, и попытки купить их в надежде на быстрый рост могут быть рискованными. Инвесторы могут вкладывать больше средств, чем планировали, в надежде компенсировать потери, но это может привести к еще большим убыткам, если рынок продолжит падение. Кроме того, эмоциональные решения часто приводят к нерациональным действиям, которые могут усугубить ситуацию. Лучше следовать заранее продуманной стратегии и не поддаваться панике."
117,Зачем для вклада выбирать надежный банк в конце года?,"Выбор надежного банка для вклада в конце года важен по нескольким причинам: 1. Стабильность и безопасность. Надежный банк снижает риски потери средств, особенно в условиях возможных экономических колебаний в новом году. 2. Выгодные условия. В конце года банки часто предлагают специальные условия по вкладам, чтобы привлечь клиентов. 3. Подготовка к новому году. В конце года многие люди планируют свои финансы на следующий год, и размещение средств в надежном банке позволяет обеспечить стабильный доход. 4. Избегание проблем с лицензией. Даже если у банка отзовут лицензию, средства клиентов до 1,4 млн рублей застрахованы в АСВ."
118,Что делать при подозрительных списаниях по карте?,"При подозрительных списаниях по карте необходимо сразу же предпринять следующие шаги: 1. Обратите внимание на СМС или push-уведомления, которые вы должны были получить при списании. Если списание не было вами совершено, то это может быть признаком мошенничества. 2. Немедленно свяжитесь с банком. Вы можете позвонить на горячую линию банка или обратиться в отделение. Сообщите о подозрительных списаниях и запросите блокировку карты. 3. Оспорите подозрительные транзакции. Банк должен провести расследование и вернуть деньги, если списание было несанкционированным. 4. Подайте заявление о расторжении договора на обслуживание карты, если считаете, что карта больше небезопасна для использования. 5. В будущем, чтобы избежать подобных ситуаций, используйте карты с овердрафтом или кредитные карты более осмотрительно. Подключите СМС или push-уведомления по всем банковским картам, чтобы оперативно узнавать о платежах. Если у вас есть дополнительные вопросы по данной теме, вы можете обратиться в банк или прочитать статью «Как уберечь себя и близких от финансового мошенничества»."
119,"Последствия затяжной просрочки по ипотеке, оптимальная тактика до суда?","Последствия затяжной просрочки по ипотеке могут быть серьезными. Банк может начать процесс взыскания задолженности, что включает в себя продажу заложенной недвижимости для погашения долга. Это может привести к потере жилья и дополнительным финансовым потерям. Оптимальная тактика до суда включает в себя следующие шаги: 1. Свяжитесь с банком как можно раньше. Объясните ситуацию и попробуйте договориться о реструктуризации долга или отсрочке платежей. Банки часто идут на уступки, чтобы избежать судебных разбирательств. 2. Предоставьте банку документы, подтверждающие временные финансовые трудности. Это может быть увольнение, болезнь или другие обстоятельства, которые привели к просрочке. 3. Если банк соглашается на реструктуризацию, внимательно изучите новые условия кредита. Убедитесь, что они для вас приемлемы и что вы сможете выполнять новые обязательства. 4. Если договоренность с банком не достигнута, обратитесь за помощью к кредитным консультантам или юристам, специализирующимся на кредитных спорах. Они могут помочь вам найти выход из сложной ситуации. Важно помнить, что чем раньше вы начнете действовать, тем больше шансов на благоприятный исход. Не доводите дело до суда, так как это может значительно усложнить ситуацию и привести к дополнительным расходам."
120,Как повысить шансы на одобрение кредита без переплаты за ненужные услуги?,"Для повышения шансов на одобрение кредита без переплаты за ненужные услуги, следуйте этим рекомендациям: 1. Поддерживайте стабильный доход и надежную работу. Банки в первую очередь обращают внимание на эти факторы. 2. Избегайте просрочек по обязательным платежам, таким как налоги, ЖКХ, алименты и другие. 3. Регулярно проверяйте свою кредитную историю. Вы можете получить ее бесплатно два раза в год. 4. Установите самозапрет на кредиты, если не планируете их оформлять. Это защитит вас от мошенников и предотвратит накопление долгов без вашего ведома. 5. Не торопитесь с оформлением кредита. Внимательно изучите все нюансы и условия, чтобы избежать ошибок. 6. Не соглашайтесь на дополнительные услуги, которые не являются обязательными для получения кредита. Это поможет избежать переплаты."
121,"Куда обращаться при заниженной выплате, если страховщик проходит санацию?","При заниженной выплате от страховщика, который проходит санацию, вы можете обратиться к финансовому омбудсмену. Он обяжет страховую компанию выполнить условия договора. Также вы имеете право требовать выплаты процентов за задержку возмещения, но для этого нужно будет обратиться в суд."
122,Как оспорить списание по карте с учетом срока ответа банка?,"Для оспаривания списания по карте необходимо действовать в соответствии с регламентом вашего банка. Обычно банк должен рассмотреть вашу претензию в течение 30 дней с момента ее подачи. Если банк не отвечает или не исправляет ошибку, вы можете подать жалобу в интернет-приемную Федеральной службы судебных приставов (ФССП). В случае затягивания рассмотрения или отказа ФССП вернуть деньги, обратитесь в прокуратуру или подайте иск в суд."
123,Почему полис ИСЖ не равен вкладу в контексте раздела при разводе?,"Полис ИСЖ (ипотечное страхование жизни и здоровья) и вклад — это разные финансовые инструменты, и они по-разному рассматриваются при разделе имущества при разводе. 1. Полис ИСЖ: Это страховой полис, который оформляется для защиты интересов банка и заемщика при ипотечном кредитовании. В случае страхового случая (например, смерти или инвалидности заемщика) страховая компания выплачивает банку оставшуюся сумму кредита. Полис ИСЖ не является имуществом, которое можно разделить между супругами. Он служит для обеспечения исполнения обязательств по кредиту. 2. Вклад: Вклад в банке является имуществом, которое может быть разделено между супругами при разводе. В соответствии с семейным законодательством, все имущество, нажитое супругами в браке, считается совместной собственностью и подлежит разделу пополам, если иное не предусмотрено брачным договором. Таким образом, полис ИСЖ не равен вкладу, потому что это разные категории активов: один является страховым продуктом, а другой — финансовым вложением, которое может быть разделено при разводе."
124,Когда возможны повышенные выплаты по вкладам до 10 млн рублей?,"Повышенные выплаты по вкладам до 10 млн рублей возможны в случаях, когда банк не является системно значимым или не поддается оздоровлению, а масштаб вложений в его оздоровление сравним или выше страховой ответственности Агентства по страхованию вкладов (АСВ). В таких ситуациях АСВ может выплатить повышенную компенсацию в пределах 10 млн рублей. Подробнее о правилах возврата денег можно узнать в статье «Как работает система страхования вкладов»."
125,Как подходить к выбору продавца на маркетплейсе либо кредитного брокера?,"При выборе продавца на маркетплейсе или кредитного брокера важно учитывать несколько ключевых моментов. Во-первых, для кредитных брокеров нет объективных критериев или государственных реестров, поэтому лучше опираться на рекомендации друзей и знакомых. Это поможет снизить риски мошенничества и недобросовестного исполнения обязательств. Во-вторых, при выборе брокера для инвестиций важно тщательно изучить условия сотрудничества, внимательно читать договор и приложения к нему. Это поможет избежать проблем, связанных с непониманием условий работы. В-третьих, всегда помните, что инвестиции и кредиты связаны с рисками. Для снижения этих рисков стоит диверсифицировать вложения и тщательно анализировать предложения. Если у вас есть дополнительные вопросы, связанные с банковскими услугами, я готов помочь."
126,Почему высокий индивидуальный кредитный рейтинг не гарантирует одобрение кредита?,"Высокий индивидуальный кредитный рейтинг не гарантирует одобрение кредита, потому что банк учитывает не только кредитную историю, но и другие важные факторы. Во-первых, банк будет смотреть на наличие у вас надежной работы и стабильной зарплаты. Во-вторых, важно отсутствие просрочек по налогам, счетам за ЖКХ, алиментам и другим обязательным платежам. Даже если у вас высокий рейтинг, но есть проблемы с этими аспектами, банк может отказать в кредите. Кроме того, банки используют собственные системы оценки заемщиков, которые могут включать дополнительные критерии, не связанные напрямую с кредитной историей."
127,Какие меры заранее снижают риск кражи денег с карты в поездке и дома?,"Для снижения риска кражи денег с карты как в поездке, так и дома, рекомендуется: 1. Использовать для автоперечислений кредитную карту или карту с овердрафтом. Это поможет минимизировать потери в случае сбоев или краж. 2. Подключить СМС или push-уведомления по всем банковским картам. Это позволит оперативно узнавать о платежах, которые вы не совершали, и вовремя их оспаривать. 3. Носить карты отдельно от наличных денег. Например, карточки можно хранить в отдельном кейсе, а большую часть средств оставлять в сейфе или запертом чемодане. 4. Следовать основным правилам безопасности при использовании банковских карт. Подробнее о них можно узнать в тексте «Как защититься от кражи денег с карты». 5. При поездках за границу снимать крупные суммы в банкоматах, чтобы минимизировать комиссию."
128,Когда ФНС присылает готовое заявление на вычет без декларации,"ФНС присылает готовое заявление на вычет без декларации, если организация, где вы работаете, пересылает информацию о ваших платежах в налоговую. В этом случае вам нужно только подтвердить согласие, и ФНС в течение месяца перечислит вам деньги. Если же организация не передает такие данные, вам придется самостоятельно подавать заявление и документы на вычет в ФНС."
129,Чем отличается порядок прекращения договоров при отказе страховщика от лицензии от ситуации с отзывом лицензии?,"В контексте предоставленных текстов, информация о порядке прекращения договоров при отказе страховщика от лицензии или отзыве лицензии отсутствует. Эти тексты не содержат детальной информации о процедурах, связанных с отказом или отзывом лицензии страховой компании. Для получения точной информации по вашему вопросу рекомендую обратиться в Банк России или к финансовому омбудсмену, которые могут предоставить подробные разъяснения по данной теме."
130,Куда обращаться с жалобой на страховщика в зависимости от вида нарушения?,"Для решения вопроса о том, куда обращаться с жалобой на страховщика в зависимости от вида нарушения, необходимо учитывать несколько ключевых моментов, указанных в контексте. 1. Если страховая компания не выплатила страховку в срок и не предоставила мотивированный отказ:  - Можно обратиться к финансовому омбудсмену. Он обяжет страховщика выполнить условия договора.  - Также можно требовать выплаты процентов за задержку возмещения, обратившись в суд. 2. Если страховая компания отказывается выполнять условия договора:  - Нужно обратиться в приемную Банка России. К жалобе следует приложить ответ страховщика и другие документы, которые помогут разобраться в ситуации. 3. Если страховая компания нарушает ваши права:  - Можно оставить жалобу в интернет-приемной Банка России. Таким образом, в зависимости от вида нарушения, вы можете обратиться к финансовому омбудсмену, в суд или в приемную Банка России."
131,"Как узнать, в каких БКИ хранится моя кредитная история, и как бесплатно получить отчет?","Чтобы узнать, в каких бюро кредитных историй (БКИ) хранится ваша кредитная история, вы можете обратиться в Центральный каталог кредитных историй (ЦККИ). Для этого нужно отправить запрос в любое БКИ, и они предоставят вам информацию о том, в каких бюро хранится ваша история. Для получения кредитной истории бесплатно два раза в год, вы можете обратиться напрямую в БКИ. Например, в Национальное бюро кредитных историй (НБКИ), Объединённое кредитное бюро (ОКБ) или в другие аккредитованные бюро. Запрос можно отправить через официальные сайты этих организаций или посетить их офисы лично. Также вы можете получить кредитную историю через банк, в котором у вас открыт счет или кредит. Банки часто предоставляют такую услугу своим клиентам."
132,Куда обращаться при споре со страховой?,"При споре со страховой компанией вы можете обратиться к финансовому омбудсмену. Он поможет решить спор до суда и его решения финансовые организации обязаны выполнять так же, как постановления суда. Если страховая компания не выполняет условия договора, например, не выплачивает страховое возмещение или занижает выплату, финансовый омбудсмен обяжет страховщика выполнить условия договора."
133,Что выбрать предпринимателю без залога при потребности в деньгах на короткий срок?,"Для предпринимателя без залога, нуждающегося в деньгах на короткий срок, можно рассмотреть несколько вариантов: 1. Микрозайм. Это быстрый способ получить деньги, но процентные ставки обычно выше, чем по кредитам. Важно внимательно изучить условия и рассчитать, как вы будете возвращать деньги, чтобы избежать просрочек и негативных последствий для кредитной истории. 2. Кредит на кассе. Некоторые магазины и сервисы предлагают оформить кредит непосредственно при покупке. Это может быть удобно, если деньги нужны для конкретной покупки. 3. Рассрочка. Если деньги нужны на покупку, можно рассмотреть вариант рассрочки. Это позволяет оплатить заказ частями без переплаты процентов. Перед оформлением любого займа или кредита важно оценить свои финансовые возможности и убедиться, что вы сможете своевременно возвращать деньги."
134,Чем для вкладчика отличается санация от отзыва лицензии?,"Санация и отзыв лицензии — это разные процедуры, которые могут применяться к финансовым организациям, включая банки и страховые компании. Для вкладчика эти процедуры имеют разные последствия. Санация — это процедура финансового оздоровления, которая применяется к финансовой организации, если регулятор (например, Банк России) считает, что её банкротство может привести к социальной напряженности или системным проблемам на финансовом рынке. В этом случае регулятор может принять решение о финансовом оздоровлении компании, чтобы предотвратить её банкротство и защитить интересы вкладчиков и клиентов. Отзыв лицензии — это более жесткая мера, которая применяется к финансовой организации, если она не соответствует требованиям регулятора или нарушает законы. В этом случае лицензия компании отзывается, и она больше не может осуществлять свою деятельность. Для вкладчиков это означает, что их деньги могут быть заморожены или потеряны, если компания не сможет вернуть их. Таким образом, для вкладчика санация обычно означает, что его деньги будут защищены, а отзыв лицензии может привести к потере средств. Однако в обоих случаях важно следить за новостями и действовать в соответствии с рекомендациями регулятора."
135,В каких случаях банк компенсирует хищение средств?,"В случаях, когда хищение средств произошло по вине банка, например, из-за ошибки в работе системы или действий сотрудников, банк может компенсировать ущерб. Однако конкретные условия компенсации зависят от внутренних политик банка и законодательства. Для получения компенсации необходимо обратиться в банк с заявлением и предоставить доказательства хищения. Если банк отказывается возмещать ущерб, можно обратиться в соответствующие регуляторные органы или суд."
136,"Как убедиться, что письмо о школьной субсидии не от мошенников?","Чтобы убедиться, что письмо о школьной субсидии не от мошенников, обратите внимание на несколько ключевых моментов: 1. Проверьте реквизиты получателя. Мошенники часто указывают свои мошеннические счета и корреспондентский счет банка с номером 30101. Убедитесь, что реквизиты соответствуют официальным данным организации, предоставляющей субсидию. 2. Обратите внимание на наличие запросов конфиденциальной информации. Легитимные организации не будут требовать пароли, коды из СМС или другие данные, которые могут быть использованы для доступа к вашим финансам. 3. Проверьте, есть ли в письме ссылки на официальные источники или контактные данные организации. Вы можете самостоятельно найти официальный сайт или контактные данные организации и сравнить их с информацией в письме. 4. Будьте внимательны к любым подозрительным деталям, таким как орфографические ошибки, необычные формулировки или слишком срочные требования. 5. Если у вас есть сомнения, лучше связаться с организацией напрямую через официальные каналы связи, чтобы уточнить информацию. Для дополнительной информации о том, как распознать мошеннические схемы, вы можете обратиться к статьям «Социальная инженерия: почему люди сами отдают мошенникам деньги» и «Как уберечь себя и близких от финансового мошенничества»."
137,Куда обращаться за выплатами: советские вклады против вкладов банка с отозванной лицензией?,"Для советских вкладов и вкладов в банке с отозванной лицензией обращаться нужно в разные инстанции. 1. Советские вклады: Обращайтесь в Банк России. Он занимается выплатами по вкладам, которые были сделаны в советские времена. 2. Вклады в банке с отозванной лицензией: Обращайтесь в Агентство по страхованию вкладов (АСВ). Оно занимается выплатами по вкладам в банках, у которых отозвана лицензия."
138,Что поможет новичку начать контролировать бюджет без сложных инструментов?,"Для начала контроля бюджета без сложных инструментов можно использовать простые методы: 1. Ведение таблицы доходов и расходов. Это может быть обычная таблица в Excel или даже бумажный блокнот. Важно регулярно записывать все доходы и расходы, чтобы иметь четкое представление о своих финансах. 2. Использование мобильных приложений для учета расходов. Существуют приложения, которые позволяют легко и удобно вести учет доходов и расходов, а также анализировать свои финансовые привычки. 3. Регулярное сверение с планом. Важно не только записывать доходы и расходы, но и сравнивать их с запланированными значениями. Это поможет выявить отклонения и вовремя скорректировать свои финансовые решения. 4. Формулирование финансовых целей. Четкие и конкретные цели помогут мотивировать вас на контроль бюджета и достижение финансовых успехов. 5. Использование общих счетов и карт. Если вы живете с семьей или партнером, общий счет с двумя картами может помочь в совместном контроле бюджета и достижении общих финансовых целей. 6. Регулярное обновление списка обязательных трат. Важно хотя бы раз в полгода пересматривать свои обязательные расходы и адаптировать бюджет под изменения в жизни."
139,Какие инструменты снижения рисков для банков и инвесторов доступны через Корпорацию МСП?,"Через Корпорацию МСП предприниматели могут воспользоваться несколькими инструментами, которые помогают снизить риски для банков и инвесторов: 1. Гарантии по кредитам: Корпорация МСП предоставляет государственные гарантии, которые позволяют предпринимателям получать кредиты на более выгодных условиях. Это снижает риски для банков, так как часть ответственности по кредиту берет на себя государство. 2. Льготные кредиты и займы: На сайте Корпорации МСП можно подать заявку на льготные кредиты или займы, которые имеют более низкие процентные ставки по сравнению с обычными кредитами. Это также снижает финансовую нагрузку на предпринимателей и уменьшает риски для банков. 3. Обучение и консультации: Корпорация МСП предлагает бесплатное обучение и персональные консультации для предпринимателей. Это помогает бизнесу развиваться более стабильно, что снижает риски для инвесторов и банков. 4. Поддержка через региональные программы: Корпорация МСП информирует о мерах поддержки, действующих в различных регионах, включая гранты, субсидии и другие виды помощи. Это позволяет предпринимателям получать дополнительные ресурсы для развития бизнеса, что снижает риски для всех участников финансовых отношений."
140,"Как понять, потянете ли ежемесячный платеж по ипотеке?","Чтобы понять, потянете ли вы ежемесячный платеж по ипотеке, следует учитывать несколько факторов. Во-первых, размер ежемесячного платежа не должен превышать 30% от вашего ежемесячного дохода. Это стандартное правило, которое помогает избежать финансовых трудностей. Во-вторых, необходимо учитывать непредвиденные обстоятельства, такие как болезнь или увольнение. Это поможет вам подготовиться к возможным изменениям в вашем финансовом положении. В-третьих, перед оформлением ипотеки рекомендуется тщательно рассчитать свои доходы и расходы, а также учесть возможные изменения в вашем финансовом положении в будущем. Для более детальной информации о том, как оформить ипотечный кредит и какие факторы учитывать, вы можете обратиться к статье «Что такое ипотечный кредит и как его оформить»."
141,Как распознать фишинговое письмо?,"Фишинговые письма часто имитируют официальные сообщения от банков или других организаций. Они могут содержать ссылки на поддельные сайты, которые визуально похожи на настоящие. Чтобы распознать фишинговое письмо, обратите внимание на следующие признаки: 1. Подозрительный адрес отправителя: адрес может отличаться от официального всего на один-два символа. 2. Наличие подозрительных ссылок: ссылки могут вести на сайты с необычными доменами или адресами, которые не совпадают с официальными. 3. Требуют срочных действий: мошенники часто создают ощущение срочности, чтобы вы не задумывались о безопасности. 4. Просят ввести личные данные: настоящие банки и организации никогда не запрашивают пароли, коды из SMS или другие конфиденциальные данные через электронную почту. Для более подробной информации о том, как распознать и защититься от фишинга, рекомендую прочитать статью «Фишинг: что это такое и как от него защититься»."
142,Как проверить легальность кредитора перед оформлением займа?,"Перед оформлением займа убедитесь, что финансовая организация работает легально. Для этого проверьте банк, МФО, КПК или ломбард на сайте Банка России. Это можно сделать в Справочнике участников финансового рынка. Если организация отсутствует в этом списке, перед вами, скорее всего, мошенники."
143,Какие ПИФы лучше подходят для долгосрочной стратегии инвестирования?,"Для долгосрочной стратегии инвестирования лучше всего подходят ПИФы, которые вкладываются в ценные бумаги. В этом случае решения о покупке или продаже активов принимают профессиональные инвесторы. Это позволяет диверсифицировать портфель и снизить риски. Также стоит обратить внимание на биржевые фонды, которые могут разнообразить ваши инвестиции. Однако не стоит вкладывать все свободные деньги в один фонд, так как на фондовом рынке всегда есть риск получить убытки. Важно тщательно выбирать фонд и, если планируете отложить значительную сумму, рассмотреть возможность распределения средств по нескольким ПИФам."
144,Почему при замене водительского удостоверения важно сообщить об этом страховщику по ОСАГО?,"При замене водительского удостоверения важно сообщить об этом страховщику по ОСАГО, чтобы избежать проблем в случае аварии. Если страховая компания обнаружит нестыковки в данных, она может отказать в выплате или взыскать с вас сумму, выплаченную пострадавшему. Это связано с тем, что страховой полис ОСАГО привязан к конкретному водительскому удостоверению, и его замена может повлиять на действие полиса."
145,Как соотносится лимит суммы по кредитным каникулам для потребительских займов с максимальным размером кредита по семейной ипотеке?,"Для ответа на ваш вопрос требуется уточнение, так как в предоставленном контексте нет конкретных данных о лимитах сумм по кредитным каникулам для потребительских займов и максимальном размере кредита по семейной ипотеке. Эти параметры могут различаться в зависимости от банка, программы и условий кредитования. Рекомендую обратиться в ваш банк или кредитную организацию для получения актуальной информации."
146,"Зачем при размещении ценных бумаг нужны регистратор, а также депозитарий?","Регистратор и депозитарий играют важные роли в процессе размещения и обращения ценных бумаг. Регистратор ведет реестр владельцев ценных бумаг, фиксирует все изменения в их владении и обеспечивает учет прав на ценные бумаги. Это необходимо для прозрачности и надежности сделок с ценными бумагами. Депозитарий, в свою очередь, хранит ценные бумаги и обеспечивает их учет и контроль. Он гарантирует безопасность и целостность ценных бумаг, а также выполняет расчеты по сделкам с ними. Депозитарий также может предоставлять услуги по клирингу и расчетам, что упрощает процесс торговли ценными бумагами. Таким образом, регистратор и депозитарий обеспечивают надежность и прозрачность рынка ценных бумаг, что является важным условием для его стабильного функционирования."
147,"Получает ли созаемщик право на имущество, купленное в кредит, без указания в договоре купли-продажи?","В соответствии с законодательством, если созаемщик указан в кредитном договоре, но не указан в договоре купли-продажи, его права на имущество, купленное в кредит, могут быть ограничены. В таком случае имущество оформляется только на того, кто указан в договоре купли-продажи. Созаемщик не приобретает автоматически право собственности на это имущество. Однако, если имущество находится в залоге у банка (например, ипотека), то права на него регулируются кредитным договором. В случае невыполнения обязательств по кредиту, банк может реализовать заложенное имущество для погашения долга, независимо от того, кто указан в договоре купли-продажи. Для более детального разъяснения рекомендуется обратиться к специалисту банка или юристу."
148,Через кого частному инвестору доступны опционы либо фьючерсы на бирже?,"Частному инвестору доступны опционы и фьючерсы через брокерские компании, которые предоставляют доступ к торговле на фондовой бирже. Важно выбрать надежного брокера, изучить условия сотрудничества и внимательно ознакомиться с договором перед началом торговли."
149,Как сохранить прожиточный минимум при аресте счетов после решения суда?,"Для сохранения прожиточного минимума при аресте счетов после решения суда можно рассмотреть несколько вариантов: 1. Обратиться в суд с заявлением о выделении средств на основные нужды. Суд может разрешить снятие части средств со счетов для оплаты ЖКХ, продуктов питания и других необходимых расходов. 2. Обратиться в банк с просьбой о реструктуризации долга. Это позволит изменить график платежей и сделать их более доступными. 3. Если у вас есть иждивенцы, можно подать заявление о выделении средств на их содержание. 4. В крайнем случае, можно объявить себя банкротом, но это крайняя мера и она имеет свои последствия. Важно помнить, что арест счетов не означает полное лишение средств. Существуют законные способы обеспечить себя необходимым минимумом."
150,"Когда по оформленному кредиту можно не платить, несмотря на обязанность погашать долги?","По оформленному кредиту можно не платить в следующих случаях: 1. Если кредитный договор содержит условия, позволяющие приостановить платежи. Например, это может быть период льготного кредитования или отсрочки платежей, который должен быть прописан в договоре. 2. Если вы оформили рефинансирование кредита в другом банке. В этом случае, после оформления нового кредита на погашение старого, вы начинаете платить по новому графику. 3. Если банк или МФО нарушает условия договора или ваши права как заемщика. В этом случае вы можете обратиться в суд или в финансовый омбудсмен для разрешения спорной ситуации. 4. Если вы подаете заявление о банкротстве и суд принимает решение о приостановке исполнительных действий. Важно помнить, что любые изменения в графике платежей должны быть согласованы с банком или МФО. Несоблюдение условий договора может привести к начислению штрафов и ухудшению кредитной истории."
151,Как проверить легальность посредника для привлечения финансирования онлайн?,"Для проверки легальности посредника, который предлагает услуги по привлечению финансирования онлайн, следует выполнить несколько шагов: 1. Проверить наличие компании в справочнике Банка России. Это можно сделать через официальный сайт Банка России, используя раздел Справочник участников финансового рынка. 2. Убедиться, что у компании есть соответствующая лицензия. Для финансовых операций это может быть лицензия небанковской кредитной организации или договор платежного агента с лицензированным банком. 3. Использовать проверенные сервисы, такие как Факторинг для бизнеса на Цифровой платформе МСП.РФ. Это позволит избежать мошеннических схем, так как Корпорация МСП контролирует соблюдение условий финансирования. 4. Внимательно изучить отзывы и репутацию компании. Это можно сделать через независимые платформы и форумы. Если компания не найдена в справочнике Банка России или не имеет соответствующих лицензий, от сотрудничества с ней лучше отказаться."
152,Чем отличается порог выручки для обязательного приема карт Мир от максимальной суммы закупки с полки по 223‑ФЗ?,"Я консультирую по вопросам, относящимся к банку. Если у вас есть вопрос, связанный с банковскими услугами, пожалуйста, уточните его."
153,Какие проблемы с оплатой появились из‑за санкций?,"Из-за санкций могут возникнуть следующие проблемы с оплатой: 1. Потеря дохода, что затрудняет выполнение кредитных обязательств. 2. Необходимость реструктуризации долга или запроса каникул по кредиту, если ситуация не подходит под параметры каникул по закону. 3. Возможность объявления себя банкротом в крайнем случае. 4. Необходимость самостоятельного погашения задолженности, если списание платежей было отменено, чтобы избежать просрочек и штрафов. Для более подробной информации можно обратиться на сайт Банка России или прочитать статью «Кредит есть, а денег нет. Что делать?»."
154,Чем отличается имущественная ответственность ИП от ответственности учредителя ООО?,"Имущественная ответственность индивидуального предпринимателя (ИП) и учредителя общества с ограниченной ответственностью (ООО) имеет ключевые различия. 1. ИП отвечает по обязательствам бизнеса всем своим имуществом, включая личное. Это значит, что в случае долгов или банкротства кредиторы могут претендовать на все активы предпринимателя, включая недвижимость, автомобили и счета. 2. Учредитель ООО отвечает по обязательствам компании только в пределах внесенного в уставный капитал. Личное имущество учредителя защищено от претензий кредиторов, если компания не является подставной или не нарушает законодательство. Таким образом, основное отличие заключается в степени защиты личного имущества: у ИП она отсутствует, а у учредителя ООО она есть."
155,Какие практики помогают сократить повседневные расходы при покупках?,"Для сокращения повседневных расходов при покупках можно использовать несколько практик: 1. Планирование покупок. Решите заранее, какие покупки необходимы, и избегайте импульсных трат. Это поможет избежать покупок в предпраздничный ажиотаж, когда цены могут быть выше. 2. Использование рассрочки или кредитных карт с льготным периодом. Это позволяет растянуть оплату на несколько месяцев без переплаты, но важно внимательно изучать условия и не задерживать выплаты. 3. Ведение учета доходов и расходов. Это поможет контролировать бюджет и понимать, на что уходят деньги. Можно использовать специальные приложения или завести общий счет с двумя картами для совместного учета. 4. Сравнение цен и поиск скидок. Перед покупкой стоит сравнить цены в разных магазинах и искать акции или скидки. Это поможет сэкономить на необходимых покупках. 5. Использование кешбэка и бонусных программ. Многие банки и магазины предлагают кешбэк или бонусы за покупки, что позволяет вернуть часть потраченных средств."
156,"Какой месячный срок действует для отказа от допуслуг по кредиту, совпадающий со сроком безуведомительного погашения POS-кредита?","В предоставленном контексте нет информации о месячном сроке для отказа от дополнительных услуг по кредиту. Однако, в тексте упоминается, что при досрочном погашении POS-кредита может потребоваться уведомление МФО. Для получения точной информации о сроках отказа от дополнительных услуг по кредиту рекомендуется обратиться в ваш банк или прочитать условия договора."
157,"Чем лизинг полезен на старте бизнеса, а также на стадии роста?","Лизинг может быть полезен на старте бизнеса и на стадии роста по нескольким причинам. На старте бизнеса лизинг позволяет избежать крупных первоначальных затрат на покупку оборудования или транспортных средств. Это помогает сохранить оборотные средства для других нужд бизнеса. Кроме того, лизинговые платежи можно учитывать в расходах, что снижает налоговую нагрузку. На стадии роста лизинг позволяет быстро обновлять оборудование или транспортный парк, не дожидаясь накопления средств на покупку. Это особенно важно для бизнеса, который быстро развивается и требует постоянного обновления активов. Также лизинг позволяет гибко управлять финансовыми потоками, так как платежи можно планировать в зависимости от сезонности бизнеса."
158,Какие базовые правила помогут защититься от финансовых мошенников?,"Для защиты от финансовых мошенников следует придерживаться нескольких базовых правил: 1. Никогда не сообщайте посторонним лицам свои личные данные, пароли, коды из SMS или другие конфиденциальные сведения. Банк никогда не запрашивает такую информацию по телефону, через мессенджеры или электронную почту. 2. Будьте внимательны при проведении платежей. Проверяйте реквизиты получателя, особенно если перевод инициирован по просьбе незнакомого человека или организации. 3. Используйте только официальные каналы связи с банком. Для проверки подлинности звонков или сообщений обращайтесь в банк через официальный сайт или горячую линию. 4. Регулярно проверяйте историю операций по своим счетам и картам. При обнаружении подозрительных транзакций сразу же блокируйте карту и обращайтесь в банк. 5. Устанавливайте лимиты на операции по картам и счетам. Это поможет минимизировать ущерб в случае несанкционированного доступа к вашим средствам. 6. Используйте сложные пароли и регулярно их меняйте. Не храните пароли в открытом виде и не используйте одни и те же пароли для разных сервисов. 7. Будьте осторожны с подозрительными ссылками и вложениями в электронных письмах и сообщениях. Не переходите по ссылкам из незнакомых источников и не скачивайте подозрительные файлы. 8. Включите уведомления о транзакциях. Это позволит вам оперативно реагировать на любые подозрительные операции. Для более подробной информации о защите от мошенничества вы можете обратиться к статьям «Как уберечь себя и близких от финансового мошенничества» и «Как защититься от кражи денег с карты»."
159,Как проверить легальность посредника на рынке инвестиций?,"Для проверки легальности посредника на рынке инвестиций выполните следующие шаги: 1. Убедитесь, что посредник является кредитной организацией, например, банком. Только такие организации имеют право заниматься подобной деятельностью. 2. Проверьте название посредника и его лицензию в Справочнике участников финансового рынка на сайте Банка России. 3. Если посредник отсутствует в этом справочнике, это явный признак мошенничества. 4. Убедитесь, что все финансовые операции проводятся только на счет компании, а не на карты, электронные кошельки или криптокошельки частных лиц. Если у вас возникли сомнения или вы обнаружили признаки мошенничества, не продолжайте сотрудничество и обратитесь в правоохранительные органы."
160,Можно ли через ИИС-3 инвестировать в золото с налоговой выгодой?,"Чтобы инвестировать в золото через ИИС-3 с налоговой выгодой, нужно учитывать несколько моментов. Во-первых, ИИС-3 позволяет вернуть 13% НДФЛ от суммы вложений, но не от дохода, полученного от инвестиций. Это значит, что налоговая выгода будет связана с суммой, которую вы вложили, а не с доходом от золота. Во-вторых, золото можно купить в виде структурных облигаций, связанных с ценой на золото, или через золотосодержащие активы, такие как ETF. Однако структурные облигации считаются сложным инструментом, и для их покупки может потребоваться статус квалифицированного инвестора или прохождение тестирования. В-третьих, доход от инвестиций в золото через ИИС-3 будет облагаться НДФЛ, если вы решите вывести средства. Налоговая выгода в виде возврата 13% НДФЛ будет предоставлена только на сумму вложений, а не на доход. Таким образом, инвестировать в золото через ИИС-3 с налоговой выгодой возможно, но нужно учитывать все риски и особенности данного инструмента."
161,"Почему драгоценные металлы считаются защитой сбережений при высокой инфляции, но на коротком горизонте риск убытка велик?","Драгоценные металлы, такие как золото, считаются защитой сбережений при высокой инфляции, потому что их стоимость традиционно растет в условиях инфляционного роста. Это связано с тем, что драгоценные металлы являются ограниченным ресурсом и сохраняют свою ценность в долгосрочной перспективе. Однако на коротком горизонте инвестирования риск убытка велик по нескольким причинам: 1. Волатильность цен: Цены на драгоценные металлы могут сильно колебаться в краткосрочной перспективе под влиянием различных факторов, таких как изменения в экономической политике, геополитическая обстановка и рыночные спекуляции. 2. Отсутствие доходности: В отличие от других инвестиционных инструментов, таких как акции или облигации, драгоценные металлы не приносят дохода в виде дивидендов или процентов. Их стоимость зависит исключительно от рыночной конъюнктуры. 3. Риски, связанные с хранением: Физическое хранение драгоценных металлов может быть связано с дополнительными затратами и рисками, такими как кража или повреждение. 4. Комиссии и наценки: При покупке и продаже драгоценных металлов могут взиматься комиссии и наценки, которые могут снизить общую доходность инвестиций. Таким образом, хотя драгоценные металлы могут служить защитой от инфляции в долгосрочной перспективе, на коротком горизонте инвестирования они могут быть подвержены значительным колебаниям цен и другим рискам."
162,Как предпринимателю взять микрозаем на льготных условиях через госпрограмму — с ускоренным оформлением через цифровой профиль?,"Для получения микрозайма на льготных условиях через госпрограмму с ускоренным оформлением через цифровой профиль предпринимателю следует обратиться на портал Мой бизнес или сайт Корпорации МСП. Там можно узнать о действующих программах поддержки, включая льготные кредиты и микрозаймы. Для ускоренного оформления через цифровой профиль необходимо: 1. Зарегистрироваться или войти в личный кабинет на портале Мой бизнес. 2. Заполнить заявку на получение льготного микрозайма. 3. Предоставить необходимые документы и информацию через цифровой профиль. 4. Дождаться рассмотрения заявки и получения решения. Подробнее о процессе и условиях можно узнать на сайте Корпорации МСП или портале Мой бизнес."
163,Как избежать штрафов по нескольким кредитам в период праздников?,"Для избежания штрафов по кредитам в период праздников рекомендуется заранее спланировать свои финансы. Если вы ожидаете, что в праздничный период у вас могут возникнуть трудности с погашением кредитов, вы можете рассмотреть несколько вариантов: 1. Обратитесь в банк за реструктуризацией долга. Это позволит изменить график платежей и сделать их более посильными. 2. Если ваша ситуация подходит под параметры кредитных каникул, вы можете воспользоваться этой возможностью. Кредитные каникулы позволяют временно приостановить выплаты по кредиту. 3. Убедитесь, что у вас достаточно средств на счете для погашения кредитов в установленные сроки. Если вы просрочите платеж, у вас будет семь дней после получения социальных выплат для погашения задолженности без начисления штрафов. 4. Заранее планируйте свои расходы, чтобы избежать лишних трат и сохранить средства для погашения кредитов. Если у вас возникнут дополнительные вопросы по кредитам, обратитесь в банк для получения более подробной информации."
164,Чем отличается снижение ставки в госпрограммах от ипотеки от застройщика?,"Снижение ставки в госпрограммах и ипотека от застройщика отличаются по нескольким ключевым параметрам: 1. Источник финансирования: - В госпрограммах снижение ставки обычно субсидируется государством. Это может быть программа поддержки семей с детьми, молодых семей, программ для сельской местности и других категорий граждан. - Ипотека от застройщика предлагается банком в партнерстве с застройщиком. Снижение ставки здесь может быть временным акционным предложением или условием, связанным с конкретным проектом. 2. Условия и требования: - Госпрограммы часто имеют строгие требования к заемщикам, например, возрастные ограничения, наличие детей, ограничения по региону и т.д. - Ипотека от застройщика может иметь более гибкие условия, но также может быть привязана к конкретному объекту недвижимости или застройщику. 3. Сроки и ограничения: - Госпрограммы могут иметь ограниченный срок действия или квоты на количество участников. - Ипотека от застройщика может быть ограничена сроком действия акции или конкретным проектом застройщика. 4. Риски: - В случае госпрограмм риски связаны с возможностью изменения условий программы или ее завершением. - В случае ипотеки от застройщика риски могут быть связаны с финансовой устойчивостью застройщика или задержками в строительстве. Для более детальной информации рекомендую ознакомиться с условиями конкретных программ и предложений."
165,"Где в договоре искать ПСК по кредиту, что она означает?","ПСК (полная стоимость кредита) обычно указывается в разделе, где описываются условия кредитования. Это может быть раздел с названием Условия кредитования, Расчет стоимости кредита или Полная стоимость кредита. ПСК означает полную стоимость кредита, включая все проценты, комиссии и дополнительные платежи, которые заемщик обязан уплатить банку за весь срок кредитования. Это показатель позволяет сравнить стоимость кредитов в разных банках, так как включает все возможные расходы."
166,Куда обращаться при споре по ИСЖ в отличие от претензий к инвестиционному советнику?,"При споре по индивидуальному инвестиционному счету (ИИС) с брокером или управляющим нужно сначала направить претензию посреднику. Он обязан ответить в течение 15 рабочих дней. Если ответ не удовлетворяет или его нет, можно подать жалобу в Банк России. В случае проблем с инвестиционным советником, если он не имеет статус инвестсоветника или нарушил условия договора, компенсацию можно потребовать только через суд."
167,Почему жертвы прошлых обманов часто становятся целью новых мошенников?,"Жертвы прошлых обманов часто становятся целью новых мошенников по нескольким причинам: Во-первых, мошенники знают, что такие люди уже имели опыт обмана и могут быть более доверчивыми или менее бдительными в будущем. Во-вторых, жертвы могут быть более склонны к риску, так как они уже потеряли деньги и могут пытаться их вернуть или компенсировать потери. В-третьих, мошенники могут использовать информацию о прошлых обманах, чтобы манипулировать жертвами и убедить их в своей честности. В-четвертых, жертвы могут быть более уязвимыми из-за психологического воздействия прошлого обмана, что делает их легкой мишенью для новых мошеннических схем."
168,Чем отличается банковский вклад от имущественного налогового вычета?,"Банковский вклад и имущественный налоговый вычет — это разные финансовые инструменты, которые преследуют разные цели. Банковский вклад — это сумма денег, которую клиент размещает в банке на определенный срок с целью получения дохода в виде процентов. Вклад может быть срочным или до востребования, с возможностью капитализации процентов или без нее. Доход по вкладу облагается налогом, если процентная ставка превышает ключевую ставку Центрального банка, увеличенную на 5 процентных пунктов. Имущественный налоговый вычет — это возврат части уплаченного налога на доходы физических лиц (НДФЛ) при покупке или строительстве жилья, а также при уплате процентов по ипотечному кредиту. Вычет предоставляется в размере фактически произведенных расходов, но не более установленного лимита. Например, при покупке жилья вычет составляет 2 млн рублей, а при уплате процентов по ипотеке — 3 млн рублей. Таким образом, банковский вклад — это инструмент для получения дохода, а имущественный налоговый вычет — это способ снижения налоговой нагрузки при приобретении жилья."
169,Почему цена ОСАГО у страховщиков может отличаться в разы?,"Цена ОСАГО может отличаться у разных страховщиков по нескольким причинам: 1. Коэффициенты. Каждая страховая компания может применять свои коэффициенты, которые влияют на итоговую стоимость полиса. Например, коэффициенты могут зависеть от стажа вождения, мощности автомобиля, региона проживания и других факторов. 2. Скидки и акции. Страховщики могут предлагать различные скидки и акции, что также влияет на конечную стоимость полиса. 3. Условия договора. Разные страховщики могут предлагать различные условия договора, включая франшизу, дополнительные услуги и другие параметры, которые могут повлиять на цену. 4. Риск-менеджмент. Страховые компании могут по-разному оценивать риски и устанавливать цены на основе своей статистики и методов расчета. 5. Конкуренция. В условиях конкуренции страховщики могут устанавливать разные цены для привлечения клиентов. Для более подробной информации о том, от чего зависит стоимость ОСАГО, вы можете обратиться к статье, упомянутой в контексте."
170,Какие признаки выдают финансовую пирамиду в вакансиях с быстрым заработком?,"Финансовые пирамиды часто маскируются под вакансии с быстрым заработком. Вот основные признаки, на которые стоит обратить внимание: 1. Необычные условия труда: Если вакансия обещает высокий доход при минимальных усилиях, это должно насторожить. Легальные компании не предлагают быстрых и легких способов заработка. 2. Требование внесения денежных средств: Если для начала работы требуется внести деньги (например, на обучение, покупку стартового пакета или членство), это явный признак пирамиды. 3. Отсутствие четких обязанностей: В вакансии не указаны конкретные задачи, а описание работы слишком расплывчатое. 4. Нет информации о компании: Если нет данных о регистрации компании, адресе, контактах или она зарегистрирована за границей, это повод для беспокойства. 5. Агрессивный маркетинг: Часто такие вакансии сопровождаются навязчивой рекламой, обещаниями быстрого обогащения и давлением на принятие решения. 6. Отзывы и рекомендации: Если вакансия сопровождается подозрительными отзывами или рекомендациями от людей, которые якобы уже заработали, это может быть частью маркетинговой стратегии. Если вы столкнулись с подобными признаками, лучше отказаться от сотрудничества и обратиться в банк для получения дополнительной информации о надежных способах заработка."
171,Какие действия заемщика приводят к ухудшению кредитной репутации по данным БКИ?,"Ухудшение кредитной репутации по данным Бюро кредитных историй (БКИ) может быть вызвано следующими действиями заемщика: 1. Просрочки по кредитам, займам или другим обязательным платежам. 2. Невыплата коммунальных услуг, налогов, алиментов и других обязательных платежей. 3. Частые обращения за новыми кредитами или займами, особенно если они не погашаются вовремя. 4. Наличие судебных решений о взыскании долгов. 5. Отсутствие кредитной активности, что может привести к низкому рейтингу. Для поддержания хорошей кредитной репутации важно своевременно погашать все долги и обязательные платежи."
172,Как избежать ошибок при подписании кредитного договора?,"Чтобы избежать ошибок при подписании кредитного договора, следуйте этим рекомендациям: 1. Внимательно читайте все документы. Уделяйте внимание условиям кредитования, процентным ставкам, штрафам за просрочку, срокам погашения и другим важным деталям. 2. Убедитесь, что финансовая организация, в которую вы обращаетесь, работает легально. Проверить банк, МФО, КПК или ломбард можно на сайте Банка России. 3. Обратите внимание на возможные санкции, которые могут быть применены в случае нарушения условий договора. Они должны быть четко прописаны в договоре. 4. Убедитесь, что вы понимаете все условия программы лояльности и бонусов, если они предусмотрены. 5. Установите напоминания о платежах, чтобы избежать просрочек. Это поможет сохранить хорошую кредитную историю. 6. Не подписывайте договор, если у вас нет стабильного дохода, который позволит вам регулярно вносить платежи. 7. После погашения кредита возьмите справку о закрытии долга, чтобы удостовериться, что все обязательства перед банком выполнены."
173,Как облагаются проценты по вкладам с учетом страховой защиты вкладов?,"Проценты по вкладам, как и сами вклады, защищены системой страхования вкладов в пределах 1,4 млн рублей. Это означает, что если у банка отзовут лицензию, вы получите компенсацию, включая начисленные проценты, но не более указанной суммы. В некоторых случаях, например, если банк является системно значимым, компенсация может быть увеличена до 10 млн рублей. Подробнее о правилах страхования и выплатах можно узнать в статье «Как работает система страхования вкладов»."
174,Чем отличается риск утраты активов при банкротстве доверительного управляющего по сравнению с брокером?,"Риск утраты активов при банкротстве доверительного управляющего и брокера имеет свои особенности. При банкротстве брокера: - Активы клиентов могут быть включены в конкурсную массу, и их возврат зависит от процедуры банкротства. - Процесс может занять значительное время, и возврат активов не гарантирован. - Важно выбирать брокера с надежной репутацией и учитывать механизмы защиты прав клиентов. При банкротстве доверительного управляющего: - Активы клиентов также могут быть подвержены риску, но процедуры и механизмы защиты могут отличаться. - В случае проблем с доверительным управляющим важно оперативно реагировать и обращаться в регуляторные органы для защиты своих прав. В обоих случаях ключевым моментом является выбор надежного посредника и знание своих прав для минимизации рисков."
175,"Какие меры безопасности рекомендуются при онлайн-расчетах с картой, в том числе при использовании бонусных программ?","Для безопасных онлайн-расчетов с картой и использованием бонусных программ рекомендуется: 1. Настроить самозапрет на карте. Это позволит блокировать карту при подозрительных операциях. Подробную инструкцию можно найти в вашем онлайн-банке. 2. Подключить СМС или push-уведомления по всем банковским картам. Это поможет оперативно узнавать о платежах, которые вы не совершали, и вовремя их оспаривать. 3. Использовать для автоперечислений кредитную карту или карту с овердрафтом, чтобы в случае сбоев или краж не лишиться большой суммы. 4. Следовать основным правилам безопасности, чтобы защитить свою карту от мошенников. Подробнее о них можно узнать в статье «Как защититься от кражи денег с карты». 5. При оформлении кредитной карты и использовании бонусных программ внимательно проверять условия и не предоставлять персональные данные третьим лицам."
176,"Примут ли в банке ветхие иностранные купюры так же, как поврежденные рубли?","В банке могут принять ветхие иностранные купюры, но это зависит от их состояния и политики конкретного банка. Как и в случае с рублями, если купюры повреждены, но подлинные, банк может обменять их на новые. Однако, если купюры сильно изношены или повреждены, банк может отказать в обмене. В таких случаях можно попробовать обменять их в обменных пунктах или у коллекционеров."
177,Какие возрастные ограничения есть при накоплении на ребенка через вклад по сравнению с НСЖ?,"Возрастные ограничения при накоплении на ребенка через вклад и накопительное страхование жизни (НСЖ) могут различаться. Для вклада: Обычно банки разрешают открывать вклад на ребенка с момента рождения. Однако управление вкладом и доступ к средствам могут быть ограничены до достижения ребенком совершеннолетия (18 лет). Для накопительного страхования жизни (НСЖ): Накопительное страхование жизни также можно оформить на ребенка с момента рождения. Однако условия могут варьироваться в зависимости от страховой компании. Обычно доступ к накопленным средствам возможен после достижения определенного возраста, который может быть указан в договоре (например, 18 или 21 год). Для более точной информации рекомендуется уточнить условия у конкретного банка или страховой компании."
178,Как с 2025 года отличаются ставки НДФЛ по инвестиционным доходам от ставок по прочим доходам?,"С 2025 года ставки НДФЛ по инвестиционным доходам и прочим доходам могут отличаться. В тексте указано, что доходы от ценных бумаг всегда облагаются НДФЛ, но не уточняется конкретная ставка. Для прочих доходов, таких как заработная плата, ставка НДФЛ составляет 13%. Для точного ответа на ваш вопрос рекомендую обратиться к актуальным налоговым нормам или проконсультироваться с налоговым специалистом."
179,"Как подготовиться к выбору карты с кешбэком, чтобы получать максимальный возврат?","Для выбора карты с максимальным кешбэком и подготовки к её использованию следует учитывать несколько ключевых моментов: 1. Анализ расходов: Определите, на какие категории расходов вы тратите больше всего. Например, если вы часто заправляетесь, выбирайте карту с кешбэком на автозаправках. 2. Сравнение предложений: Изучите условия кешбэка в разных банках. Например, в одном банке может быть кешбэк 5% на АЗС, а в другом — 3%, но с дополнительными бонусами. 3. Условия обслуживания: Учитывайте стоимость обслуживания карты. Если кешбэк не покрывает эту сумму, карта может быть невыгодной. 4. Дополнительные бонусы: Некоторые карты предлагают кешбэк на определенные категории товаров или услуг. Например, кешбэк на покупку книг или канцтоваров. 5. Безопасность: Убедитесь, что карта имеет защиту от мошенничества. Например, возможность блокировки карты через мобильное приложение или SMS-уведомления о транзакциях. 6. Способ получения карты: Если вы опасаетесь за безопасность данных, лучше получить карту в отделении банка, а не по почте. 7. Использование кешбэка: Решите, на что вы будете тратить кешбэк. Например, можно копить на курсы или другие мечты, как в примере с курсами рисования. Таким образом, тщательный анализ и сравнение предложений помогут вам выбрать карту с максимальным кешбэком и эффективно использовать её."
180,"Где получить бесплатную помощь, чтобы подготовиться к участию в госзакупках?","Для подготовки к участию в госзакупках можно воспользоваться бесплатными обучающими мероприятиями, которые проводят государственные организации, ассоциации предпринимателей и банки. Например, на Цифровой платформе МСП в разделе «Бизнес-обучение» (авторизация через «Госуслуги») можно найти полезные курсы и материалы. Также на сайте Корпорации МСП и портале «Мой бизнес» доступна информация о мерах поддержки и обучении для предпринимателей."
181,Чем опасна установка программ из непроверенных источников?,"Установка программ из непроверенных источников может привести к следующим рискам: Во-первых, вы можете заразить свой гаджет вирусом. Это может привести к потере данных, включая аккаунты в соцсетях, мессенджерах и даже доступ к мобильному банку. Во-вторых, мошенники могут маскироваться под мобильные банки и скрываться в различных приложениях. Если вы скачаете такое приложение, это может дать им доступ к вашим личным данным и финансам. Для защиты рекомендуется скачивать приложения только из официальных магазинов. Обращайте внимание на разработчика программы. В официальных банковских приложениях указан сам банк. Внимательно читайте описание и не устанавливайте приложения от сторонних разработчиков."
182,Как открыть вклад дистанционно с учетом безопасности биометрии?,"Для открытия вклада дистанционно с учетом безопасности биометрии необходимо выполнить несколько шагов: 1. Получите письменное разрешение от банка на использование биометрии. Обычно банк попросит вас подписать заявление о согласии. 2. Зарегистрируйте свои биометрические данные в Единой биометрической системе (ЕБС) через личный кабинет на Госуслугах. Это можно сделать, следуя инструкциям на сайте. 3. Откройте вклад через онлайн-банк. Используйте свои биометрические данные для подтверждения личности и подписания документов. 4. Следите за безопасностью. Не забывайте соблюдать правила кибербезопасности, чтобы защитить свои данные от мошенников. В случае подозрительных действий оперативно обратитесь в банк. Если вы решите удалить свои биометрические данные из ЕБС, вы сможете сделать это через личный кабинет на Госуслугах. В случае необходимости вы сможете зарегистрировать биометрию заново."
183,Какие меры принимает Банк России для защиты инвесторов в период санкций?,"Банк России принимает несколько мер для защиты инвесторов в период санкций. Во-первых, регулятор оценивает риски для финансового рынка и принимает решения о финансовом оздоровлении или отзыве лицензий у компаний, чтобы минимизировать негативные последствия. Во-вторых, на сайте Банка России публикуются актуальные вопросы и ответы о работе финансовой системы в условиях санкций. В-третьих, Банк России ведет проекты по повышению финансовой грамотности, чтобы инвесторы могли лучше ориентироваться в сложной ситуации. В-четвертых, регулятор принимает жалобы от инвесторов, если их права нарушены посредниками."
184,Какие налоговые льготы доступны по страхованию жизни?,"По страхованию жизни доступны налоговые льготы в виде налогового вычета. Если вы оформили полис добровольного медицинского страхования (ДМС), то можете вернуть часть потраченных на страховку денег. Также налоговые льготы могут быть доступны при самостоятельной оплате медицинских услуг. Подробнее о возможностях получения налогового вычета можно узнать в статье «Налоговый вычет»."
185,Какие инструменты помогут паре прозрачно вести общие расходы?,"Для прозрачного ведения общих расходов паре могут помочь следующие инструменты: 1. Общий счет с двумя картами. Это позволяет обоим партнерам иметь доступ к одному счету и контролировать общие расходы. 2. Приложения для учета расходов и доходов. Такие приложения позволяют вести совместный учет финансов, фиксировать доходы и расходы, а также анализировать финансовые потоки. 3. Финансовые инструменты, такие как вклады с процентами, карты с кешбэком и индивидуальные инвестиционные счета. Эти инструменты помогут не только контролировать расходы, но и накапливать средства, компенсируя потери от инфляции и получая дополнительные выгоды. Важно регулярно сверяться с финансовым планом и соблюдать дисциплину, чтобы достичь поставленных финансовых целей."
186,Почему не стоит спешить с микрозаймом?,"Не стоит спешить с микрозаймом по нескольким причинам: Во-первых, микрозаймы часто сопровождаются высокими процентными ставками, что может привести к значительной переплате. Это может сильно увеличить общую сумму долга. Во-вторых, перед оформлением займа важно тщательно оценить свою финансовую ситуацию. Нужно убедиться, что без займа действительно нельзя обойтись, и продумать, как вы будете возвращать деньги. Учтите возможные непредвиденные обстоятельства, такие как болезнь или увольнение. В-третьих, размер ежемесячных платежей по кредитам не должен превышать 30% вашего ежемесячного дохода. В противном случае погашение долга может стать слишком тяжелой ношей, и вы рискуете попасть в долговую яму. В-четвертых, если вы не уверены, что сможете вернуть деньги с процентами, лучше воздержаться от оформления займа. Убежать от кредиторов не удастся, и долги не исчезнут сами собой."
187,"Зачем перед вводом личных данных проверять подлинность сайта, а также источник установки приложения?","Перед вводом личных данных важно проверять подлинность сайта и источник установки приложения, чтобы защитить себя от мошенничества. Мошенники могут создавать поддельные сайты и приложения, которые маскируются под официальные банковские сервисы. Это позволяет им собирать персональные данные пользователей и использовать их в преступных целях. Например, если вы введете свои данные на поддельном сайте, мошенники могут использовать их для оформления кредитов или других финансовых операций от вашего имени. Также, скачивая приложения из неофициальных источников, вы рискуете установить вредоносное ПО, которое может украсть ваши данные или блокировать доступ к вашим счетам. Для проверки подлинности сайта и приложения следует: 1. Убедиться, что сайт имеет защищенное соединение (URL начинается с https://). 2. Проверить наличие официальных контактов и информации о компании. 3. Скачивать приложения только из официальных магазинов, таких как App Store или Google Play. 4. Проверять разработчика приложения — в официальных банковских приложениях указан сам банк. Эти меры помогут вам избежать мошеннических схем и защитить свои финансовые данные."
188,Какие официальные каналы поддержки описаны для пострадавших от пандемии?,"Для пострадавших от пандемии коронавируса официальные каналы поддержки включают: 1. Портал «Мой бизнес» для информации о отраслевых программах поддержки. 2. Местные центры поддержки предпринимателей «Мой бизнес» для получения более подробной информации о мерах поддержки. 3. Цифровая платформа МСП для поиска полезных сервисов и государственных программ, подходящих для конкретного бизнеса. 4. Горячая линия Агентства по вопросам вкладов, кредитов и банковских услуг: 8 800 200-08-05."
189,Чем различается рассрочка у туроператора по сравнению с рассрочкой у застройщика?,"Рассрочка у туроператора и у застройщика имеет несколько ключевых различий: 1. Объект сделки: Рассрочка у туроператора обычно связана с оплатой туристических услуг, таких как авиабилеты, проживание, экскурсии и другие услуги, связанные с путешествием. Рассрочка у застройщика связана с оплатой жилья, которое находится на стадии строительства или уже построено. 2. Риски: При покупке жилья в рассрочку у застройщика существует риск, связанный с завершением строительства и передачей квартиры. В случае с туроператором основные риски связаны с выполнением обязательств по предоставлению услуг, таких как отмена рейса или недопоставка услуг. 3. Регулирование: Покупка жилья в рассрочку у застройщика регулируется законодательством о долевом строительстве, а также законами о защите прав потребителей. Рассрочка у туроператора регулируется законами о защите прав потребителей и законами о туризме. 4. Сроки: Сроки рассрочки у туроператора обычно короче, так как туроператор предоставляет услуги на определенный период времени. Сроки рассрочки у застройщика могут быть длительными, так как строительство жилья может занять несколько лет. 5. Способы оплаты: При покупке жилья в рассрочку у застройщика часто используется счет эскроу, который защищает средства покупателя до завершения строительства. При покупке туристических услуг в рассрочку могут использоваться другие способы оплаты, такие как банковские карты или электронные кошельки. 6. Комиссии: При покупке жилья в рассрочку у застройщика могут взиматься комиссии за оформление счета эскроу или аккредитива. При покупке туристических услуг в рассрочку комиссии могут быть связаны с использованием платежных сервисов или банковских карт. Если у вас есть дополнительные вопросы, связан"
190,Почему оплата через мобильные платежные системы безопаснее ввода реквизитов карты на сайтах?,"Оплата через мобильные платежные системы считается более безопасной по нескольким причинам: Во-первых, при использовании мобильных платежных систем вы не вводите реквизиты карты на сайтах, что снижает риск их перехвата мошенниками. Ваши данные хранятся в защищенном виде в приложении платежной системы, и при оплате передается только токен — уникальный идентификатор, который не может быть использован для несанкционированных платежей. Во-вторых, мобильные платежные системы часто используют дополнительные методы аутентификации, такие как SMS-коды, биометрия или одноразовые пароли, что делает процесс оплаты более защищенным. В-третьих, многие мобильные платежные системы предлагают функцию создания виртуальных карт, которые действительны только для одной транзакции. Это позволяет дополнительно защитить ваши финансовые данные. Кроме того, мобильные платежные системы обычно имеют более строгие меры безопасности и мониторинга транзакций, что позволяет быстрее обнаруживать и предотвращать мошеннические действия."
191,Страхование крупного кредита при обычном обслуживании отличается от требований при рефинансировании?,"Да, страхование крупного кредита при обычном обслуживании и при рефинансировании может отличаться. При рефинансировании банк может потребовать дополнительные условия страхования, так как рефинансирование обычно связано с изменением условий кредита, что может повлиять на риски для банка. В таких случаях банк может требовать более строгие условия страхования, чтобы минимизировать свои риски. Однако конкретные требования зависят от политики банка и условий рефинансирования."
192,Зачем учитывать риск развода при планировании ипотеки?,"Риск развода при планировании ипотеки важен учитывать, потому что в случае развода заложенная недвижимость может быть продана банком для погашения кредита. Вырученные деньги пойдут на погашение ипотеки, а оставшаяся сумма будет разделена между бывшими супругами. Если они не смогут договориться о разделе, им придется решать этот вопрос через суд. Это может привести к дополнительным затратам и стрессу."
193,"Где государство не обеспечивает защиту ваших денег: в ИСЖ, паевых фондах на брокерском счете или в жилищно‑накопительном кооперативе?","Государство не обеспечивает защиту ваших денег в паевых фондах на брокерском счете. Вклады в банках и средства на индивидуальных инвестиционных счетах (ИСЖ) застрахованы, а вот инвестиции в паевые фонды не подлежат государственной гарантии. В случае проблем с управляющей компанией или фондом вы рискуете потерять свои средства."
194,Вернут ли деньги за ОСАГО при продаже автомобиля по сравнению со случаем отзыва лицензии у страховщика?,"При продаже автомобиля возврат денег за ОСАГО возможен, но только за неиспользованный период страхования. Для этого нужно обратиться в страховую компанию с заявлением о расторжении договора и предоставить документы, подтверждающие продажу автомобиля. В случае отзыва лицензии у страховщика возврат денег также возможен, но процедура может быть более сложной. В этом случае средства могут быть возвращены через Российский союз автостраховщиков (РСА) или другую уполномоченную организацию. Для более точной информации рекомендуется обратиться в свою страховую компанию или в РСА."
195,"Как перейти к новому брокеру, если у вас ИИС-3?","Для перехода к новому брокеру с индивидуальным инвестиционным счетом типа 3 (ИИС-3) необходимо учитывать несколько важных моментов. Во-первых, ИИС-3 предполагает инвестирование в ценные бумаги, а не в паи инвестиционных фондов, как в случае с ИИС-2. Это означает, что вы можете перевести свои активы на другой брокерский счет, но при этом важно соблюдать условия договора с текущим брокером. Во-вторых, перед переходом к новому брокеру убедитесь, что у вас нет незакрытых позиций и все активы находятся в ликвидном состоянии. Также проверьте, не нарушаются ли условия договора с текущим брокером, так как некоторые брокеры могут взимать комиссии за досрочное закрытие счета или перевод активов. В-третьих, обратите внимание на условия нового брокера. Убедитесь, что новый брокер поддерживает ИИС-3 и предлагает подходящие условия для инвестирования. Также проверьте, какие комиссии взимаются за перевод активов и управление счетом. В-четвертых, после выбора нового брокера вам необходимо будет подписать новый договор и перевести активы. Этот процесс может занять некоторое время, поэтому будьте готовы к временному перерыву в инвестиционной деятельности. В-пятых, если у вас возникли проблемы с текущим брокером, например, он не дает вывести деньги с ИИС, вы можете направить ему претензию. Брокер должен отреагировать в течение 15 рабочих дней. Если ответа нет или он вас не устроил, вы можете подать жалобу в Банк России. В-шестых, помните, что инвестиции на фондовом рынке всегда связаны с рисками. Поэтому тщательно подходите к выбору брокера, внимательно изучайте все бумаги, прежде чем их подписывать, и помните, что инвестиции на фондовом рынке всегда связаны с рисками. В-седьмых, если ваш брокер"
196,Где проверить официальность сайта продавца ОСАГО?,Проверить официальность сайта продавца ОСАГО можно на официальном сайте или в справочнике Банка России.
197,Как отличается доступ к деньгам в ИСЖ по сравнению с продажей паев биржевых фондов?,"Извините, но в предоставленном контексте нет информации о индивидуальных инвестиционных счетах (ИСЖ). Я могу ответить только на вопросы, связанные с банком, на основании предоставленного контекста. Если у вас есть другие вопросы, связанные с банком, пожалуйста, задайте их."
198,Как закон ограничивает штрафы за просрочку по кредитной карте по сравнению с микрозаймом?,"Закон ограничивает штрафы за просрочку по кредитной карте и микрозайму, но подходы различаются. Для кредитных карт: - Штрафы за просрочку не могут превышать 20% от суммы задолженности, но не более 20 000 рублей за каждый случай просрочки. - Пени за каждый день просрочки не могут превышать 0,1% от суммы задолженности. Для микрозаймов: - Штрафы за просрочку ограничены 0,1% от суммы задолженности за каждый день просрочки. - Общая сумма штрафов и пеней не может превышать двойной размер суммы займа. Таким образом, закон устанавливает более строгие ограничения на штрафы по микрозаймам по сравнению с кредитными картами."
199,Как проверить легальность финансовой компании перед переводом денег?,"Для проверки легальности финансовой компании перед переводом денег выполните следующие шаги: 1. Проверить название компании и её лицензию в Справочнике участников финансового рынка на сайте Банка России. Если компании нет в этом списке, это мошенники. 2. Для проверки банков используйте Справочник участников финансового рынка на сайте Банка России. Если банка нет в этом списке, это мошенники. 3. Для проверки микрофинансовых организаций (МФО), кредитных потребительских кооперативов (КПК) и ломбардов также используйте Справочник участников финансового рынка на сайте Банка России. 4. Для проверки факторинговых компаний можно использовать сервис «Факторинг для бизнеса» на Цифровой платформе МСП.РФ."
200,"Как оспорить ошибку в кредитной истории, появившуюся после передачи долга новым кредитором?","Для оспаривания ошибки в кредитной истории, появившейся после передачи долга новым кредитором, необходимо следовать нескольким шагам: 1. Обратитесь в банк или кредитную организацию, которая передала ваш долг. Уточните, какие именно данные были переданы и какие изменения внесены в вашу кредитную историю. 2. Если ошибка подтвердится, запросите у кредитора исправление данных. Кредитор обязан направить в бюро кредитных историй (БКИ) уточненную информацию. 3. Если кредитор не реагирует или отказывается исправлять ошибку, вы можете подать заявление в БКИ. В заявлении укажите, какие именно данные являются ошибочными, и приложите доказательства (например, переписку с кредитором, справки о погашении долга). 4. БКИ проверит ваше заявление и запросит у кредитора подтверждение или опровержение ошибки. Кредитор должен ответить в течение 30 дней. 5. Если ошибка подтвердится, БКИ внесет исправления в вашу кредитную историю. Если кредитор не ответит или подтвердит ошибку, БКИ также внесет исправления. 6. После исправления ошибки вы можете запросить обновленную кредитную историю, чтобы убедиться, что все данные верны. Для более подробной информации обратитесь в статью «Кредитная история»."
201,"Как оформить возврат части расходов на обучение в виде налогового вычета, включая сроки поступления денег?","Для оформления налогового вычета на обучение необходимо выполнить несколько шагов: 1. Подготовьте документы. Вам понадобятся:  - Договор с образовательным учреждением.  - Лицензия учебного заведения.  - Платежные документы, подтверждающие оплату обучения.  - Налоговая декларация по форме 3-НДФЛ.  - Справка о доходах по форме 2-НДФЛ. 2. Подайте документы в налоговую инспекцию. Это можно сделать лично, через представителя или онлайн через личный кабинет на сайте ФНС. 3. Сроки возврата. После подачи документов налоговая служба проверяет их в течение 3 месяцев. Если все в порядке, деньги перечисляются на ваш счет в течение месяца. 4. Если ваша организация передает информацию о ваших платежах в налоговую, вам не нужно подавать декларацию и подтверждающие документы. В этом случае налоговый вычет будет перечислен в течение месяца после подачи заявления. Для более подробной информации обратитесь в налоговую инспекцию или на сайт ФНС."
202,"Чем BNPL отличается от кредитной карты по источнику средств, срокам беспроцентного периода?","BNPL (Buy Now, Pay Later) и кредитная карта различаются по источнику средств и срокам беспроцентного периода. 1. Источник средств: - BNPL: Средства предоставляются специальной компанией или банком, которые сотрудничают с магазинами. Это не ваши собственные средства, а кредит, который нужно вернуть. - Кредитная карта: Средства предоставляются банком, который выпустил карту. Это также кредит, но он доступен на карте и может использоваться для различных покупок. 2. Сроки беспроцентного периода: - BNPL: Обычно предлагает короткий беспроцентный период, например, 14, 30 или 60 дней. Если вы не успеваете вернуть средства в этот период, могут начисляться проценты. - Кредитная карта: Обычно предлагает более длительный беспроцентный период, например, 50-60 дней. Если вы погашаете долг полностью в этот период, проценты не начисляются. Однако, если вы не погашаете долг полностью, начинают начисляться проценты на оставшуюся сумму. Таким образом, BNPL удобен для растягивания оплаты на несколько месяцев без процентов, но требует строгого контроля сроков. Кредитная карта предоставляет больше гибкости в использовании и более длительный беспроцентный период, но также требует внимательного управления долгом."
203,"Как поступить, если в полисе ОСАГО применен неверный КБМ?","Если в полисе ОСАГО применен неверный коэффициент бонус-малус (КБМ), необходимо обратиться в страховую компанию с заявлением о перерасчете. Приложите к заявлению документы, подтверждающие правильный КБМ. Если страховая компания отказывается исправить ошибку, можно обжаловать решение через Банк России или суд."
204,В чем разница между кешбэком и чарджбэком?,"Кешбэк и чарджбэк — это разные механизмы, связанные с банковскими картами, но они выполняют разные функции. Кешбэк — это возврат части средств, потраченных по карте, обычно в виде процентов от суммы покупки. Кешбэк может быть фиксированным или варьироваться в зависимости от категории расходов. Например, кешбэк на автозаправках или на покупку книг. Чарджбэк — это процедура возврата денежных средств, списанных с карты, в случае невыполнения условий сделки или мошеннических операций. Чарджбэк инициируется банком или держателем карты и требует подтверждения факта мошенничества или ошибки. Таким образом, кешбэк — это бонусная программа, а чарджбэк — это механизм защиты прав держателя карты."
205,"Где в договоре должна быть указана полная стоимость кредита, что помогает отличить легального кредитора от черного?","Полная стоимость кредита должна быть указана в кредитном договоре в разделе, посвященном условиям кредитования. Обычно это раздел Полная стоимость кредита или Общие условия кредитования. В этом разделе указывается не только процентная ставка, но и все дополнительные комиссии, сборы и платежи, которые заемщик обязан оплатить за пользование кредитом. Легальный кредитор всегда указывает полную стоимость кредита в договоре, а также предоставляет заемщику возможность ознакомиться с этой информацией до заключения договора. Черные кредиторы, как правило, скрывают полную стоимость кредита или указывают ее неполно, чтобы заемщик не смог оценить реальную стоимость займа. Если в договоре отсутствует информация о полной стоимости кредита или она указана неполно, это может быть признаком нелегальной деятельности кредитора. В таком случае рекомендуется отказаться от сотрудничества с таким кредитором и обратиться в легальную финансовую организацию."
206,Какие финансовые продукты не покрывает система страхования вкладов?,"Система страхования вкладов не покрывает следующие финансовые продукты: - Страхование жизни - Накопительные счета - Инвестиционные продукты, такие как облигации, акции и другие ценные бумаги - Вклады в небанковские организации - Средства на счетах, открытых за пределами Российской Федерации Эти продукты не подпадают под действие системы страхования вкладов, и в случае отзыва лицензии у банка их возврат возможен только в рамках процедуры банкротства."
207,Зачем проверять членство МФО в СРО перед оформлением займа?,"Проверка членства микрофинансовой организации (МФО) в саморегулируемой организации (СРО) важна по нескольким причинам: 1. Гарантия соблюдения законов и правил. Членство в СРО означает, что МФО обязана соблюдать установленные нормы и стандарты, что снижает риски нарушения ваших прав. 2. Возможность обращения за защитой. Если МФО нарушает ваши права, вы можете обратиться в СРО и Банк России для привлечения организации к ответственности. 3. Штрафы и исключение из реестра. За нарушения МФО могут оштрафовать, а за грубые нарушения — исключить из СРО и государственного реестра МФО, что защищает вас от недобросовестных компаний. 4. Доверие и прозрачность. Членство в СРО повышает доверие к МФО, так как она проходит регулярные проверки и аудиты. Таким образом, проверка членства МФО в СРО помогает защитить ваши права и минимизировать риски при оформлении займа."
208,В каких ситуациях могут запретить выезд из России из‑за долгов?,"Запрет на выезд из России из-за долгов может быть установлен в следующих ситуациях: 1. Если у вас есть неисполненные обязательства по кредитам, займам или другим долговым обязательствам, и судебные приставы приняли решение о введении такого ограничения. 2. Если вы не соблюдаете условия отсрочки или рассрочки платежей, установленные судом. 3. Если приставы не согласны на уступки или уже ввели ограничение на выезд. В таких случаях запрет на выезд может быть снят только после выполнения всех обязательств или решения суда в вашу пользу."
209,"Почему рискованно сообщать коды из СМС в сценарии задержалась посылка, а также показывать банковскую карту на видеособеседовании?","Сообщать коды из СМС в сценарии «задержалась посылка» и показывать банковскую карту на видеособеседовании рискованно по следующим причинам: 1. Коды из СМС, которые приходят для подтверждения операций, являются конфиденциальной информацией. Если мошенники получат доступ к этим кодам, они смогут совершать операции от вашего имени, например, переводить деньги или оформлять кредиты. В сценарии «задержалась посылка» мошенники могут использовать этот прием, чтобы выманить у вас код и получить доступ к вашим финансам. 2. Показывать банковскую карту на видеособеседовании также небезопасно, так как на ней могут быть видны важные данные, такие как номер карты, срок действия и CVV-код. Эти данные могут быть использованы злоумышленниками для совершения мошеннических операций. Кроме того, если мошенники получат доступ к вашей карте, они могут скопировать ее данные и использовать для своих целей. Для защиты своих финансов важно никогда не сообщать коды из СМС третьим лицам и не показывать банковскую карту на видеособеседовании. Также рекомендуется подключить СМС или push-уведомления по всем банковским картам, чтобы оперативно узнавать о платежах и вовремя их оспаривать в случае подозрительных операций."
210,Почему свежая регистрация компании повышает риск для соискателя или инвестора?,"Свежая регистрация компании может повышать риск для соискателя или инвестора по нескольким причинам: 1. Отсутствие истории и репутации. Новая компания не имеет проверенной истории успешной работы, что делает её менее предсказуемой. Инвесторы и партнеры предпочитают работать с компаниями, которые уже доказали свою надежность. 2. Финансовая нестабильность. Молодые компании часто сталкиваются с финансовыми трудностями, особенно в первые годы работы. Это может привести к нестабильности и повышенным рискам для инвесторов. 3. Отсутствие активов. Новые компании обычно не имеют значительных активов, что может ограничить их возможности для привлечения инвестиций или кредитования. 4. Высокий риск банкротства. Статистика показывает, что большинство компаний закрываются в первые несколько лет работы. Это увеличивает риски для инвесторов, которые могут потерять свои вложения. 5. Отсутствие проверенных бизнес-процессов. Новые компании часто не имеют отлаженных бизнес-процессов, что может привести к ошибкам и финансовым потерям. Для снижения рисков инвесторы и партнеры могут требовать дополнительных гарантий или предпочитают работать с более опытными компаниями."
211,Какие ограничения по счетам предусмотрены для налоговых вычетов по ПДС с учетом сроков выплат?,"Для получения налогового вычета по пенсионным накоплениям (ПДС) важно учитывать несколько ключевых моментов: 1. Сроки выплат: Налоговый вычет можно получить только после фактического внесения средств на счет пенсионных накоплений. Это означает, что вычет не предоставляется заранее, а только после того, как деньги были перечислены. 2. Ограничения по счетам: Налоговый вычет можно получить только на те средства, которые были перечислены на счет пенсионных накоплений. Если средства были перечислены на другой счет (например, на счет страхования жизни или другой инвестиционный счет), вычет не предоставляется. 3. Документы: Для получения вычета необходимо предоставить подтверждающие документы, которые подтверждают факт перечисления средств на счет пенсионных накоплений. Это могут быть выписки из банка, квитанции или другие документы, подтверждающие платеж. 4. Процедура оформления: Если организация, через которую вы внесли средства, не пересылает информацию о платежах в налоговую, вам придется самостоятельно подавать заявление и документы на вычет в ФНС. Для более подробной информации о процедуре оформления и необходимых документах вы можете обратиться в ФНС или проконсультироваться с вашим работодателем, если вычет оформляется через него."
212,Когда требуется тестирование клиента для ИСЖ в отличие от покупки отдельных ETF?,"Тестирование клиента для инвестиционного страхования жизни (ИСЖ) требуется в случаях, когда страхование жизни предлагается как альтернатива банковскому вкладу. Это необходимо для того, чтобы убедиться, что покупатель понимает риски вероятных потерь. В отличие от покупки отдельных ETF, где тестирование также может потребоваться, но основное внимание уделяется пониманию рисков и особенностей инвестиций на бирже. Для ИСЖ тестирование обязательно, так как это сложный финансовый инструмент, и клиент должен быть проинформирован о возможных рисках. В случае с ETF тестирование может быть связано с оценкой квалификации инвестора, особенно если речь идет о сложных или высокорисковых инструментах."
213,"Где удобнее хранить подушку безопасности, если нужен мгновенный доступ к деньгам?","Для хранения «подушки безопасности» с мгновенным доступом к деньгам лучше всего подойдут накопительный счет или депозит с возможностью частичного снятия. Эти инструменты позволяют хранить средства в безопасности, при этом вы можете быстро получить доступ к ним при необходимости."
214,Как получить инвествычет через посредника при продаже бумаг?,"Информация о получении инвестиционного налогового вычета через посредника при продаже ценных бумаг не содержится в предоставленном контексте. Для получения точной информации по этому вопросу рекомендую обратиться в налоговую службу или к вашему брокеру, который осуществлял сделки по продаже ценных бумаг."
215,Где проверить легальность МФО перед оформлением нуля?,"Для проверки легальности микрофинансовой организации (МФО) перед оформлением займа вы можете воспользоваться следующими способами: 1. Проверьте, входит ли выбранная МФО в государственный реестр МФО. Это можно сделать на официальном сайте Банка России. В реестре содержатся данные о всех легально работающих микрофинансовых организациях. 2. Убедитесь, что МФО является членом саморегулируемой организации (СРО). Информацию о членстве в СРО также можно найти на сайте Банка России или на сайте самой МФО. 3. Внимательно изучите договор перед подписанием. В договоре должны быть четко прописаны все условия займа, включая процентные ставки, сроки возврата и штрафные санкции. 4. Обратите внимание на отзывы и репутацию МФО. Проверьте информацию на независимых платформах и форумах, чтобы убедиться в надежности организации. Если у вас возникнут сомнения в легальности МФО, лучше отказаться от сотрудничества и выбрать другую организацию."
216,Как снизить риск оспаривания сделки при покупке вторичного жилья?,"Для снижения риска оспаривания сделки при покупке вторичного жилья рекомендуется: 1. Проверить юридическую чистоту объекта недвижимости. Убедитесь, что на квартиру нет обременений, арестов или других ограничений. Для этого можно заказать выписку из ЕГРН и проверить историю объекта. 2. Оформить сделку через банковский счет эскроу. Это позволит защитить средства покупателя до момента государственной регистрации перехода права собственности. 3. Использовать услуги профессиональных риелторов и юристов. Они помогут проверить документы, составить договор и сопроводить сделку, минимизируя риски. 4. Тщательно проверять все документы, связанные с сделкой, включая договор купли-продажи, акт приема-передачи и другие необходимые бумаги. 5. Обратиться в банк для получения ипотечного кредита, если это необходимо. Банк проведет свою проверку объекта и сделки, что также снизит риски. Эти меры помогут снизить риск оспаривания сделки и защитить ваши интересы при покупке вторичного жилья."
217,Где получить выписку о состоянии пенсионных накоплений?,"Выписку о состоянии пенсионных накоплений можно получить в личном кабинете на сайте Пенсионного фонда России (ПФР) или в многофункциональном центре (МФЦ). Также эту информацию можно запросить через свой пенсионный фонд, если ваши накопления находятся в негосударственном пенсионном фонде (НПФ)."
218,Чем отличаются переводы по номеру телефона через СБП от платежей по реквизитам с номером 30101?,"Переводы по номеру телефона через СБП (Систему быстрых платежей) и платежи по реквизитам с номером 30101 (корреспондентский счет Банка России) отличаются по нескольким параметрам: 1. Скорость: Переводы через СБП осуществляются почти мгновенно, в течение нескольких секунд. Платежи по реквизитам могут занимать от нескольких минут до нескольких часов, в зависимости от банка и времени обработки. 2. Комиссия: Переводы через СБП обычно бесплатны или имеют минимальную комиссию. Платежи по реквизитам могут облагаться комиссией, особенно если переводы осуществляются в другой банк. 3. Удобство: Для перевода через СБП достаточно знать номер телефона получателя. Для платежа по реквизитам необходимо знать полные реквизиты получателя: номер счета, БИК, корреспондентский счет и другие данные. 4. Лимиты: У перевода через СБП могут быть установлены лимиты на сумму и количество переводов в день. Для платежей по реквизитам лимиты могут быть выше или отсутствовать. 5. Возврат средств: При переводе через СБП возврат средств возможен в течение нескольких секунд, если укажите номер телефона клиента и номер транзакции. Для платежей по реквизитам процедура возврата может быть более сложной и длительной."
219,Чем накопительное страхование жизни отличается от инвестиционного с точки зрения гарантии дохода?,"Накопительное страхование жизни и инвестиционное страхование жизни различаются по уровню гарантии дохода. Накопительное страхование жизни обычно предполагает более стабильные и гарантированные выплаты, так как оно основано на накоплении средств с фиксированной доходностью. В этом случае страховая компания гарантирует определенный процент дохода, что снижает риски для клиента. Инвестиционное страхование жизни, напротив, связано с более высокими рисками, так как доход зависит от результатов инвестиций на финансовом рынке. В этом случае доход не гарантирован и может как увеличиться, так и уменьшиться в зависимости от рыночных условий. Клиент должен быть готов к возможным убыткам. Таким образом, накопительное страхование жизни предоставляет более высокую степень гарантии дохода, тогда как инвестиционное страхование жизни предлагает потенциально более высокий, но не гарантированный доход."
220,"Какие требования к страхованию залога при ипотеке, включая последствия перерыва в полисе?","При оформлении ипотеки обязательно страхование залоговой недвижимости. Это требование установлено законом, и банк не вправе отказать в кредите только из-за отсутствия страховки, кроме как для залоговой недвижимости. Если страховой полис прерван, это может привести к следующим последствиям: 1. Банк может потребовать восстановления страхового покрытия в кратчайшие сроки. 2. В случае отсутствия страховки банк может увеличить процентную ставку по кредиту или потребовать досрочного погашения кредита. 3. Если страховой случай наступит в период перерыва в полисе, банк может потребовать возмещения ущерба за счет других средств заемщика. Для уточнения конкретных требований и последствий в вашем случае рекомендуется обратиться в ваш банк или страховую компанию."
221,Как проверить легальность сервиса для кошелька по сравнению с финансовым маркетплейсом?,"Для проверки легальности сервиса для кошелька или финансового маркетплейса рекомендуется воспользоваться справочником Банка России. В этом справочнике можно найти информацию о легальных финансовых организациях, что поможет вам убедиться в их надежности. Если сервис или маркетплейс не указан в этом справочнике, это может быть признаком мошенничества. Также обратите внимание на способы внесения денежных средств. Легальные организации обычно требуют перевода средств только на счет компании. Если вас просят внести наличные без приходного ордера, отправить сумму на карту или электронный кошелек частного лица, а тем более пополнить чей-то криптокошелек, это точно мошенники. Для дополнительной информации о том, какие схемы используют аферисты, можно обратиться к разделу «Грабли» на соответствующем ресурсе."
222,"Какие платежи лучше проводить с расчетного счета, чтобы снизить риск блокировки?","Для снижения риска блокировки расчетного счета рекомендуется проводить платежи, которые не вызывают подозрений у банка и регуляторов. В частности, стоит избегать операций, которые могут быть интерпретированы как попытка скрыть часть операций от контроля. Это может включать: 1. Разделение платежей на несколько мелких транзакций. 2. Переводы на счета, которые не связаны с вашей основной деятельностью. 3. Частые переводы между своими счетами без явной необходимости. Для более детальной информации и рекомендаций можно обратиться к статьям и рекомендациям для предпринимателей, которые помогут избежать проблем с банками и регуляторами."
223,Где проверить легальность финансовой организации перед вложением денег?,"Для проверки легальности финансовой организации перед вложением денег воспользуйтесь справочником Банка России. В нем можно найти информацию о лицензиях и статусе любой российской финансовой организации. Это поможет убедиться, что вы имеете дело с легальной компанией и избежать мошенничества."
224,"Каков минимальный срок периода охлаждения для обычных добровольных страховок, полисов, оформленных через банк вместе с кредитом, а также для договоров инвестиционного или накопительного страхования жизни?","Минимальный срок «периода охлаждения» для обычных добровольных страховок составляет 14 дней. Для полисов, оформленных через банк вместе с кредитом, этот срок также составляет 14 дней. Для договоров инвестиционного или накопительного страхования жизни период охлаждения может быть больше и составляет 30 дней."
225,Куда жаловаться при нарушениях со стороны НПФ или страхового посредника?,"При нарушениях со стороны НПФ (негосударственного пенсионного фонда) или страхового посредника, вы можете обратиться в следующие инстанции: 1. Банк России - если нарушения связаны с инвестиционной деятельностью или нарушением условий договора. 2. Финансовый омбудсмен - если страховая компания не выплатила страховку в срок или не предоставила мотивированный отказ. 3. Прокуратура - если рассмотрение жалобы затягивается или требуется принудительное воздействие на нарушителя. 4. Суд - для требования выплаты процентов за задержку возмещения или в случае отсутствия платформы в реестре Банка России. Для более подробной информации о процессе подачи жалобы и необходимых документах, вы можете обратиться в соответствующие статьи, указанные в контексте."
226,Как ДСАГО влияет на необходимость доплаты виновником при крупном ущербе?,"ДСАГО (Добровольное страхование автогражданской ответственности) снижает финансовые риски виновника аварии. Если ущерб потерпевшего превышает установленную законом сумму по ОСАГО, виновник должен возместить разницу самостоятельно. ДСАГО покрывает эту разницу, что уменьшает необходимость доплаты виновником. Таким образом, ДСАГО снижает финансовую нагрузку на виновника аварии в случае крупного ущерба."
227,Какие ограничения действуют для неквалифицированных инвесторов при покупке акций и паев закрытых ПИФов?,"Для неквалифицированных инвесторов действуют следующие ограничения при покупке акций и паев закрытых ПИФов: 1. ПИФы: Некоторые паи ПИФов доступны только квалифицированным инвесторам. В этом случае управляющая компания (УК) обязана оповестить пайщиков о преобразовании фонда через официальные каналы, такие как электронная почта, заказные письма или другие способы, прописанные в правилах фонда. 2. Акции: Для неквалифицированных инвесторов могут быть ограничены возможности покупки определенных акций, особенно иностранных, в период санкций. Это связано с повышенными рисками и необходимостью тщательной оценки таких вложений. 3. Информация: Неквалифицированные инвесторы должны быть осведомлены о рисках, связанных с инвестированием в ценные бумаги. Для этого рекомендуется изучать материалы, такие как бесплатный онлайн-курс от Московской биржи «Путь инвестора» или статьи, например, «Что нужно знать начинающему инвестору»."
228,Чем отличается ДСАГО от каско по объекту защиты?,"ДСАГО (Добровольное страхование автогражданской ответственности) и КАСКО (Комплексное автомобильное страхование) отличаются по объекту защиты. ДСАГО защищает интересы третьих лиц, пострадавших в ДТП, где вы являетесь виновником. То есть, ДСАГО покрывает ущерб, причиненный вами другим участникам дорожного движения. КАСКО, в свою очередь, защищает интересы самого владельца автомобиля. КАСКО покрывает ущерб, причиненный вашему автомобилю, включая угон, повреждения в результате ДТП, стихийных бедствий и других непредвиденных обстоятельств. Таким образом, основное отличие заключается в том, что ДСАГО защищает ответственность перед третьими лицами, а КАСКО защищает сам автомобиль и интересы его владельца."
229,Чем отличается ответственность эмитента по облигациям от акций?,"Ответственность эмитента по облигациям и акциям различается следующим образом: 1. Облигации: Эмитент облигаций обязан выплатить держателям облигаций купонный доход и вернуть номинальную стоимость облигаций в установленные сроки. В случае невыполнения этих обязательств эмитент может быть привлечен к ответственности, включая выплату штрафов и процентов. 2. Акции: Эмитент акций не несет обязательств по выплате дохода держателям акций. Доход в виде дивидендов выплачивается только в случае принятия такого решения общим собранием акционеров. В случае банкротства компании акционеры получают выплаты только после удовлетворения требований кредиторов, включая держателей облигаций."
230,Как меняется лимит возмещения по ремонту авто при европротоколе без фотофиксации по сравнению с оформлением через ГИБДД?,"В предоставленном контексте нет информации о лимитах возмещения по европротоколу или оформлению через ГИБДД. Для получения точной информации рекомендую обратиться в страховую компанию или на официальный сайт Банка России, где можно найти актуальные данные по ОСАГО и правилам оформления ДТП."
231,Как обезопасить себя на случай утери векселя?,"Вексель является ценной бумагой, и его утеря может привести к финансовым потерям. Для защиты от таких ситуаций рекомендуется: 1. Хранить вексель в надежном месте, например, в сейфе или банковской ячейке. 2. Сделать копию векселя и хранить ее отдельно от оригинала. 3. Использовать услуги банка для хранения ценных бумаг, если такая услуга предоставляется. 4. В случае утери векселя немедленно обратиться в банк или организацию, которая его выпустила, для блокировки и предотвращения его использования третьими лицами. Если у вас есть дополнительные вопросы по безопасности финансовых инструментов, обращайтесь."
232,"Кто защищает клиентов при проблемах банка, а кто при отзыве лицензии у страховщика?","При проблемах с банком клиентов защищает финансовый омбудсмен. Он помогает решать споры с финансовыми компаниями до суда, включая ситуации, когда банк нарушает условия договора. При отзыве лицензии у страховщика клиентов защищает Агентство по страхованию вкладов (АСВ). В случае отзыва лицензии у страховой компании АСВ гарантирует выплату страховых возмещений в пределах установленных законом лимитов."
233,Где надежнее сохранить деньги при отзыве лицензии банка: в векселе или при расчетах через банковскую ячейку?,"Надежнее сохранить деньги при отзыве лицензии банка в банковской ячейке. Векселя связаны с рисками, такими как банкротство эмитента, что может привести к потере средств. Банковская ячейка, в отличие от векселей, предоставляет физическую защиту ваших денег и не зависит от финансового состояния банка. Однако важно помнить, что система страхования вкладов защищает средства на счетах до 1,4 млн рублей, но не распространяется на средства в банковских ячейках."
234,"Как при разводе делят жилье и долг по семейной ипотеке, если взнос был из маткапитала","При разводе жилье и долг по семейной ипотеке, если взнос был из материнского капитала, делятся следующим образом: 1. Деление жилья: Если квартира была приобретена с использованием материнского капитала, то она является общим имуществом супругов, но с учетом прав несовершеннолетних детей. В этом случае жилье не может быть разделено между супругами без учета интересов детей. Обычно суд оставляет жилье за одним из родителей, с которым будут проживать дети, а второй родитель получает компенсацию в денежной форме или другую недвижимость. 2. Деление долга: Долг по ипотеке также делится между супругами. Если ипотека была оформлена на одного из супругов, то второй супруг может быть освобожден от долга, но это зависит от решения суда. В случае использования материнского капитала, банк может потребовать погашения части долга за счет средств материнского капитала, если это предусмотрено условиями кредита. 3. Продажа жилья: Если супруги не могут договориться о разделе жилья, банк может продать заложенную недвижимость и направить вырученные деньги на погашение ипотечного кредита. Оставшуюся сумму банк передаст бывшим супругам, которые должны будут разделить ее между собой. Если они не смогут договориться, вопрос будет решаться через суд. Важно учитывать, что использование материнского капитала при покупке жилья накладывает дополнительные обязательства на супругов, и раздел имущества и долгов может быть более сложным процессом. Рекомендуется проконсультироваться с юристом для более детального разъяснения вашей ситуации."
235,"Какие госгарантии предусмотрены для средств пайщиков КПК, а также для взносов в ЖНК?","В предоставленных текстах нет информации о госгарантиях для средств пайщиков кредитных потребительских кооперативов (КПК) или взносов в жилищные накопительные кооперативы (ЖНК). Рекомендую уточнить этот вопрос у представителей соответствующих кооперативов или в государственных органах, регулирующих деятельность таких организаций."
236,Когда имеет смысл жаловаться в Банк России по проблеме с финансовой организацией?,"Жаловаться в Банк России имеет смысл в следующих случаях: 1. Если посредник (брокер или управляющий) нарушает ваши права, например, не дает вывести деньги с ИИС, и не реагирует на вашу претензию в течение 15 рабочих дней или ответ вас не устроил. 2. Если микрофинансовая организация (МФО), с которой вы подписали договор, нарушает закон и правила, и вы уже обратились в саморегулируемую организацию, в которую входит эта МФО. 3. Если госорганы отказываются принимать ваше заявление или ответ вас не устроил, и вы хотите обратиться с жалобой в вышестоящую инстанцию. 4. В ситуации, когда посредник запрещает вам забрать активы или перевести их в другую компанию."
237,Что использовать для покрытия неожиданных трат?,"Для покрытия неожиданных трат рекомендуется использовать финансовую подушку безопасности. Обычно это сумма, эквивалентная 3–6 месячным зарплатам, которую можно хранить на накопительном счете или депозите в банке. Это позволит вам иметь доступ к деньгам в случае непредвиденных расходов, не прибегая к заемным средствам."
238,Почему переводы через СБП по номеру телефона упрощают межбанковские расчеты?,"Переводы через СБП (Систему быстрых платежей) по номеру телефона упрощают межбанковские расчеты по нескольким причинам: Во-первых, они позволяют быстро и удобно переводить деньги между клиентами разных банков. Для этого не нужно знать реквизиты получателя, достаточно знать его номер телефона. Во-вторых, переводы через СБП осуществляются в реальном времени, что значительно ускоряет процесс межбанковских расчетов. В-третьих, СБП обеспечивает высокую степень безопасности, так как все операции подтверждаются с помощью одноразового кода, который приходит на телефон клиента. В-четвертых, СБП позволяет возвращать деньги покупателю за несколько секунд, если возникла необходимость в возврате. Для этого нужно знать номер телефона клиента и номер транзакции, которые указаны на чеке. Таким образом, СБП по номеру телефона делает межбанковские расчеты более быстрыми, удобными и безопасными."
239,"Куда подавать заявку на продажу заблокированных активов, находящихся в паях ПИФа, с учетом доступности управляющих компаний на финансовых маркетплейсах?","Для продажи заблокированных активов, находящихся в паях ПИФа, необходимо обратиться в управляющую компанию (УК), которая управляет данным фондом. Если доступ к УК ограничен, например, из-за санкций или других причин, и вы не можете забрать активы или перевести их в другую компанию, вы можете подать жалобу в Банк России. Банк России регулирует деятельность управляющих компаний и может помочь в разрешении такой ситуации."
240,Можно ли торговать на бирже без брокера?,"Нет, торговать на бирже без брокера невозможно. Брокер выступает посредником между инвестором и биржей, обеспечивая доступ к торговой площадке и выполнение сделок. Брокерские компании предоставляют инвесторам доступ к торговой платформе, где можно покупать и продавать ценные бумаги, а также оказывают другие услуги, связанные с инвестированием."
241,"Как разместить подушку безопасности, чтобы она была защищена и без сюрпризов по условиям?","Для размещения финансовой подушки безопасности рекомендуется использовать накопительный счет или депозит в банке. Это позволит сохранить деньги в безопасности и обеспечит их доступность в случае необходимости. При выборе депозита важно обратить внимание на следующие условия: 1. Срок размещения: выберите депозит с возможностью частичного снятия или досрочного закрытия без потери процентов, чтобы иметь доступ к деньгам в случае непредвиденных расходов. 2. Процентная ставка: сравните ставки по депозитам в разных банках, чтобы выбрать наиболее выгодный вариант. 3. Страхование вкладов: убедитесь, что банк участвует в системе страхования вкладов, чтобы защитить свои средства. 4. Условия пополнения: выберите депозит, который позволяет пополнять счет без потери процентов, чтобы иметь возможность добавлять деньги по мере накопления. Также можно рассмотреть возможность размещения части подушки безопасности на срочном депозите с более высокой процентной ставкой, а часть на накопительном счете для оперативного доступа к средствам."
242,Как многодетной семье сократить расходы на музеи во время отдыха?,"Для сокращения расходов на музеи во время отдыха многодетной семье можно воспользоваться несколькими лайфхаками: 1. Бесплатные дни: Многие музеи имеют бесплатные дни или часы для посещения. Обычно это последние часы перед закрытием или определенные дни недели. Уточните эту информацию на официальных сайтах музеев. 2. Скидки и льготы: Многодетные семьи могут воспользоваться льготами. Например, в некоторых музеях дети до определенного возраста могут посещать выставки бесплатно, а родители получают скидки на билеты. 3. Акции и спецпредложения: Следите за акциями и спецпредложениями. Некоторые музеи проводят дни с пониженными ценами или предлагают семейные билеты, которые дешевле, чем покупка отдельных билетов для каждого члена семьи. 4. Карты и программы лояльности: Используйте банковские карты с кешбэком на культурные мероприятия или программы лояльности, которые предлагают скидки на посещение музеев. 5. Групповые экскурсии: Организуйте групповые экскурсии. Иногда групповые билеты дешевле, чем индивидуальные. 6. Онлайн-ресурсы: Проверьте, есть ли у музеев онлайн-экскурсии или виртуальные туры. Это может быть бесплатной альтернативой или дополнением к посещению. Эти методы помогут сэкономить на посещении музеев и сделать отдых более доступным для многодетной семьи."
243,Почему повторяются финансовые пузыри?,"Финансовые пузыри повторяются по нескольким причинам, которые можно выделить из контекста и общих экономических знаний. Во-первых, центральные банки, как указано в первом тексте, не всегда могут точно контролировать денежную массу. Если денег становится слишком много, а экономика не успевает их поглотить, это может привести к инфляции и, как следствие, к формированию финансовых пузырей. Во-вторых, инвесторы могут неадекватно оценивать риски, особенно в периоды санкций или экономической нестабильности. Это может привести к спекулятивным вложениям, которые в итоге лопаются, как описано во втором тексте. В-третьих, люди часто надеются, что их долги исчезнут сами собой, что приводит к невыполнению обязательств и усугублению финансовых кризисов, как указано в третьем тексте. Наконец, рост цен, о котором говорится в четвертом тексте, может быть следствием различных факторов, включая инфляцию и спекуляции, что также способствует образованию финансовых пузырей. Таким образом, финансовые пузыри повторяются из-за сочетания факторов, включая неконтролируемую денежную массу, неадекватную оценку рисков, невыполнение финансовых обязательств и спекулятивные вложения."
244,Как технологии меняют финансовые услуги по мнению авторов подборок?,"Технологии значительно расширяют возможности финансовых услуг, делая их более доступными и удобными. Например, банки включают услуги связи, такие как оплата интернета или ТВ, в перечень платежей на своих сайтах и в мобильных приложениях. Это позволяет клиентам решать финансовые вопросы не выходя из дома. Также технологии помогают в борьбе с мошенничеством, предоставляя информацию о новых схемах обмана и правилах обмена валюты."
245,Куда обращаться при споре со страховщиком по ИСЖ и по ОСАГО?,"При споре со страховщиком по ИСЖ (ипотечному страхованию жилья) и по ОСАГО (обязательному страхованию автогражданской ответственности) вы можете обратиться к финансовому омбудсмену. Он обяжет страховую компанию выполнить условия договора. Если страховая компания не выполняет условия договора, например, не выплачивает страховое возмещение или занижает выплату, финансовый омбудсмен может помочь в решении этого вопроса. Его решения финансовые организации обязаны выполнять так же, как постановления суда."
246,"Какой уровень ПДН считается безопасным, а что происходит при превышении 50%?","В предоставленном контексте нет информации о ПДН (пропорциональном долевом нормативе). ПДН обычно относится к банковским нормам, регулирующим размер кредитного риска. Для получения точной информации о ПДН и его значениях рекомендую обратиться к официальным источникам банка или проконсультироваться с оператором банка. Если у вас есть дополнительные вопросы, связанные с банковскими услугами, я готов помочь."
247,"Что делать при мошеннических автоплатежах, как снизить риск повторения?","Для защиты от мошеннических автоплатежей и снижения риска их повторения рекомендуется: 1. Использовать для автоперечислений кредитную карту или карту с овердрафтом. Это позволит ограничить сумму потерь в случае сбоев или краж. 2. Подключить СМС или push-уведомления по всем банковским картам. Это поможет оперативно узнавать о платежах, которые вы не совершали, и вовремя их оспаривать. 3. Обратиться в банк для блокировки подозрительных платежей и оспаривания несанкционированных транзакций. 4. Соблюдать правила кибербезопасности, чтобы защитить свои данные от мошенников. Не предоставляйте секретную информацию третьим лицам и будьте бдительны при получении подозрительных сообщений или звонков. 5. Регулярно проверяйте свои счета и транзакции, чтобы своевременно обнаруживать и предотвращать мошеннические действия."
248,Когда вступят в силу изменения в ОСАГО после подачи заявления?,"В предоставленном контексте нет информации о сроках вступления в силу изменений в ОСАГО после подачи заявления. Для получения точной информации рекомендую обратиться к официальным источникам, таким как сайт Банка России или вашего страхового агента."
249,Почему новичку опасно спекулировать деривативами?,"Новичку опасно спекулировать деривативами по нескольким причинам, которые можно выделить из контекста: 1. Высокие риски: Деривативы, как и другие ценные бумаги, связаны с рисками. Новичок может не полностью понимать эти риски, что приводит к потенциальным убыткам. 2. Необходимость изучения: Перед покупкой деривативов необходимо изучить их риски и особенности, а также пройти тестирование. Новичок может не иметь достаточных знаний и опыта для успешной торговли. 3. Ответственность: Если вы торгуете через брокера, вы принимаете окончательное решение о покупке или продаже и несете за него ответственность. Новичок может не быть готов к такой ответственности. 4. Диверсификация: Чтобы снизить риск потерь, стоит диверсифицировать вложения. Новичок может не понимать важность диверсификации и вкладывать деньги в один вид активов, что увеличивает риски. Таким образом, новичку важно тщательно изучить рынок, понять риски и особенности деривативов, а также рассмотреть возможность доверительного управления или инвестирования в ПИФы, чтобы снизить риски."
250,Как корректно учесть территориальный коэффициент при покупке ОСАГО онлайн?,"Для учета территориального коэффициента при покупке ОСАГО онлайн необходимо следовать нескольким шагам: 1. Выбор региона: При оформлении полиса в онлайн-сервисе банка или страховой компании укажите регион, в котором будет зарегистрировано транспортное средство. Территориальный коэффициент зависит от этого региона. 2. Проверка коэффициента: Убедитесь, что выбранный регион соответствует фактическому месту регистрации автомобиля. Территориальный коэффициент может значительно влиять на стоимость полиса. 3. Использование калькулятора: Воспользуйтесь онлайн-калькулятором ОСАГО, который автоматически учитывает территориальный коэффициент при расчете стоимости полиса. 4. Подтверждение данных: Перед оплатой еще раз проверьте все введенные данные, включая регион, чтобы избежать ошибок при расчете. Если у вас возникли трудности с определением территориального коэффициента или вы хотите уточнить детали, обратитесь в службу поддержки банка или страховой компании."
251,Какой общий риск несут клиент брокера и владелец депозитарных расписок при отзывах лицензий у посредников?,"Клиент брокера и владелец депозитарных расписок несут риски, связанные с отзывом лицензии у посредников, но эти риски различаются. Клиент брокера: - Основной риск заключается в том, что при отзыве лицензии у брокера могут возникнуть проблемы с доступом к своим активам. В этом случае клиент может столкнуться с задержками в выполнении операций или даже с потерей части средств, если брокер не сможет выполнить свои обязательства. - Однако, в России клиенты брокеров защищены системой страхования вкладов и инвестиций. Например, Национальная ассоциация участников фондового рынка (НАФМ) предоставляет компенсацию до 1,4 млн рублей в случае отзыва лицензии у брокера. Владелец депозитарных расписок: - Депозитарные расписки (ДР) представляют собой ценные бумаги, которые дают право на владение акциями иностранных компаний. При отзыве лицензии у депозитария, который хранит эти расписки, могут возникнуть проблемы с их хранением и учетом. - В этом случае владелец ДР может столкнуться с задержками в получении дивидендов или других корпоративных действий, а также с проблемами при продаже или покупке этих бумаг. - Однако, депозитарные расписки обычно хранятся у центрального депозитария, который имеет более высокий уровень защиты. В случае проблем с депозитарием центральный депозитарий может перевести ДР к другому депозитарию. В обоих случаях важно внимательно изучать условия сотрудничества с брокером или депозитарием и следить за новостями о их деятельности."
252,Какая страховка обязательна при ипотеке?,"При оформлении ипотеки обязательно только страхование залоговой недвижимости. Это требование установлено законом. Другие виды страхования, такие как страхование жизни или здоровья, являются добровольными и не могут быть навязаны банком. Если вам предлагают оформить дополнительные полисы или включают их стоимость в сумму кредита, вы можете отказаться и обратиться с жалобой в интернет-приемную Банка России или Роспотребнадзор."
253,Что делать с сомнительной или поврежденной банкнотой?,"Если у вас есть сомнительная или поврежденная банкнота, вы можете обратиться в банк для проведения экспертизы. Экспертиза бесплатна и обычно проводится сразу при вас. Если купюра повреждена, но подлежит обмену, банк выдаст вам новую. В сложных случаях банк может отправить купюру на проверку в Банк России. Если деньги окажутся настоящими, их зачислят на ваш счет. Если купюра фальшивая, ее стоимость не возмещается."
254,Как сочетается рекомендация работать официально с защитой пенсионных накоплений государством?,"Рекомендация работать официально связана с формированием пенсионных накоплений, которые государство гарантирует защитить. При официальном трудоустройстве работодатель ежемесячно перечисляет страховые взносы в Пенсионный фонд, что формирует ваши пенсионные права. Эти накопления защищены государством, и в случае банкротства или других проблем с работодателем, ваши взносы сохраняются. Для дополнительной защиты и увеличения пенсионных накоплений можно воспользоваться несколькими способами: 1. Заключить договор добровольного пенсионного обеспечения с НПФ. Порядок наследования таких сбережений зависит от правил фонда. 2. Использовать другие финансовые инструменты, такие как вклады в банке, полисы накопительного страхования или инвестиции на фондовом рынке. Таким образом, работая официально, вы обеспечиваете себе базовую защиту пенсионных накоплений государством, а дополнительные меры позволяют увеличить будущую пенсию."
255,Чем биржевые фонды отличаются от ПИФов по комиссиям и ликвидности?,"Биржевые фонды и ПИФы (паевые инвестиционные фонды) имеют различия по комиссиям и ликвидности. 1. Комиссии: - Биржевые фонды (ETF) обычно имеют более низкие комиссии по сравнению с ПИФами. Это связано с тем, что ETF торгуются на бирже, и их управление менее затратное. - ПИФы могут иметь более высокие комиссии, так как управление ими требует больше ресурсов и профессионального участия. 2. Ликвидность: - Биржевые фонды более ликвидны, так как их можно купить и продать на бирже в любое время в течение торговой сессии. - ПИФы менее ликвидны, так как их пай можно продать только по итогам торгового дня, и это может занять больше времени. Таким образом, биржевые фонды обычно более выгодны с точки зрения комиссий и ликвидности."
256,Чем отличается защита сбережений в банке от защиты в кредитном потребительском кооперативе?,"Защита сбережений в банке и в кредитном потребительском кооперативе (КПК) имеет существенные различия. В банке сбережения клиентов защищены системой страхования вкладов. В России, например, это АСВ (Агентство по страхованию вкладов), которое гарантирует возврат вкладов до 1,4 миллиона рублей на одного вкладчика в одном банке. Банки также обязаны соблюдать строгие регуляторные требования, что снижает риски для вкладчиков. В кредитных потребительских кооперативах защита сбережений менее надежна. КПК не входят в систему страхования вкладов, и их деятельность регулируется иначе. В случае финансовых трудностей КПК вкладчики могут потерять часть или все свои сбережения. Кроме того, КПК часто работают с более узким кругом участников, что увеличивает риски. Таким образом, банки предоставляют более надежную защиту сбережений благодаря страхованию вкладов и строгому регулированию."
257,Какие меры Банк России применяет для защиты клиентов?,"Банк России применяет несколько мер для защиты клиентов от мошенничества и повышения их финансовой грамотности: 1. Проведение проектов по финансовой грамотности, включая образовательные программы для школ и вузов, а также онлайн-семинары и информационные материалы для СМИ. 2. Организация бесплатных уроков финансовой грамотности для пенсионеров дважды в год. 3. Разработка и распространение информации о новых схемах мошенничества и способах защиты от них. 4. Создание разделов на сайте банка, посвященных кибербезопасности и защите от мошенничества. 5. Рекомендации клиентам обращаться в полицию в случае подозрительных действий или кражи денег. Эти меры направлены на повышение осведомленности клиентов о рисках и способах защиты своих финансов."
258,Чем электронные деньги отличаются от записей в блокчейне?,"Электронные деньги и записи в блокчейне — это разные концепции, хотя обе относятся к цифровым финансовым инструментам. Электронные деньги — это цифровые средства, которые хранятся на счетах в банках или электронных кошельках. Они привязаны к банковской системе и регулируются законодательством. Примеры электронных денег — баланс на банковском счете, электронные кошельки (например, Яндекс.Деньги, WebMoney). Записи в блокчейне — это данные, которые хранятся в распределенном реестре. Блокчейн используется для записи транзакций в криптовалютах, таких как биткоин или эфириум. Эти записи не привязаны к банковской системе и не регулируются центральными банками. Блокчейн обеспечивает прозрачность и безопасность транзакций за счет криптографических методов. Таким образом, основное отличие заключается в том, что электронные деньги — это средства, которые хранятся и управляются банками, а записи в блокчейне — это данные о транзакциях, которые хранятся в децентрализованной сети."
259,"Какие материалы применяют для повышения износостойкости российских банкнот, пример — купюра 200 рублей?","К сожалению, в предоставленном контексте нет информации о материалах, применяемых для повышения износостойкости российских банкнот, в том числе купюры 200 рублей. Рекомендую обратиться в Банк России или на официальный сайт Центрального банка для получения точной информации."
260,Какие налоговые льготы дает ИИС-3 и на какой срок его имеет смысл открывать у брокера?,"ИИС-3 (индивидуальный инвестиционный счет с возможностью получения налогового вычета на вложения) предоставляет следующие налоговые льготы: 1. Возврат НДФЛ (13%) с суммы внесенных средств. Максимальная сумма вычета составляет 1 млн рублей в год, то есть максимальный возврат — 130 тыс. рублей в год. 2. Налоговый вычет распространяется только на сумму внесенных средств, а не на доход от инвестиций. Срок, на который имеет смысл открывать ИИС-3, зависит от ваших инвестиционных целей и возможностей. Минимальный срок для получения налогового вычета составляет 3 года. Если вы планируете инвестировать на более длительный срок, ИИС-3 может быть выгодным инструментом для снижения налоговой нагрузки."
261,"Как проверить, что предложение по кредиту или рефинансированию исходит от легального банка, а не от мошенников?","Чтобы проверить легальность банка, предлагающего кредит или рефинансирование, выполните следующие шаги: 1. Проверьте название банка и его лицензию в Справочнике участников финансового рынка. Если банка там нет, это мошенники. 2. Убедитесь, что банк работает легально, проверив его на сайте Банка России. 3. Внимательно изучите документы по кредиту или займу перед подписанием. 4. Проверьте реквизиты банка, особенно корреспондентский счет с номером 30101. Это поможет убедиться в легальности организации. Если у вас есть сомнения, лучше обратиться в официальный банк или проконсультироваться с их представителями."
262,"Куда жаловаться, если оформили ИСЖ без тестирования под видом вклада?","Если вам оформили инвестиционное страхование жизни (ИСЖ) без тестирования под видом банковского вклада, вы можете обратиться с жалобой в несколько инстанций: 1. В страховую компанию, которая оформила вам полис. Напишите претензию и запросите возврат средств, ссылаясь на отсутствие тестирования, которое является обязательным по закону. 2. В Банк России (Центральный банк РФ). Вы можете подать жалобу через их официальный сайт или горячую линию. Банк России регулирует деятельность страховых компаний и может принять меры в случае нарушений. 3. В Роспотребнадзор. Этот орган защищает права потребителей и может помочь в разрешении конфликта. 4. В суд. Если другие способы не помогли, вы можете подать иск о расторжении договора и возврате средств. Для подачи жалобы подготовьте все документы, подтверждающие факт оформления полиса без тестирования, а также переписку со страховой компанией."
263,Как вовлечь детей в семейное планирование финансов без жесткого контроля?,"Для вовлечения детей в семейное планирование финансов без жесткого контроля можно использовать несколько подходов: Во-первых, объясните ребенку основы финансовой грамотности. Расскажите, как работают деньги, что такое доходы и расходы, и почему важно копить. Используйте простые примеры, которые понятны ребенку. Во-вторых, вовлекайте ребенка в обсуждение семейного бюджета. Объясните, какие расходы у семьи, как планируются траты и сбережения. Это поможет ребенку понять, как распределяются финансы и почему важно следить за своими тратами. В-третьих, предложите ребенку участвовать в формировании его личного бюджета. Например, можно договориться о регулярных выплатах карманных денег и обсудить, на что их можно потратить. Это поможет ребенку научиться планировать свои расходы и делать осознанный выбор. В-четвертых, используйте банковские инструменты, предназначенные для детей. Например, детские карты с кешбэком на полезные покупки или накопительные счета. Объясните ребенку, как эти инструменты работают и какие преимущества они дают. В-пятых, поощряйте сбережения. Например, можно договориться, что часть карманных денег ребенок будет откладывать на определенную цель. Это поможет ребенку научиться копить и достигать финансовых целей. Важно помнить, что главное — это не контроль, а обучение и вовлечение. Ребенок должен понимать, почему важно следить за своими финансами, и учиться делать это самостоятельно."
264,"Как хранить акции, чтобы снизить риск потери при банкротстве брокера?","Для снижения риска потери акций при банкротстве брокера рекомендуется следовать нескольким ключевым шагам: 1. Выбирайте надежного брокера. Перед открытием счета изучите репутацию брокера, его финансовое состояние и отзывы клиентов. Это поможет минимизировать риски. 2. Используйте индивидуальный инвестиционный счет (ИИС). ИИС позволяет хранить акции на ваше имя, что повышает защиту ваших активов в случае банкротства брокера. 3. Диверсифицируйте свои вложения. Распределяйте средства между различными акциями, облигациями и другими инструментами. Это снизит риск потерь, даже если один из активов потеряет в стоимости. 4. Регулярно отслеживайте состояние счета. Проверяйте баланс и операции на вашем брокерском счете, чтобы своевременно обнаружить любые несоответствия или подозрительные сделки. 5. Ознакомьтесь с условиями страхования. Некоторые брокеры предлагают страхование средств клиентов. Уточните, какие гарантии предоставляет ваш брокер и какие суммы покрываются страховкой. 6. Рассмотрите возможность доверительного управления. Если вы не уверены в своих силах или не можете постоянно отслеживать рынок, передайте управление своими акциями профессионалам. Это может снизить риски, связанные с неопытностью. 7. Избегайте маржинальной торговли. Торговля с использованием заемных средств увеличивает риски, особенно в условиях нестабильного рынка. Старайтесь использовать только свои средства. Следуя этим рекомендациям, вы сможете снизить риски потери акций при банкротстве брокера и защитить свои инвестиции."
265,"К кому обратиться, если МФО навязала платные услуги и отказывается возвращать деньги?","Если МФО навязала платные услуги и отказывается возвращать деньги, вы можете обратиться в следующие инстанции: 1. В Банк России. Это регулятор, который контролирует деятельность микрофинансовых организаций. Вы можете подать жалобу через их официальный сайт или горячую линию. 2. В саморегулируемую организацию (СРО), в которую входит ваша МФО. СРО также контролирует деятельность своих членов и может принять меры в случае нарушений. 3. В прокуратуру. Если Банк России или СРО не помогли, вы можете обратиться в прокуратуру. Они проведут проверку и примут меры в случае нарушений. 4. В суд. Если все вышеперечисленные инстанции не помогли, вы можете подать иск в суд. Суд может обязать МФО вернуть вам деньги. Перед обращением в любую из этих инстанций соберите все документы, подтверждающие факт навязывания платных услуг и отказ МФО в возврате денег. Это могут быть договоры, квитанции, переписка с МФО и т.д."
266,Как соотносятся создание безналичных денег банками с выпуском криптовалюты в блокчейне?,"Создание безналичных денег банками и выпуск криптовалюты в блокчейне — это принципиально разные процессы. Безналичные деньги создаются банками в рамках традиционной финансовой системы. Банки выдают кредиты, и эти средства поступают на счета клиентов, увеличивая денежную массу. Этот процесс регулируется центральными банками и подчиняется строгим правилам. Криптовалюта, в свою очередь, создается в децентрализованной системе блокчейна. Ее выпуск и эмиссия происходят на основе алгоритмов, заложенных в протоколе криптовалюты, и не зависят от банков или государственных регуляторов. Криптовалюта может быть создана через майнинг, стейкинг или другие механизмы, предусмотренные в блокчейне. Таким образом, безналичные деньги банков и криптовалюта — это разные финансовые инструменты, которые функционируют в разных системах и регулируются разными механизмами."
267,"Как безопасно купить страховку онлайн, чтобы при навязывании можно было вернуть деньги?","Для безопасной покупки страховки онлайн и возможности возврата денег в случае навязывания, следуйте этим рекомендациям: 1. Проверьте реквизиты страховой компании. Убедитесь, что вы имеете дело с лицензированным страховщиком. 2. Используйте безопасные способы оплаты, такие как аккредитив в банке или депозит нотариуса. Это поможет защитить ваши деньги в случае неисполнения обязательств страховой компанией. 3. Внимательно читайте условия договора страхования. Убедитесь, что вы понимаете все пункты и что вам не навязывают ненужные услуги. 4. Сохраняйте все подтверждения оплаты и переписку с страховой компанией. Это поможет в случае споров. 5. Если вам навязывают страховку, вы можете потребовать расторжения договора и возврата денег в соответствии с законодательством. Обратитесь в банк или страховую компанию для разъяснения процедуры возврата. Для дополнительной информации о защите от мошенничества и безопасных онлайн-покупках, обратитесь к статьям, упомянутым в контексте."
268,Где займы обычно обходятся дороже: в банках или в КПК?,"Займы обычно обходятся дороже в микрофинансовых организациях (МФО) или кредитно-потребительских кооперативах (КПК), чем в банках. Это связано с более высокими процентными ставками и дополнительными комиссиями, которые применяются в МФО и КПК. Банки, как правило, предлагают более низкие ставки по кредитам, но требуют больше документов и имеют более строгие условия для получения займа."
269,"Как проверить, что сайт оплаты или продажи полиса настоящий?","Для проверки подлинности сайта оплаты или продажи полиса рекомендуется обратить внимание на следующие моменты: 1. Проверьте адрес сайта. Мошеннические сайты часто используют адреса, похожие на настоящие, но с небольшими изменениями в символах. Убедитесь, что адрес сайта соответствует официальному. 2. Изучите информацию о компании. Настоящий сайт должен содержать полные реквизиты фирмы или ИП, либо паспортные данные продавца, если он оказывает услугу лично. 3. Используйте безопасные способы оплаты. Самые безопасные варианты оплаты — аккредитив в банке или депозит нотариуса. Это гарантирует, что в случае неисполнения обязательств продавцом, деньги вернутся к вам. 4. Ознакомьтесь с дополнительными материалами. Для более детальной информации о том, как распознать фишинговые сайты и защититься от мошенничества, можно прочитать статьи «Фишинг: что это такое и как от него защититься» и «Безопасные покупки в интернете». Если у вас возникли сомнения в подлинности сайта, лучше воздержаться от оплаты и обратиться в службу поддержки официального продавца или в банк для уточнения информации."
270,Законен ли отказ в продаже ОСАГО из‑за несоответствия данных проверке в НСИС?,"Отказ в продаже ОСАГО из-за несоответствия данных проверке в НСИС (Национальной системе идентификации серийных номеров) может быть законным, если несоответствие подтверждается и не может быть устранено. Например, если данные в ПТС не совпадают с данными в НСИС, страховщик имеет право отказать в оформлении полиса до устранения расхождений. Если страховщик отказывается выполнять условия договора, вы можете обратиться с жалобой в приемную Банка России, приложив к жалобе ответ страховщика и другие документы, которые помогут разобраться в ситуации."
271,Почему индекс бигмака не подходит для измерения инфляции?,"Индекс Бигмака не подходит для измерения инфляции по нескольким причинам: 1. Ограниченный ассортимент: Индекс Бигмака учитывает только цену одного товара — гамбургера Бигмака, что не отражает полной картины инфляции, которая должна учитывать широкий спектр товаров и услуг. 2. Не учитывает структуру потребления: Индекс Бигмака не учитывает, как меняется структура потребления населения. Например, если люди начинают тратить больше на лекарства или образование, это не отразится в индексе Бигмака. 3. Не учитывает качество: Индекс Бигмака не учитывает изменения качества товара. Например, если в гамбургере изменился состав или размер, это может повлиять на его цену, но не обязательно отразит реальную инфляцию. 4. Не учитывает региональные особенности: Индекс Бигмака не учитывает региональные различия в ценах на товары и услуги. Например, цена Бигмака в Москве может значительно отличаться от цены в другом городе. 5. Не учитывает изменения в налогах и субсидиях: Индекс Бигмака не учитывает изменения в налогах и субсидиях, которые могут повлиять на реальные доходы населения и их покупательную способность. Для измерения инфляции используются более комплексные индексы, такие как индекс потребительских цен (ИПЦ), который учитывает широкий спектр товаров и услуг, а также их вес в структуре потребления населения."
272,"В какой срок после объявления санкций нужно перевести иностранные облигации к другому посреднику, чтобы не лишиться купонов?","В тексте не указан конкретный срок, в течение которого нужно перевести иностранные облигации к другому посреднику, чтобы не лишиться купонов. Однако, учитывая риски, связанные с санкциями, рекомендуется действовать как можно быстрее. Если у вас возникли проблемы с выводом активов, вы можете направить претензию посреднику, который должен ответить в течение 15 рабочих дней. В случае отсутствия ответа или неудовлетворительного ответа, можно подать жалобу в Банк России."
273,Почему не стоит одновременно подавать много кредитных заявок при высоком ПДН?,"Одновременная подача множества кредитных заявок при высоком уровне просроченной задолженности (ПДН) может негативно сказаться на вашей кредитной истории и снизить шансы на одобрение кредита. Вот основные причины: 1. Ухудшение кредитной истории: Каждая кредитная заявка фиксируется в вашей кредитной истории. Множество заявок за короткий промежуток времени могут быть интерпретированы как признак финансовой нестабильности, что негативно скажется на вашем кредитном рейтинге. 2. Повышение риска отказа: Банки и микрофинансовые организации (МФО) могут воспринять множественные заявки как сигнал о финансовых трудностях. Это увеличивает вероятность отказа в кредитовании. 3. Увеличение общей задолженности: Если вам удастся получить несколько кредитов при высоком ПДН, это может привести к еще большей переплате и ухудшению финансового положения. 4. Риск мошенничества: Множественные заявки могут привлечь внимание мошенников, которые могут попытаться использовать ваши данные для получения кредитов без вашего ведома. Для защиты от нежелательных долгов рекомендуется установить самозапрет на кредиты и займы. Это позволит банкам и МФО автоматически отклонять все кредитные заявки от вашего имени, предотвращая накопление долгов."
274,В каких случаях страховку оплачивает не клиент?,"Страховку оплачивает не клиент в следующих случаях: 1. Если страховой случай наступил и страховая компания признала его страховым, то возмещение ущерба или выплата страховой суммы производится за счет страховщика, а не клиента. 2. В случае, когда страховая сумма по договору покрывает весь ущерб, клиенту не нужно доплачивать из своего кармана. 3. Если ущерб превышает страховую сумму, клиент должен доплатить разницу самостоятельно. 4. В ситуациях, когда страховая компания обнаружит нестыковки в полисе после наступления страхового случая, она может взыскать с клиента сумму, которую выплатит пострадавшему. 5. Если человек признан недееспособным, все права и обязанности по страховкам переходят к попечителю, и оплата страховки может осуществляться им."
275,Какие ограничения на выдачу наличной валюты действуют для средств на счетах по сравнению с деньгами в банковской ячейке?,"Ограничения на выдачу наличной валюты для средств на счетах и деньгах в банковской ячейке различаются. Для средств на счетах: - Банк может устанавливать лимиты на снятие наличных, как в рублях, так и в иностранной валюте. - Операции по снятию наличных могут быть ограничены суточными и месячными лимитами. - Банк может запрашивать дополнительные документы или уведомлять налоговые органы о крупных снятиях. Для денег в банковской ячейке: - Ячейка арендуется клиентом, и доступ к ней осуществляется только при личном присутствии. - Банк не контролирует суммы, которые клиент хранит в ячейке, и не устанавливает лимиты на их использование. - Однако, при снятии наличных из ячейки и их использовании могут применяться общие ограничения на операции с наличными, установленные законодательством. Таким образом, основное отличие заключается в том, что банк контролирует операции по снятию наличных со счетов, в то время как доступ к деньгам в банковской ячейке зависит только от клиента."
276,Почему для успеха важен отказ от шаблонов?,"Отказ от шаблонов важен для успеха, потому что шаблонные решения часто не учитывают уникальные возможности и проблемы конкретной ситуации. Руководители, которые избегают шаблонов, могут более гибко подходить к управлению командой, выявляя и используя возможности, а не фокусируясь на проблемах. Это позволяет достигать больших целей небольшими, но эффективными шагами, что в конечном итоге ведет к успеху."
277,"Где искать официальные списки мер поддержки, банков-участников программ?","Для поиска официальных списков мер поддержки и банков-участников программ, вы можете воспользоваться следующими ресурсами: 1. Портал «Мой бизнес» - здесь можно узнать о различных отраслевых программах поддержки бизнеса. 2. Цифровая платформа МСП - поможет подобрать полезные сервисы и государственные программы, подходящие именно вашему бизнесу. 3. Сайт Корпорации МСП - на этом ресурсе можно найти льготные программы, действующие в вашем регионе. 4. Официальный сайт или справочник Банка России - здесь можно получить информацию о различных программах и банках-участниках. Эти ресурсы предоставляют актуальную информацию о мерах поддержки и банках, участвующих в программах."
278,"Что грозит созаемщику, если основной заемщик прекратил выплаты?","Созаемщик несет такую же ответственность по кредиту, как и основной заемщик. Если основной заемщик прекратил выплаты, банк вправе требовать погашения долга от созаемщика. Это может привести к начислению пеней, штрафов и ухудшению кредитной истории созаемщика. В крайних случаях банк может обратиться в суд для взыскания долга. Для решения проблемы созаемщику стоит связаться с банком и обсудить возможные варианты, такие как реструктуризация долга или отсрочка платежей."
279,Какие последствия наступают при несвоевременных выплатах по краудлендингу и по облигациям?,"При несвоевременных выплатах по краудлендингу и облигациям могут возникнуть следующие последствия: 1. Краудлендинг:  - Начисление штрафов и пеней за просрочку платежей.  - Ухудшение кредитной истории, что может затруднить получение кредитов в будущем.  - Возможность обращения в коллекторские агентства или судебные разбирательства. 2. Облигации:  - Начисление штрафов и пеней за просрочку купонных выплат.  - Ухудшение репутации эмитента, что может повлиять на стоимость его облигаций и способность привлекать инвестиции.  - Возможность досрочного погашения облигаций по решению эмитента. Важно следить за графиком платежей и своевременно погашать задолженность, чтобы избежать негативных последствий."
280,Почему досрочный платеж по кредиту лучше вносить в дату планового платежа?,"Досрочный платеж по кредиту лучше вносить в дату планового платежа, чтобы избежать начисления лишних процентов. Если внести платеж в другую дату, банк может списать только часть суммы в счет погашения основного долга, а остаток — в счет процентов. Это приведет к тому, что основной долг уменьшится незначительно, и в следующем периоде проценты будут начисляться на большую сумму. В результате переплата по кредиту увеличится."
281,Как учесть инфляцию в семейном плане для сохранения сбережений?,"Для учета инфляции в семейном плане и сохранения сбережений можно воспользоваться несколькими подходами: 1. Финансовый план: Составьте финансовый план, определите ежемесячные расходы и умножьте эту сумму на шесть. Это поможет вам понять, какая сумма необходима для комфортного существования. 2. Финансовые инструменты: Используйте финансовые инструменты, которые компенсируют потери из-за инфляции. Например, вклады с процентами, карты с кешбэком, индивидуальные инвестиционные счета. Проценты по вкладу помогут компенсировать инфляцию, а карты с кешбэком вернут часть потраченных средств. 3. Налоговые вычеты: Изучите возможности получения налоговых вычетов, особенно при использовании индивидуальных инвестиционных счетов. Это поможет сохранить и приумножить сбережения. 4. Специальные бонусы: Если у вас есть дети, рассмотрите возможность использования детских карт с бонусами, такими как кешбэк на покупку книг и канцтоваров. Это также поможет сохранить сбережения. 5. Льготные кредиты: Уточните в местных органах власти, какую субсидию можно получить на жилищные кредиты. Это может помочь снизить финансовую нагрузку и сохранить сбережения. Эти меры помогут вам учесть инфляцию и сохранить сбережения в семейном бюджете."
282,Чем отличаются решения для закрытия кассового разрыва для инвестора на бирже и для бизнеса?,"Для инвестора на бирже и для бизнеса решения для закрытия кассового разрыва могут отличаться по нескольким ключевым аспектам: 1. Цели и задачи:  - Для инвестора на бирже кассовый разрыв может возникать из-за временного несоответствия между покупкой и продажей активов. Решения могут включать использование маржинального кредитования или краткосрочных займов для покрытия разницы.  - Для бизнеса кассовый разрыв связан с несоответствием между поступлениями и расходами. Решения могут включать кредитные линии, овердрафт, факторинг или другие формы краткосрочного финансирования. 2. Риски:  - Для инвестора риски связаны с колебаниями рынка и возможностью убытков при неудачных инвестициях. Важно диверсифицировать вложения и тщательно анализировать риски.  - Для бизнеса риски связаны с нестабильностью денежных потоков, сезонными колебаниями и другими факторами, влияющими на финансовую устойчивость. 3. Инструменты и продукты:  - Для инвестора на бирже могут быть доступны маржинальные счета, краткосрочные займы и другие инструменты, предоставляемые брокерами.  - Для бизнеса могут быть доступны кредитные линии, овердрафт, факторинг, коммерческие кредиты и другие продукты, предлагаемые банками и финансовыми учреждениями. 4. Регулирование и контроль:  - Для инвестора важно соблюдать правила и условия, установленные брокером, а также регуляторами рынка.  - Для бизнеса важно соблюдать требования банков и регуляторов, а также вести прозрачную финансовую отчетность. В обоих случаях важно тщательно изучать условия сотрудничества и риски, связанные с использованием различных инструментов для закрытия кассового разрыва."
283,Почему сумма списания по рублевой карте за границей может отличаться от ожидаемой?,"Сумма списания по рублевой карте за границей может отличаться от ожидаемой из-за нескольких причин, связанных с особенностями обмена валют и комиссий. Во-первых, при снятии наличных за границей с рублевой карты происходит конвертация валют. Банк или банкомат использует свой курс обмена, который может отличаться от официального или более выгодного курса, доступного в других обменных пунктах. Во-вторых, банки часто взимают комиссию за снятие наличных за границей. Эта комиссия может быть фиксированной или процентной от суммы снятия. В некоторых случаях комиссия может быть довольно высокой, особенно если снимать небольшие суммы. В-третьих, если банкомат позволяет, лучше снимать сразу всю нужную сумму, так как мелкие суммы могут быть менее выгодными из-за высоких комиссий. Таким образом, разница между ожидаемой и фактической суммой списания может быть вызвана курсом обмена, комиссиями банка и банкомата, а также дополнительными скрытыми платежами."
284,Чем краудинвестинг отличается от краудлендинга?,"К сожалению, в предоставленном контексте нет информации о краудинвестинге и краудлендинге. Эти понятия не упоминаются в текстах и тегах. Краудинвестинг и краудлендинг — это разные формы коллективного инвестирования, но они относятся к альтернативным инвестициям, а не к традиционным банковским продуктам. Я не могу дать точный ответ на ваш вопрос, так как информация по данной теме отсутствует в предоставленном контексте. Если у вас есть другие вопросы, связанные с банковскими услугами, инвестициями или рисками, я с радостью помогу."
285,Что делать при подозрительном звонке службы безопасности на фоне блокировки карты?,"При подозрительном звонке, особенно если он связан с блокировкой карты, важно действовать осторожно. Вот что рекомендуется сделать: 1. Не предоставляйте никакую информацию по телефону. Мошенники могут пытаться выведать данные вашей карты, пароли или коды из СМС. 2. Перезвоните в банк по официальному номеру, указанному на сайте или на обратной стороне карты. Уточните, действительно ли ваша карта заблокирована и по какой причине. 3. Если звонок действительно от банка, сотрудники объяснят ситуацию и предложат дальнейшие шаги. Если это мошенники, банк подтвердит, что не звонил вам. 4. Подключите СМС или push-уведомления по всем картам, чтобы оперативно узнавать о любых операциях. 5. Если вы стали жертвой мошенничества, сразу сообщите об этом в банк и следуйте их инструкциям для блокировки карты и оспаривания операций. Всегда проверяйте информацию через официальные каналы связи с банком."
286,"В каких ситуациях предпринимателю проще воспользоваться лизингом, чем кредитом?","Лизинг может быть более удобным вариантом для предпринимателя в следующих ситуациях: 1. Если необходимо приобрести дорогостоящее оборудование или транспорт, но нет возможности сразу оплатить его полностью. Лизинг позволяет использовать имущество, выплачивая его стоимость частями. 2. Если важно сохранить ликвидность бизнеса. Лизинг позволяет не отвлекать значительные средства на покупку имущества, а распределять платежи на протяжении срока договора. 3. Если имущество быстро устаревает или требует регулярного обновления. В этом случае лизинг позволяет регулярно обновлять парк оборудования или транспорта без необходимости продажи старого имущества. 4. Если есть необходимость в гибкости. Лизинговые платежи можно адаптировать под сезонность бизнеса или другие изменения в финансовом состоянии компании. 5. Если важно избежать рисков, связанных с владением имуществом. В случае лизинга ответственность за страхование, обслуживание и ремонт может лежать на лизинговой компании, что снижает нагрузку на бизнес. Однако важно учитывать, что лизинг имеет свои ограничения, такие как ограничения на использование имущества, необходимость строгого соблюдения условий договора и риски расторжения договора при нарушениях."
287,Почему обещания 100% результата и гарантированной прибыли без риска — признак мошенничества?,"Обещания «100% результата» и гарантированной прибыли без риска являются признаком мошенничества по нескольким причинам: 1. Любая инвестиция или финансовая операция связана с рисками. Даже самые надежные инструменты, такие как государственные облигации, имеют определенные риски, например, риск изменения процентных ставок или инфляции. 2. Гарантии высокой прибыли без риска противоречат основным принципам финансовых рынков. На финансовых рынках доходность и риск обычно связаны: чем выше потенциальная доходность, тем выше риск. 3. Мошенники часто используют такие обещания, чтобы привлечь внимание потенциальных жертв. Они играют на жадности и желании быстро разбогатеть, предлагая невозможные условия. 4. В реальности никакая компания или индивидуальный инвестор не может гарантировать 100% результат, так как финансовые рынки подвержены множеству факторов, которые невозможно полностью предсказать или контролировать. Если вам предлагают такие условия, это серьезный повод для беспокойства и отказе от сотрудничества. Всегда тщательно проверяйте информацию и консультируйтесь с профессионалами перед принятием финансовых решений."
288,В каких случаях можно получить повышенную компенсацию до 10 млн рублей при проблемах с банком?,"Повышенная компенсация до 10 млн рублей может быть выплачена в следующих случаях: 1. Если банк не является системно значимым и не поддается оздоровлению, а масштаб вложений в его оздоровление сравним или выше страховой ответственности АСВ. 2. В некоторых других случаях, которые подробно описаны в статье «Как работает система страхования вкладов»."
289,"Какие налоговые либо государственные стимулы доступны для НПФ, ДМС, страхования жизни?","Для негосударственных пенсионных фондов (НПФ), добровольного медицинского страхования (ДМС) и страхования жизни доступны следующие налоговые и государственные стимулы: 1. Налоговые вычеты:  - НПФ: Взносы в НПФ могут быть учтены при расчете налоговой базы по НДФЛ. Это означает, что часть взносов можно вернуть в виде налогового вычета.  - Страхование жизни: Взносы по договорам страхования жизни с накопительной частью также могут быть учтены при расчете налоговой базы по НДФЛ. 2. Налоговые льготы:  - ДМС: Взносы работодателя в ДМС для сотрудников могут быть учтены как расходы, уменьшающие налоговую базу по налогу на прибыль. 3. Государственные программы и субсидии:  - НПФ: Государство может предоставлять гарантии и субсидии для НПФ, что способствует их стабильности и привлекательности для вкладчиков.  - Страхование жизни: В некоторых случаях государство может предоставлять льготы или субсидии для страховых компаний, что может косвенно влиять на условия страхования для клиентов. Для более детальной информации рекомендуется обратиться к актуальным законодательным актам или проконсультироваться с налоговым консультантом."
290,"Почему при разделе ипотечной квартиры важно учитывать лимиты льготных программ, если ставка была снижена за счет застройщика?","При разделении ипотечной квартиры важно учитывать лимиты льготных программ, даже если ставка была снижена за счет застройщика, потому что льготные программы обычно имеют ограничения на повторное использование. Например, если вы уже воспользовались льготной программой, то повторно воспользоваться ей можно только при выполнении определенных условий, таких как появление еще одного ребенка в семье и закрытие предыдущего льготного кредита. Кроме того, даже если ставка была снижена за счет застройщика, это не означает, что вы автоматически получаете доступ к новым льготам. Важно учитывать все условия и лимиты, чтобы избежать проблем в будущем."
291,Какие признаки укажут на финансовую пирамиду под видом инвестпроекта либо работы с высоким доходом?,"Финансовые пирамиды часто маскируются под инвестиционные проекты или предложения работы с высоким доходом. Вот несколько признаков, которые могут указать на мошенническую схему: 1. Обещания высокой доходности при низких рисках. Если проект обещает доходы, значительно превышающие рыночные, это должно насторожить. 2. Отсутствие прозрачности. Если компания не предоставляет четкой информации о своей деятельности, о том, как именно она генерирует доход, или отказывается предоставить документы, это тревожный знак. 3. Навязчивые уговоры. Мошенники часто давят на потенциальных жертв, требуя быстрого принятия решения и внесения денег. Они могут использовать психологическое давление и страх упустить выгоду. 4. Отсутствие лицензий и регулирования. Легальные инвестиционные компании обычно имеют соответствующие лицензии и регулируются государственными органами. Если компания не может предоставить такие документы, это повод для беспокойства. 5. Сложные схемы выплат. В финансовых пирамидах часто используются сложные схемы, которые трудно понять. Это делается для того, чтобы скрыть истинную природу проекта. 6. Отзывы и жалобы. Перед тем как вкладывать деньги, стоит поискать отзывы о компании в интернете. Если есть множество жалоб или отрицательных отзывов, это может быть признаком мошенничества. Если вы заметили хотя бы один из этих признаков, лучше воздержаться от сотрудничества с такой компанией и проконсультироваться с профессионалами."
292,Почему включение платных сервисов в сумму кредита ведет к переплате?,"Включение платных сервисов в сумму кредита ведет к переплате, потому что это увеличивает общую сумму кредита, на которую начисляются проценты. Чем больше сумма кредита, тем больше будет начислено процентов за весь срок кредитования. Таким образом, даже небольшие дополнительные платежи могут значительно увеличить общую стоимость кредита."
293,"Когда уместнее выбрать краудфандинг, а не копить самостоятельно?","Краудфандинг может быть уместен в следующих случаях: 1. Когда у вас есть конкретная цель, требующая значительных финансовых вложений, и вы не можете накопить необходимую сумму в разумные сроки. 2. Если вы хотите реализовать проект, который может быть интересен широкой аудитории, и готовы предложить вознаграждение за поддержку. 3. Когда вы уверены в своей способности привлечь внимание и поддержку сообщества, и готовы активно продвигать свой проект. Однако важно помнить, что краудфандинг также связан с рисками, такими как неудача в привлечении необходимой суммы или невыполнение обещанных обязательств перед спонсорами. Поэтому тщательно взвесьте все за и против перед принятием решения."
294,Как оформить вычет на инвестиционный доход по ИИС‑3 при закрытии счета?,"Для оформления налогового вычета на инвестиционный доход по ИИС-3 при закрытии счета необходимо выполнить следующие шаги: 1. Закройте индивидуальный инвестиционный счет (ИИС-3). 2. Подготовьте документы, подтверждающие доходы от инвестиций на ИИС-3. 3. Заполните налоговую декларацию по форме 3-НДФЛ. 4. Подайте декларацию и документы в налоговую инспекцию. 5. Дождитесь проверки и получения налогового вычета. Подробнее о процессе оформления имущественных налоговых вычетов можно узнать в статье «Имущественные налоговые вычеты»."
295,"Как залог снижает риск потерь для того, кто предоставляет деньги?","Залог снижает риск потерь для кредитора, так как предоставляет дополнительную гарантию возврата средств. В случае, если заемщик не выполняет свои обязательства, кредитор имеет право обратить взыскание на залоговое имущество. Это позволяет компенсировать убытки за счет реализации заложенного имущества. Таким образом, залог повышает вероятность возврата кредита и снижает финансовые риски для кредитора."
296,Обязателен ли для продавцов прием платежей по QR-коду через СБП по сравнению с планом приема цифровых рублей крупным бизнесом?,"В предоставленном контексте нет информации о том, обязателен ли для продавцов прием платежей по QR-коду через СБП по сравнению с планом приема цифровых рублей крупным бизнесом. В текстах упоминается возможность возврата денег через СБП и процедуры возврата товаров, но не говорится о обязательности приема платежей по QR-коду. Для получения точного ответа на этот вопрос рекомендуется обратиться в банк или в организацию, отвечающую за регулирование платежных систем."
297,Может ли банк отказать в кредите после биометрической идентификации?,"В предоставленном контексте нет информации, которая напрямую отвечала бы на ваш вопрос. Однако, исходя из общих принципов работы банков, можно сказать следующее: Банк может отказать в кредите даже после биометрической идентификации. Биометрическая идентификация подтверждает вашу личность, но не гарантирует одобрение кредита. Решение о выдаче кредита принимается на основе множества факторов, включая вашу кредитную историю, уровень дохода, наличие просрочек и другие критерии, которые банк считает важными. Если у вас есть конкретные вопросы по кредитованию, рекомендую обратиться в ваш банк для получения более детальной информации."
298,Какие признаки операций чаще всего вызывают у банка подозрения в мошенничестве?,"Банк может заподозрить мошенничество в следующих случаях: 1. Частые и крупные переводы на незнакомые счета, особенно если они происходят в короткий промежуток времени. 2. Переводы на счета, зарегистрированные в других странах, особенно если они связаны с высокорисковыми юрисдикциями. 3. Использование систем быстрых платежей для переводов на счета, которые не принадлежат вам или вашим близким. 4. Попытки скрыть часть операций, например, переводы на счета, которые не связаны с вашей основной деятельностью. 5. Переводы на счета, которые указаны в подозрительных квитанциях или сообщениях, особенно если они содержат нестандартные реквизиты. Если вы заметили подозрительные операции на своем счете, немедленно обратитесь в свой банк для их блокировки."
299,Какой вариант финансирования выбрать сезонному бизнесу при риске отказа банка из‑за регулярных платежей?,"Для сезонного бизнеса с риском отказа банка из-за регулярных платежей можно рассмотреть несколько вариантов финансирования: 1. Кредитная линия: Это гибкий инструмент, который позволяет брать деньги в пределах установленного лимита по мере необходимости. Вы платите проценты только на использованную сумму. 2. Микрозаймы: Хотя они имеют более высокие процентные ставки, микрозаймы могут быть доступны даже для бизнеса с нестабильным доходом. Важно тщательно оценить возможность возврата. 3. Реструктуризация долга: Если у вас уже есть кредиты, можно попробовать договориться с банком о реструктуризации, чтобы изменить график платежей в соответствии с сезонными доходами. 4. Инвестиции или партнеры: Привлечение инвесторов или партнеров может помочь покрыть расходы в межсезонье. 5. Господдержка: Некоторые регионы и государства предоставляют субсидии или льготные кредиты для поддержки сезонного бизнеса. Важно учитывать, что размер ежемесячных платежей не должен превышать 30% вашего ежемесячного дохода, чтобы избежать финансовых трудностей."
300,"Как действует страхование вкладов для номинального счета на ребенка, по сравнению с обычным банковским вкладом?","Страхование вкладов для номинального счета на ребенка действует аналогично страхованию обычных банковских вкладов. В случае отзыва лицензии у банка, вы сможете рассчитывать на компенсацию в пределах 1,4 миллиона рублей. При этом будут просуммированы все счета и вклады, включая проценты по ним, в этом банке. В некоторых случаях Агентство по страхованию вкладов (АСВ) может выплатить повышенную страховку — до 10 миллионов рублей."
301,"Как распознать обман в звонках про блокировку карты из‑за SWIFT, где перепроверять такую информацию?","Если вам позвонили и сообщили о блокировке карты из-за SWIFT, это может быть попытка мошенничества. Вот как действовать: 1. Не предоставляйте никакую информацию по телефону. Настоящий банк никогда не попросит вас назвать пароли, коды из СМС или другую конфиденциальную информацию. 2. Перезвоните в банк самостоятельно по официальному номеру, который указан на сайте банка или на обратной стороне вашей карты. Не используйте номер, который вам назвали в звонке. 3. Уточните информацию у сотрудника банка. Спросите, действительно ли ваша карта заблокирована и по какой причине. Если информация о блокировке подтвердится, следуйте инструкциям банка. 4. Подключите СМС или push-уведомления по всем своим банковским картам. Это поможет вам оперативно узнавать о любых подозрительных операциях. 5. Не переводите деньги и не выполняйте другие действия, которые вам предлагают по телефону, пока не убедитесь в подлинности звонка. Если у вас есть сомнения, лучше перестраховаться и обратиться в банк через официальные каналы связи."
302,По каким признакам распознать фишинговый сайт или письмо?,"Фишинговые сайты и письма могут быть очень похожи на настоящие, но есть несколько признаков, которые помогут их распознать: 1. Необычные адреса. Адреса фишинговых сайтов могут отличаться от официальных всего одним-двумя символами. Например, вместо вашбанк.рф может быть вашбанк.рф.рф или вашбанк-rf.рф. 2. Подозрительные ссылки. В письмах фишинговые ссылки могут быть скрыты под кнопками или текстом. Перед переходом по ссылке проверьте её адрес, наведя на неё курсор. 3. Необычные запросы. Фишинговые письма могут содержать необычные запросы, например, просьбу подтвердить данные карты, пароль или код из SMS. 4. Ошибки в тексте. Фишинговые письма часто содержат орфографические и грамматические ошибки. 5. Срочность. Фишинговые письма часто создают ощущение срочности, чтобы заставить вас действовать быстро и без раздумий. 6. Необычные вложения. Фишинговые письма могут содержать подозрительные вложения, например, файлы с расширениями .exe, .zip или .pdf. Для более подробной информации о том, как распознать фишинг, можно обратиться к статьям «Фишинг: что это такое и как от него защититься» и «Как уберечь себя и близких от финансового мошенничества»."
303,Как проверить подлинность полиса ОСАГО перед покупкой?,"Для проверки подлинности полиса ОСАГО перед покупкой можно воспользоваться следующими методами: 1. Проверка через официальный сайт Российского Союза Автостраховщиков (РСА). На сайте РСА есть сервис, где можно проверить подлинность полиса ОСАГО по его номеру и серии. 2. Проверка через мобильное приложение страховой компании. Многие страховые компании предоставляют возможность проверки подлинности полиса через их мобильные приложения. 3. Проверка через единый портал государственных услуг (Госуслуги). На портале Госуслуги также можно проверить подлинность полиса ОСАГО. 4. Проверка через страховую компанию. Можно обратиться в страховую компанию, которая выдала полис, и уточнить его подлинность. 5. Проверка через банк, если полис был оплачен через банк. Банк может предоставить информацию о том, была ли произведена оплата за полис. Важно помнить, что подлинность полиса ОСАГО можно проверить только после его покупки. Перед покупкой полиса ОСАГО рекомендуется убедиться в надежности страховой компании и внимательно изучить условия договора."
304,Почему нельзя сообщать коды из СМС незнакомцам?,"Коды из СМС, которые приходят от банка, являются конфиденциальной информацией. Они используются для подтверждения операций, таких как вход в интернет-банк, переводы или платежи. Если вы сообщите эти коды незнакомцам, мошенники смогут использовать их для совершения операций от вашего имени. Банк не сможет вернуть вам деньги, если операция была подтверждена с помощью этого кода. Поэтому важно никогда не сообщать коды из СМС третьим лицам."
305,Чем отличается дополнительная детская карта от собственной молодежной карты с 14 лет?,"Дополнительная детская карта и молодежная карта с 14 лет имеют несколько ключевых различий: 1. Возрастные ограничения и статус владельца:  - Дополнительная детская карта обычно оформляется на ребенка до 14 лет и привязывается к счету родителя или законного представителя.  - Молодежная карта с 14 лет оформляется на самого подростка и может быть как основной картой, так и дополнительной к счету родителя. 2. Функционал и лимиты:  - Дополнительная детская карта часто имеет ограниченные функции и лимиты на операции, которые устанавливаются родителями.  - Молодежная карта может предоставлять больше возможностей, включая собственные лимиты и доступ к определенным банковским услугам. 3. Бонусы и программы лояльности:  - Детские карты могут предлагать специальные бонусы, такие как кешбэк на покупки книг и канцтоваров.  - Молодежные карты могут включать другие программы лояльности и скидки, ориентированные на подростков. 4. Ответственность и контроль:  - За операции по дополнительной детской карте отвечают родители, так как карта привязана к их счету.  - Молодежная карта может давать подростку больше самостоятельности, но с определенными ограничениями, установленными банком или родителями. Если у вас есть конкретные вопросы по картам вашего банка, уточните их у оператора или в отделении банка."
306,Какие реестры и списки стоит проверить перед инвестированием и выбором юриста?,"Перед инвестированием и выбором юриста стоит проверить следующие реестры и списки: 1. Реестр инвестсоветников, чтобы убедиться, что выбранный специалист имеет соответствующий статус и право давать рекомендации по инвестициям. 2. Списки лицензированных брокеров и управляющих компаний, которые имеют право работать на финансовом рынке. 3. Реестр недобросовестных участников финансового рынка, чтобы избежать сотрудничества с мошенниками. 4. Списки юристов и юридических фирм, которые имеют положительную репутацию и опыт в области финансового права. Эти проверки помогут снизить риски и выбрать надежных партнеров для инвестиций и юридического сопровождения."
307,"Когда разумнее выбрать банковский вклад, а не накопительное страхование жизни?","Банковский вклад может быть разумнее накопительного страхования жизни в следующих случаях: 1. Если вы хотите гарантированный доход. Банковские вклады обычно обеспечивают фиксированный процент, который заранее известен. В отличие от страхования жизни, где доход может зависеть от рыночных условий и не гарантирован. 2. Если вы планируете использовать средства в ближайшее время. Вклады обычно имеют более гибкие условия по снятию средств по сравнению со страховыми полисами, где могут быть штрафы за досрочное расторжение. 3. Если вы не готовы рисковать своими сбережениями. Страхование жизни может включать инвестиционные компоненты, которые связаны с риском потерь. Вклады, как правило, более безопасны. 4. Если вы хотите простота и прозрачность. Вклады обычно имеют более простые условия и легче понимаются клиентами по сравнению со страховыми продуктами."
308,Как реально улучшить испорченную кредитную историю?,"Для улучшения испорченной кредитной истории необходимо следовать нескольким ключевым шагам: 1. Вовремя погашайте все текущие долги и кредиты. Это покажет кредиторам, что вы стали более ответственным заемщиком. 2. Регулярно и своевременно оплачивайте счета за жилищно-коммунальные услуги, налоги и другие обязательные платежи. Это также положительно влияет на вашу кредитную историю. 3. Избегайте новых просрочек. Каждая новая просрочка ухудшает вашу кредитную историю, поэтому важно строго соблюдать сроки платежей. 4. Проверьте свою кредитную историю на наличие ошибок, таких как незакрытые долги, которые вы уже погасили, или просроченные займы, которые вы не брали. Если такие ошибки обнаружены, обратитесь в бюро кредитных историй для их исправления. 5. Создайте новую историю взаимоотношений с кредиторами. Возьмите небольшой кредит или займ и погасите его вовремя. Это поможет постепенно улучшить вашу кредитную историю. Следуя этим рекомендациям, вы сможете постепенно улучшить свою кредитную историю и вернуть статус надежного клиента."
309,Как получить доступ к средствам на счете при проблемах с картой?,"При проблемах с картой вы можете получить доступ к средствам на счете следующими способами: 1. Обратитесь в банк по телефону горячей линии или посетите отделение. Сотрудники банка помогут разобраться в причине блокировки и предложат решения. 2. Используйте интернет-банк или мобильное приложение банка, если они у вас подключены. Через эти сервисы можно управлять счетами, переводить средства и выполнять другие операции. 3. Прикрепите к счету другую карту этого же банка, если такая услуга доступна. Уточните условия и сроки подключения у банка. 4. Если карта заблокирована из-за подозрительных операций, сообщите об этом банку и следуйте их инструкциям для разблокировки или выдачи новой карты."
310,Почему массовая рассылка заявок снижает шансы на одобрение?,"В контексте предоставленных текстов, информации о снижении шансов на одобрение из-за массовой рассылки заявок нет. Однако, в банковской практике это может быть связано с несколькими факторами: Во-первых, банки могут рассматривать массовую рассылку заявок как потенциальный риск. Множественные заявки от одного клиента могут указывать на финансовые трудности или нестабильное положение, что снижает доверие банка. Во-вторых, частые заявки могут указывать на то, что клиент пытается получить кредитные средства у нескольких банков одновременно. Это может повысить общую кредитную нагрузку клиента, что также является риском для банка. В-третьих, банки могут иметь внутренние политики, ограничивающие количество заявок от одного клиента в определенный период времени. Это делается для предотвращения злоупотреблений и снижения рисков. Если у вас есть конкретные вопросы по кредитованию или другим банковским услугам, пожалуйста, уточните, и я постараюсь помочь."
311,Какие решения дают налоговую выгоду при одновременной защите сбережений?,"Для получения налоговой выгоды при защите сбережений можно рассмотреть следующие решения: 1. Индивидуальный инвестиционный счет (ИИС). При использовании ИИС типа А можно получить налоговый вычет на внесенные средства. При ИИС типа Б налоговая выгода заключается в освобождении от налога на доходы, полученные от инвестиций. 2. Накопительное страхование жизни. При заключении договора накопительного страхования жизни можно получить налоговый вычет на уплаченные страховые взносы. 3. Договор добровольного пенсионного обеспечения (ДПО) с НПФ. В некоторых случаях можно получить налоговые льготы при внесении взносов в НПФ. 4. Договор медицинского страхования (ДМС). При оплате медицинских услуг или страховых взносов по ДМС можно получить налоговый вычет. Для более подробной информации о налоговых вычетах и их оформлении рекомендуется обратиться к специалистам банка или налоговой службы."
312,"Где хранятся купленные через брокера акции и с чего начать их поиск, если вы потеряли документы?","Акции, купленные через брокера, хранятся на вашем брокерском счете. Чтобы найти их, вам нужно обратиться к вашему брокеру. Обычно это можно сделать через личный кабинет на сайте брокера или по телефону службы поддержки. Вам потребуется предоставить данные для идентификации, такие как паспортные данные и информация о вашем счете. Если у вас нет доступа к личному кабинету, свяжитесь с брокером по телефону или электронной почте. Укажите, что вы потеряли документы, и запросите помощь в восстановлении доступа к вашему счету. Брокер предоставит инструкции по восстановлению и поможет вам найти информацию о ваших акциях."
313,"Что безопаснее для оплаты: карта, QR‑код или биометрия?","Для оплаты безопаснее использовать банковскую карту с подключенными СМС или push-уведомлениями. Это позволяет оперативно контролировать все транзакции и быстро реагировать на подозрительные платежи. QR-коды и биометрия также могут быть безопасными, но важно убедиться, что вы используете их через официальные и проверенные приложения банка. Всегда следите за безопасностью своих данных и избегайте ввода информации на подозрительных сайтах."
314,Какие устройства нужны для оплаты по QR-коду по сравнению с оплатой лицом на кассе?,"Для оплаты по QR-коду вам понадобится смартфон с установленным приложением банка или платежной системы, а также доступ в интернет. Вам нужно будет отсканировать QR-код, который предоставляет продавец, и подтвердить платеж в приложении. Для оплаты лицом на кассе обычно требуется наличные деньги или банковская карта, которую нужно предъявить кассиру. В некоторых случаях может потребоваться PIN-код для подтверждения платежа."
315,Какие реквизиты карты относятся к секретным при онлайн-оплате?,"При онлайн-оплате к секретным реквизитам карты относятся: 1. Номер карты 2. Срок действия карты (месяц и год) 3. CVV/CVC-код (трёхзначный код на обратной стороне карты) Эти данные необходимо вводить только на официальных и проверенных сайтах, чтобы избежать мошенничества."
316,"Как обращаются субординированные бумаги при санации, распространяется ли на такие инструменты защита АСВ?","Субординированные бумаги при санации банка обращаются в соответствии с условиями их выпуска и законодательством. Обычно они относятся к дополнительному капиталу банка и могут быть конвертированы в акции или погашены с определенными условиями. Что касается защиты АСВ (Агентства по страхованию вкладов), то она распространяется на вклады физических лиц, а не на субординированные бумаги. Субординированные инструменты являются долговыми обязательствами банка и не подпадают под страхование вкладов. Для более точной информации рекомендуется обратиться в банк или к профессиональному консультанту."
317,"Какие последствия ждут продавца, если новый владелец ездит по его полису ОСАГО?","Если новый владелец автомобиля ездит по полису ОСАГО, оформленному на предыдущего собственника, это может иметь несколько последствий: 1. Страховая компания может отказать в выплате. Если страховая компания обнаружит, что полис используется не тем лицом, на которое он оформлен, она может отказать в выплате при наступлении страхового случая. 2. Возможность регрессного иска. Если страховая компания все же выплатит компенсацию, она может предъявить регрессный иск к прежнему собственнику. Это означает, что страховая компания потребует от вас возместить сумму, которую она выплатила пострадавшей стороне. 3. Доплата за полис. Если страховая компания обнаружит несоответствия после аварии, она может потребовать от вас доплатить за полис. 4. Отзыв полиса. Страховая компания может аннулировать полис, если узнает, что он используется не тем лицом, на которое оформлен. Для избежания таких последствий рекомендуется оформлять новый полис ОСАГО на нового владельца автомобиля."
318,Какие шаги доступны заемщику при финансовых трудностях?,"При финансовых трудностях заемщику доступны следующие шаги: 1. Попросить кредиторов о реструктуризации долга, чтобы изменить график платежей и сделать их более посильными. 2. В крайнем случае можно объявить себя банкротом. 3. Если ситуация подходит под параметры, можно воспользоваться кредитными каникулами, предусмотренными законом. 4. Внимательно изучить предложения банков и государственные программы поддержки, которые могут предоставить кредиты на более выгодных условиях или предложить другие виды помощи."
319,"Что безопасно сообщать для получения перевода, какие данные считаются ключом к деньгам?","Для получения перевода безопасно сообщать только те данные, которые необходимы для идентификации получателя. Обычно это: - Номер счета или карты получателя. - ФИО получателя. - Назначение платежа (если требуется). Данные, которые считаются «ключом к деньгам» и которые ни в коем случае нельзя сообщать третьим лицам: - Пароли и PIN-коды. - CVV-код с обратной стороны карты. - Коды из SMS-сообщений (одноразовые пароли). - Логин и пароль для входа в интернет-банк или мобильное приложение. Эти данные могут быть использованы мошенниками для несанкционированного доступа к вашим счетам и хищения денежных средств. Всегда будьте бдительны и не передавайте конфиденциальную информацию посторонним лицам."
320,"Какие цифровые условия нужны для дистанционного получения страхового возмещения по вкладам, а также для оформления социального вклада?","Для дистанционного получения страхового возмещения по вкладам и оформления социального вклада могут потребоваться следующие цифровые условия: 1. Доступ к интернет-банку или мобильному приложению вашего банка. Это позволит вам управлять своими счетами и вкладами онлайн. 2. Подписанный договор страхования вкладов. Обычно этот договор заключается автоматически при открытии вклада в банке, участвующем в системе страхования вкладов. 3. Подтверждение личности. Для дистанционного оформления могут потребоваться данные вашего паспорта или другого документа, удостоверяющего личность. 4. Подписанное соглашение на оформление социального вклада. Это может быть сделано через интернет-банк или мобильное приложение. 5. Доступ к электронной почте или SMS-услугам для получения уведомлений и кодов подтверждения. Для более точной информации рекомендуется обратиться в ваш банк или на сайт Агентства по страхованию вкладов (АСВ)."
321,"Почему быстрая продажа квартиры, купленной по субсидированной ставке от застройщика, осложняется при разводе?","Быстрая продажа квартиры, купленной по субсидированной ставке от застройщика, может осложниться при разводе по нескольким причинам: 1. Залоговое имущество: Квартира, купленная в ипотеку, находится в залоге у банка. Это означает, что продажа требует согласия банка. Процесс согласования может занять время, особенно если у бывших супругов есть разногласия. 2. Раздел имущества: При разводе имущество, включая квартиру, подлежит разделу. Если супруги не могут договориться о разделе, это может привести к судебным разбирательствам, что также замедляет процесс продажи. 3. Субсидированная ставка: Субсидированная ставка обычно предоставляется при соблюдении определенных условий. Если квартира продается раньше установленного срока, это может нарушить условия субсидирования, и банк или застройщик могут потребовать возврата части субсидии. 4. Эскроу-счет: Если квартира была куплена через эскроу-счет, то для ее продажи также потребуется согласование с банком и застройщиком, что может добавить времени и сложности в процесс. Таким образом, быстрая продажа квартиры в таких условиях требует согласования с несколькими сторонами и может быть осложнена юридическими и финансовыми аспектами."
322,В каких случаях действует госстрахование вкладов?,"Государственное страхование вкладов действует в следующих случаях: 1. Если у банка отозвана лицензия, вы можете рассчитывать на компенсацию в пределах 1,4 млн рублей. При этом будут просуммированы все ваши счета и вклады в этом банке, включая проценты по ним. 2. В некоторых случаях Агентство по страхованию вкладов (АСВ) выплатит вам повышенную страховку — до 10 млн рублей. Это может произойти, например, если банк является системно значимым или если масштаб вложений в его оздоровление сравним или выше страховой ответственности АСВ. На возврат остальных вложенных в банк денег можно рассчитывать только в ходе длительной процедуры банкротства, если банк не подлежит оздоровлению."
323,"Как понять, что страница оплаты фишинговая при онлайн‑покупках или оплате налога из вакансии?","Чтобы понять, что страница оплаты фишинговая, обратите внимание на следующие признаки: 1. Адрес сайта: проверьте URL-адрес. Фишинговые сайты часто используют адреса, очень похожие на настоящие, но с небольшими изменениями (например, вместо example.com может быть examp1e.com или example.ru.com). 2. Наличие ошибок: на фишинговых страницах часто встречаются орфографические и грамматические ошибки, а также некорректное оформление текста. 3. Запрос лишней информации: если сайт просит ввести больше данных, чем обычно (например, пароль от электронной почты, код из SMS), это может быть признаком фишинга. 4. Отсутствие защиты: проверьте, есть ли на сайте значок замка в адресной строке и начинается ли адрес с https://. Это указывает на наличие SSL-сертификата, который защищает данные. 5. Подозрительные платежи: если сайт просит внести плату за регистрацию, страховой взнос или покупку чего-либо для начала работы, это почти наверняка мошенничество. Если вы заметили хотя бы один из этих признаков, не вводите свои данные и не переводите деньги. Лучше проверить информацию о сайте или обратиться в поддержку банка или налоговой службы для подтверждения подлинности страницы."
324,Какой формат бизнеса выбрать для ограничения личной ответственности при работе с НДС?,"Для ограничения личной ответственности при работе с НДС рекомендуется выбрать форму собственности ООО (Общество с ограниченной ответственностью). В этом случае ответственность участников ограничена размером их вкладов в уставный капитал компании. Это означает, что личные активы владельцев защищены от претензий кредиторов бизнеса."
325,Почему начинать копить раньше выгоднее?,"Начинать копить раньше выгоднее по нескольким причинам: Во-первых, чем раньше вы начнете откладывать деньги, тем больше времени у вас будет для накопления. Это позволяет накопить больше средств за счет регулярных взносов. Во-вторых, раннее начало накоплений дает возможность использовать эффект сложного процента. Это означает, что проценты, которые вы получаете на свои вложения, также начинают приносить доход. Чем дольше срок вложения, тем больше будет этот эффект. В-третьих, раннее начало накоплений позволяет вам быть более гибкими в выборе инвестиционных инструментов. Вы можете выбирать более долгосрочные и потенциально более доходные инвестиции, которые могут принести больше прибыли в долгосрочной перспективе. В-четвертых, раннее начало накоплений помогает вам лучше подготовиться к непредвиденным расходам и финансовым трудностям. Чем больше у вас накоплений, тем легче вам будет справиться с финансовыми трудностями. В-пятых, раннее начало накоплений позволяет вам лучше планировать свои финансы и достигать своих финансовых целей. Вы можете более точно рассчитывать свои доходы и расходы, а также планировать свои инвестиции и сбережения."
326,Чем государственные гарантии по вкладам отличаются от защиты пенсионных накоплений в НПФ?,"Государственные гарантии по вкладам и защита пенсионных накоплений в НПФ отличаются по нескольким ключевым аспектам. Во-первых, государственные гарантии по вкладам распространяются на средства, размещенные на банковских счетах. В случае отзыва лицензии у банка вкладчики могут рассчитывать на возмещение своих средств в пределах установленного лимита, например, до 1,4 миллиона рублей. Во-вторых, пенсионные накопления в НПФ защищены государством через механизм гарантирования. В случае банкротства НПФ или других непредвиденных обстоятельств, пенсионные накопления граждан защищены государством. Однако порядок и условия такой защиты могут отличаться в зависимости от конкретного НПФ и его правил. Таким образом, основное отличие заключается в том, что государственные гарантии по вкладам обеспечивают возмещение средств в случае банкротства банка, тогда как защита пенсионных накоплений в НПФ гарантирует сохранность средств в случае проблем с фондом."
327,"Почему опасно переходить по ссылкам из напоминаний о продлении ОСАГО, а также из переписки с работодателем?","Переход по ссылкам из напоминаний о продлении ОСАГО или из переписки с «работодателем» опасен, потому что это может быть попытка фишинга. Мошенники часто используют такие уловки, чтобы получить доступ к вашим личным данным, аккаунтам и финансовым средствам. В статье «Фишинг: что это такое и как от него защититься» подробно рассказано, как распознать опасные ссылки и избежать потерь."
328,Каковы лимиты страховой защиты вкладов против НПФ?,"Лимиты страховой защиты вкладов и пенсионных накоплений в НПФ различаются. Для вкладов в банках страховая защита предоставляется в рамках системы страхования вкладов (АСВ). Максимальная сумма компенсации составляет 1,4 млн рублей. В некоторых случаях возможна повышенная страховка до 10 млн рублей. Для пенсионных накоплений в НПФ страховая защита не предусмотрена. В случае проблем с НПФ, возврат средств зависит от активов фонда и их ликвидности. Поэтому важно тщательно выбирать НПФ и, при необходимости, распределять накопления между несколькими фондами."
329,Когда регулятор выберет санацию вместо отзыва лицензии?,"Регулятор выберет процедуру финансового оздоровления (санацию) вместо отзыва лицензии, если банкротство компании может привести к социальной напряженности или системным проблемам на финансовом рынке. В этом случае Банк России оценивает риски для всего финансового рынка и принимает решение в пользу санации, чтобы минимизировать негативные последствия."
330,Когда имеет смысл открывать ИИС и какой минимальный срок нужен для ИИС-3?,"Исходя из предоставленного контекста, информация о индивидуальных инвестиционных счетах (ИИС) не содержится в текстах. Поэтому я не могу дать точный ответ на ваш вопрос. Если у вас есть дополнительные вопросы, связанные с банковскими услугами или инвестициями, пожалуйста, уточните их, и я постараюсь помочь."
331,"Кто имеет право на кредитные каникулы из‑за мобилизации, какой срок перерыва предусмотрен?","Кредитные каникулы из-за мобилизации предоставляются участникам специальной военной операции или их родственникам. Срок перерыва по платежам зависит от условий, установленных кредитором, но обычно он составляет несколько месяцев. Точный срок можно уточнить в банке или микрофинансовой организации, где оформлен кредит."
332,Как подготовиться к ежегодным тратам без стресса?,"Для подготовки к ежегодным тратам без стресса рекомендуется: 1. Составить финансовый план. Определите, сколько денег вам необходимо ежемесячно, и умножьте эту цифру на шесть. Это поможет вам понять, какая сумма нужна для комфортного проживания. 2. Использовать финансовые инструменты. Например, проценты по вкладу могут компенсировать потери из-за инфляции, а карты с кешбэком помогут вернуть часть потраченного. 3. Создать финансовую подушку безопасности. Отложите 3–6 зарплат и храните эти деньги на накопительном счете или депозите в банке. 4. Регулярно сверяться с планом. Используйте таблицу или специальное приложение для учета расходов и доходов. Последовательность и дисциплина помогут вам воплотить мечты в жизнь. 5. Заранее планировать покупки. Решите, какие покупки можно сделать до праздничного ажиотажа, чтобы избежать роста цен."
333,"Что мешает оплате картой в России, если SWIFT не помеха?","В России оплата картой может быть затруднена по нескольким причинам, даже если SWIFT не является препятствием. Вот основные из них: 1. Блокировка карты: Карта может быть заблокирована банком по разным причинам, например, из-за подозрительных операций или по инициативе владельца. В таком случае необходимо связаться с банком для разблокировки. 2. Технические сбои: Иногда проблемы могут быть вызваны техническими неполадками в системе банка или платежной сети. В этом случае нужно подождать или обратиться в банк для уточнения информации. 3. Ограничения по карте: Некоторые карты могут иметь ограничения на определенные виды операций или суммы. Например, карта может быть ограничена для использования за границей или для определенных типов платежей. 4. Недостаточно средств: Если на карте недостаточно средств для оплаты, транзакция не пройдет. Нужно пополнить счет или использовать другую карту. 5. Проблемы с интернет-соединением: Для некоторых видов оплат требуется стабильное интернет-соединение. Если соединение прервется, оплата может не пройти. 6. Мошеннические действия: Если банк заметил подозрительную активность, он может временно заблокировать карту для защиты средств клиента. Если оплата не проходит, рекомендуется связаться с банком для уточнения причины и решения проблемы."
334,Что выбрать для закрытия кассового разрыва: факторинг или краудлендинг?,"Для решения вопроса о закрытии кассового разрыва важно учитывать несколько факторов, таких как сроки, стоимость, надежность и условия предоставления средств. Однако, на основе предоставленного контекста, можно сделать следующие выводы: 1. Факторинг: Это финансовый инструмент, который позволяет получить деньги за счет уступки права требования оплаты от ваших дебиторов. Факторинг может быть полезен, если у вас есть стабильные дебиторские задолженности и вы хотите быстро получить деньги. 2. Краудлендинг: Это метод привлечения денег от большого числа инвесторов через специализированные платформы. Краудлендинг может быть полезен, если вы ищете альтернативные источники финансирования, но важно учитывать риски, связанные с возвратом средств. В контексте предоставленной информации, важно помнить о рисках, связанных с любыми инвестициями и финансовыми операциями. Если вы рассматриваете краудлендинг, убедитесь, что вы прошли необходимые тестирования и понимаете все риски. В случае с факторингом, важно выбрать надежного партнера, чтобы минимизировать риски. Для более точного ответа, рекомендуется обратиться к специалистам банка или финансовым консультантам, которые смогут предложить индивидуальные решения на основе вашей конкретной ситуации."
335,"Что делать, если из‑за ошибки в НСИС не получается купить ОСАГО онлайн?","Если из-за ошибки в НСИС не получается купить ОСАГО онлайн, рекомендую обратиться в страховую компанию, через которую вы оформляете полис. Операторы компании помогут разобраться с проблемой и предложат альтернативные способы оформления. Также можно обратиться в Российский союз автостраховщиков (РСА) или на горячую линию НСИС для получения консультации по решению проблемы. Если проблема не решается, можно подать жалобу в Центральный банк РФ или обратиться в суд для защиты своих прав."
336,Можно ли продать ипотечную квартиру без согласия банка?,"Продажа ипотечной квартиры без согласия банка невозможна. Банк является залогодержателем, и любые сделки с заложенным имуществом требуют его согласования. В случае продажи квартиры банк должен быть уведомлен и дать свое согласие на сделку. Если продавец не получит согласие банка, сделка может быть признана недействительной, а банк вправе потребовать досрочного погашения кредита."
337,С какого возраста ребенок может совершать мелкие покупки самостоятельно?,"Ребенок может начать совершать мелкие покупки самостоятельно с того момента, когда у него появляется банковская карта, предназначенная для детей. Обычно это возможно с возраста, когда ребенок может осознать основы финансовой грамотности и понять, как пользоваться картой. В статьях указано, что финансовое образование начинается с младшего школьного возраста, но более конкретные навыки, такие как управление картой, обычно развиваются в старшей школе, начиная с 16 лет. Однако, если у ребенка есть детская карта с ограниченным лимитом и под контролем родителей, он может начать совершать покупки и раньше, например, в младшем школьном возрасте. Важно, чтобы родители объяснили ребенку основы безопасного использования карты и финансовой ответственности."
338,"Что произойдет с вашими деньгами при отзыве лицензии банка по вкладу, оформленному через маркетплейс, в отличие от ситуации с векселем?","При отзыве лицензии у банка, в котором вы оформили вклад через маркетплейс, ваши деньги будут застрахованы в рамках системы страхования вкладов. Вы сможете рассчитывать на компенсацию в пределах 1,4 млн рублей. Все ваши счета и вклады в этом банке, включая проценты по ним, будут просуммированы для расчета компенсации. В отличие от вклада, вексель не является застрахованным инструментом. Если банк, выпустивший вексель, станет банкротом, вы рискуете потерять свои деньги, так как вексель не гарантирует возврат средств в случае несостоятельности эмитента. В этом случае вы сможете претендовать на возврат средств только в ходе банкротства или ликвидации банка, что может занять значительное время и не гарантирует полного возврата вложенных средств."
339,Как совместить выплаты по автокредиту с созданием подушки безопасности?,"Для совмещения выплат по автокредиту с созданием подушки безопасности следует придерживаться нескольких ключевых принципов: 1. Планирование бюджета: Оцените свои ежемесячные доходы и расходы. Убедитесь, что сумма ежемесячных платежей по кредиту не превышает 30% вашего дохода. Это позволит вам выделять средства на создание подушки безопасности. 2. Создание подушки безопасности: Начните откладывать деньги на подушку безопасности. Рекомендуемый размер подушки — 3-6 месячных расходов. Это поможет вам справиться с непредвиденными обстоятельствами, такими как болезнь или увольнение, без необходимости брать дополнительные кредиты. 3. Автоматизация сбережений: Настройте автоматическое перечисление части вашего дохода на отдельный счет, предназначенный для подушки безопасности. Это поможет вам регулярно откладывать деньги без лишних усилий. 4. Контроль долгов: Избегайте накопления дополнительных долгов. Если у вас уже есть автокредит, постарайтесь не брать новые кредиты или займы, чтобы не перегружать свой бюджет. 5. Использование страховки: Рассмотрите возможность оформления страховки, которая может покрыть часть ваших платежей в случае потери работы или болезни. Это снизит финансовую нагрузку и поможет сохранить подушку безопасности. Следуя этим рекомендациям, вы сможете эффективно управлять своими финансами, выплачивать автокредит и одновременно создавать подушку безопасности."
340,Что делать при подозрении на нелегального ломбарда?,"При подозрении на нелегального ломбарда рекомендуется предпринять следующие шаги: 1. Проверить легальность работы ломбарда на сайте Банка России. Это поможет убедиться, что организация зарегистрирована и имеет право на предоставление финансовых услуг. 2. Если ломбард пытается заключить сделку на незаконных условиях или под вывеской ломбарда работает микрофинансовая организация (МФО), можно пожаловаться в интернет-приемную Банка России. 3. Если вам предлагают заключить договор купли-продажи, комиссии или лизинга, генеральную доверенность с правом продажи, не поддавайтесь на уговоры и ничего не подписывайте. Скорее всего, это мошенники, о которых стоит сообщить в полицию. 4. Внимательно читайте документы перед подписанием. Это поможет избежать неприятных сюрпризов и дополнительных рисков. 5. Если вы стали жертвой мошенничества, можно обратиться в полицию. Возможно, допрос заемщика будет достаточным для возврата денег, а распечатку протокола допроса можно использовать в суде в качестве доказательства факта займа."
341,"Какой уровень рейтинга выбрать для страховщика, чтобы снизить риск нестабильности?","Для снижения риска нестабильности при выборе страховщика рекомендуется обращать внимание на его рейтинг. В России рейтинги страховых компаний публикуют агентства, такие как Эксперт РА, Национальное рейтинговое агентство и другие. Обычно, чем выше рейтинг, тем надежнее страховщик. Рекомендуется выбирать страховые компании с рейтингом не ниже A или A- по национальной шкале. Это означает, что компания имеет устойчивое финансовое положение и способна выполнить свои обязательства перед клиентами. Также стоит обратить внимание на отзывы и репутацию компании, а также на то, является ли она участником системы страхования вкладов (если это применимо). Если у вас есть дополнительные вопросы по страхованию или банковским услугам, задавайте их."
342,Как участие банка в продаже страховки отражается на цене?,"Участие банка в продаже страховки не влияет напрямую на цену страхового полиса. Однако банк может предлагать страховку по специальным тарифам, которые могут отличаться от рыночных. Это может быть как более выгодное предложение, так и менее выгодное, в зависимости от условий сотрудничества банка со страховой компанией. Кроме того, банк может взимать дополнительную комиссию за оформление страховки, что также может повлиять на итоговую стоимость полиса. Однако эта комиссия обычно оговаривается отдельно и не входит в стоимость самого страхового полиса. Если у вас есть конкретный пример или ситуация, о которой вы хотите узнать подробнее, пожалуйста, уточните."
343,Как статус МФО влияет на шанс вернуть вложения при банкротстве организации?,"Статус МФО действительно влияет на шансы вернуть вложения при банкротстве. Если МФО входит в государственный реестр и является членом саморегулируемой организации (СРО), это повышает вероятность возврата средств. В случае нарушений со стороны МФО, Банк России и СРО могут применить штрафные санкции или исключить компанию из реестра, что также может повлиять на процесс возврата вложений. При банкротстве МФО процедура возврата средств может занять значительное время, обычно не менее полугода. Важно действовать оперативно и подавать заявление о включении в реестр кредиторов, чтобы иметь шанс на возврат части средств."
344,"Как при расчете ПДН учитывают кредит, где вы созаемщик, по сравнению с кредитом, где вы поручитель?","При расчете платежного долгового норматива (ПДН) кредит, по которому вы являетесь созаемщиком, учитывается в полном объеме, так как вы несете солидарную ответственность по этому кредиту наравне с основным заемщиком. В случае, если вы являетесь поручителем, кредит также учитывается в расчете ПДН, но обычно в меньшей степени, так как ваша ответственность возникает только в случае невыполнения обязательств основным заемщиком. Однако конкретные правила учета могут зависеть от политики банка или кредитной организации."
345,"Что делать, если требуют оплатить кредит, которого вы не оформляли?","Если вам требуют оплатить кредит, которого вы не оформляли, важно действовать следующим образом: 1. Проверьте свою кредитную историю. Убедитесь, что в ней нет записей о кредитах, которые вы не брали. Это можно сделать через бюро кредитных историй. 2. Свяжитесь с кредитором. Попросите предоставить копию кредитного договора и другие документы, подтверждающие вашу задолженность. Если таких документов нет, требования могут быть незаконными. 3. Обратитесь в банк или организацию, от имени которой вам приходят требования. Уточните, действительно ли был оформлен кредит на ваше имя. Возможно, это ошибка или мошенничество. 4. Подайте заявление в полицию. Если вы уверены, что кредит оформлен мошенническим путем, необходимо написать заявление в полицию о факте мошенничества. 5. Обратитесь за юридической помощью. Если ситуация сложная, лучше проконсультироваться с юристом, который поможет защитить ваши права. Если у вас есть дополнительные вопросы по кредитам или долгам, задавайте их, и я постараюсь помочь."
346,Зачем предпринимателю нужен бизнес-план при привлечении денег через инвестплатформы или биржу?,"Бизнес-план нужен предпринимателю для нескольких ключевых целей при привлечении инвестиций: 1. Показать инвесторам четкую стратегию развития бизнеса. Это помогает инвесторам понять, как будут использоваться их средства и какие результаты ожидаются. 2. Доказать финансовую состоятельность и перспективность проекта. Бизнес-план включает расчеты, которые показывают, как бизнес планирует генерировать доход и окупать вложения. 3. Уменьшить риски для инвесторов. Четкий план снижает неопределенность и повышает доверие к проекту. 4. Привлечь квалифицированных специалистов. Бизнес-план может помочь найти не только инвесторов, но и партнеров, которые разделяют вашу стратегию и видение. 5. Получить кредиты или гранты. Многие финансовые учреждения требуют бизнес-план для оценки кредитоспособности и перспективности проекта. Если у вас есть дополнительные вопросы по инвестициям или бизнесу, задавайте их."
347,Как инвестору распорядиться замороженными паями ПИФов в 2024 году?,"В 2024 году, если паи ПИФов заморожены, инвестору следует обратиться в управляющую компанию (УК), которая управляет фондом. УК должна сообщить о способах преобразования фонда и дальнейших действиях. Если ПИФ доступен только квалифицированным инвесторам, УК обязана оповестить пайщиков о возможных изменениях через электронную почту, заказные письма или другие способы, указанные в правилах фонда. Для получения более точной информации рекомендуется посетить официальный сайт УК или связаться с их службой поддержки."
348,"Сколько можно вернуть по ИИС при открытии до конца года, с каким сроком перечисляют деньги через ФНС?","По ИИС (индивидуальному инвестиционному счету) можно вернуть до 52 000 рублей в год, если вы выбрали тип счета с налоговым вычетом. Это 13% от максимальной суммы внесения 400 000 рублей в год. Деньги перечисляются в течение месяца после подачи заявления и подтверждающих документов в ФНС. Если организация, где вы работаете, передает информацию о ваших платежах в налоговую, то подтверждающие документы и декларация не понадобятся."
349,Чем официальное измерение инфляции отличается от индекса борща?,"Официальное измерение инфляции проводится на основе потребительской корзины, которая включает в себя широкий набор товаров и услуг, представляющих потребление среднестатистического домохозяйства. Этот набор регулярно пересматривается и обновляется, чтобы отражать изменения в структуре потребления. «Индекс борща» — это шутливый способ измерения инфляции, который основывается на изменении стоимости одного конкретного товара, например, борща. Такой индекс не отражает реального уровня инфляции, так как не учитывает динамику цен на другие товары и услуги, а также их вес в потребительской корзине. Он скорее служит развлечением, чем серьезным инструментом для анализа инфляционных процессов."
350,В каких схемах применяется номинальный счет?,"Номинальный счет применяется в схемах, связанных с ипотекой. Например, при продаже или покупке ипотечной квартиры. В этом случае остаток денег с номинального счета получает сам продавец."
351,Какие возможности дает 30 дней после оформления договора или POS-кредита?,"В течение 30 дней после оформления договора или POS-кредита у вас есть возможность досрочно погасить кредит. Это значит, что вы можете вернуть всю сумму кредита раньше срока, указанного в договоре. Однако важно уведомить кредитора о своем намерении досрочно погасить кредит, так как в некоторых случаях это может повлиять на условия кредита или начисление процентов. Также стоит внимательно изучить договор, чтобы понять, есть ли какие-либо штрафы или комиссии за досрочное погашение."
352,Когда стоит обратиться к финансовому консультанту вместо самостоятельного планирования?,"Обратиться к финансовому консультанту стоит в нескольких случаях: 1. Если у вас нет опыта или знаний в финансовом планировании. Консультант поможет составить план, который учитывает ваши цели, риски и возможности. 2. Если ваша финансовая ситуация сложная или нестандартная. Например, если у вас есть долги, инвестиции или другие активы, которые требуют профессионального управления. 3. Если вы хотите получить налоговые вычеты или использовать другие финансовые инструменты, о которых вы не знаете. 4. Если вы не уверены в своих силах или боитесь сделать ошибку. Финансовый консультант поможет вам принять обоснованные решения и избежать рисков. 5. Если вы хотите получить независимую оценку вашего финансового плана. Консультант может проверить ваш план и предложить улучшения."
353,Чем для вкладчика отличается санация банка от отзыва лицензии?,"Санация банка и отзыв лицензии — это разные процедуры, которые имеют разные последствия для вкладчиков. Санация банка — это процедура финансового оздоровления, которая проводится для спасения банка от банкротства. В этом случае банк продолжает работать, но под контролем регулятора. Вкладчики могут продолжать пользоваться своими счетами и вкладами, но могут быть некоторые ограничения на операции. Отзыв лицензии — это процедура, которая проводится, когда банк не может продолжать свою деятельность. В этом случае банк прекращает свою деятельность, и вкладчики могут потерять доступ к своим счетам и вкладам. В этом случае вкладчики могут получить свои деньги через Агентство по страхованию вкладов (АСВ), но это может занять некоторое время. Таким образом, для вкладчика санация банка — это менее рискованная процедура, чем отзыв лицензии, так как в этом случае банк продолжает работать, и вкладчики могут продолжать пользоваться своими счетами и вкладами."
354,Может ли просроченный микрозаем бесконечно расти из‑за пеней?,"Просроченный микрозаем не может расти бесконечно. Однако, если вы не возвращаете долг, на него начисляются пени и штрафы, что значительно увеличивает общую сумму задолженности. В конечном итоге, если долг не погашается, кредитор может обратиться в суд для взыскания задолженности. В судебном порядке могут быть начислены дополнительные судебные издержки и исполнительский сбор."
355,"Как поступить при требовании доплаты за ремонт по ОСАГО при оценке в пределах лимита, проверяя статус полиса через НСИС?","Для проверки статуса полиса ОСАГО и уточнения вопроса о доплате за ремонт в пределах лимита, вы можете воспользоваться следующими шагами: 1. Проверьте статус полиса ОСАГО через НСИС (Национальный союз страховщиков ответственности). Для этого вам нужно будет ввести данные полиса на официальном сайте НСИС. 2. Если оценка ущерба находится в пределах лимита ОСАГО, страховая компания должна возместить убытки в соответствии с условиями полиса. Если вам требуют доплату, уточните у страховой компании причины такого требования. 3. В случае возникновения споров или несоответствий, обратитесь в страховую компанию для уточнения деталей. Если страховая компания отказывается выполнять свои обязательства, вы можете обратиться в Российский союз автостраховщиков (РСА) или в суд для защиты своих прав. 4. Убедитесь, что все данные в полисе ОСАГО заполнены корректно. Если есть нестыковки, страховая компания может потребовать доплату или отказать в выплате. 5. Если страховая компания уже выплатила возмещение, но у вас возникли дополнительные расходы, связанные с ремонтом, уточните, покрываются ли они условиями вашего полиса. Для более подробной информации о ваших правах и действиях в таких ситуациях, вы можете обратиться к статьям, указанным в контексте, или проконсультироваться с юристом, специализирующимся на страховом праве."
356,Почему вклад в банке предпочтительнее домашней копилки с точки зрения инфляции и сохранности денег?,"Вклад в банке предпочтительнее домашней копилки по нескольким причинам, связанным с инфляцией и сохранностью денег. Во-первых, банки предлагают процентные ставки по вкладам, которые позволяют компенсировать инфляцию. Даже если ставка ниже уровня инфляции, она все же помогает сохранить часть покупательной способности денег. В домашней копилке деньги просто теряют свою стоимость из-за инфляции. Во-вторых, банки обеспечивают высокую степень защиты средств. Вклады в банках застрахованы, что означает, что даже в случае банкротства банка клиенты смогут вернуть свои средства в пределах установленного лимита. В домашней копилке деньги не защищены от кражи или других рисков. Кроме того, банки предлагают различные условия по вкладам, включая капитализацию процентов, что позволяет увеличить доходность вклада. Это невозможно достичь, храня деньги дома. Таким образом, вклад в банке является более надежным и выгодным способом сохранения и приумножения денег по сравнению с домашней копилкой."
357,Почему снятие наличных с карты за границей обходится дорого?,"Снятие наличных с карты за границей обходится дорого по нескольким причинам: Во-первых, банки часто взимают комиссию за снятие наличных в иностранной валюте. Эта комиссия может составлять до 25% от суммы, особенно если речь идет о небольших суммах, таких как 20–50 евро или долларов. Во-вторых, при снятии наличных банк конвертирует валюту по своему курсу, который может отличаться от рыночного и включать дополнительные наценки. Кроме того, некоторые банки могут взимать фиксированную комиссию за каждую операцию снятия наличных, что также увеличивает общую стоимость операции. Поэтому рекомендуется снимать наличные за границей крупными суммами, если это возможно, чтобы минимизировать комиссии и потери на конвертации."
358,Зачем ограничивать платежи по кредитам уровнем до 30% дохода?,"Ограничение платежей по кредитам уровнем до 30% дохода рекомендуется для того, чтобы избежать финансовой перегрузки. Если ежемесячные платежи превышают эту долю, это может привести к трудностям с погашением долга, особенно в случае непредвиденных обстоятельств, таких как болезнь или увольнение. Это правило помогает сохранить финансовую стабильность и снизить риск попадания в долговую яму."
359,Как соотносятся лимит сотрудников на УСН с критерием малого бизнеса по численности?,"Для малого бизнеса в России действуют определенные критерии, включая лимит по численности сотрудников. Согласно законодательству, малым предприятием считается организация, в которой численность работников не превышает 100 человек, а микропредприятием — до 15 человек. При использовании упрощенной системы налогообложения (УСН) эти критерии также применяются. То есть, если у вас УСН, то для сохранения статуса малого бизнеса численность сотрудников не должна превышать 100 человек. Если численность превысит этот лимит, предприятие перестанет считаться малым и может потерять некоторые льготы, связанные с этим статусом. Для более точной информации рекомендуется обратиться к актуальным нормативным актам или проконсультироваться с налоговыми органами."
360,"Каков максимальный срок кредитных каникул, какие лимиты по сумме действуют?","Максимальный срок кредитных каникул зависит от условий вашего кредитного договора и может варьироваться. Обычно он составляет от нескольких месяцев до года. Что касается лимитов по сумме, то они также зависят от конкретного банка и типа кредита. В некоторых случаях кредитные каникулы могут быть предоставлены только по кредитам, оформленным до определенной даты. Для точной информации рекомендую обратиться в ваш банк или прочитать условия вашего кредитного договора."
361,Как кредитные каникулы мобилизованного отражаются на созаемщике?,"Кредитные каникулы для мобилизованных заемщиков обычно распространяются только на основного заемщика. Созаемщики продолжают нести ответственность по кредиту в полном объеме. Это означает, что если основной заемщик не вносит платежи во время кредитных каникул, созаемщик обязан их погашать. Если у вас есть дополнительные вопросы по кредитам или займам, пожалуйста, уточните их."
362,"При какой сумме долгов выбирают внесудебное банкротство, а когда возникает обязанность подать в суд?","Внесудебное банкротство доступно гражданам, у которых сумма долгов не превышает 500 тысяч рублей. Если сумма долгов больше, то необходимо обращаться в суд для процедуры банкротства."
363,"Почему при перегретой экономике снижение ключевой ставки запускает инфляционную спираль, подрывая сбережения?","При перегретой экономике снижение ключевой ставки может привести к увеличению денежной массы в обращении. Это происходит потому, что более низкие ставки делают кредиты дешевле, что стимулирует заемные средства и повышает спрос. В условиях уже перегретой экономики, где спрос превышает предложение, это может усилить инфляционные процессы. Инфляционная спираль возникает, когда повышение цен приводит к росту заработных плат, что, в свою очередь, снова повышает цены. Это создает замкнутый круг, который подрывает покупательную способность денег и, соответственно, сбережения граждан. Банк России, проводя денежно-кредитную политику, стремится сбалансировать инфляцию и развитие экономики, чтобы избежать таких негативных последствий."
364,Когда страховка действительно обязательна: при покупке билета или при оформлении кредита?,"Страховка обязательна только в определенных случаях. При покупке билета страховка обычно не является обязательной, за исключением некоторых специальных случаев, таких как визовая страховка для выезда за границу. При оформлении кредита страховка обязательна только в случае ипотеки, где требуется страхование залоговой недвижимости. В других случаях страховка не является обязательной, и банк не вправе отказать в кредите только из-за отсутствия полиса."
365,"Сколько раз в год бесплатно можно получить кредитную историю, а где узнать, в каких БКИ она хранится?","Два раза в год кредитную историю можно получить бесплатно. Информация о том, в каких бюро кредитных историй (БКИ) хранится ваша кредитная история, обычно указывается в кредитном отчете, который вы получаете. Также вы можете уточнить эту информацию у вашего банка или через официальные источники, такие как сайт Центрального каталога кредитных историй (ЦККИ) на сайте Центрального банка РФ."
366,"Какой уровень долговой нагрузки считается приемлемым, а какой — критическим для заемщика?","Согласно контексту, приемлемым уровнем долговой нагрузки считается ситуация, когда ежемесячные платежи по кредитам не превышают 30% от ежемесячного дохода заемщика. Это позволяет избежать значительных финансовых трудностей и снижает риск просрочек. Критическим уровнем долговой нагрузки можно считать ситуацию, когда платежи по кредитам превышают 30% от ежемесячного дохода. В этом случае есть риск, что погашение долга станет слишком тяжелой ношей, что может привести к просрочкам и ухудшению кредитной истории."
367,Когда заявлять в полицию при мошенничестве или аварии?,"При мошенничестве необходимо как можно скорее обратиться в полицию. Чем быстрее вы подадите заявление, тем больше шансов найти преступников и вернуть деньги. Это касается как мошенничества с банковскими картами, так и других видов финансовых махинаций. В случае аварии также важно незамедлительно обратиться в полицию для фиксации происшествия и дальнейшего разбирательства. Однако в контексте предоставленных текстов, основное внимание уделяется мошенничеству, поэтому рекомендуется действовать быстро и оперативно."
368,Почему снижение ключевой ставки в перегретой экономике может разогнать инфляцию вместо роста выпуска?,"Снижение ключевой ставки в перегретой экономике может привести к увеличению денежной массы, так как кредиты становятся дешевле, и люди и компании начинают брать больше кредитов. Это может привести к росту спроса на товары и услуги, что в свою очередь может привести к росту цен, то есть к инфляции. В перегретой экономике, где спрос уже высок, дополнительный спрос может привести к дефициту товаров и услуг, что также ведет к росту цен. В результате, вместо роста выпуска, может произойти рост инфляции."
369,Чем грозит досрочная смена фонда в ОПС по сравнению с досрочным расторжением договора НПО?,"Досрочная смена фонда в системе обязательного пенсионного страхования (ОПС) и досрочное расторжение договора с негосударственным пенсионным фондом (НПФ) имеют разные последствия. При смене фонда в ОПС: - Перевод пенсионных накоплений из одного фонда в другой возможен без потерь, если соблюдать установленные правила. - Важно убедиться, что новый фонд имеет лицензию. - Процесс перевода может занять до 30 рабочих дней. При досрочном расторжении договора с НПФ: - В случае расторжения договора НПФ может удержать часть средств, согласно условиям договора. - Например, если в договоре предусмотрено, что при досрочном расторжении НПФ забирает половину вырученной суммы, то именно так и произойдет. - Это может привести к значительным финансовым потерям. Таким образом, досрочная смена фонда в ОПС обычно не влечет потерь, в то время как досрочное расторжение договора с НПФ может привести к удержанию части средств."
370,"Как заранее оценить переплату по кредиту, чтобы не попасть в долговую яму?","Чтобы заранее оценить переплату по кредиту, нужно учесть несколько ключевых моментов: 1. Процентная ставка: Ознакомьтесь с годовой процентной ставкой по кредиту. Чем она выше, тем больше будет переплата. 2. Срок кредита: Длительный срок кредитования увеличивает общую сумму переплаты, так как проценты начисляются на больший период. 3. Ежемесячный платеж: Рассчитайте размер ежемесячного платежа и убедитесь, что он не превышает 30% вашего ежемесячного дохода. Это поможет избежать финансовых трудностей. 4. Дополнительные комиссии и страховки: Учтите все возможные комиссии и страховки, которые могут быть включены в кредитный договор. 5. Используйте кредитный калькулятор: Воспользуйтесь онлайн-калькулятором, чтобы рассчитать общую сумму переплаты. Введите сумму кредита, процентную ставку и срок кредитования. 6. Планирование бюджета: Прикиньте, как вы будете возвращать деньги, и учтите непредвиденные обстоятельства, такие как болезнь или увольнение. Следуя этим шагам, вы сможете заранее оценить переплату и избежать попадания в долговую яму."
371,Где проверить легальность страховой компании либо кооператива при сомнениях?,"Для проверки легальности страховой компании или кооператива можно воспользоваться следующими ресурсами: 1. Справочник Банка России. В нем можно найти информацию о всех легальных финансовых организациях, включая страховые компании. Это официальный источник, который регулярно обновляется. 2. Для страховых компаний также можно проверить наличие действующей лицензии на осуществление страховой деятельности. Эта информация также доступна в Справочнике Банка России. Если вы сомневаетесь в легальности компании, лучше проверить ее через официальные источники, чтобы избежать мошенничества."
372,Как защищать права по ОСАГО при отсутствии периода охлаждения?,"При отсутствии периода охраждения по ОСАГО, защитить свои права можно следующими способами: 1. Внимательно изучите условия договора ОСАГО перед его заключением. Убедитесь, что все данные в полисе указаны верно, и нет скрытых условий, которые могут повлиять на ваши права. 2. Если страховая компания обнаружила нестыковки в полисе после аварии, вы можете обратиться в Российский союз автостраховщиков (РСА) или в суд для защиты своих интересов. В таких случаях важно собрать все доказательства и документы, подтверждающие вашу правоту. 3. В случае отказа в выплате или задержки выплат по ОСАГО, вы можете подать жалобу в Центральный банк РФ, который регулирует деятельность страховых компаний. 4. Если страховая компания отказывается выплатить компенсацию по ОСАГО, вы можете обратиться в суд для взыскания суммы ущерба. В таких случаях важно иметь все необходимые документы и доказательства, подтверждающие ваши требования. 5. В случае мошеннических действий со стороны страховой компании, вы можете обратиться в правоохранительные органы для защиты своих прав. Для более подробной информации о защите прав по ОСАГО, вы можете обратиться к статьям, указанным в контексте, или проконсультироваться с юристом, специализирующимся на страховом праве."
373,Как избежать потерь при переводе пенсионных накоплений в программу долгосрочных сбережений из другого фонда?,"Чтобы избежать потерь при переводе пенсионных накоплений, следуйте этим рекомендациям: 1. Убедитесь, что новый НПФ или управляющая компания (УК) имеет лицензию. Это гарантирует, что ваши накопления будут в безопасности. 2. Проверьте условия перевода. Некоторые фонды могут взимать комиссии или иметь другие ограничения. Уточните все детали перед оформлением перевода. 3. Используйте официальные каналы для перевода. Вы можете оформить перевод через личный кабинет на сайте Соцфонда или лично в офисе СФР. 4. Если вы хотите избежать несанкционированных переводов, оформите запрет на дистанционный перевод пенсионных накоплений через МФЦ. Это позволит вам контролировать процесс перевода. 5. Следите за сроками. Перевод накоплений может занять до 30 рабочих дней, поэтому планируйте заранее. 6. Используйте калькулятор на сайте Соцфонда, чтобы прикинуть размер будущей пенсии и понять, как перевод повлияет на ваши накопления. Для более подробной информации обратитесь к статьям, указанным в контексте."
374,Чем грозит просрочка по нулевому микрозайму для будущих заявок на кредит?,"Просрочка по любому займу, в том числе по нулевому микрозайму, может негативно сказаться на вашей кредитной истории. Это может привести к следующим последствиям: 1. Ухудшение кредитной истории. Просрочки фиксируются в вашей кредитной истории и могут снизить ваш кредитный рейтинг. Это может затруднить получение кредитов в будущем. 2. Отказ в кредите. Банки и другие кредитные организации могут отказать в выдаче кредита, если увидят просрочки в вашей кредитной истории. 3. Ухудшение условий кредитования. Даже если вам удастся получить кредит, условия могут быть менее выгодными, например, с более высокой процентной ставкой. 4. Повышенные риски для кредитора. Кредиторы могут воспринимать вас как менее надежного заемщика, что может привести к более строгим требованиям при рассмотрении вашей заявки. Важно помнить, что даже небольшие просрочки могут иметь долгосрочные последствия, поэтому всегда старайтесь соблюдать график платежей."
375,"Каковы последствия отзыва лицензии банка для долга по кредитке, а НПФ — для пенсионных накоплений?","Последствия отзыва лицензии у банка и у НПФ различаются. Для долга по кредитке: Если у банка отозвана лицензия, ваш долг по кредитной карте не исчезает. Обычно кредитный портфель переходит к другому банку или коллекторскому агентству, и вам нужно будет продолжать выплаты согласно условиям кредитного договора. Важно следить за официальными уведомлениями и продолжать платежи, чтобы избежать просрочек. Для пенсионных накоплений: Если у НПФ отозвана лицензия, ваши пенсионные накопления переходят в управление временной администрации или другому НПФ. В этом случае накопления остаются в безопасности, и вы можете их перевести в другой НПФ по своему выбору. Важно следить за официальными уведомлениями и действовать в соответствии с ними."
376,С какого возраста подросток открывает вклад с возможностью снимать проценты до совершеннолетия?,"Возраст, с которого подросток может открыть вклад с возможностью снимать проценты до совершеннолетия, зависит от конкретных условий банка. Обычно это возможно с 14 лет, но для открытия счета и управления им может потребоваться согласие родителей или законных представителей. Для более точной информации рекомендую обратиться в ваш банк или изучить условия конкретного вклада."
377,Влияет ли участие созаемщика на сумму и процент по кредиту?,"Участие созаемщика может повлиять на условия кредита, но не напрямую на сумму и процентную ставку. Банк учитывает платежеспособность всех участников сделки, что может повысить шансы на одобрение кредита или увеличение суммы. Однако процентная ставка определяется в первую очередь кредитной историей основного заемщика и политикой банка. Если созаемщик имеет хорошую кредитную историю, это может положительно сказаться на общем решении банка, но не обязательно приведет к снижению процента."
378,Как учитываются вклад с кредитом в одном банке при санации либо при отзыве лицензии?,"В случае санации или отзыва лицензии у банка, вклад и кредит клиента учитываются следующим образом: 1. Вклады: Вклады клиентов защищены системой страхования вкладов. В случае отзыва лицензии у банка, вкладчики получат возмещение в размере до 1,4 миллиона рублей. Это возмещение будет выплачено в течение 14 дней с момента отзыва лицензии. 2. Кредиты: В случае санации банка, условия кредитного договора могут быть пересмотрены. Это может включать изменение процентной ставки, срока кредита или других условий. В случае отзыва лицензии, кредитные обязательства клиента перед банком не аннулируются. Клиент должен продолжать выплачивать кредит в соответствии с условиями договора, но теперь выплаты будут производиться в другой банк, который возьмет на себя обязательства по кредиту. Важно отметить, что в случае санации или отзыва лицензии, клиенту следует внимательно следить за официальными сообщениями банка и регуляторов, а также обращаться в банк для получения актуальной информации о своих вкладах и кредитах."
379,Как определяется доходность по векселю по сравнению с ценой лота на аукционе замороженных активов?,"В предоставленном контексте нет информации о доходности векселей или аукционах замороженных активов. Вексель — это долговая ценная бумага, доходность по которой зависит от условий выпуска и рыночной конъюнктуры. Цена лота на аукционе замороженных активов определяется спросом и предложением на аукционе. Для получения точной информации о доходности векселей и аукционах замороженных активов рекомендую обратиться к специалистам банка или профильным аналитическим материалам."
380,"Какой налог можно платить со сдачи жилья вместо НДФЛ, чем его ставки отличаются от подоходного налога?","Для доходов от сдачи жилья в аренду можно выбрать упрощенную систему налогообложения (УСН) вместо уплаты НДФЛ. В этом случае налоговая ставка составляет 6% от дохода или 15% от разницы между доходами и расходами, если выбрана соответствующая система. Ставка НДФЛ для физических лиц составляет 13%, тогда как при УСН ставка может быть ниже, особенно если учитываются расходы. Однако для применения УСН необходимо зарегистрироваться в качестве индивидуального предпринимателя (ИП) или использовать патентную систему налогообложения (ПСН), если это предусмотрено в вашем регионе."
381,Что делать при первых признаках невозможности вовремя платить по кредиту?,"При первых признаках невозможности вовремя платить по кредиту, важно действовать оперативно. Вот несколько шагов, которые можно предпринять: 1. Обратитесь в банк. Объясните ситуацию и попросите отсрочку платежей, каникулы по кредиту или реструктуризацию долга. Банки часто идут навстречу клиентам, чтобы избежать просрочек. 2. Рассмотрите возможность рефинансирования. Это позволит изменить условия кредита, например, уменьшить ежемесячные платежи или продлить срок кредитования. 3. Установите самозапрет на кредиты. Это поможет защититься от дополнительных долгов, которые могут возникнуть из-за мошеннических действий. 4. Следите за графиком платежей. Если вы уже договорились с банком о новых условиях, важно строго придерживаться нового графика, чтобы избежать просрочек и ухудшения кредитной истории. 5. В крайнем случае, если ситуация действительно сложная, можно рассмотреть возможность объявления себя банкротом. Однако это крайняя мера и следует проконсультироваться с юристом. Важно помнить, что чем раньше вы начнете действовать, тем больше у вас шансов найти подходящее решение и избежать серьезных финансовых проблем."
382,Как начать подготовку к пассивному доходу к конкретной дате?,"Для подготовки к пассивному доходу к конкретной дате следует выполнить несколько шагов: 1. Составьте финансовый план. Определите, сколько денег вам необходимо ежемесячно, и умножьте эту цифру на шесть. Это поможет вам понять, какую сумму нужно отложить для финансовой подушки безопасности. 2. Используйте финансовые инструменты. Рассмотрите возможность открытия вклада, который компенсирует потери из-за инфляции, или карты с кешбэком, чтобы вернуть часть потраченного. Также изучите возможности индивидуального инвестиционного счета и налоговые вычеты. 3. Создайте финансовую подушку безопасности. Отложите 3–6 зарплат и храните эти деньги на накопительном счете или депозите в банке. 4. Рассмотрите долгосрочные накопления. Для создания прибавки к пенсии можно заключить договор добровольного пенсионного обеспечения с НПФ, открыть вклад в банке, приобрести полисы накопительного страхования или инвестировать на фондовом рынке. 5. Используйте инструменты для учета расходов и доходов. Это может быть обычная таблица или специальное приложение. Регулярно сверяйтесь с планом и следуйте ему, чтобы достичь своих финансовых целей."
383,В какой срок после ДТП подают документы страховщику при европротоколе?,"Срок подачи документов страховщику при использовании европротокола составляет 5 рабочих дней с момента ДТП. Это касается случаев, когда ущерб не превышает установленный законом лимит. Если ущерб больше, необходимо обратиться в ГИБДД для оформления стандартного протокола."
384,Как проходит принудительная конвертация депозитарных расписок в акции при блокировке обмена?,"Принудительная конвертация депозитарных расписок в акции происходит в соответствии с условиями, прописанными в правилах выпуска расписок. Эти условия можно уточнить у депозитария, который учитывает ваши расписки, или у кастодиана, который хранит акции. Если посредник запрещает вам забрать активы или перевести их в другую компанию, вы можете пожаловаться в Банк России."
385,Какие данные банковской карты нужны мошенникам?,Мошенникам могут понадобиться следующие данные банковской карты: - Номер карты - Срок действия карты (месяц и год) - CVV-код (трехзначный код на обратной стороне карты) - Имя держателя карты Эти данные позволяют совершать покупки в интернете или проводить другие финансовые операции без физического наличия карты.
386,"Почему при последствиях ДТП владельцу удобнее иметь каско, а не полагаться на одно ОСАГО?","Каско предоставляет более широкое покрытие по сравнению с ОСАГО. ОСАГО покрывает только ущерб, причиненный третьим лицам, в то время как каско защищает и само транспортное средство владельца, и его имущество, и здоровье пассажиров. Это означает, что в случае ДТП владелец автомобиля с каско получит компенсацию за ремонт своего автомобиля, даже если он является виновником аварии. Кроме того, каско может включать дополнительные услуги, такие как вызов эвакуатора, помощь на дороге и страхование от угона. В то время как ОСАГО не предоставляет таких услуг. Таким образом, каско обеспечивает более полную защиту и снижает финансовые риски для владельца автомобиля."
387,"Вправе ли кредитор подать в суд за просрочку, если мобилизованному уже одобрили кредитные каникулы?","Нет, если вам уже одобрили кредитные каникулы, кредитор не вправе подавать в суд за просрочку в этот период. Кредитные каникулы предполагают отсрочку платежей, и в течение этого срока заемщик не несет ответственности за просрочки. Однако важно уточнить условия кредитных каникул в вашем конкретном случае, так как они могут различаться в зависимости от кредитора и обстоятельств."
388,"Учитывают ли при расчете НДФЛ проценты по счетам с процентом на остаток, например по текущему счету?","Нет, проценты по счетам с процентом на остаток, например, по текущему счету, не учитываются при расчете НДФЛ. Эти проценты не облагаются налогом на доходы физических лиц."
389,Как корректно сравнить доходность НПФ с результатами управляющих компаний СФР с учетом комиссий?,"Для корректного сравнения доходности НПФ с результатами управляющих компаний СФР с учетом комиссий, следуйте этим шагам: 1. Получите данные о доходности:  - Уточните доходность вашего НПФ за определенный период (год, три года и т.д.). Эти данные обычно публикуются на сайте НПФ или можно запросить у фонда.  - Получите аналогичные данные о доходности управляющих компаний СФР. Эти данные также можно найти на сайте СФР или запросить у них. 2. Учтите комиссии:  - Ознакомьтесь с размером комиссий, которые взимает ваш НПФ. Обычно это процент от суммы накоплений.  - Учтите комиссии, которые взимают управляющие компании СФР. Эти комиссии также могут быть указаны в договоре или на сайте СФР. 3. Сравните чистую доходность:  - Вычтите комиссии НПФ из его доходности, чтобы получить чистую доходность.  - Сделайте то же самое для доходности управляющих компаний СФР. 4. Сравните результаты:  - Сравните чистую доходность НПФ и управляющих компаний СФР за один и тот же период.  - Учтите, что доходность может варьироваться в зависимости от стратегии инвестирования и рыночных условий. 5. Обратите внимание на риски:  - Учтите риски, связанные с каждым фондом. Например, НПФ могут инвестировать в более рискованные активы, что может привести к более высокой доходности, но и к более высоким потерям. 6. Консультируйтесь с экспертами:  - Если у вас есть сомнения, обратитесь за консультацией к финансовому консультанту или в сам фонд для получения более детальной информации. Для более точного сравнения можно использовать калькуляторы, которые доступны на сайтах НПФ и СФР. Эти инструменты помогут вам оценить, как комис"
390,Какие ограничения на досрочный выход описаны для векселя по сравнению с поданной заявкой на аукцион замороженных активов?,"В предоставленном контексте нет информации о векселях и аукционах замороженных активов. Эти темы не затрагиваются в текстах. Если у вас есть дополнительные вопросы, связанные с банковскими услугами или другими финансовыми продуктами, пожалуйста, уточните их, и я постараюсь помочь."
391,Какие шаги помогут не переплатить при выборе ипотеки по аналогии с борьбой с импульсивными покупками?,"Для того чтобы не переплатить при выборе ипотеки, можно применить подходы, аналогичные тем, которые помогают бороться с импульсивными покупками: 1. Планирование и анализ. Прежде чем оформлять ипотеку, тщательно проанализируйте свои финансовые возможности. Оцените, насколько комфортными будут ежемесячные платежи, и убедитесь, что вы сможете их выплачивать без риска для бюджета. 2. Сравнение предложений. Не выбирайте первую попавшуюся ипотечную программу. Сравните условия в разных банках, обратите внимание на процентные ставки, сроки кредитования, возможные комиссии и штрафы за досрочное погашение. 3. Использование аннуитетного платежа. Аннуитетный платеж позволяет равномерно распределять нагрузку на бюджет, что упрощает планирование. Однако, если у вас есть возможность, направляйте свободные деньги на досрочное погашение, чтобы уменьшить переплату. 4. Досрочное погашение. Если у вас появляются дополнительные средства, используйте их для частичного или полного досрочного погашения кредита. Это поможет снизить основной долг и уменьшить общую переплату. 5. Осторожность с дополнительными услугами. Не поддавайтесь на предложения банков о дополнительных страховках или услугах, которые могут увеличить стоимость кредита. Включайте в договор только те услуги, которые действительно необходимы. 6. Консультация с экспертом. Если у вас есть сомнения или вопросы, обратитесь за консультацией к финансовому консультанту или кредитному специалисту. Они помогут вам выбрать наиболее выгодные условия и избежать ошибок."
392,"Как организовать ребенку карманные деньги на карте так, чтобы родитель видел его траты?","Для организации карманных денег на карте с контролем трат родителями можно воспользоваться следующими вариантами: 1. Детская карта с родительским контролем: Многие банки предлагают специальные карты для детей, которые привязываются к карте родителя. Родители могут контролировать траты, устанавливать лимиты на расходы и получать уведомления о транзакциях. 2. Мобильное приложение: Некоторые банки предоставляют мобильные приложения, где родители могут отслеживать расходы ребенка, блокировать карту при необходимости и настраивать лимиты. 3. Совместный счет: Можно открыть совместный счет, где родители будут пополнять карту ребенка, а также контролировать все операции. 4. Уведомления о транзакциях: Настройте SMS или push-уведомления о всех операциях по карте, чтобы быть в курсе всех расходов. 5. Обсуждение с ребенком: Важно объяснить ребенку, как правильно пользоваться картой, какие покупки можно совершать, и какие лимиты установлены. Эти меры помогут родителям контролировать траты ребенка и привить ему разумное отношение к деньгам."
393,"Что безопаснее для сохранности активов при проблемах у посредника: брокер или доверительный управляющий, и почему?","Безопасность активов при проблемах у посредника зависит от нескольких факторов, но в целом можно выделить следующие моменты: 1. Брокер: Брокер выполняет ваши поручения по покупке и продаже ценных бумаг. В случае проблем с брокером, такие как отказ в выводе средств, вы можете направить ему претензию. Если ответ не удовлетворителен или отсутствует, можно подать жалобу в Банк России. Однако, брокер не несет ответственности за ваши инвестиционные решения, если он не является инвестсоветником. 2. Доверительный управляющий: Доверительный управляющий действует от вашего имени и может принимать инвестиционные решения. В случае нарушений со стороны управляющего, вы также можете направить претензию и обратиться в регулирующие органы. Однако, если управляющий не соответствует вашим ожиданиям или действует не в ваших интересах, вы можете столкнуться с убытками. Вывод: Оба варианта имеют свои риски, но если вы хотите больше контроля над своими активами, лучше выбрать брокера. Если вы готовы доверить управление своими активами профессионалу, то доверительный управляющий может быть более подходящим вариантом. Важно тщательно изучать условия сотрудничества и договор перед подписанием."
394,Почему не стоит инвестировать последние деньги либо занимать на биржу?,"Инвестировать последние деньги или занимать средства для вложений на биржу не рекомендуется по нескольким причинам: Во-первых, инвестиции всегда связаны с рисками. Даже при тщательном анализе и диверсификации вложений, есть вероятность потерь. Если вы инвестируете последние деньги, вы рискуете остаться без финансовой подушки безопасности, что может привести к серьезным проблемам. Во-вторых, использование заемных средств, особенно с кредитным плечом, значительно увеличивает риски. Маржинальная торговля может привести к потере не только вложенных средств, но и к долгам перед брокером, если рыночные колебания будут не в вашу пользу. В-третьих, перед началом инвестирования важно пройти обучение и сформировать стратегию. Без подготовки высок риск принятия неверных решений, что также может привести к финансовым потерям. Рекомендуется сначала создать финансовую подушку безопасности, отложив 3–6 зарплат, и только затем приступать к инвестированию."
395,"Когда безопаснее переводить пенсионные накопления в новый НПФ, если ориентироваться на надежные фонды по рейтингу?","Надежность НПФ можно оценить по нескольким критериям, включая рейтинг, размер активов и прозрачность деятельности. Ориентироваться на рейтинговые агентства, которые оценивают финансовую устойчивость и надежность фондов. Переводить пенсионные накопления в новый НПФ безопаснее в период стабильности фондового рынка и экономики в целом. Это позволит минимизировать риски, связанные с возможными колебаниями стоимости активов. Также важно учитывать сроки перевода. Согласно контексту, максимальный срок зачисления средств на индивидуальные лицевые счета составляет 30 рабочих дней. Поэтому лучше планировать перевод заранее, чтобы избежать потерь из-за задержек. Если вы решили распределить накопления между несколькими НПФ, это также может снизить риски, так как диверсификация помогает защитить средства от возможных потерь в одном фонде. В любом случае, перед переводом важно внимательно изучить условия и репутацию выбранного НПФ, а также убедиться, что у него есть действующая лицензия."
396,Каковы сроки подачи заявлений при ликвидации МФО по сравнению с обращением за возмещением при отзыве лицензии у НПФ?,"Для ликвидации МФО и отзыва лицензии у НПФ сроки подачи заявлений и обращений за возмещением различаются. При ликвидации МФО: - Сроки подачи заявлений зависят от процедуры ликвидации. Обычно кредиторы должны подать свои требования в течение 2 месяцев с момента публикации сообщения о ликвидации. - Если МФО входит в реестр МФО, кредиторы могут обратиться за возмещением в Фонд защиты прав заемщиков (ФПЗ) в течение 3 лет с момента включения МФО в реестр. При отзыве лицензии у НПФ: - Заявление о возмещении средств можно подать в течение 3 лет с момента отзыва лицензии. - Для получения возмещения необходимо обратиться в Агентство по страхованию вкладов (АСВ). Таким образом, сроки подачи заявлений и обращений за возмещением различаются в зависимости от типа организации и процедуры."
397,Почему платеж через терминал может зависнуть при отзыве лицензии у банка‑посредника?,"Платеж через терминал может зависнуть при отзыве лицензии у банка-посредника по нескольким причинам: 1. Прекращение обслуживания транзакций. Банк-посредник, у которого отозвана лицензия, больше не может обрабатывать платежи. Это приводит к зависанию транзакции, так как терминал не может завершить операцию. 2. Блокировка счетов. После отзыва лицензии счета банка-посредника могут быть заблокированы, что также приводит к невозможности завершения платежа. 3. Технические проблемы. В таких ситуациях могут возникать технические сбои в работе терминалов, так как они больше не могут связаться с банком-посредником для завершения транзакции. В таких случаях рекомендуется обратиться в свой банк для уточнения статуса платежа и дальнейших действий."
398,Почему рискованно работать через иностранного форекс-дилера без российской лицензии?,"Работа с иностранным форекс-дилером без российской лицензии рискованна по нескольким причинам: Во-первых, такие компании не подчиняются российскому законодательству и регулированию. Это означает, что в случае нарушения ваших прав или мошенничества вы не сможете обратиться в Банк России или другие российские регуляторы для защиты своих интересов. Во-вторых, отсутствие лицензии Банка России указывает на то, что компания не прошла необходимые проверки и не соответствует требованиям, предъявляемым к финансовым организациям в России. Это увеличивает риск столкновения с мошенниками. В-третьих, в случае проблем с такой компанией вы не сможете воспользоваться механизмами защиты, доступными для клиентов лицензированных организаций. Например, вы не сможете обратиться в Банк России для разбирательства, и вам придется обращаться в полицию, что может быть менее эффективно. Таким образом, работа с нелицензированными форекс-дилерами повышает риски финансовых потерь и снижает возможности защиты ваших прав."
399,Куда жаловаться при нарушении прав со стороны брокера или форекс‑дилера?,"Если брокер или форекс-дилер нарушает ваши права, сначала направьте ему претензию. Он обязан ответить в течение 15 рабочих дней. Если ответа нет или он вас не устроил, подайте жалобу в Банк России. Для этого можно воспользоваться интернет-приемной регулятора или мобильным приложением «ЦБ онлайн»."
400,Распространяется ли самозапрет на POS‑микрозаймы?,"Самозапрет на кредиты и займы распространяется на все виды кредитных заявок, включая POS-кредиты. Это значит, что если вы установили самозапрет, банки и микрофинансовые организации не смогут одобрить кредитную заявку от вашего имени, в том числе и на POS-кредиты."
401,Почему внеплановый платеж лучше делать в дату планового взноса?,"Внеплановый платеж лучше делать в дату планового взноса, чтобы избежать начисления лишних процентов. Если внести дополнительную сумму в дату планового платежа, банк сначала спишет начисленные проценты, а оставшуюся часть направит на погашение основного долга. Это позволит уменьшить общую сумму долга и сократить переплату по кредиту. Если же внеплановый платеж поступит в другой день, банк может списать его в счет будущих платежей, что не приведет к уменьшению основного долга и не снизит переплату."
402,"Какие инструменты, в отличие от банковских вкладов, не покрываются государственной системой страхования?","Страхование вкладов в банках действует только для депозитов и счетов физических лиц. Инструменты, которые не покрываются государственной системой страхования, включают: 1. Инвестиционные продукты, такие как акции, облигации, паи инвестиционных фондов и другие ценные бумаги. 2. Страхование жизни и другие страховые полисы, которые не являются банковскими вкладами. 3. Средства на эскроу-счетах, если их сумма превышает 10 млн рублей. 4. Деньги, размещенные на счетах юридических лиц. Для более подробной информации о страховании вкладов можно обратиться к статье «Как работает система страхования вкладов»."
403,По каким причинам оператор кошелька или банк блокируют операции?,"Оператор кошелька или банк могут блокировать операции по нескольким причинам: 1. Подозрительная активность. Если система обнаруживает необычные операции, которые могут указывать на мошенничество, карта или счет могут быть заблокированы для защиты средств клиента. 2. Недостаток средств. Если на счету или карте недостаточно средств для совершения операции, банк может заблокировать транзакцию. 3. Истечение срока действия карты. Если карта просрочена, все операции по ней будут заблокированы. 4. Технические сбои. Иногда блокировка происходит из-за технических проблем, которые могут быть быстро устранены. 5. Подозрение на мошенничество. Если банк или оператор кошелька получает информацию о возможном мошенническом использовании карты или счета, они могут заблокировать операции до выяснения обстоятельств. 6. Нарушение условий использования. Если клиент нарушает условия договора с банком или оператором кошелька, это может привести к блокировке операций. В случае блокировки операции рекомендуется сразу связаться с банком или оператором кошелька для уточнения причины и решения проблемы."
404,Когда СТО вправе требовать доплату при ремонте по ОСАГО?,"СТО вправе требовать доплату при ремонте по ОСАГО в следующих случаях: 1. Если стоимость ремонта превышает лимит возмещения по ОСАГО. В этом случае разницу между фактической стоимостью ремонта и лимитом возмещения должен оплатить владелец автомобиля. 2. Если в ходе ремонта были обнаружены дополнительные повреждения, которые не были учтены при первоначальной оценке. В этом случае владелец автомобиля должен оплатить ремонт этих повреждений самостоятельно. 3. Если владелец автомобиля выбрал более дорогие запчасти или материалы, чем те, которые предусмотрены программой ремонта по ОСАГО. В этом случае разницу в стоимости должен оплатить владелец автомобиля. 4. Если владелец автомобиля требует дополнительных работ, которые не входят в программу ремонта по ОСАГО. В этом случае стоимость этих работ должен оплатить владелец автомобиля."
405,Как авторы советуют усиливать команду за счет подбора людей?,"В предоставленном контексте нет прямого ответа на вопрос о том, как авторы советуют усиливать команду за счет подбора людей. Однако можно сделать вывод на основе информации о сотрудничестве и вовлеченности сотрудников. Авторы советуют выстраивать отношения в коллективе так, чтобы каждый участник был готов брать на себя ответственность, работать над собой и преодолевать свои страхи и эгоизм. Это подразумевает, что при подборе людей в команду важно обращать внимание на их готовность к сотрудничеству, ответственность и личностный рост. Если у вас есть дополнительные вопросы, связанные с банком или инвестициями, я буду рад на них ответить."
406,"Можно ли отменить перевод через СБП, как это соотносится с необратимостью транзакций в блокчейне?","Перевод через Систему быстрых платежей (СБП) можно отменить, если он был ошибочным или если покупатель вернул товар. Для этого нужно обратиться в свой банк, предоставив номер телефона получателя и номер транзакции. Деньги вернутся на счет покупателя за несколько секунд. Что касается необратимости транзакций в блокчейне, то это принципиально отличается от СБП. В блокчейне транзакции обычно являются необратимыми после их подтверждения в сети. Это означает, что отменить или вернуть средства без участия получателя крайне сложно или невозможно. В отличие от СБП, где банк может инициировать возврат средств, в блокчейне это зависит от согласия обеих сторон или использования специальных механизмов, таких как смарт-контракты с условиями возврата."
407,Чем отличается защита денег инвесторов МФО от гарантий по добровольным пенсиям в НПФ?,"Защита денег инвесторов в микрофинансовых организациях (МФО) и гарантии по добровольным пенсиям в негосударственных пенсионных фондах (НПФ) различаются по нескольким ключевым аспектам. 1. МФО:  - В России микрофинансовые организации не имеют системы страхования вкладов, аналогичной системе страхования вкладов в банках. Это означает, что в случае банкротства МФО инвесторы могут потерять свои средства.  - Однако, если МФО входит в государственный реестр, это может давать некоторую гарантию надежности, но не гарантирует возврат средств в случае проблем. 2. НПФ:  - В случае с НПФ, средства пенсионных накоплений защищены государством. В соответствии с законодательством, пенсионные накопления застрахованы и в случае банкротства НПФ они будут переданы в другой фонд или возвращены вкладчикам.  - Кроме того, НПФ должны проходить регулярные проверки и иметь лицензию, что добавляет дополнительный уровень защиты для вкладчиков. Таким образом, защита средств в НПФ более надежна и гарантирована государством, тогда как в МФО такая защита отсутствует."
408,"Российские облигации у санкционного брокера доступны, какие бумаги для новичка самые надежные?","Для новичка, который хочет инвестировать в российские облигации через санкционного брокера, важно учитывать несколько факторов. Во-первых, стоит обратить внимание на облигации государственных и крупных корпоративных эмитентов. Эти бумаги обычно считаются более надежными из-за стабильности эмитентов. Во-вторых, важно изучить кредитные рейтинги облигаций. Чем выше рейтинг, тем ниже риск дефолта. Также стоит рассмотреть облигации с фиксированным купоном, так как они более предсказуемы в плане доходности. Однако, важно помнить, что любые инвестиции связаны с рисками, особенно в условиях санкций. Поэтому перед покупкой облигаций стоит тщательно изучить их риски и особенности, а также пройти тестирование, если это требуется."
409,Кто платит НДФЛ по доходам от депозитарных расписок против дивидендов по акциям?,"НДФЛ по доходам от депозитарных расписок и дивидендов по акциям платит физическое лицо, которое получает эти доходы. В обоих случаях доходы облагаются налогом на доходы физических лиц (НДФЛ) по ставке 13% для резидентов РФ и 15% для нерезидентов. Это стандартная практика для доходов от инвестиций в ценные бумаги."
410,Как снизить риск потери ценных бумаг при проблемах у посредника?,"Для снижения риска потери ценных бумаг при проблемах у посредника рекомендуется: 1. Выбирать посредников с лицензией и хорошей репутацией. Проверяйте отзывы и историю работы компании. 2. Использовать услуги инвестсоветника с соответствующим статусом, который подберет вам ценные бумаги и предупредит о рисках. 3. Формировать финансовую подушку безопасности перед началом инвестирования. 4. Тщательно изучать условия сотрудничества с брокером и его политику в случае банкротства. 5. Рассматривать возможность использования доверительного управления или ПИФов для инвестирования. 6. Обучаться и разрабатывать собственную стратегию инвестирования, чтобы минимизировать зависимость от посредников."
411,"Как банки увеличивают количество денег в экономике, что при этом угрожает ценам?","Банки увеличивают количество денег в экономике, предоставляя кредиты. Когда банки выдают кредиты, они создают новые деньги, так как эти средства поступают в обращение и начинают использоваться в экономике. Что касается угрозы ценам, то увеличение денежной массы может привести к инфляции, если предложение товаров и услуг не успевает за ростом денежной массы. Это означает, что при увеличении количества денег при неизменном объеме товаров и услуг их цены могут начать расти, что и приводит к инфляции. Центральный банк страны, в том числе Банк России, контролирует этот процесс, регулируя денежно-кредитную политику, включая изменение ключевой ставки, чтобы сбалансировать инфляцию и экономический рост."
412,Когда уместно рефинансировать кредит: при появлении ребенка либо перед Новым годом?,"Рефинансирование кредита уместно в том случае, если у вас появилась возможность получить более выгодные условия по новому кредиту. Это может быть связано с изменением процентных ставок, улучшением вашей кредитной истории или появлением новых программ, таких как госпрограммы поддержки семей с детьми. Если вы закрыли прежний льготный кредит и в семье появился еще один ребенок, вы можете воспользоваться повторно льготной программой. Это одно из условий для повторного участия в такой программе. Рефинансирование перед Новым годом может быть уместным, если банк предлагает специальные акции или сниженные ставки в этот период. Однако основное условие для рефинансирования — это улучшение условий кредита, а не конкретное время года."
413,"Каков лимит страхового возмещения по вкладам, когда доступна выплата до 10 млн рублей?","Лимит страхового возмещения по вкладам составляет 1,4 млн рублей. Однако в некоторых случаях Агентство по страхованию вкладов (АСВ) может выплатить повышенное возмещение до 10 млн рублей. Подробнее о таких случаях можно узнать в статье «Как работает система страхования вкладов»."
414,Как выгодно использовать распродажи при подготовке к школе или к Новому году?,"Для выгодного использования распродаж при подготовке к школе или Новому году следует придерживаться нескольких стратегий: 1. Планирование покупок заранее. Составьте список необходимых вещей и определите, какие из них можно приобрести со скидкой. Это поможет избежать импульсных покупок и сэкономить бюджет. 2. Следите за акциями и распродажами. Подпишитесь на новостные рассылки магазинов, чтобы быть в курсе предстоящих скидок. Также можно использовать приложения и сайты, которые агрегируют информацию о распродажах. 3. Сравнивайте цены. Даже во время распродаж цены могут значительно различаться в разных магазинах. Используйте сервисы для сравнения цен, чтобы найти наиболее выгодные предложения. 4. Используйте кешбэк и бонусные программы. Многие банки предлагают кешбэк за покупки по своим картам. Например, при покупке книг и канцтоваров для школы можно получить кешбэк, если у вас есть детская карта с соответствующими бонусами. 5. Будьте бдительны при оплате. Во время распродаж увеличивается риск столкнуться с мошенниками. Проверяйте платежные ссылки, не вводите коды из SMS в подозрительные сайты и всегда сверяйте сумму и адресата платежа. 6. Рассмотрите возможность покупок заранее. Некоторые товары можно приобрести со скидкой заранее, до начала ажиотажа. Это особенно актуально для товаров, которые не теряют своей актуальности со временем, например, канцелярские товары или одежда. Следуя этим рекомендациям, вы сможете максимально выгодно использовать распродажи и сэкономить на подготовке к школе или Новому году."
415,"Что делать, если в полисе ОСАГО указан неправильный КБМ, и когда начнут действовать исправления?","Для исправления ошибки в КБМ (коэффициенте бонус-малус) в полисе ОСАГО необходимо обратиться в страховую компанию, которая выдала полис. Страховая компания должна проверить информацию и внести исправления. Если страховая компания не исправляет ошибку, можно обратиться в Российский союз автостраховщиков (РСА) для проверки и исправления данных. Исправления в КБМ вступают в силу с момента их внесения в базу данных РСА. Обычно это занимает несколько дней. После внесения исправлений новый КБМ будет учитываться при расчете стоимости следующего полиса ОСАГО. Если страховая компания или РСА отказываются исправлять ошибку, можно подать жалобу в Центральный банк РФ или обратиться в суд."
416,"Как распознать обман, когда обещают компенсации за прошлые потери?","Обман при обещании компенсаций за прошлые потери можно распознать по нескольким признакам: 1. Если вам предлагают уступить право требовать компенсацию от страховой компании, но при этом занижают размер выплаты, это может быть признаком мошенничества. Мошенники могут получить от страховщика намного больше, чем обещают вам. 2. Если вам предлагают услуги юристов или других посредников, которые требуют оплаты за свои услуги, но при этом не гарантируют получение компенсации, это также может быть признаком обмана. 3. Если вам предлагают подписать договор или внести деньги быстро, без тщательного анализа и консультаций, это может быть признаком финансовой пирамиды или другого мошеннического проекта. 4. Если вам предлагают компенсацию за потери, которые не связаны с вашими действиями или действиями страховой компании, это также может быть признаком обмана. В любом случае, прежде чем принимать решение, тщательно взвесьте все возможные риски и проконсультируйтесь с юристом или другим специалистом."
417,"Какой кредитный рейтинг должен иметь МФО для долгосрочных вложений с учетом того, что такие инвестиции не страхуются государством?","Для долгосрочных вложений в микрофинансовые компании (МФК) важно учитывать их кредитный рейтинг, так как такие инвестиции не страхуются государством. В России кредитные рейтинги МФО и МФК выставляются рейтинговыми агентствами, такими как Эксперт РА, АКРА и НРА. Для долгосрочных инвестиций рекомендуется выбирать МФК с высоким кредитным рейтингом, который указывает на их финансовую устойчивость и способность выполнять обязательства перед инвесторами. Обычно это рейтинги уровня А и выше, что соответствует высокому уровню кредитоспособности. Однако конкретные требования к рейтингу могут зависеть от ваших инвестиционных целей, уровня риска, который вы готовы принять, и других факторов. Важно тщательно анализировать финансовые показатели и репутацию МФК перед вложением средств."
418,"Какие ограничения на досрочный выход из сделки указаны для векселя, а также для участия в аукционе заблокированных активов?","В предоставленных текстах нет информации о векселях и аукционах заблокированных активов. Эти темы не освещены в контексте. Если у вас есть вопросы, связанные с банковскими продуктами, операциями или услугами, пожалуйста, уточните их, и я постараюсь помочь."
419,"Попадают ли деньги в доверительном управлении, на брокерском счете и в структурном депозите под страхование вкладов?","Нет, деньги в доверительном управлении, на брокерском счете и в структурном депозите не подлежат страхованию вкладов. Система страхования вкладов распространяется только на средства, размещенные на счетах и вкладах в банках, включая проценты по ним, но не на инвестиционные продукты."
420,Как госпоручительство помогает оформить заем?,"Госпоручительство позволяет предпринимателям получить кредит на более выгодных условиях или по сниженной ставке. Это происходит за счет государственных гарантий, которые снижают риски для банка. В результате банк может предложить более благоприятные условия кредитования. Подробнее о программах госпоручительства и других мерах поддержки можно узнать на сайте Корпорации МСП и портале «Мой бизнес»."
421,Как мошенники получают данные банковских карт через поддельные сайты?,"Мошенники создают сайты-дубликаты, которые внешне очень похожи на настоящие. Эти сайты могут отличаться всего одним-двумя символами в адресе. Пользователи, не заметив подмены, вводят свои данные, включая реквизиты банковских карт, что позволяет мошенникам получить доступ к их счетам. Для защиты от таких уловок важно внимательно проверять адреса сайтов и использовать дополнительные меры безопасности, такие как СМС или push-уведомления о транзакциях."
422,Как удостовериться в легальности кредитора перед заявкой?,"Чтобы удостовериться в легальности кредитора перед подачей заявки, выполните следующие шаги: 1. Проверить финансовую организацию на сайте Банка России. На этом сайте можно найти информацию о лицензиях и регистрации банков, микрофинансовых организаций (МФО), кредитных потребительских кооперативов (КПК) и ломбардов. 2. Убедитесь, что у кредитора есть действующая лицензия или регистрация. Это подтвердит, что организация имеет право на предоставление кредитных услуг. 3. Проверьте отзывы и репутацию кредитора. Это можно сделать на специализированных форумах, сайтах отзывов или через поисковые системы. 4. Внимательно изучите договор и условия кредитования. Легальные кредиторы предоставляют прозрачные условия и не скрывают важную информацию. Следуя этим шагам, вы сможете минимизировать риски и выбрать надежного кредитора."
423,Покроет ли страховка ответственности кражу из банковской ячейки?,"Страховка ответственности банка не покрывает кражу из банковской ячейки. Банковская ячейка предназначена для хранения ценностей клиента, и ответственность за их сохранность лежит на самом клиенте. В случае кражи из ячейки компенсацию можно попытаться получить через суд, но это не гарантировано. Банк несет ответственность только за сохранность ячейки как физического объекта, а не за содержимое."
424,Как избежать потерь при онлайн‑покупках вне официальных магазинов?,"Для избежания потерь при онлайн-покупках вне официальных магазинов рекомендуется использовать безопасные способы оплаты, такие как аккредитив в банке или депозит нотариуса. Эти методы гарантируют, что продавец получит деньги только после выполнения своих обязательств. В случае неисполнения обязательств деньги вернутся к вам. Также важно внимательно проверять реквизиты продавца или его паспортные данные, если услуга оказывается лично. Дополнительные советы по безопасным покупкам в интернете можно найти в статье «Безопасные покупки в интернете»."
425,Что может покупать неквалифицированный инвестор без тестов с учетом ограничений на иностранные бумаги?,"Неквалифицированный инвестор может покупать следующие инструменты без прохождения тестов: 1. Обычные акции и облигации российских эмитентов. 2. Паи инвестиционных фондов (ПИФы), которые инвестируют в российские активы. 3. Депозиты и вклады в российских банках. 4. Структурные облигации, которые не требуют прохождения тестирования (но их выбор ограничен). Важно учитывать, что покупка иностранных ценных бумаг может быть ограничена в зависимости от текущих санкций и регуляторных требований."
426,Зачем сравнивать условия разных банков или сервисов перед крупной тратой?,"Сравнивать условия разных банков или сервисов перед крупной тратой важно, чтобы выбрать наиболее выгодные условия. Это поможет минимизировать переплату по кредиту или другим финансовым продуктам. Например, сравнивая полную стоимость кредита, можно понять, какой банк предлагает более выгодные условия. Также это позволяет оценить дополнительные расходы и скрытые комиссии, которые могут существенно увеличить общую стоимость займа."
427,"Как избежать лишних платных сервисов при микрозайме, а также в какой срок можно от них отказаться после подписания?","Чтобы избежать лишних платных сервисов при оформлении микрозайма, внимательно читайте договор перед подписанием. Уточняйте у представителя МФО, какие услуги включены в договор и какие из них платные. Если вы обнаружили нежелательные платные услуги после подписания договора, срок отказа от них зависит от условий конкретного МФО. Обычно, у вас есть право отказаться от дополнительных услуг в течение определенного периода, указанного в договоре. Часто этот срок составляет 14 дней с момента заключения договора. Для отказа направьте письменное уведомление в МФО. Подробную информацию о порядке отказа от платных услуг можно найти в вашем договоре или на сайте МФО."
428,Как отличается период охлаждения по кредитным страховкам от сроков возврата ИСЖ или НСЖ на небольшую сумму?,"Период охлаждения по кредитным страховкам и сроки возврата страховой суммы по ипотечному страхованию жилья (ИСЖ) или накоплению страховой суммы (НСЖ) различаются по своей природе и регулируются разными нормативными актами. Период охлаждения по кредитным страховкам обычно составляет 5-14 дней с момента заключения договора страхования. В течение этого периода клиент имеет право отказаться от страховки и вернуть уплаченную страховую премию. Этот период введен для защиты прав потребителей и позволяет им пересмотреть решение о заключении договора страхования. Сроки возврата страховой суммы по ИСЖ или НСЖ зависят от условий договора страхования и могут варьироваться. В случае наступления страхового случая, страховая компания обязана выплатить страховую сумму в течение определенного срока, который обычно составляет от 10 до 30 дней с момента подачи заявления о страховом случае. Однако, если страховой случай не наступил, то возврат страховой премии возможен только в случае расторжения договора страхования и при условии, что страховой случай не наступил. Таким образом, период охлаждения по кредитным страховкам и сроки возврата страховой суммы по ИСЖ или НСЖ различаются по своей природе и регулируются разными нормативными актами."
429,Какой налоговый режим выбрать ИП для минимальной отчетности с учетом риска личным имуществом?,"Для минимальной отчетности и снижения риска личным имуществом ИП можно рассмотреть следующие налоговые режимы: 1. Упрощенная система налогообложения (УСН) с объектом налогообложения доходы или доходы минус расходы. Этот режим предполагает упрощенную отчетность и позволяет снизить налоговую нагрузку. 2. Патентная система налогообложения (ПСН). Этот режим подходит для небольших бизнесов с ограниченным объемом доходов. Патент можно приобрести на срок от 1 до 12 месяцев, и он освобождает от уплаты других налогов, кроме налога на имущество. 3. Налог на профессиональный доход (НПД) для самозанятых. Этот режим предполагает минимальную отчетность и низкие налоговые ставки. Однако, если вы решите сменить статус на ИП, вы сможете вернуться к этому режиму, если снова будете вести небольшой бизнес. Важно отметить, что выбор налогового режима зависит от специфики вашего бизнеса, объема доходов и других факторов. Рекомендуется проконсультироваться с налоговым консультантом для выбора оптимального варианта."
430,Учитывается ли доход по обезличенным металлическим счетам при расчёте НДФЛ по вкладам?,"Доход по обезличенным металлическим счетам не облагается НДФЛ, так как они не являются вкладами в традиционном понимании. Обезличенные металлические счета представляют собой счет, на котором учитывается количество металла (например, золота, серебра), а не денежные средства. Доход от изменения стоимости металла не считается доходом от вкладов и, соответственно, не подлежит налогообложению НДФЛ. Если у вас есть дополнительные вопросы по налогам или банковским услугам, пожалуйста, уточните их."
431,Как правильно проверять подлинность банкнот при расчетах наличными с последующим обращением при сомнениях?,"Для проверки подлинности банкнот при расчетах наличными и дальнейшего обращения в банк при сомнениях следуйте этим шагам: 1. Проверьте банкноту на наличие защитных элементов, таких как водяные знаки, микротекст, рельефные элементы, защитная нить и другие признаки, указанные на лицевой стороне купюры. Подробнее о том, как отличить настоящие банкноты от фальшивых, можно прочитать в тексте «Как проверить подлинность денег». 2. Если у вас возникли сомнения в подлинности банкноты, обратитесь в банк для проведения экспертизы. Экспертиза бесплатна, и чаще всего специалисты банка проводят ее сразу при вас. 3. Если купюра повреждена, но подлежит обмену, банк выдаст вам новую. В сложных случаях, когда установить подлинность банкнот довольно сложно, сотрудники банка отправят вашу купюру на проверку в Банк России. 4. Если деньги окажутся настоящими, банк зачислит их на указанный вами счет. Если же банкнота фальшивая, ее стоимость не возмещается."
432,"Почему сделки на бирже безопаснее, чем внебиржевые?","Сделки на бирже считаются более безопасными по нескольким причинам: Во-первых, биржевые сделки регулируются законодательством и подчиняются строгим правилам, что снижает риски мошенничества. Во-вторых, биржи обеспечивают прозрачность сделок, так как все операции отображаются в открытых торговых системах. В-третьих, биржи гарантируют выполнение обязательств по сделкам через клиринговые палаты, что минимизирует риски неисполнения контрактов. Внебиржевые сделки, напротив, могут быть менее прозрачными и регулируемыми, что увеличивает риски для инвесторов."
433,Как различаются лимиты возмещения по банковским вкладам по сравнению с добровольной пенсией в НПФ?,"Лимиты возмещения по банковским вкладам и добровольной пенсии в НПФ различаются следующим образом: 1. Банковские вклады:  - В России вклады в банках страхуются АСВ (Агентством по страхованию вкладов).  - Максимальная сумма возмещения по вкладам составляет 1,4 миллиона рублей.  - Возмещение выплачивается в случае отзыва лицензии у банка или введения моратория на удовлетворение требований кредиторов. 2. Добровольная пенсия в НПФ:  - В случае банкротства НПФ возмещение средств не гарантировано в полном объеме.  - Если активов НПФ недостаточно или их не удастся быстро продать по справедливой цене, вернуть внесенные в фонд деньги в полном объеме не получится.  - Поэтому важно тщательно выбирать НПФ и, возможно, распределять средства по нескольким фондам, особенно если сумма превышает 2,8 миллиона рублей. Таким образом, банковские вклады имеют четко установленный лимит возмещения, тогда как добровольная пенсия в НПФ не гарантирует полного возмещения в случае проблем с фондом."
434,Почему страховка дороже при оплате через кредит?,"Страховка может быть дороже при оплате через кредит по нескольким причинам: Во-первых, банк может включать в стоимость кредита дополнительные комиссии или увеличенные проценты, которые покрывают риски, связанные с предоставлением кредита на страховку. Во-вторых, страховые компании могут предлагать более высокие тарифы для клиентов, которые оплачивают страховку в кредит, так как это увеличивает их риски. В-третьих, при оплате страховки через кредит вы фактически платите не только за саму страховку, но и за использование кредитных средств, что увеличивает общую стоимость. Если вам навязывают страховку или включают её стоимость в кредит без вашего согласия, вы можете обратиться в интернет-приемную Банка России или Роспотребнадзор."
435,Какой предел льготной части кредита действует при совмещении ипотеки от застройщика с господдержкой?,"Информация о пределе льготной части кредита при совмещении ипотеки от застройщика с господдержкой не содержится в предоставленном контексте. Для получения точной информации рекомендую обратиться в банк, предоставляющий ипотечный кредит, или в местную администрацию, отдел соцзащиты или МФЦ. Также можно уточнить детали в статье «Как семье с детьми получить льготную ипотеку», ссылка на которую приведена в контексте."
436,"Как учесть страховые платежи при планировании бюджета семьи, когда страховка на жилье обязательна?","При планировании бюджета семьи, когда страховка на жилье обязательна, страховые платежи следует учесть как регулярные расходы. Вот несколько шагов, которые помогут это сделать: 1. Определите сумму страхового платежа. Узнайте, сколько стоит страховка на ваше жилье, и как часто она оплачивается (ежемесячно, ежеквартально, раз в год). 2. Включите страховые платежи в ваш ежемесячный бюджет. Если страховка оплачивается не ежемесячно, разделите сумму на 12 месяцев и включите эту сумму в ежемесячные расходы. 3. Учтите возможность налоговых вычетов. Если вы оплачиваете страховку самостоятельно, уточните, можно ли получить налоговый вычет. Это позволит вернуть часть потраченных на страховку денег. 4. Рассмотрите возможность использования финансовых инструментов. Например, вы можете открыть накопительный счет или вклад, чтобы откладывать деньги на страховые платежи заранее. 5. Ознакомьтесь с возможностями страхования. Узнайте, какие виды страховок существуют, и какие из них могут быть полезны для вашей семьи. Это поможет вам сделать осознанный выбор и избежать ненужных расходов."
437,"Почему кредитные рейтинги важны для облигаций, доступных неквалифицированным инвесторам?","Кредитные рейтинги важны для облигаций, доступных неквалифицированным инвесторам, по нескольким причинам. Во-первых, рейтинг дает инвесторам представление о надежности эмитента облигаций. Чем выше рейтинг, тем ниже риск дефолта, то есть невыполнения эмитентом своих обязательств по выплате купонного дохода и возврату номинальной стоимости облигации. Во-вторых, рейтинг помогает инвесторам сравнивать облигации разных эмитентов и выбирать те, которые соответствуют их уровню риска и доходности. В-третьих, для неквалифицированных инвесторов, которые могут не иметь глубоких знаний о финансовых рынках, рейтинг служит важным ориентиром при выборе облигаций. Наконец, рейтинговые агентства регулярно пересматривают рейтинги, что позволяет инвесторам отслеживать изменения в финансовом состоянии эмитента и принимать обоснованные решения о покупке или продаже облигаций."
438,Чем отличается отмена операции через сервис второй руки от возврата ошибочного перевода?,"Отмена операции через сервис «второй руки» и возврат ошибочного перевода — это разные процедуры, которые применяются в разных ситуациях. Отмена операции через сервис «второй руки» обычно используется, когда клиент хочет отменить перевод, который еще не был завершен. Это может быть, например, отмена платежа, который находится в процессе обработки. В этом случае клиент может обратиться в банк или использовать специальный сервис для отмены операции. Возврат ошибочного перевода применяется, когда деньги уже были отправлены на чужой счет по ошибке. В этом случае клиенту нужно разыскать получателя и попытаться вернуть средства. Если получатель не возвращает деньги добровольно, можно обратиться в банк, ФССП или прокуратуру для решения вопроса. Таким образом, отмена операции через сервис «второй руки» — это предотвращение завершения перевода, а возврат ошибочного перевода — это процедура возврата уже отправленных средств."
439,Как правильно проводить расчеты при продаже ипотечной квартиры?,"При продаже ипотечной квартиры расчеты проводятся через номинальный счет, где остаток денег получает сам продавец. Для более безопасных сделок рекомендуется использовать счет эскроу, особенно при покупке строящегося жилья. Это позволяет минимизировать риски и защитить средства покупателя и продавца. Подробнее о процедуре можно узнать в статье «Как продать или купить ипотечную квартиру»."
440,"Почему доходность накопительной части государственной пенсии невысока, а займы вне банка обычно обходятся дороже?","Доходность накопительной части государственной пенсии невысока, потому что она формируется за счет государственных гарантий и инвестиций в консервативные активы, что обеспечивает стабильность, но не высокую доходность. Государство стремится минимизировать риски, поэтому инвестирует в надежные, но менее прибыльные инструменты. Займы вне банка обычно обходятся дороже, потому что они связаны с более высокими рисками для кредитора. В таких случаях проценты и комиссии компенсируют риски невозврата или задержки платежей. Кроме того, внебанковские кредиторы часто работают без строгого регулирования, что позволяет им устанавливать более высокие ставки."
441,"Какие шаги нужно сделать после несанкционированного списания с карты, включая сроки обращения?","Для решения ситуации с несанкционированным списанием средств с карты необходимо выполнить следующие шаги: 1. Немедленно обратитесь в банк, выпустивший карту. Это можно сделать через онлайн-банк, мобильное приложение или по телефону горячей линии. Укажите дату, время и сумму несанкционированного списания. 2. Запросите у банка блокировку карты. Это предотвратит дальнейшие несанкционированные операции. 3. Подтвердите факт несанкционированного списания. Банк может запросить у вас дополнительные документы, такие как выписка по счету или заявление о несогласии с операцией. 4. Обратитесь в полицию для подачи заявления о мошенничестве. Это может потребоваться для дальнейшего расследования и возмещения ущерба. 5. Следуйте инструкциям банка для возврата средств. Банк может предложить вам заполнить специальную форму или предоставить дополнительные документы. Сроки обращения зависят от условий вашего банка, но обычно необходимо уведомить банк о несанкционированной операции в течение нескольких дней после ее обнаружения. Чем быстрее вы обратитесь, тем выше шансы на успешное возвращение средств."
442,В каких случаях есть смысл обращаться в суд при ошибочном переводе либо участии в пирамиде?,"В случае ошибочного перевода, если ФССП затягивает рассмотрение жалобы или отказывается возвращать деньги, можно подать иск в суд. Это указано в тексте о защите прав при долгах и кредитах. При участии в финансовой пирамиде, если компания не исполняет обязательства, а переговоры и консультации с юристом не привели к решению проблемы, также можно обратиться в суд для защиты своих прав. Это следует из текста о мошенничестве и финансовых пирамидах."
443,Что безопаснее для сохранности активов — доверительное управление или брокерское обслуживание?,"Для сохранности активов важно учитывать несколько факторов. Доверительное управление предполагает передачу активов управляющему, который принимает решения от вашего имени. Это может быть безопаснее, если управляющий имеет хорошую репутацию и опыт. Однако, важно внимательно изучить договор и условия сотрудничества. Брокерское обслуживание предполагает, что вы сами принимаете решения о покупке и продаже активов. Это может быть безопаснее, если вы хорошо разбираетесь в инвестициях и готовы самостоятельно управлять своими активами. Важно выбрать надежного брокера и внимательно изучить договор. В обоих случаях важно помнить, что инвестиции на фондовом рынке всегда связаны с рисками. Тщательно подходите к выбору брокера или управляющего, внимательно изучайте все бумаги, прежде чем их подписывать."
444,Как кредитные каникулы отражаются на кредитной истории с учетом новых сроков хранения записей?,"Кредитные каникулы не влияют негативно на кредитную историю, так как это официальная процедура, предусмотренная законодательством. В период кредитных каникул вы не совершаете просрочек, так как платежи приостанавливаются. Однако важно помнить, что после окончания каникул вам нужно будет возобновить выплаты в соответствии с новым графиком. Согласно новым правилам, информация о кредитных каникулах хранится в кредитной истории, но она не считается негативной. Это означает, что ваша кредитная история не пострадает, если вы воспользуетесь кредитными каникулами. Однако, если после окончания каникул вы начнете совершать просрочки, это уже отразится на вашей кредитной истории негативно. Важно также следить за тем, чтобы после окончания кредитных каникул ваш кредит был пересмотрен и график платежей был скорректирован. Если этого не произойдет, вы можете столкнуться с проблемами при погашении кредита."
445,Зачем в бизнес-плане заранее прописывать действия на случай ухудшения условий?,"Прописывание действий на случай ухудшения условий в бизнес-плане необходимо для нескольких ключевых целей: 1. Минимизация рисков: Это позволяет заранее оценить возможные угрозы и подготовить меры для их снижения. Например, если бизнес зависит от кредитов, важно предусмотреть план действий на случай отказа в кредитовании. 2. Гибкость и адаптивность: В условиях нестабильной экономики или рынка бизнес должен быть готов быстро реагировать на изменения. Например, если ключевая ставка ЦБ изменится, это может повлиять на стоимость кредитов и облигаций, что в свою очередь может повлиять на финансовое состояние компании. 3. Привлечение инвестиций: Инвесторы и кредиторы предпочитают работать с компаниями, которые демонстрируют осознанность рисков и имеют четкий план действий на случай кризиса. Это повышает доверие к бизнесу и увеличивает шансы на получение финансирования. 4. Сохранение стабильности: Даже если бизнес столкнется с трудностями, заранее продуманный план поможет минимизировать потери и сохранить стабильность. Например, если бизнес столкнется с проблемами со счетом, важно знать, как действовать в таких ситуациях. Таким образом, прописывание действий на случай ухудшения условий помогает бизнесу быть подготовленным к любым изменениям и минимизировать негативные последствия."
446,Какие первые шаги сделать при мошенническом списании с карты?,"При мошенническом списании с карты необходимо сразу же предпринять следующие шаги: 1. Блокировка карты: Немедленно свяжитесь с банком и заблокируйте карту, чтобы предотвратить дальнейшие списания. Это можно сделать через мобильное приложение, интернет-банк или по телефону горячей линии банка. 2. Оспаривание транзакции: После блокировки карты обратитесь в банк с заявлением о мошеннической операции. Банк проведет проверку и при подтверждении мошенничества вернет вам деньги. 3. Смена реквизитов: Для дополнительной безопасности запросите перевыпуск карты с новыми реквизитами. 4. Проверка счетов: Регулярно проверяйте свои счета на наличие подозрительных операций. 5. Уведомление правоохранительных органов: Если сумма значительная, стоит обратиться в полицию для возбуждения дела о мошенничестве. Для более подробной информации о защите от мошенничества можно обратиться к статье «Как защититься от кражи денег с карты»."
447,Как меняется порядок ответственности созаемщика против поручителя при смерти участника СВО?,"При смерти участника СВО порядок ответственности созаемщика и поручителя не меняется. Оба остаются ответственными за исполнение обязательств по кредиту в соответствии с условиями договора. Созаемщик несет солидарную ответственность вместе с основным заемщиком, то есть банк может требовать исполнения обязательств как от одного, так и от другого созаемщика. Поручитель также несет ответственность за исполнение обязательств заемщика, но только в случае, если заемщик не выполняет свои обязательства. Поручитель отвечает перед банком в том же объеме, что и основной заемщик. В случае смерти участника СВО, наследники не наследуют долги, но могут принять наследство с долгами. Если наследники откажутся от наследства, банк может обратиться к созаемщику или поручителю для исполнения обязательств."
448,Как созаемщик влияет на условия ипотеки по сравнению с поручителем?,"Созаемщик и поручитель влияют на условия ипотеки по-разному. Созаемщик является полноценным участником кредитного договора. Его доход учитывается при расчете максимальной суммы кредита, а также его кредитная история влияет на решение банка о выдаче ипотеки. Наличие созаемщика может повысить шансы на одобрение кредита и увеличить сумму, которую банк готов выдать. Поручитель, в свою очередь, лишь гарантирует выполнение обязательств основного заемщика. Его доход и кредитная история не влияют на условия кредита напрямую, но банк может учитывать их при оценке надежности поручителя. Наличие поручителя может повысить доверие банка к заемщику, но не изменит основные условия ипотеки, такие как процентная ставка или сумма кредита. Таким образом, созаемщик имеет большее влияние на условия ипотеки по сравнению с поручителем."
449,Почему многие страны перешли к инфляционному таргетированию и какую цель по инфляции выбрал Банк России?,"Многие страны перешли к инфляционному таргетированию, чтобы обеспечить стабильность цен и предсказуемость экономической политики. Это позволяет снизить инфляционные ожидания, укрепить доверие к национальной валюте и создать благоприятные условия для экономического роста. Банк России выбрал цель по инфляции в 4%. Это означает, что центральный банк стремится поддерживать рост цен на уровне около 4% в год. Такой уровень инфляции считается умеренным и позволяет сочетать стабильность цен с устойчивым экономическим развитием."
450,Как зафиксировать курс валюты для будущей закупки без покупки валюты сразу?,"Для фиксации курса валюты для будущей закупки без немедленной покупки можно рассмотреть несколько вариантов: 1. Форвардный контракт. Это соглашение с банком о покупке валюты в будущем по зафиксированному курсу. Форвардный контракт позволяет защититься от колебаний курса и заранее знать, по какому курсу вы сможете приобрести валюту. 2. Опционные контракты. Опцион дает право, но не обязательство, купить валюту по зафиксированному курсу в будущем. Это более гибкий инструмент, так как вы можете воспользоваться опционом только в случае выгодного для вас курса. 3. Валютные свопы. Это соглашение о обмене валютами на определенный срок с последующим обратным обменом. Свопы могут помочь зафиксировать курс на будущую дату. Важно уточнить у вашего банка, какие именно инструменты доступны для физических или юридических лиц, и какие условия они предлагают."
451,Когда крупнейшие банки предоставят доступ к цифровому рублю по сравнению со статусом подключения банков к СБП?,На данный момент в предоставленных текстах нет информации о сроках предоставления доступа к цифровому рублю крупнейшими банками. Также нет данных о сравнении статуса подключения банков к Системе быстрых платежей (СБП) и цифровому рублю. Для получения актуальной информации по этому вопросу рекомендую обратиться в Банк России или на официальные ресурсы крупных банков.
452,Как работает период охлаждения для допуслуг к кредитам по сравнению с полисами ИСЖ?,"Период охлаждения для дополнительных услуг к кредитам и для страхования ипотеки жилья (ИСЖ) может отличаться. В случае с дополнительными услугами к кредитам, период охлаждения обычно позволяет клиенту отказаться от услуги и вернуть деньги в течение определенного срока, если услуга была навязана или клиент передумал. Для страхования ИСЖ период охлаждения также дает возможность отказаться от полиса и вернуть деньги, но условия и сроки могут быть другими. Для более точной информации рекомендуется обратиться в банк или страховую компанию, где был оформлен кредит или страховка."
453,Чем отличаются по риску и доходности банковский вклад и инвестиции в ценные бумаги для пассивного дохода?,"Банковский вклад и инвестиции в ценные бумаги для пассивного дохода отличаются по риску и доходности следующим образом: 1. Банковский вклад: - Риск: Низкий. Вклады в банках, особенно в надежных банках, застрахованы государством, что снижает риск потери средств. - Доходность: Обычно ниже, чем у инвестиций в ценные бумаги. Доходность вкладов фиксирована или зависит от процентной ставки, установленной банком. 2. Инвестиции в ценные бумаги: - Риск: Высокий. Инвестиции в ценные бумаги связаны с рыночными рисками, и доходность может как превышать, так и быть ниже ожидаемой. - Доходность: Обычно выше, чем у банковских вкладов. Доходность зависит от типа ценных бумаг, рыночных условий и других факторов. Пассивный доход от инвестиций в ценные бумаги может быть получен через дивиденды по акциям или купонные выплаты по облигациям. Однако, для получения стабильного пассивного дохода необходимо тщательно подбирать активы и диверсифицировать портфель."
454,Кто не сможет получить социальный налоговый вычет?,"Социальный налоговый вычет не смогут получить лица, которые не имеют официального дохода, с которого удерживается налог на доходы физических лиц (НДФЛ). Также вычет не предоставляется, если расходы, на которые претендуют на вычет, не соответствуют установленным законодательством условиям. Например, если расходы не связаны с лечением, обучением, пенсионными взносами или благотворительностью."
455,"Почему пенсионеры, а также бывшие жертвы пирамид становятся мишенью повторных афер?","Пенсионеры и бывшие жертвы пирамид часто становятся мишенью повторных афер по нескольким причинам: 1. Доверие и наивность. Пенсионеры могут быть более доверчивыми и менее подозрительными, что делает их легкой мишенью для мошенников. Бывшие жертвы пирамид могут снова попасть в ловушку, надеясь вернуть потерянные деньги или получить быструю прибыль. 2. Финансовая неграмотность. Многие пенсионеры и бывшие участники пирамид могут не обладать достаточными знаниями о финансовых схемах и методах мошенничества, что делает их уязвимыми. 3. Социальная изоляция. Пенсионеры часто проводят много времени дома и могут быть более подвержены влиянию мошенников, которые предлагают им выгодные предложения. 4. Эмоциональная уязвимость. Мошенники используют психологические приемы, чтобы вызвать у жертв чувство срочности, страха или жадности, что заставляет их принимать необдуманные решения. 5. Повторное использование схем. Мошенники могут повторно использовать схемы, которые уже сработали на других жертвах, особенно если они видят, что люди продолжают верить в подобные предложения. Для защиты от повторных афер важно повышать финансовую грамотность, быть бдительными и не доверять подозрительным предложениям."
456,Как распознать фишинговый сайт при оплате онлайн?,"Чтобы распознать фишинговый сайт при оплате онлайн, обратите внимание на следующие моменты: 1. Проверьте адрес сайта. Фишинговые сайты часто имитируют настоящие, но их адреса могут отличаться всего одним-двумя символами. Внимательно изучите URL, особенно доменное имя. 2. Убедитесь, что сайт использует защищенное соединение. В адресной строке браузера должен быть значок замка и начинаться с https://. 3. Проверьте уведомления и сообщения. Если для оплаты требуется код от банка, сначала убедитесь, что сумма и адресат в уведомлении совпадают с теми, которые вы ожидаете. 4. Не доверяйте подозрительным ссылкам. Если вы получили ссылку на оплату через email, сообщение или социальные сети, проверьте её подлинность. Лучше ввести адрес сайта вручную, чем переходить по ссылке. 5. Изучите сайт на наличие ошибок. Фишинговые сайты часто содержат орфографические и грамматические ошибки, а также низкокачественные изображения. Для более подробной информации о том, как распознать фишинговый сайт, вы можете прочитать статью «Фишинг: что это такое и как от него защититься»."
457,"Как оспорить кредит, оформленный мошенниками на мое имя?","Для оспаривания кредита, оформленного мошенниками на ваше имя, следуйте этим шагам: 1. Обратитесь в банк или МФО, где был оформлен кредит. Напишите заявление о том, что вы не оформляли этот кредит и что, по вашему мнению, это мошенничество. Приложите к заявлению все возможные доказательства, такие как скриншоты, переписки, которые подтверждают вашу позицию. 2. Подайте заявление в полицию. Составьте заявление о мошенничестве. Для этого соберите все документы, которые у вас есть: договоры, чеки на перевод денег, скриншоты с сайта и другие доказательства. 3. Обратитесь в Банк России, если кредит был оформлен в организации, которая имеет лицензию Банка России. Если же организация не имеет лицензии, обращайтесь в полицию. 4. Соберите все доказательства. Это могут быть скриншоты, переписки, чеки, договоры и другие документы, которые подтверждают, что вы не оформляли кредит. 5. Обратитесь в саморегулируемую организацию (СРО), если кредит был оформлен в МФО, которая входит в СРО. За нарушения МФО могут оштрафовать или исключить из СРО и из государственного реестра МФО. 6. Проконсультируйтесь с юристом. В сложных случаях может потребоваться профессиональная юридическая помощь. Если у вас есть дополнительные вопросы по этому поводу, не стесняйтесь задавать их."
458,Почему при санкциях против брокера с депозитарной лицензией замораживаются иностранные активы клиентов?,"При санкциях против брокера с депозитарной лицензией иностранные активы клиентов могут замораживаться по нескольким причинам. Во-первых, санкции могут ограничивать операции с иностранными активами, что приводит к временному запрету на их продажу или перевод. Во-вторых, банки и другие финансовые учреждения, которые обслуживают брокера, могут приостановить операции с иностранными активами из-за рисков, связанных с санкциями. В-третьих, регуляторы, такие как Банк России, могут временно ограничивать операции с иностранными активами для защиты интересов клиентов и предотвращения возможных потерь. В любом случае, замораживание активов является временной мерой, и в дальнейшем клиенты могут получить доступ к своим средствам или компенсацию в рамках процедуры банкротства или других юридических процедур."
459,"Как действовать, если сомневаетесь в легальности финансовой организации?","Для проверки легальности финансовой организации выполните следующие шаги: 1. Проверьте организацию в справочнике Банка России. Это можно сделать на официальном сайте Банка России. 2. Если вы уже подписали договор с МФО, но она нарушает закон, обратитесь в Банк России и в саморегулируемую организацию (СРО), в которую входит эта МФО. За нарушения МФО могут оштрафовать или исключить из СРО и государственного реестра. 3. Внимательно читайте документы перед подписанием. Убедитесь, что организация работает легально, проверив её на сайте Банка России. 4. Не торопитесь с решением. Не поддавайтесь на уговоры скорее подписать договор. При необходимости проконсультируйтесь с юристом. Если у вас есть дополнительные вопросы по этой теме, обращайтесь."
460,Закроет ли банк карту или счет автоматически после полного погашения кредита?,"Нет, банк не закроет карту или счет автоматически после полного погашения кредита. Для закрытия счета и аннулирования карты необходимо подать заявление в банк. Это связано с тем, что даже после погашения кредита могут взиматься комиссии, которые могут привести к образованию нового долга."
461,Как узнать обо всех оформленных на вас кредитах?,"Для того чтобы узнать обо всех оформленных на вас кредитах, вы можете воспользоваться несколькими способами: 1. Обратиться в бюро кредитных историй (БКИ). В России действуют несколько БКИ, таких как Национальное бюро кредитных историй (НБКИ), Объединённое кредитное бюро (ОКБ) и другие. Вы можете запросить свою кредитную историю, которая содержит информацию обо всех ваших кредитах и займах. 2. Обратиться в банк или микрофинансовую организацию (МФО), где вы оформляли кредит. Банки и МФО обязаны предоставлять информацию о кредитах своим клиентам. 3. Использовать государственные сервисы, такие как Госуслуги. На портале Госуслуги можно запросить выписку из кредитной истории. 4. Обратиться в Роспотребнадзор или Центральный банк РФ, если у вас есть подозрения на мошенничество или нарушение ваших прав со стороны кредиторов."
462,Как соотносится автоматическое начисление налога на АУСН с порядком списания долгов со счетов ИП?,"Автоматическое начисление налога на АУСН (упрощенную систему налогообложения) и порядок списания долгов со счетов ИП (индивидуальных предпринимателей) регулируются разными механизмами и нормативными актами. 1. Автоматическое начисление налога на АУСН:  - Налог на АУСН рассчитывается автоматически на основе данных, предоставленных налогоплательщиком.  - Если организация или ИП передает информацию о платежах клиентов в налоговую, то налог начисляется автоматически, и не требуется подавать декларацию или подтверждающие документы.  - Если информация не передается, налогоплательщик должен самостоятельно подавать заявление и документы в ФНС. 2. Порядок списания долгов со счетов ИП:  - Если счета ИП блокируются для списания долгов, и при этом допущены ошибки, ИП может подать жалобу в интернет-приемную ФССП (Федеральной службы судебных приставов).  - Если ФССП не реагирует или затягивает рассмотрение заявления, можно обратиться в прокуратуру или подать иск в суд для возврата необоснованно списанных сумм. Таким образом, автоматическое начисление налога на АУСН и списание долгов со счетов ИП — это разные процессы, которые регулируются разными органами и нормативными актами."
463,"Какие принципы финансовой дисциплины помогают избежать перерасхода, долгов?","Финансовая дисциплина помогает избежать перерасхода и долгов. Вот несколько ключевых принципов: 1. Планирование бюджета: Регулярно составляйте бюджет, учитывая все доходы и расходы. Это поможет контролировать финансовые потоки и избегать ненужных трат. 2. Создание резервного фонда: Откладывайте часть доходов на непредвиденные расходы. Это поможет избежать необходимости брать кредиты в случае непредвиденных обстоятельств. 3. Контроль над долгами: Если у вас уже есть долги, старайтесь погашать их как можно быстрее, чтобы избежать накопления процентов. Используйте досрочное погашение, если это возможно. 4. Отказ от импульсных покупок: Перед покупкой задавайте себе вопрос, действительно ли вам это нужно. Это поможет избежать ненужных трат. 5. Использование кредитов только по необходимости: Берегитесь кредитов и займов, особенно от микрофинансовых организаций, так как они могут привести к накоплению долгов. 6. Регулярный мониторинг финансов: Проверяйте свои финансы регулярно, чтобы своевременно выявлять и исправлять ошибки в бюджете. Следуя этим принципам, вы сможете избежать перерасхода и долгов, а также улучшить свое финансовое положение."
464,Какие признаки выдают телефонную мошенническую атаку?,"Телефонные мошенники часто используют психологические уловки, чтобы выманить у вас конфиденциальную информацию. Вот основные признаки мошеннической атаки: 1. Звонок от якобы представителя банка, который просит предоставить личные данные, пароли или коды из СМС. 2. Создание срочной ситуации, например, сообщение о блокировке карты или счета, если вы не предоставите информацию. 3. Использование неофициальных номеров или номеров, которые не соответствуют официальным контактам банка. 4. Предложение перезвонить на другой номер, который не указан на официальном сайте банка. 5. Настойчивые попытки убедить вас совершить перевод или предоставить доступ к вашим финансам. Всегда помните, что сотрудники банка никогда не будут просить вас раскрывать пароли, коды из СМС или другие конфиденциальные данные по телефону. Если у вас есть сомнения, лучше перезвонить в банк самостоятельно по официальному номеру."
465,Какие инструменты помогают сократить расходы на праздники?,"Для сокращения расходов на праздники можно использовать несколько финансовых инструментов: 1. Общий счет с двумя картами. Это позволяет совместно управлять бюджетом и контролировать расходы. 2. Приложения для учета расходов и доходов. Они помогают отслеживать финансы и планировать траты. 3. Карты с кешбэком. Они возвращают часть потраченных средств, что снижает общую сумму расходов. Эти инструменты помогут вам более эффективно планировать бюджет и контролировать расходы в праздничный период."
466,"Какой реестр проверяют по МФО, а какой по коллекторскому агентству?","Для проверки микрофинансовых организаций (МФО) необходимо использовать государственный реестр МФО, который ведет Банк России. Этот реестр содержит информацию о всех легально работающих МФО. Для проверки коллекторских агентств следует обратиться к реестру коллекторских агентств, который также ведет Банк России. В этом реестре содержатся данные о всех коллекторских агентствах, имеющих право на деятельность по взысканию долгов."
467,Как совмещать накопления на долгосрочные цели с контролем повседневных трат?,"Для совмещения накоплений на долгосрочные цели с контролем повседневных трат можно использовать несколько подходов: 1. Составьте финансовый план. Определите, сколько денег вам необходимо ежемесячно для повседневных трат, и выделите отдельную сумму на долгосрочные накопления. Умножьте эту сумму на шесть, чтобы определить размер финансовой подушки безопасности. 2. Используйте финансовые инструменты. Для накоплений подойдут вклады, которые компенсируют потери из-за инфляции, или индивидуальные инвестиционные счета, которые могут предоставить налоговые вычеты. Для контроля повседневных трат используйте приложения для учета расходов и доходов. 3. Ведение учета. Регулярно сверяйтесь с планом и актуализируйте список обязательных трат хотя бы раз в полгода. Это поможет вам оставаться на пути к достижению финансовых целей."
468,Как защищены деньги на аккредитиве по сравнению со счетом эскроу при сделке в ипотеке?,"Деньги на аккредитиве и на счете эскроу защищены по-разному. При аккредитиве средства блокируются на счете банка и перечисляются продавцу только после выполнения определенных условий. Это обеспечивает гарантию платежа, но не защищает покупателя от мошеннических схем, так как деньги могут быть переведены без полного контроля за исполнением обязательств. Счет эскроу, в свою очередь, обеспечивает более высокую степень защиты. Деньги хранятся на специальном счете до выполнения всех условий сделки. В случае нарушения условий сделки деньги возвращаются покупателю. Кроме того, средства на счете эскроу защищены системой страхования вкладов, но только в пределах 10 млн рублей. Суммы сверх этого лимита можно вернуть только в ходе банкротства или ликвидации банка."
469,Как снизить риск личных выплат при суброгации после ДТП?,"Чтобы снизить риск личных выплат при суброгации после ДТП, важно правильно оформить страховку и избегать недостоверной информации. Вот несколько ключевых моментов: 1. Покупка полиса ДСАГО: Этот полис не является обязательным, но он снижает ваши финансовые риски. Если ущерб потерпевшего превышает установленную законом сумму, ДСАГО поможет покрыть разницу, которую вы бы должны были возместить самостоятельно. 2. Точная информация при оформлении ОСАГО: Убедитесь, что все данные в полисе ОСАГО заполнены корректно. Если страховая компания обнаружит нестыковки после аварии, она может взыскать с вас сумму, которую выплатит пострадавшему. 3. Прямое получение выплат: Если вы получаете возмещение от страховой компании напрямую, это не облагается подоходным налогом. Это важно учитывать, чтобы избежать дополнительных расходов. 4. Осторожность при привлечении юристов: Автоюристы могут занижать размер выплаты и получать от страховщика больше, чем вы. При этом вам придется заплатить НДФЛ с той суммы, которую они получат от страховой компании. Взвесьте все за и против перед привлечением юриста. Следуя этим рекомендациям, вы сможете минимизировать риски личных выплат при суброгации после ДТП."
470,Доступна ли одновременная льгота на взносах вместе с льготой на доход по ИИС разных типов?,"По указанным текстам и тегам, информация о возможности одновременного получения льготы на взносы и льготы на доход по индивидуальным инвестиционным счетам (ИИС) разных типов отсутствует. Для получения точного ответа рекомендую уточнить эту информацию в вашем банке или у налогового консультанта."
471,Кто вправе запрашивать информацию о ценных бумагах умершего?,"Информацию о ценных бумагах умершего вправе запрашивать наследники, предоставив соответствующие документы, подтверждающие их право на наследство. Это могут быть свидетельство о праве на наследство, выданное нотариусом, или другие документы, подтверждающие наследственные права. Для получения информации о ценных бумагах необходимо обратиться в организацию, где они хранятся, например, в брокерскую компанию или депозитарий."
472,Как отменить навязанную допуслугу к онлайн‑займу под 0%?,"Для отмены навязанной дополнительной услуги к онлайн-займу под 0% вам необходимо обратиться в банк или микрофинансовую организацию, где вы оформляли займ. Уточните условия договора и процедуру отмены услуги. Обычно это можно сделать через личный кабинет, звонок в службу поддержки или посещение отделения. Убедитесь, что у вас есть все необходимые документы для подтверждения вашей личности и договора."
473,Как избежать ущерба кредитной истории при риске просрочки по краткосрочному займу?,"Чтобы избежать ущерба кредитной истории при риске просрочки по краткосрочному займу, следуйте этим рекомендациям: 1. Планируйте свои финансы заранее. Перед тем как брать займ, оцените свои доходы и расходы, чтобы понять, сможете ли вы вовремя вернуть деньги. Учитывайте непредвиденные обстоятельства, такие как болезнь или увольнение. 2. Не превышайте допустимый уровень долговой нагрузки. Считается, что ежемесячные платежи по кредитам и займам не должны превышать 30% вашего ежемесячного дохода. 3. Если вы понимаете, что не сможете вовремя вернуть займ, свяжитесь с кредитором заранее. Возможно, вам удастся договориться о реструктуризации долга или отсрочке платежа. 4. Следите за своим графиком платежей и старайтесь избегать просрочек. Если вы уже допустили просрочку, постарайтесь погасить долг как можно быстрее. 5. Если вы сталкиваетесь с проблемами, связанными с кредитной историей, обратитесь за помощью к специалистам. В статье «Кредитная история: зачем она нужна и можно ли ее исправить» вы найдете полезную информацию о том, как исправить кредитную историю."
474,"Кто контролирует работу брокеров, депозитариев и управляющих ПИФов?","Контроль за работой брокеров, депозитариев и управляющих компаний паевых инвестиционных фондов (ПИФов) осуществляет регуляторный орган, который контролирует работу всех финансовых институтов, включая паевые инвестиционные фонды и управляющие компании. В России этим органом является Центральный банк Российской Федерации (Банк России)."
475,Как сочетать УСН с патентом при тестировании нового направления с учетом личного риска ИП?,"Для сочетания УСН с патентом при тестировании нового направления бизнеса с учетом личного риска ИП, следует учитывать несколько ключевых моментов: 1. Выбор системы налогообложения:  - УСН (упрощенная система налогообложения) и патентная система налогообложения (ПСН) могут применяться одновременно, но для разных видов деятельности. Это означает, что основной вид деятельности может быть на УСН, а новый направление — на патенте.  - Патентная система подходит для тестирования нового направления, так как она упрощает отчетность и снижает налоговую нагрузку. 2. Личный риск ИП:  - При тестировании нового направления важно учитывать личные финансовые риски. Патентная система может снизить налоговые обязательства, но не защищает от финансовых потерь.  - Рекомендуется использовать страхование жизни или другие финансовые инструменты для минимизации рисков. 3. Господдержка и льготы:  - Для снижения рисков можно воспользоваться господдержкой и льготными программами, которые действуют в вашем регионе. Подробную информацию можно найти на сайте Корпорации МСП и портале «Мой бизнес». 4. Консультация с НПФ:  - Если вы планируете использовать пенсионные накопления для бизнеса, важно связаться с НПФ и уточнить все детали. Это поможет избежать незапланированных переводов накоплений. Таким образом, сочетание УСН с патентом при тестировании нового направления бизнеса может быть эффективным, если правильно оценить риски и воспользоваться доступными льготами и инструментами страхования."
476,Какой способ контроля поможет вовремя заметить мошеннические списания по карте?,"Для контроля мошеннических списаний по карте рекомендуется подключить СМС или push-уведомления. Это позволит оперативно узнавать о всех платежах и вовремя их оспаривать, если они не были совершены вами."
477,В каких ситуациях возможно упрощенное внесудебное банкротство должника?,"Упрощенное внесудебное банкротство возможно в следующих ситуациях: 1. Если сумма долга не превышает установленный законом лимит (на момент последнего обновления информации это 500 000 рублей). 2. Если у должника нет имущества, на которое можно обратить взыскание для погашения долгов. 3. Если должник не является индивидуальным предпринимателем. Процедура внесудебного банкротства проходит через многофункциональные центры (МФЦ) и является бесплатной. Подробнее о процедуре можно узнать в статье «Как списать долги без суда»."
478,Как проверить легальность ломбарда либо брокера?,"Чтобы проверить легальность ломбарда или брокера, воспользуйтесь официальным справочником Банка России. На сайте Центрального банка есть раздел, где можно найти информацию о зарегистрированных финансовых организациях. Введите название или ИНН компании в поисковую строку, и вы получите данные о ее статусе и лицензиях. Это поможет убедиться, что организация работает законно и не является мошеннической."
479,Как соотносится переплата по займам под 0% при просрочке с законным лимитом по краткосрочным кредитам?,"Переплата по займам под 0% при просрочке может значительно превышать законный лимит по краткосрочным кредитам. Согласно первому тексту, закон позволяет суду снизить размер задолженности до уровня ключевой ставки, действовавшей в период действия кредитного договора, но это происходит редко и только в исключительных случаях. В остальных случаях переплата может быть значительной, особенно если заемщик не может своевременно погасить долг. Таким образом, если заем под 0% предполагает высокие штрафы и пенни за просрочку, то общая переплата может существенно увеличиться, превышая законные лимиты. Важно внимательно изучать условия договора и учитывать свои финансовые возможности перед оформлением займа."
480,"Как поступить, если пришло сообщение об ошибочном переводе с просьбой вернуть деньги?","Если вы получили сообщение об ошибочном переводе, рекомендуем следовать следующим шагам: 1. Проверьте информацию о переводе в вашем банковском приложении или через интернет-банкинг. Убедитесь, что перевод действительно был ошибочным и не связан с вашими действиями. 2. Свяжитесь с отправителем перевода для уточнения деталей. Возможно, это ошибка, и деньги были отправлены вам по ошибке. 3. Если перевод действительно ошибочный, вы можете вернуть деньги отправителю. Для этого переведите сумму обратно на указанные отправителем реквизиты. 4. Если отправитель не предоставляет точные реквизиты или вызывает подозрения, не спешите возвращать деньги. В таком случае рекомендуем обратиться в службу поддержки вашего банка для консультации. 5. Если вы уже вернули деньги, но сомневаетесь в их безопасности, также обратитесь в службу поддержки банка для проверки транзакции. Для более подробной информации о том, как действовать в таких ситуациях, вы можете ознакомиться со статьей «Как вернуть деньги, которые вы отправили или получили по ошибке»."
481,Как безопасно оформить ОСАГО онлайн через финансовую платформу?,"Для безопасного оформления ОСАГО онлайн через финансовую платформу рекомендуется следовать нескольким ключевым шагам: 1. Выберите проверенную финансовую платформу. Убедитесь, что у платформы есть лицензия на предоставление финансовых услуг и положительные отзывы пользователей. 2. Проверьте реквизиты страховой компании. Убедитесь, что страховая компания, через которую вы оформляете ОСАГО, имеет соответствующую лицензию и хорошую репутацию. 3. Используйте безопасные методы оплаты. Для оплаты полиса ОСАГО выбирайте надежные способы, такие как аккредитив в банке или депозит нотариуса. Это поможет защитить ваши средства в случае неисполнения обязательств страховой компанией. 4. Настройте дополнительные меры безопасности. Включите самозапрет на операции с вашей банковской картой в онлайн-банке. Это поможет предотвратить несанкционированные платежи. 5. Проверьте легальность платежного сервиса. Убедитесь, что финансовая платформа, через которую вы оформляете ОСАГО, работает легально и имеет соответствующие лицензии или договоры с банками. Следуя этим рекомендациям, вы сможете минимизировать риски и безопасно оформить ОСАГО онлайн."
482,Нужно ли банку считать ПДН при оформлении кредитных каникул для мобилизованного?,"При оформлении кредитных каникул для мобилизованных заемщиков банк может не учитывать ПДН (потребительский долг на одного человека). Это связано с тем, что кредитные каникулы предоставляются как мера поддержки и обычно не влияют на кредитную нагрузку заемщика. Однако конкретные условия могут варьироваться в зависимости от политики банка и законодательных актов. Рекомендуется уточнить детали у вашего банка или в отделении, где оформляется кредит."
483,Какие онлайн‑сервисы МСП помогут на старте: где сделать бизнес‑план и где подать заявку на льготную поддержку?,"Для старта бизнеса и получения льготной поддержки можно воспользоваться следующими онлайн-сервисами: 1. Сайт Корпорации МСП:  - Здесь можно узнать о мерах поддержки, действующих в вашем регионе и отрасли.  - Подать заявку на льготный кредит или заем.  - Подобрать помещение для бизнеса с невысокой арендной платой.  - Пройти бесплатное обучение, включая курсы для начинающих предпринимателей и персональные консультации по развитию бизнеса. 2. Государственный портал «Мой бизнес»:  - На этом портале можно подобрать льготные программы, действующие в вашем регионе.  - Узнать о мерах поддержки, предлагаемых регионами, и получить более подробную информацию о возможной помощи. 3. Цифровая платформа МСП:  - Поможет узнать о полезных сервисах и государственных программах, которые подойдут именно вашему бизнесу.  - Через сервис «Факторинг для бизнеса» можно найти проверенные компании и подать единую онлайн-заявку. В течение 24 часов факторинговые компании направят вам индивидуальные условия финансирования в личный кабинет МСП.РФ. Эти сервисы помогут вам составить бизнес-план, получить льготную поддержку и начать бизнес с минимальными рисками."
484,Как изменился размер соцвычета на спорт в 2024 по сравнению с 2022?,"К сожалению, в предоставленном контексте нет информации о размере социального вычета на спорт за 2024 и 2022 годы. Я консультирую по вопросам, относящимся к банку. Если у вас есть другие вопросы по банковским услугам, пожалуйста, задайте их."
485,"Что стоит сделать перед оформлением ипотеки, чтобы учесть обязательные расходы по кредиту?","Перед оформлением ипотеки важно учесть несколько ключевых моментов: 1. Оцените свои финансовые возможности. Убедитесь, что вы сможете выплачивать кредит даже в случае непредвиденных обстоятельств, таких как болезнь или увольнение. Идеально, если ежемесячные платежи не превышают 30% вашего дохода. 2. Изучите условия ипотеки. Обратите внимание на процентные ставки, сроки кредитования, штрафы за досрочное погашение и другие важные детали. 3. Учтите дополнительные расходы. Помимо основного платежа, могут быть страховые взносы, комиссии за оформление и другие скрытые платежи. 4. Проверьте свою кредитную историю. Это поможет понять, на каких условиях вам могут предложить кредит. 5. Ознакомьтесь с рисками. Узнайте о возможных опасностях, связанных с ипотекой, особенно если речь идет о покупке строящегося жилья. Для более детальной информации рекомендую ознакомиться со статьями, указанными в контексте."
486,"Где проверять легальность банков, страховщиков, платежных агрегаторов?","Для проверки легальности банков, страховщиков и платежных агрегаторов можно воспользоваться следующими ресурсами: 1. Банки: Проверьте название банка и его лицензию в Справочнике участников финансового рынка на сайте Банка России. 2. Страховщики: Информацию о легальности страховщиков также можно найти в Справочнике участников финансового рынка на сайте Банка России. 3. Платежные агрегаторы: Убедитесь, что у агрегатора есть лицензия небанковской кредитной организации или договор платежного агента с лицензированным банком. Проверку можно провести через официальные источники или на сайте Центрального банка РФ."
487,Чем отличается вклад от инвестиций по защите средств?,"Вклад и инвестиции отличаются по уровню защиты средств. Вклад в банке защищен системой страхования вкладов, которая гарантирует возврат средств до определенной суммы в случае отзыва лицензии у банка. Инвестиции, в отличие от вкладов, не имеют такой гарантии. При инвестировании в ценные бумаги, такие как акции или облигации, вы становитесь владельцем части актива и принимаете на себя все риски, связанные с его стоимостью. В случае убытков по инвестициям, компенсация возможна только через суд, и то только если у вас есть договор с инвестсоветником, который нарушил свои обязательства."
488,Нужно ли заемщику менять платежи при санации банка либо при отзыве лицензии?,"При санации банка или отзыве лицензии у заемщика могут возникнуть изменения в условиях обслуживания кредита. Однако, непосредственно менять график платежей не всегда обязательно. Вот основные моменты: 1. Санация банка: В этом случае банк может изменить условия кредитования, но обычно заемщики продолжают платить по прежнему графику. Однако стоит уточнить у банка или нового управляющего, не вносятся ли изменения в ваш кредитный договор. 2. Отзыв лицензии: При отзыве лицензии банк переходит под управление Агентства по страхованию вкладов (АСВ). В этом случае заемщикам рекомендуется обратиться в АСВ или новый банк, который возьмет на себя обязательства по кредитам, для уточнения дальнейших действий. Возможно, потребуется переоформить кредитный договор. В обоих случаях важно следить за официальными сообщениями банка и АСВ, а также обращаться в банк или АСВ для получения актуальной информации о вашем кредите."
489,Как учитывать инфляцию в семейном финансовом плане?,"Для учета инфляции в семейном финансовом плане следует учитывать несколько ключевых моментов: 1. Финансовый план: Составьте финансовый план, который включает ежемесячные расходы. Умножьте эту сумму на шесть, чтобы определить сумму, которая поможет вам чувствовать себя более или менее спокойно. 2. Финансовые инструменты: Используйте финансовые инструменты, которые помогут компенсировать потери из-за инфляции. Например, проценты по вкладу могут компенсировать инфляционные потери. Также рассмотрите возможность использования карт с кешбэком, которые помогут вернуть часть потраченных средств. 3. Индивидуальный инвестиционный счет (ИИС): Изучите возможности индивидуального инвестиционного счета. Узнайте, в каких случаях можно получить налоговый вычет, что также может помочь в сохранении и увеличении ваших сбережений. 4. Контроль доходов и расходов: Важно взвешенно относиться к своим тратам, быть финансово осмотрительными и контролировать доходы и расходы. Это поможет вам адаптироваться к изменениям в экономике и инфляции. 5. Денежно-кредитная политика: Следите за изменениями в денежно-кредитной политике, так как они могут влиять на уровень инфляции. Например, повышение ключевой ставки может помочь сдержать инфляцию, но также может повлиять на стоимость кредитов и вкладов. Таким образом, учет инфляции в семейном финансовом плане требует комплексного подхода, включающего планирование, использование финансовых инструментов и контроль за доходами и расходами."
490,Почему банковский вклад безопаснее инвестиций в ПИФы?,"Банковский вклад считается более безопасным по сравнению с инвестициями в ПИФы по нескольким причинам: 1. Гарантии государства: Вклады в банках, которые работают в рамках системы страхования вкладов, защищены государством. В случае отзыва лицензии у банка вкладчики могут рассчитывать на возврат своих средств в пределах установленного лимита. 2. Стабильность доходности: Процентная ставка по вкладу фиксируется на весь срок размещения, что позволяет заранее знать, какой доход вы получите. 3. Отсутствие рыночных рисков: В отличие от ПИФов, банковские вклады не зависят от колебаний на фондовом рынке. Доходность вклада не может снизиться из-за падения цен на акции или облигации. 4. Простота и понятность: Банковские вклады проще в управлении и не требуют глубоких знаний о рынке ценных бумаг."
491,Какие ПИФы подходят для краткосрочной стратегии?,"Для краткосрочной стратегии инвестирования подходят ПИФы, которые вкладываются в высоколиквидные активы, такие как акции и облигации. Эти фонды могут быстрее реагировать на изменения рынка и обеспечивать более высокую доходность в краткосрочной перспективе. Однако важно учитывать, что краткосрочные инвестиции в ПИФы сопряжены с более высокими рисками. Рекомендуется тщательно изучать стратегию и историю доходности выбранного фонда, а также диверсифицировать свои инвестиции, чтобы минимизировать возможные убытки."
492,В чем различие условий вычетов по ИИС-1/ИИС-2?,"ИИС-1 (тип А) и ИИС-2 (тип Б) — это два типа индивидуальных инвестиционных счетов, которые отличаются условиями налоговых вычетов. ИИС-1 (тип А) позволяет получить налоговый вычет на внесенные средства. Вы можете вернуть 13% от суммы внесения, но не более 52 000 рублей в год. Этот вычет можно получить только один раз в год. ИИС-2 (тип Б) не предоставляет налоговый вычет на внесение средств, но позволяет не платить налог на доходы от инвестиций. Это значит, что вы не будете платить НДФЛ с прибыли, полученной от продажи ценных бумаг, если они были куплены на этом счете. Основное различие между ИИС-1 и ИИС-2 заключается в том, что ИИС-1 дает возможность вернуть часть внесенных средств в виде налогового вычета, а ИИС-2 позволяет сэкономить на налогах с доходов от инвестиций."
493,Какие страховки реально обязательны по закону?,"По закону обязательными являются следующие виды страхования: 1. ОСАГО (Обязательное страхование автогражданской ответственности) — для владельцев транспортных средств. 2. Обязательное медицинское страхование (ОМС) — для всех граждан. 3. Страхование ответственности перевозчика (для юридических лиц, занимающихся перевозками). 4. Страхование ответственности работодателя за причинение вреда жизни и здоровью работников (для работодателей). Другие виды страхования, такие как ДСАГО, КАСКО, страхование жизни и здоровья, являются добровольными."
494,"Где монеты зачислят без комиссии, а где пополнение обойдется дороже?","В банках монеты можно обменять на купюры без комиссии, если они являются законным платежным средством. Однако, если монеты иностранные или уже выведены из обращения, их обмен может быть невозможен или сопровождаться комиссией. Для пополнения счета или вклада лучше использовать купюры, так как обналичивание мелких сумм через банкоматы за границей может быть невыгодным из-за высокой комиссии. Например, снятие 20–50 евро или долларов может обойтись в 25% комиссии. Если вам нужно обменять монеты, обратитесь в банк, где у вас открыт счет, и уточните условия обмена. В некоторых случаях банки могут предложить обмен без комиссии, особенно если речь идет о национальной валюте."
495,Как проверить страховую компанию перед покупкой автостраховки?,"Для проверки страховой компании перед покупкой автостраховки рекомендуется выполнить следующие шаги: 1. Проверьте лицензию компании. Убедитесь, что у страховой компании есть действующая лицензия на осуществление страховой деятельности. Это можно сделать на сайте Центрального банка Российской Федерации. 2. Изучите репутацию компании. Посмотрите отзывы клиентов, обратите внимание на количество жалоб и их характер. Это поможет понять, насколько компания надежна и как она решает проблемы своих клиентов. 3. Ознакомьтесь с условиями договора. Внимательно изучите все пункты договора, особенно те, которые касаются выплат, сроков и условий страхового случая. Убедитесь, что вы понимаете все термины и условия. 4. Сравните предложения разных компаний. Не выбирайте первую попавшуюся компанию. Сравните условия, тарифы и дополнительные услуги у нескольких страховых компаний. 5. Проверьте финансовую устойчивость компании. Узнайте, насколько компания финансово устойчива, чтобы быть уверенным в том, что она сможет выполнить свои обязательства в случае страхового случая. 6. Обратите внимание на сроки выплат. Уточните, какие сроки выплат предлагает компания, и сравните их с другими компаниями. Это важно, чтобы знать, сколько времени может занять процесс получения компенсации. 7. Убедитесь в отсутствии скрытых платежей. Проверьте, нет ли в договоре скрытых платежей или дополнительных условий, которые могут повлиять на стоимость страховки или выплаты. Следуя этим шагам, вы сможете выбрать надежную страховую компанию и избежать возможных проблем в будущем."
496,В каких случаях банк обязан вернуть клиенту деньги при мошенническом переводе и при несанкционированной операции по карте?,"Банк обязан вернуть клиенту деньги в следующих случаях: 1. Если клиент своевременно уведомил банк о мошенническом переводе или несанкционированной операции. Это можно сделать, позвонив по официальному номеру банка или обратившись в отделение. 2. Если клиент доказал, что не совершал операцию и не передавал данные карты третьим лицам. Для этого могут потребоваться доказательства, такие как выписки по счету, записи с камер наблюдения или другие подтверждающие документы. 3. Если банк не смог предоставить доказательства того, что клиент сам совершил операцию или предоставил доступ к карте третьим лицам. В случае мошенничества или несанкционированных операций клиент должен как можно скорее заблокировать карту и обратиться в банк для разбирательства. Банк проведет расследование и примет решение о возврате средств."
497,В каких случаях банк вправе приостанавливать операции бизнеса?,"Банк вправе приостанавливать операции по счету бизнеса в нескольких случаях: 1. Если банк считает, что операции связаны с повышенным риском. Например, если банк подозревает, что средства могут быть использованы в противозаконных целях. 2. Если банк получил запрос от правоохранительных органов или других уполномоченных структур. 3. Если банк обнаружил подозрительную активность на счете, которая может указывать на мошенничество или отмывание денег. 4. Если у банка есть основания полагать, что счет используется для обхода санкций или других ограничений. 5. Если банк не может подтвердить законность происхождения средств на счете. В таких случаях банк может приостановить операции до выяснения обстоятельств. Если вы считаете, что блокировка счета неправомерна, вы можете обжаловать решение банка через механизм внутреннего рассмотрения жалоб (МВК) или в судебном порядке."
498,Чем защита денег на банковских счетах отличается от вложений в НСЖ при проблемах у организации?,"Защита денег на банковских счетах и вложений в негосударственные пенсионные фонды (НСЖ) различается по механизмам и лимитам компенсаций. Для банковских счетов и вкладов действует система страхования вкладов, которая гарантирует возврат средств в случае отзыва лицензии у банка. Максимальная сумма компенсации составляет 1,4 миллиона рублей, включая проценты. В некоторых случаях эта сумма может быть увеличена до 10 миллионов рублей. Для вложений в НСЖ защита может быть менее четко определена и зависит от условий конкретного фонда. Обычно НСЖ не подпадают под систему страхования вкладов, и в случае проблем у фонда возврат средств может быть сложнее и менее гарантирован."
499,Что проверяют банки по бизнес-плану по сравнению с краудинвестингом?,"Банки и платформы краудинвестинга проверяют бизнес-планы по разным критериям. Банки в первую очередь оценивают: - Финансовую устойчивость бизнеса. - Наличие стабильного дохода и надежной работы. - Отсутствие просрочек по обязательным платежам. - Кредитную историю и рейтинговый балл. Платформы краудинвестинга фокусируются на: - Привлекательности проекта для инвесторов. - Потенциале доходности и рисках. - Репутации и опыте команды, реализующей проект. - Плане использования привлеченных средств. Банки более строго оценивают финансовую надежность и кредитную историю, в то время как краудинвестинговые платформы делают акцент на привлекательности проекта для инвесторов."
500,Чем отличается банковское финансирование с госгарантией от краудлендинга?,"Банковское финансирование с госгарантией и краудлендинг — это два разных способа получения финансирования, которые имеют существенные различия. Банковское финансирование с госгарантией предполагает, что государство гарантирует возврат кредита банку, если заемщик не сможет его вернуть. Это снижает риски для банка и может упростить получение кредита для заемщика. Однако процесс получения такого кредита может быть более сложным и требовать больше документов. Краудлендинг, с другой стороны, это метод привлечения финансирования через интернет-платформы, где множество инвесторов вносят небольшие суммы для финансирования проекта или бизнеса. Краудлендинг обычно более доступен и быстрее, чем банковское финансирование, но может быть менее надежным, так как не гарантирует возврат средств. Таким образом, основные различия заключаются в источнике финансирования, процессе получения средств и уровне риска."
