ID вопроса,Вопрос,Ответы на вопрос
1,Как просрочка по «беспроцентному» займу скажется на переплате/ПСК?,"Просрочка по ""беспроцентному"" займу может повлиять на переплату и ПСК (полную стоимость кредита) следующим образом:

1. **Штрафы и пени**: Даже если заем беспроцентный, за просрочку могут начисляться штрафы или пени. Это увеличит общую сумму, которую вам нужно вернуть.

2. **Изменение ПСК**: Полная стоимость кредита (ПСК) включает все платежи по кредиту, включая штрафы и комиссии. Если из-за просрочки начисляются дополнительные платежи, ПСК увеличится.

3. **Ухудшение кредитной истории**: Просрочка может негативно сказаться на вашей кредитной истории, что в будущем может повлиять на условия кредитования.

Для точного расчета переплаты и ПСК рекомендуется обратиться в банк, где вы взяли заем."
2,"Как действовать вкладчику при отзыве лицензии, учитывая лимит безопасной суммы?","При отзыве лицензии у банка действия вкладчика зависят от суммы вклада и наличия страховки.

1. **Сумма вклада до 1,4 млн рублей**:
   - Вкладчик получит компенсацию в размере 100% суммы вклада и 100% процентов, начисленных на вклад, но не более 1,4 млн рублей. Выплаты производятся в течение 3 рабочих дней после отзыва лицензии.
   - Компенсация выплачивается через Агентство по страхованию вкладов (АСВ) или другой банк, назначенный АСВ.

2. **Сумма вклада свыше 1,4 млн рублей**:
   - Вкладчик получит компенсацию в размере 1,4 млн рублей, включая проценты.
   - Остаток средств (свыше 1,4 млн рублей) будет включен в реестр требований кредиторов второго уровня. Возврат этих средств зависит от результатов ликвидации банка и может занять значительное время.

3. **Действия вкладчика**:
   - Следить за официальными сообщениями АСВ и банка.
   - Обратиться в банк, который назначен АСВ для выплаты компенсаций, или напрямую в АСВ.
   - Предоставить необходимые документы для подтверждения вклада (паспорт, договор вклада и т.д.).

Если у вас есть дополнительные вопросы по данной теме, пожалуйста, уточните их."
3,Как действовать при оспаривании незаконной продажи долга с учетом установленных сроков ответа на претензии?,"Для оспаривания незаконной продажи долга важно действовать в рамках установленных законом сроков и процедур. Вот пошаговый алгоритм:

1. **Проверка законности продажи долга**:
   - Убедитесь, что продажа долга соответствует законодательству. В России, например, продажа долга возможна только с согласия должника или на основании судебного решения.

2. **Подача претензии**:
   - Если вы считаете, что продажа долга незаконна, направьте претензию коллекторскому агентству или новому кредитору. В претензии укажите основания, по которым считаете продажу долга незаконной.
   - Срок ответа на претензию обычно составляет 30 дней с момента ее получения.

3. **Обращение в суд**:
   - Если претензия не была удовлетворена или ответ не поступил в установленный срок, вы можете обратиться в суд с иском о признании сделки по продаже долга недействительной.
   - Срок исковой давности для таких споров составляет три года с момента, когда вы узнали или должны были узнать о нарушении своих прав.

4. **Сбор доказательств**:
   - Подготовьте все документы, подтверждающие незаконность продажи долга. Это могут быть договоры, письма, судебные решения и другие доказательства.

5. **Консультация с юристом**:
   - Рекомендуется проконсультироваться с юристом, специализирующимся на долговых спорах, для более детального анализа вашей ситуации и определения дальнейших действий.

Если у вас есть дополнительные вопросы по данной теме, пожалуйста, уточните их."
4,Как изменился лимит социального вычета на спорт по сравнению с 2022 годом?,"В 2023 году лимит социального вычета на спорт остался на уровне 120 тысяч рублей в год. Это означает, что вы можете вернуть 13% от суммы, потраченной на спорт, но не более 15 600 рублей (13% от 120 000 рублей).

Если в 2022 году лимит был другим, уточните, пожалуйста, чтобы я мог сравнить изменения."
5,Чем отличаются сроки обращения за наследством по закону от сроков для налогового имущественного вычета?,"Сроки обращения за наследством по закону и сроки для налогового имущественного вычета регулируются разными нормативными актами и имеют разные цели.

1. **Сроки обращения за наследством по закону**:
   - Согласно Гражданскому кодексу РФ, срок для принятия наследства составляет 6 месяцев с момента открытия наследства (смерти наследодателя).
   - Если наследник пропустил этот срок, он может восстановить его в судебном порядке, предоставив уважительные причины.

2. **Сроки для налогового имущественного вычета**:
   - Налоговый имущественный вычет можно получить в течение 3 лет с момента получения права на вычет (например, с момента покупки недвижимости).
   - Для получения вычета необходимо подать декларацию 3-НДФЛ и предоставить необходимые документы в налоговую инспекцию.

Таким образом, сроки и процедуры для обращения за наследством и получения налогового вычета различаются. Если у вас есть дополнительные вопросы, связанные с банковскими услугами, пожалуйста, уточните их."
6,Почему при высокой долговой нагрузке банк может отказать в новом кредите?,"При высокой долговой нагрузке банк может отказать в новом кредите по нескольким причинам:

1. **Платежеспособность**: Банк оценивает вашу способность выплачивать новые кредиты наряду с уже существующими обязательствами. Если ваша текущая долговая нагрузка высока, банк может посчитать, что вы не сможете своевременно выплачивать новый кредит.

2. **Риск дефолта**: Высокая долговая нагрузка увеличивает риск того, что вы не сможете выполнить свои финансовые обязательства. Банки стремятся минимизировать риски, поэтому могут отказать в кредите, если считают, что вы не сможете его погасить.

3. **Соотношение долга к доходу (DTI)**: Банки часто используют коэффициент долговой нагрузки (DTI), который показывает, какая часть вашего дохода уходит на погашение долгов. Если этот коэффициент превышает установленные банком нормы (обычно 40-50%), кредитная заявка может быть отклонена.

4. **Кредитная история**: Высокая долговая нагрузка может негативно сказаться на вашей кредитной истории, особенно если у вас есть просрочки или задержки платежей. Банк может отказать в кредите, если ваша кредитная история не соответствует его требованиям.

Если у вас есть дополнительные вопросы по кредитованию, пожалуйста, уточните их."
7,Что сделать первым делом при обнаружении мошеннического списания с карты?,"При обнаружении мошеннического списания с карты необходимо сразу же предпринять следующие шаги:

1. **Блокировка карты**: Немедленно позвоните в банк и заблокируйте карту, чтобы предотвратить дальнейшие списания. Это можно сделать через круглосуточную службу поддержки банка.

2. **Обращение в банк**: Обратитесь в банк с заявлением о мошенническом списании. Банк проведет расследование и примет меры для возврата средств, если списание подтвердится как мошенническое.

3. **Сбор доказательств**: Сохраните все документы и чеки, которые могут подтвердить факт мошенничества. Это могут быть выписки по счету, скриншоты транзакций и другие доказательства.

4. **Обращение в полицию**: Если сумма списания значительная, рекомендуется обратиться в полицию для возбуждения уголовного дела. Это может помочь в возврате средств и привлечении виновных к ответственности.

5. **Мониторинг счетов**: Регулярно проверяйте свои счета на наличие подозрительных операций. Это поможет своевременно обнаружить и предотвратить мошеннические действия.

Если у вас возникли дополнительные вопросы или нужна помощь, обратитесь в банк для получения более подробной информации."
8,"Куда обращаться, если заемные деньги ушли мошенникам?","Если заемные деньги ушли мошенникам, необходимо незамедлительно обратиться в банк, через который был осуществлен перевод. Сообщите о случившемся в службу поддержки банка и запросите блокировку операции, если это возможно. Также следует подать заявление в полицию и предоставить все возможные доказательства мошенничества.

Если у вас есть дополнительные вопросы по работе с банком, пожалуйста, уточните их."
9,Как с помощью госгарантий повысить шанс одобрения и какую долю кредита они покрывают?,"Государственные гарантии могут значительно повысить шансы на одобрение кредита, так как они снижают риски для банка. Банк видит, что в случае невыполнения обязательств по кредиту, государство возместит часть убытков.

Доля кредита, которую покрывают госгарантии, зависит от программы и условий. Обычно это может быть от 50% до 90% от суммы кредита. Точные условия и процент покрытия нужно уточнять в конкретной программе госгарантий, так как они могут различаться."
10,Почему вклад безопаснее инвестиций в ценные бумаги?,"Вклады считаются более безопасными по сравнению с инвестициями в ценные бумаги по нескольким причинам:

1. **Гарантии государства**: Вклады в банках, которые участвуют в системе страхования вкладов, защищены государством. В случае банкротства банка вкладчики могут вернуть свои средства в пределах установленного лимита (например, до 1,4 млн рублей в России).

2. **Стабильность доходности**: Процентная ставка по вкладу фиксируется на весь срок и не зависит от рыночных колебаний. Это позволяет точно знать, какой доход вы получите в конце срока.

3. **Минимальные риски**: Вклады не подвержены рыночным рискам, таким как колебания курсов валют, изменение процентных ставок или нестабильность эмитента.

4. **Простота и доступность**: Вклады не требуют глубоких знаний о рынке ценных бумаг и их особенностях. Они доступны для всех категорий вкладчиков, включая тех, кто не имеет опыта в инвестировании.

5. **Гибкость условий**: Банки предлагают различные варианты вкладов с разными сроками и условиями, что позволяет выбрать наиболее подходящий вариант в зависимости от ваших финансовых целей и потребностей.

В то время как инвестиции в ценные бумаги могут приносить более высокую доходность, они также связаны с более высокими рисками, такими как рыночные колебания, кредитные риски и риски ликвидности."
11,"Каковы сроки блокировки перевода, а также решения финомбудсмена?","Сроки блокировки перевода зависят от обстоятельств и могут варьироваться. Обычно банк блокирует перевод на срок до 30 дней для проверки. Решение финансового омбудсмена может занять от 30 до 90 дней, в зависимости от сложности дела и загруженности омбудсмена."
12,Почему иностранные депозитарные расписки и многие ETF могут быть заблокированы и кому они доступны?,"Иностранные депозитарные расписки (ADR) и некоторые ETF могут быть заблокированы для российских инвесторов из-за санкционных ограничений, введенных против России. Эти ограничения могут касаться как конкретных эмитентов, так и брокерских компаний, через которые осуществляется доступ к таким инструментам.

Доступ к иностранным депозитарным распискам и ETF может быть ограничен для физических лиц, если они не соответствуют требованиям регуляторов или если брокерские компании не могут обеспечить их торговлю в соответствии с международными санкциями.

Для получения более точной информации рекомендуется обратиться к вашему брокеру или в службу поддержки банка, где вы открыли брокерский счет."
13,Какие приемы помогут сократить импульсные покупки?,"Для сокращения импульсных покупок можно использовать следующие приемы:

1. **Составление списка покупок** – перед походом в магазин составьте список необходимых товаров и строго придерживайтесь его.
2. **Ограничение наличных средств** – возьмите с собой только ту сумму, которая необходима для запланированных покупок.
3. **Использование карт с лимитами** – если вы пользуетесь банковской картой, установите лимит на покупки, чтобы избежать необдуманных трат.
4. **Отложенный платеж** – если вы видите товар, который хотите купить, но он не входит в план, отложите покупку на несколько дней. Часто после этого желание приобрести его пропадает.
5. **Анализ покупок** – регулярно проверяйте свои расходы и анализируйте, какие из них были импульсными. Это поможет осознать свои привычки и избежать повторения ошибок.
6. **Использование кэшбэка и бонусов** – если вы все же совершаете покупки, выбирайте карты с кэшбэком или бонусами, чтобы получать выгоду даже от необходимых трат.

Эти приемы помогут вам контролировать свои расходы и избегать ненужных покупок."
14,Чем отличаются госгарантии по деньгам на эскроу от гарантий по накоплениям в НПФ?,"Госгарантии по деньгам на эскроу и гарантии по накоплениям в НПФ различаются по нескольким ключевым аспектам:

1. **Цель и назначение**:
   - **Госгарантии по эскроу**: Обеспечивают защиту средств, которые находятся на эскроу-счетах. Эти счета используются для временного хранения денег до выполнения определенных условий сделки (например, при покупке недвижимости).
   - **Гарантии по накоплениям в НПФ**: Обеспечивают защиту пенсионных накоплений граждан, которые размещаются в негосударственных пенсионных фондах.

2. **Уровень защиты**:
   - **Госгарантии по эскроу**: Обеспечиваются государством и защищают средства от рисков, связанных с неисполнением обязательств одной из сторон сделки.
   - **Гарантии по накоплениям в НПФ**: Обеспечиваются государством и защищают пенсионные накопления от рисков, связанных с несостоятельностью НПФ или другими финансовыми рисками.

3. **Условия и механизмы**:
   - **Госгарантии по эскроу**: Средства на эскроу-счетах блокируются до выполнения условий сделки, и их использование регулируется договором.
   - **Гарантии по накоплениям в НПФ**: Средства накоплений защищены государством, и в случае банкротства НПФ они передаются в управление другому фонду или государственному пенсионному фонду.

Таким образом, основное различие заключается в целях и условиях использования гарантий, а также в механизмах защиты средств."
15,Как распознать мошенников при возврате денег за отмененный рейс?,"Для распознавания мошенников при возврате денег за отмененный рейс следует придерживаться нескольких ключевых принципов:

1. **Официальные каналы связи**:
   - Все уведомления и инструкции по возврату денег должны поступать только через официальные каналы авиакомпании или банка. Это могут быть email, SMS или уведомления в личном кабинете на сайте авиакомпании или банка.

2. **Проверка информации**:
   - Убедитесь, что информация о возврате денег соответствует официальным данным. Например, если авиакомпания предлагает возврат через определенный сервис, проверьте этот сервис на официальном сайте авиакомпании.

3. **Не предоставляйте личные данные**:
   - Никогда не предоставляйте свои личные данные, такие как пароли, CVV-коды карт, SMS-коды или другие конфиденциальные данные, через неофициальные каналы связи.

4. **Проверка платежных реквизитов**:
   - Если вам предлагают перевести деньги на другой счет, убедитесь, что реквизиты счета соответствуют официальным данным авиакомпании или банка. Мошенники могут пытаться перенаправить ваши деньги на свои счета.

5. **Использование официальных сервисов**:
   - Для возврата денег используйте только официальные сервисы, предложенные авиакомпанией или банком. Не переходите по ссылкам из подозрительных писем или сообщений.

6. **Консультация с банком**:
   - Если у вас возникли сомнения, обратитесь в банк для получения консультации. Банк может помочь вам проверить подлинность запроса на возврат денег.

Если вы заметили подозрительную активность или получили подозрительное сообщение, немедленно свяжитесь с поддержкой авиакомпании или банка для уточнения информации."
16,Какие документы подойдут для подтверждения дохода при заявке на кредит?,"Для подтверждения дохода при заявке на кредит обычно требуются следующие документы:

1. **Справка о доходах** (форма 2-НДФЛ или по форме банка).
2. **Копия трудовой книжки** (заверенная работодателем) или трудовой договор.
3. **Выписка с банковского счета** (если доход поступает на счет).
4. **Декларация о доходах** (для индивидуальных предпринимателей и самозанятых).

Точный перечень документов может варьироваться в зависимости от политики банка и типа кредита. Рекомендуется уточнить список у кредитного специалиста."
17,Зачем частному клиенту следить за рейтингом страховщика на фоне возможной приостановки лицензии?,"Частному клиенту важно следить за рейтингом страховщика, чтобы оценить его финансовую устойчивость и надежность. Если рейтинг страховщика снижается, это может указывать на возможные проблемы с ликвидностью или финансовой стабильностью компании. В случае приостановки лицензии страховщик может столкнуться с трудностями в выполнении своих обязательств перед клиентами, что может привести к задержкам в выплатах или даже к отказу в выплатах.

Следить за рейтингом страховщика также важно для того, чтобы своевременно принять меры по защите своих интересов. Например, клиент может рассмотреть возможность перехода к другому страховщику с более высоким рейтингом или более надежной репутацией. Кроме того, клиент может потребовать от страховщика дополнительных гарантий или условий страхования, чтобы минимизировать риски в случае приостановки лицензии.

В целом, следить за рейтингом страховщика на фоне возможной приостановки лицензии важно для защиты своих интересов и минимизации рисков, связанных с возможными проблемами у страховщика."
18,Чем для вкладчика отличается санация от отзыва лицензии?,"Санация и отзыв лицензии — это разные процедуры, которые могут применяться к банку в случае финансовых трудностей.

**Санация** — это процедура финансового оздоровления банка, при которой государство или другой инвестор вкладывает средства для стабилизации его работы. Вкладчики обычно не теряют свои средства, а банк продолжает работать под контролем новых владельцев или регуляторов.

**Отзыв лицензии** — это более радикальная мера, при которой банк лишается права на осуществление банковских операций. В этом случае вкладчики могут получить свои средства через Агентство по страхованию вкладов (АСВ) в рамках страхового возмещения (до 1,4 млн рублей).

Таким образом, основное отличие заключается в том, что санация направлена на спасение банка, а отзыв лицензии — на его ликвидацию."
19,Какие лимиты действуют на выплаты клиентам МФО по сравнению с гарантиями для клиентов НПФ?,"Для ответа на ваш вопрос требуется уточнение, так как МФО (микрофинансовые организации) и НПФ (негосударственные пенсионные фонды) регулируются разными нормативными актами и имеют разные механизмы выплат и гарантий.

1. **МФО (микрофинансовые организации):**
   - Лимиты на выплаты клиентам МФО устанавливаются в соответствии с законодательством РФ. Например, максимальная сумма займа для микрофинансовых организаций ограничена, а процентные ставки регулируются.
   - Гарантии для клиентов МФО могут включать страхование ответственности заемщика, но это зависит от условий конкретной МФО.

2. **НПФ (негосударственные пенсионные фонды):**
   - Гарантии для клиентов НПФ обеспечиваются государством через механизм компенсации в случае банкротства НПФ. Например, в России действует система гарантирования прав застрахованных лиц.
   - Выплаты клиентам НПФ регулируются пенсионным законодательством и условиями договора негосударственного пенсионного обеспечения.

Если вам нужна более конкретная информация, уточните, о каких именно лимитах и гарантиях идет речь, или укажите конкретные условия, которые вас интересуют."
20,Какие банковские инструменты подходят для безопасных расчетов и для возврата денег при споре?,"Для безопасных расчетов и возврата денег при споре в банке обычно используются следующие инструменты:

1. **Банковские карты (Visa, Mastercard, МИР)**:
   - Позволяют проводить платежи с возможностью оспорить транзакцию.
   - В случае спора можно инициировать чарджбэк (возврат средств).

2. **Электронные деньги (электронные кошельки)**:
   - Некоторые системы (например, ЮMoney, QIWI) предоставляют защиту покупателя и возможность возврата средств.

3. **Банковские переводы (СБП, SWIFT)**:
   - Переводы через Систему Быстрых Платежей (СБП) защищены, но возврат средств возможен только при согласии получателя.
   - Международные переводы (SWIFT) могут быть оспорены, но процесс сложнее.

4. **Аккредитивы и инкассо**:
   - Аккредитивы обеспечивают гарантию платежа и защиту обеих сторон.
   - Инкассо позволяет получателю средств контролировать их получение.

5. **Эскроу-счета**:
   - Деньги хранятся на специальном счете до выполнения условий сделки, что снижает риски для обеих сторон.

Для возврата денег при споре наиболее подходящими инструментами являются банковские карты и электронные кошельки, так как они предоставляют механизмы чарджбэка и защиты покупателя."
21,Как безопасно настроить автоплатеж?,"Для настройки автоплатежа безопасно выполните следующие шаги:

1. **Войдите в интернет-банк** или мобильное приложение вашего банка.
2. **Перейдите в раздел автоплатежей** или ""Автоплатежи"" / ""Шаблоны платежей"".
3. **Выберите ""Создать новый автоплатеж""** или аналогичную опцию.
4. **Укажите реквизиты получателя** (номер счета, ИНН, БИК и т.д.).
5. **Введите сумму и дату платежа**. Убедитесь, что сумма и дата указаны корректно.
6. **Подтвердите создание автоплатежа** с помощью SMS-кода или другого метода аутентификации.
7. **Проверьте настройки** и убедитесь, что все данные введены правильно.

Если у вас возникли трудности, обратитесь в службу поддержки вашего банка."
22,Как мошенники крадут реквизиты при оплате онлайн?,"Мошенники могут красть реквизиты при оплате онлайн различными способами. Вот основные методы:

1. **Фишинг**: Мошенники создают поддельные сайты или страницы, которые выглядят как официальные, и просят ввести реквизиты карты. Например, могут отправить ссылку на поддельный сайт через email или сообщение.

2. **Вирусы и трояны**: Злоумышленники могут распространять вредоносное ПО, которое записывает нажатия клавиш (ключевые логи) или скриншоты экрана, чтобы украсть данные карты.

3. **Подмена реквизитов**: Мошенники могут изменить реквизиты платежа, например, заменить номер карты или сумму, если у них есть доступ к вашему устройству или аккаунту.

4. **Мошеннические приложения**: Некоторые приложения могут запрашивать доступ к данным карты под предлогом предоставления услуг, но на самом деле крадут информацию.

5. **Социальная инженерия**: Мошенники могут звонить или писать, представляясь сотрудниками банка, и просить предоставить реквизиты карты для ""проверки"".

Для защиты своих данных при оплате онлайн рекомендуется:
- Использовать только официальные сайты и приложения.
- Не переходить по подозрительным ссылкам.
- Устанавливать антивирусное ПО и регулярно обновлять его.
- Не предоставлять реквизиты карты по телефону или через сообщения.
- Использовать виртуальные карты или сервисы безопасных платежей."
23,"Чем отличаются ОСАГО, каско, ДСАГО по выплатам?","ОСАГО (Обязательное страхование автогражданской ответственности) и КАСКО (Комплексное автомобильное страхование) различаются по покрытию и условиям выплат.

1. **ОСАГО**:
   - Обязательное страхование, которое покрывает ущерб, причиненный третьим лицам (имуществу, здоровью, жизни).
   - Выплаты производятся в случае ДТП, если вы являетесь виновником.
   - Максимальная сумма выплаты ограничена законодательством (например, 400 000 рублей за вред имуществу и 500 000 рублей за вред жизни и здоровью).

2. **КАСКО**:
   - Добровольное страхование, которое покрывает ущерб вашему автомобилю, независимо от того, кто является виновником ДТП.
   - Выплаты производятся за ущерб вашему автомобилю, включая угон, пожар, стихийные бедствия и другие риски, указанные в договоре.
   - Сумма выплаты зависит от условий договора и может быть полной или частичной.

3. **ДСАГО (Добровольное страхование автогражданской ответственности)**:
   - Добровольное дополнение к ОСАГО, которое увеличивает лимиты выплат и расширяет coverage.
   - Покрывает ущерб третьим лицам сверх лимитов ОСАГО.
   - Выплаты производятся в случае ДТП, если вы являетесь виновником, но сумма выплаты выше, чем по ОСАГО.

Таким образом, ОСАГО обязательно и покрывает ущерб третьим лицам, КАСКО добровольное и покрывает ущерб вашему автомобилю, а ДСАГО добровольное и расширяет coverage ОСАГО."
24,Какие базовые меры кибербезопасности соблюдать при онлайн‑оплате услуг?,"Для обеспечения безопасности при онлайн-оплате услуг рекомендуется соблюдать следующие базовые меры кибербезопасности:

1. **Используйте надежные устройства и сети**:
   - Проводите оплату с устройств, на которых установлены последние обновления операционной системы и антивирусного ПО.
   - Избегайте использования общедоступных Wi-Fi сетей для проведения финансовых операций.

2. **Проверяйте подлинность сайта**:
   - Убедитесь, что сайт использует протокол HTTPS (наличие значка замка в адресной строке браузера).
   - Проверьте, что доменное имя сайта соответствует официальному сайту организации, услуги которой вы оплачиваете.

3. **Используйте надежные методы аутентификации**:
   - Включите двухфакторную аутентификацию (2FA) для своих учетных записей, если это возможно.
   - Не передавайте пароли и другие конфиденциальные данные через небезопасные каналы связи.

4. **Регулярно проверяйте транзакции**:
   - Проверяйте историю своих транзакций в личном кабинете банка или на сайте платежной системы.
   - Немедленно сообщайте в банк или платежной системе о любых подозрительных операциях.

5. **Используйте виртуальные карты или одноразовые платежные средства**:
   - Некоторые банки предлагают виртуальные карты или одноразовые платежные средства, которые можно использовать для онлайн-оплаты, чтобы минимизировать риски.

6. **Не храните конфиденциальные данные на устройствах**:
   - Не сохраняйте пароли, номера карт и другие конфиденциальные данные на устройствах, которые могут быть утеряны или украдены.

7. **Будьте бдительны при получении подозрительных сообщений**:
   - Не переходите по ссылкам в подозрительных письмах или сообщениях, даже если они кажутся официальными.
   - Не вводите свои данные на сайтах, которые вы не можете идентифицировать как надежные.

Соблюдение этих мер поможет снизить риски, связанные с онлайн-оплатой услуг."
25,Зачем и в каких случаях инвесторам нужно проходить тестирование перед сделками с облигациями и при маржинальной торговле?,"Тестирование инвесторов перед сделками с облигациями и при маржинальной торговле проводится для оценки их финансовой грамотности, понимания рисков и готовности к потенциальным потерям. Это помогает защитить инвесторов от неоправданных рисков и обеспечивает соответствие требованиям регуляторов.

1. **Тестирование перед сделками с облигациями**:
   - **Оценка понимания рисков**: Облигации, особенно с высокой доходностью, могут нести риски дефолта, изменения процентных ставок и других факторов. Тестирование помогает убедиться, что инвестор осознает эти риски.
   - **Соответствие профилю инвестора**: Тестирование позволяет определить, подходит ли конкретный вид облигаций для инвестора на основе его финансовых целей, горизонта инвестирования и толерантности к риску.

2. **Тестирование при маржинальной торговле**:
   - **Оценка понимания механизмов маржинальной торговли**: Маржинальная торговля связана с использованием заемных средств, что увеличивает потенциальные потери. Тестирование помогает убедиться, что инвестор понимает, как работают маржинальные сделки и какие риски они несут.
   - **Соответствие финансовой устойчивости**: Маржинальная торговля требует наличия достаточных средств для покрытия возможных убытков. Тестирование помогает оценить, может ли инвестор позволить себе такие риски.

Таким образом, тестирование является важным инструментом для защиты инвесторов и обеспечения их осознанного подхода к инвестированию."
26,Можно ли продать ипотечную квартиру при разводе без суда?,"Для продажи ипотечной квартиры при разводе без суда необходимо соблюсти несколько условий:

1. **Согласие обоих супругов**: Оба супруга должны согласиться на продажу квартиры.
2. **Согласие банка**: Банк, который выдал ипотечный кредит, должен дать согласие на продажу. Обычно банк требует погашения кредита или переоформления ипотеки на нового заемщика.
3. **Согласование условий**: Супруги должны договориться о распределении вырученных средств от продажи, включая погашение ипотеки и возможное разделение остатка.

Если все условия соблюдены, продажа может быть осуществлена без обращения в суд. Однако, если есть споры или несогласия, может потребоваться судебное разбирательство."
27,Как изменится доступ неквалифицированного инвестора к иностранным акциям на российских биржах с 2025 года?,"С 2025 года доступ неквалифицированных инвесторов к иностранным акциям на российских биржах может измениться в соответствии с новыми регуляторными требованиями. В частности, могут быть введены дополнительные ограничения или требования к квалификации инвесторов, что может повлиять на доступность и условия торговли иностранными акциями.

Для получения точной информации рекомендуется следить за официальными заявлениями регуляторов и обновлениями на сайте банка."
28,Зачем добавлять золото в портфель в период нестабильности рынка?,"Золото часто добавляют в инвестиционный портфель в периоды нестабильности рынка по нескольким причинам:

1. **Защита от инфляции**: Золото традиционно считается ""надежным активом"" и может служить защитой от инфляции, так как его стоимость обычно растет в периоды высокой инфляции.

2. **Диверсификация**: Золото имеет низкую корреляцию с другими активами, такими как акции и облигации. Это означает, что оно может снизить общую волатильность портфеля.

3. **Ликвидность**: Золото является высоколиквидным активом, что позволяет быстро конвертировать его в наличные средства при необходимости.

4. **Убежище в периоды кризисов**: В периоды экономической нестабильности или политических кризисов инвесторы часто обращаются к золоту как к безопасному активу, что может способствовать росту его цены.

5. **Геополитическая неопределенность**: В условиях геополитической нестабильности золото также может служить защитой для инвесторов.

Таким образом, добавление золота в портфель может помочь снизить риски и обеспечить стабильность в периоды нестабильности на рынке."
29,Чем отличаются кредитные каникулы от внесудебного банкротства?,"Кредитные каникулы и внесудебное банкротство — это разные механизмы, которые помогают заемщикам в сложных финансовых ситуациях.

**Кредитные каникулы** — это временное освобождение от обязательств по кредиту. В этот период заемщик не выплачивает основной долг, проценты или их часть. Кредитные каникулы могут быть предоставлены банком по заявлению клиента, если у него возникли временные финансовые трудности. После окончания периода каникул выплаты возобновляются в соответствии с графиком платежей.

**Внесудебное банкротство** — это процедура, позволяющая физическим лицам признать себя несостоятельными без обращения в суд. В рамках внесудебного банкротства заемщик может договориться с кредиторами о списании части долга или реструктуризации обязательств. Этот механизм доступен при соблюдении определенных условий, например, если сумма долга не превышает установленный законом лимит.

Таким образом, кредитные каникулы — это временная отсрочка платежей, а внесудебное банкротство — это процедура, направленная на списание или реструктуризацию долга."
30,"Какие гранты доступны начинающему предпринимателю, а какие налоговые каникулы предусмотрены?","Начинающим предпринимателям могут быть доступны различные гранты и налоговые льготы. Вот основная информация:

1. **Гранты для начинающих предпринимателей:**
   - **Гранты от государства:** В России существуют программы поддержки малого и среднего бизнеса, включая гранты для начинающих предпринимателей. Например, программы ""Старт"" и ""Поддержка"" в рамках нацпроекта ""Малое и среднее предпринимательство и поддержка индивидуального предпринимательства"".
   - **Региональные программы:** В каждом регионе могут быть свои программы поддержки. Например, в Москве действует программа ""Московский предприниматель"", в Санкт-Петербурге — ""Стартовый капитал"".
   - **Гранты от частных фондов и организаций:** Некоторые фонды и организации также предоставляют гранты для начинающих предпринимателей.

2. **Налоговые каникулы:**
   - **Налоговые каникулы для ИП:** В России индивидуальные предприниматели, применяющие патентную систему налогообложения (ПСН) или упрощенную систему налогообложения (УСН), могут получить налоговые каникулы в первые два года работы. Это означает, что они могут быть освобождены от уплаты налогов на прибыль и на имущество.
   - **Региональные налоговые льготы:** В некоторых регионах могут быть дополнительные налоговые льготы для начинающих предпринимателей. Например, снижение ставки налога на имущество или налог на прибыль.

Для получения более точной информации рекомендуется обратиться в местные органы власти или в центры поддержки предпринимательства."
31,"Чем отличаются ипотечные каникулы от кредитных, допускаются ли они при уже допущенной просрочке?","Ипотечные каникулы и кредитные каникулы — это разные механизмы, но оба направлены на временное облегчение финансовой нагрузки заемщика.

**Ипотечные каникулы:**
- Применяются только к ипотечным кредитам.
- Позволяют временно приостановить выплаты по ипотеке на срок до 6 месяцев.
- Могут быть предоставлены при наличии уважительных причин (например, потеря работы, временная нетрудоспособность).
- Не допускаются при уже допущенной просрочке.

**Кредитные каникулы:**
- Применяются к любым видам кредитов (потребительские, автокредиты и т.д.).
- Позволяют временно приостановить выплаты на срок до 6 месяцев.
- Могут быть предоставлены при наличии уважительных причин.
- Не допускаются при уже допущенной просрочке.

Таким образом, оба вида каникул не допускаются при уже допущенной просрочке. Для получения каникул необходимо обратиться в банк и предоставить документы, подтверждающие уважительные причины."
32,Как определить официальный сайт финансовой организации по признакам в поиске?,"Для определения официального сайта финансовой организации по признакам в поиске, обратите внимание на следующие моменты:

1. **Доменное имя**: Официальные сайты финансовых организаций обычно имеют домен первого уровня (например, .ru, .com) и содержат название организации. Например, сайт банка может выглядеть как `bankname.ru` или `bankname.com`.

2. **Наличие SSL-сертификата**: Официальные сайты используют защищенное соединение (HTTPS), что подтверждается наличием значка замка в адресной строке браузера.

3. **Контактная информация**: На официальном сайте должна быть указана полная контактная информация, включая адрес, телефон, email и, возможно, чат для связи с поддержкой.

4. **Лицензии и реквизиты**: Финансовые организации обязаны размещать на своих сайтах информацию о лицензиях, реквизитах и регулирующих органах, которые их контролируют.

5. **Дизайн и содержание**: Официальные сайты обычно имеют профессиональный дизайн, четкую структуру и актуальную информацию о продуктах и услугах.

6. **Отсутствие ошибок**: На официальном сайте редко встречаются орфографические и грамматические ошибки, а также ссылок на подозрительные ресурсы.

Если у вас есть сомнения, всегда можно проверить информацию на сайте Центрального банка или других регулирующих органов."
33,Чем различается ответственность по долгам ИП по сравнению с ООО?,"Ответственность по долгам индивидуального предпринимателя (ИП) и общества с ограниченной ответственностью (ООО) различается следующим образом:

1. **ИП**:
   - ИП отвечает по своим обязательствам всем своим имуществом, за исключением имущества, на которое в соответствии с законом не может быть обращено взыскание (например, единственное жилье, предметы домашней обстановки и т.д.).
   - Кредиторы могут претендовать на личное имущество предпринимателя, если у него нет достаточного имущества для покрытия долгов.

2. **ООО**:
   - Участники ООО не отвечают по обязательствам общества и несут риск убытков в пределах стоимости своих вкладов.
   - Ответственность по долгам ООО несет само общество, а не его участники. Кредиторы могут претендовать только на имущество общества, а не на личное имущество участников.

Таким образом, основное отличие заключается в том, что ИП отвечает по долгам своим личным имуществом, а участники ООО — только в пределах своих вкладов в уставный капитал."
34,Что общего в последствиях просрочки по микрозайму и по займу через инвестиционную платформу?,"Последствия просрочки по микрозайму и по займу через инвестиционную платформу могут быть схожими, но есть и различия. Рассмотрим основные общие моменты:

1. **Начисление штрафов и пеней**: В обоих случаях при просрочке платежа начисляются штрафы и пени, что увеличивает общую сумму долга.

2. **Ухудшение кредитной истории**: Просрочка по любому виду займа негативно влияет на кредитную историю заемщика, что может затруднить получение кредитов в будущем.

3. **Взыскание долга**: Кредиторы (микрозаймовые организации или инвесторы через платформу) могут предпринять меры по взысканию долга, включая судебные разбирательства.

4. **Ограничение доступа к кредитам**: В случае частых просрочек заемщик может быть ограничен в доступе к новым займам или кредитам.

Если у вас есть конкретные вопросы по микрозаймам или займам через инвестиционные платформы, уточните их, и я постараюсь дать более детальный ответ."
35,Как безопасно оплатить покупку онлайн?,"Для безопасной оплаты покупок онлайн рекомендуется использовать следующие методы:

1. **Банковские карты с 3D-Secure**: Это технология дополнительной аутентификации, которая требует подтверждения платежа через SMS или мобильное приложение банка. Большинство банков поддерживают эту технологию для своих карт.

2. **Электронные кошельки**: Сервисы вроде PayPal, WebMoney, Qiwi и другие также обеспечивают дополнительный уровень безопасности. Они часто предлагают защиту покупателя в случае мошенничества.

3. **Кредитные карты с лимитами**: Использование кредитной карты с установленным лимитом может минимизировать ущерб в случае компрометации данных.

4. **Проверка сайта**: Перед оплатой убедитесь, что сайт использует защищенное соединение (URL начинается с https://) и имеет сертификат безопасности.

5. **Использование одноразовых карт**: Некоторые банки предлагают виртуальные или одноразовые карты, которые можно использовать для онлайн-покупок. Это снижает риск утечки данных основной карты.

6. **Мониторинг счетов**: Регулярно проверяйте свои банковские счета и транзакции, чтобы своевременно обнаружить любые подозрительные операции.

Если у вас возникли дополнительные вопросы по безопасности онлайн-платежей, обратитесь в службу поддержки вашего банка."
36,Как снизить риск при онлайн‑покупках к школе?,"Для снижения рисков при онлайн-покупках к школе рекомендуется:

1. **Проверяйте продавца**: Ознакомьтесь с отзывами, репутацией и историей продавца. Предпочтение отдавайте проверенным платформам и магазинам с хорошей репутацией.

2. **Используйте защищенные способы оплаты**: Оплата через банковскую карту с функцией 3D-Secure или электронные кошельки (например, PayPal) обеспечивает дополнительную защиту.

3. **Проверяйте URL сайта**: Убедитесь, что сайт использует протокол HTTPS (наличие значка замка в адресной строке).

4. **Сравнивайте цены**: Не спешите с покупкой, сравните цены на разных платформах, чтобы избежать мошеннических предложений.

5. **Используйте антивирусное ПО**: Это поможет защитить ваш компьютер или смартфон от вредоносных программ, которые могут украсть данные.

6. **Сохраняйте чеки и подтверждения**: Храните все подтверждения покупок и чеки для возможного возврата или обмена.

7. **Будьте осторожны с акциями и скидками**: Если предложение кажется слишком хорошим, чтобы быть правдой, вероятно, это мошенничество.

Если у вас возникнут вопросы по защите ваших финансовых данных, обратитесь в службу поддержки вашего банка."
37,"Что произойдет с ипотекой при разводе, если один из супругов перестанет платить?","При разводе ипотечный кредит, оформленный на обоих супругов, остается общим обязательством. Если один из супругов перестанет платить, банк вправе требовать полного погашения кредита от второго супруга, так как оба остаются созаемщиками.

Вот основные моменты:

1. **Совместная ответственность**: Оба супруга несут солидарную ответственность по ипотечному кредиту. Это означает, что банк может требовать погашения долга от любого из них.

2. **Риск для кредитной истории**: Если один из супругов не платит, это может негативно сказаться на кредитной истории обоих, так как кредит оформлен на обоих.

3. **Переоформление кредита**: В некоторых случаях можно попытаться переоформить кредит на одного из супругов, но это требует согласия банка и может быть связано с дополнительными условиями.

4. **Продажа недвижимости**: Если супруги не могут договориться о дальнейших платежах, возможен вариант продажи недвижимости и погашения кредита за счет вырученных средств.

5. **Судебные разбирательства**: В случае споров о разделе имущества или обязательств может потребоваться вмешательство суда.

Рекомендуется обратиться в банк для уточнения конкретных условий и возможных решений."
38,Когда обращаться с жалобой в Банк России?,"Обращаться в Банк России с жалобой следует в следующих случаях:

1. Если вы не получили ответа от банка в установленный законом срок (обычно 30 дней).
2. Если ответ банка вас не удовлетворил.
3. Если банк нарушил ваши права, например, незаконно списал деньги, отказал в выдаче кредита без объяснения причин и т.д.
4. Если банк не выполняет свои обязательства по договору.

Перед обращением в Банк России рекомендуется сначала обратиться в банк с претензией и дождаться ответа."
39,Чем самозапрет на кредиты отличается от услуг кредитных брокеров?,"Самозапрет на кредиты и услуги кредитных брокеров — это два разных подхода к управлению кредитной нагрузкой.

1. **Самозапрет на кредиты**:
   - Это добровольное ограничение, которое клиент накладывает на себя, чтобы не брать новые кредиты.
   - Обычно это делается через банковское приложение или личный кабинет, где клиент может временно заблокировать возможность оформления новых кредитов.
   - Самозапрет помогает контролировать свои финансы и избежать избыточной кредитной нагрузки.

2. **Услуги кредитных брокеров**:
   - Кредитные брокеры — это посредники между клиентом и банками, которые помогают найти наиболее выгодные условия кредитования.
   - Они анализируют предложения разных банков и подбирают оптимальные варианты для клиента.
   - Брокеры могут помочь оформить кредит даже при наличии плохой кредитной истории, но их услуги обычно платные.

Таким образом, самозапрет на кредиты — это инструмент для контроля своих финансов, а услуги кредитных брокеров — это помощь в получении кредита на выгодных условиях."
40,Когда наследник вправе рассчитывать на повышенное страховое возмещение по средствам из наследства с учетом требований к оформлению прав?,"Для получения повышенного страхового возмещения по средствам из наследства необходимо соблюсти несколько условий:

1. **Сроки обращения**: Наследник должен обратиться в страховую компанию в течение установленного срока, который обычно составляет 1-2 года с момента открытия наследства. Точный срок зависит от условий договора страхования.

2. **Оформление прав на наследство**: Наследник должен официально вступить в наследство, то есть получить свидетельство о праве на наследство. Это документ, подтверждающий его право на имущество умершего.

3. **Документы**: Наследник должен предоставить в страховую компанию все необходимые документы, включая свидетельство о праве на наследство, договор страхования, документы, подтверждающие смерть застрахованного лица, и другие документы, которые могут потребоваться в соответствии с условиями договора.

4. **Условия договора**: Повышенное страховое возмещение может быть предусмотрено в договоре страхования. Например, если страховой случай наступил в результате несчастного случая или болезни, указанной в договоре.

Если все условия соблюдены, наследник вправе рассчитывать на повышенное страховое возмещение."
41,Зачем нужны обновления системы вместе с антивирусом для защиты от фишинга?,"Обновления системы и антивируса важны для защиты от фишинга по нескольким причинам:

1. **Закрытие уязвимостей**: Обновления операционной системы и антивирусного ПО закрывают уязвимости, которые могут быть использованы злоумышленниками для внедрения вредоносного кода или получения доступа к вашим данным.

2. **Обновление сигнатур вирусов**: Антивирусные программы регулярно обновляют базы данных сигнатур вирусов, что позволяет им распознавать и блокировать новые угрозы, включая фишинговые атаки.

3. **Улучшение механизмов защиты**: Обновления могут включать новые механизмы защиты, которые помогают обнаруживать и предотвращать фишинговые атаки, такие как поддельные сайты или фишинговые письма.

4. **Совместимость и стабильность**: Обновления обеспечивают совместимость с новыми технологиями и улучшают стабильность работы системы, что также снижает риски, связанные с фишингом.

Регулярное обновление системы и антивируса является важной частью комплексной защиты от киберугроз, включая фишинг."
42,Как меняется роль Банка России в защите интересов клиентов при реорганизации НПФ по сравнению с его мандатом по контролю инфляции?,"Роль Банка России в защите интересов клиентов при реорганизации НПФ и в контроле инфляции различается по следующим аспектам:

1. **Защита интересов клиентов при реорганизации НПФ**:
   - Банк России осуществляет надзор за деятельностью негосударственных пенсионных фондов (НПФ) и их реорганизацией.
   - В случае реорганизации НПФ Банк России следит за соблюдением прав и интересов клиентов, включая сохранность пенсионных накоплений.
   - Банк России может вмешаться в процесс реорганизации, если это необходимо для защиты интересов вкладчиков.

2. **Контроль инфляции**:
   - Основная задача Банка России в этом аспекте — поддержание стабильности национальной валюты и ценовой стабильности.
   - Банк России использует инструменты денежно-кредитной политики, такие как изменение ключевой ставки, для контроля инфляции.
   - Цель — обеспечение устойчивого экономического роста и защита покупательной способности рубля.

Таким образом, в первом случае Банк России фокусируется на защите прав и интересов клиентов НПФ, а во втором — на поддержании макроэкономической стабильности."
43,В каких законных случаях пенсионные накопления оказываются в другом фонде без вашего согласия?,"Пенсионные накопления могут быть переведены в другой фонд без вашего согласия в следующих законных случаях:

1. **Ликвидация или отзыв лицензии у вашего пенсионного фонда**. В этом случае накопления автоматически переводятся в другой фонд, выбранный государством.

2. **Реорганизация или смена названия пенсионного фонда**. Если ваш фонд меняет свою организационно-правовую форму или название, накопления могут быть переведены в новый фонд без вашего согласия.

3. **Изменение законодательства**. В некоторых случаях изменения в законодательстве могут потребовать перевода накоплений в другой фонд.

4. **Нарушение условий договора**. Если пенсионный фонд нарушает условия договора с клиентом, регуляторные органы могут принять решение о переводе накоплений в другой фонд.

Если у вас возникли вопросы по поводу перевода ваших пенсионных накоплений, рекомендуется обратиться в ваш пенсионный фонд или в Пенсионный фонд России для получения более подробной информации."
44,Что делать при звонке «из банка» с тревожными новостями о счете?,"При получении звонка с тревожными новостями о вашем счете, следуйте этим шагам:

1. **Не паникуйте и не торопитесь** – мошенники часто используют страх и спешку, чтобы вы не задумывались о своих действиях.

2. **Не сообщайте никакую информацию** – настоящий банк никогда не попросит вас назвать пароли, коды из SMS или CVV-коды карт.

3. **Попросите перезвонить** – вежливо попросите оператора назвать ваше имя, номер карты или счета (последние 4 цифры) и перезвонить вам. Настоящий сотрудник банка сможет это сделать.

4. **Проверьте информацию самостоятельно** – воспользуйтесь официальными каналами связи с банком: мобильным приложением, личным кабинетом на сайте или горячей линией, указанной на официальном сайте банка.

5. **Если звонок подозрительный, заблокируйте его** – добавьте номер в черный список и сообщите о подозрительном звонке в службу безопасности банка.

Если у вас есть подозрения, что звонок мог быть мошенническим, обратитесь в банк через официальные каналы связи для проверки информации."
45,Что делать при СМС о блокировке банковской карты?,"При получении СМС о блокировке банковской карты рекомендуется:

1. **Не паниковать** и внимательно прочитать сообщение. Уточните, указан ли в СМС номер телефона службы поддержки банка.

2. **Связаться с банком** по официальному номеру, указанному на сайте или на обратной стороне карты. Не используйте номера, указанные в подозрительных сообщениях.

3. **Уточнить причину блокировки**. Это может быть техническая ошибка, подозрительная операция или истечение срока действия карты.

4. **Следовать инструкциям банка**. Возможно, потребуется подтвердить операцию или предоставить дополнительную информацию.

5. **Не предоставлять личные данные** по телефону или в СМС, если вы не уверены в безопасности канала связи.

Если у вас есть доступ к интернет-банкингу, проверьте статус карты там."
46,Кому доступен залог до продажи: жильцам ипотечной квартиры против владельца автомобиля в автоломбарде?,"Залог до продажи доступен как жильцам ипотечной квартиры, так и владельцам автомобиля в автоломбарде. В обоих случаях залоговое имущество остается у заемщика, но находится под обременением банка или ломбарда до полного погашения кредита."
47,"Как узнать, в каких БКИ хранится моя кредитная история, чтобы посмотреть свой индивидуальный рейтинг?","Чтобы узнать, в каких бюро кредитных историй (БКИ) хранится ваша кредитная история, вы можете воспользоваться следующими способами:

1. **Официальный запрос в Центральный каталог кредитных историй (ЦККИ)**:
   - Вы можете обратиться в Центральный каталог кредитных историй, который ведет Банк России. Для этого нужно подать заявление в любое БКИ или напрямую в Банк России. В заявлении укажите, что вы хотите получить информацию о БКИ, в которых хранится ваша кредитная история.
   - Запрос можно подать онлайн через сайт Банка России или лично в офисе БКИ.

2. **Запрос в банк или МФО**:
   - Если у вас есть действующие кредиты или займы, вы можете обратиться в банк или микрофинансовую организацию, где вы брали кредит, и запросить информацию о БКИ, в которые они передают вашу кредитную историю.

3. **Прямое обращение в БКИ**:
   - Вы можете обратиться напрямую в любое БКИ (например, НБКИ, ОКБ, Эквифакс и др.) и запросить свою кредитную историю. Если ваша история есть в этом БКИ, они предоставят вам информацию.

4. **Онлайн-сервисы**:
   - Некоторые сервисы, такие как ""Госуслуги"", позволяют получить информацию о БКИ, в которых хранится ваша кредитная история.

После получения информации о БКИ, вы можете запросить свою кредитную историю и узнать свой индивидуальный рейтинг."
48,Какие меры нужны для безопасных онлайн-платежей с детской карты?,"Для безопасных онлайн-платежей с детской карты рекомендуется:

1. **Установить лимиты на операции**: Ограничьте сумму и количество транзакций в день/месяц.
2. **Включить SMS-уведомления**: Это позволит контролировать все операции по карте.
3. **Использовать 3D-Secure**: Это дополнительная защита при оплате в интернете.
4. **Объяснить ребенку правила безопасности**: Не передавать данные карты третьим лицам, не вводить данные на подозрительных сайтах.
5. **Регулярно проверять историю операций**: Это поможет своевременно заметить подозрительные транзакции.

Если у вас есть дополнительные вопросы по безопасности, обратитесь в службу поддержки банка."
49,Какие действуют лимиты: сколько возмещает АСВ по дополнительной пенсии и какие максимальные суммы обычно выдают МФО?,"По вопросу о лимитах возмещения АСВ по дополнительной пенсии и максимальным суммам, выдаваемым МФО, уточню следующее:

1. **АСВ (Агентство по страхованию вкладов)**:
   - В случае отзыва лицензии у банка, АСВ возмещает вкладчикам сумму до 1,4 млн рублей. Это включает в себя и средства на дополнительных пенсионных счетах, если они застрахованы.
   - Дополнительные пенсионные накопления, как правило, застрахованы на общих основаниях, но конкретные условия зависят от договора с банком.

2. **МФО (Микрофинансовые организации)**:
   - Максимальные суммы кредитов, выдаваемых МФО, зависят от политики конкретной организации и финансового состояния заемщика.
   - Обычно суммы варьируются от нескольких тысяч до нескольких сотен тысяч рублей.
   - Точные лимиты и условия лучше уточнять непосредственно в выбранной МФО.

Для более точной информации рекомендую обратиться в АСВ или в конкретную МФО."
50,Как по-разному обращаются со штрафами и пенями при ипотечных каникулах и при судебном банкротстве?,"При ипотечных каникулах и судебном банкротстве штрафы и пени обрабатываются по-разному:

1. **Ипотечные каникулы**:
   - Штрафы и пени могут быть приостановлены на срок каникул.
   - Это означает, что накопленные штрафы и пени не списываются, а их начисление приостанавливается.
   - После окончания каникул начисление штрафов и пеней возобновляется.

2. **Судебное банкротство**:
   - Штрафы и пени могут быть списаны в рамках процедуры банкротства.
   - Это зависит от решения суда и условий банкротства.
   - В некоторых случаях штрафы и пени могут быть включены в реструктуризацию долга или списаны полностью.

Для точного ответа необходимо учитывать конкретные условия вашего договора и законодательные нормы, действующие на момент обращения. Рекомендуется проконсультироваться с юристом или представителем банка."
51,"Как проходят расчеты при продаже квартиры, находящейся в залоге у банка?","Для проведения расчетов при продаже заложенной квартиры необходимо выполнить несколько шагов:

1. **Согласование с банком**: Продавец должен уведомить банк о намерении продать заложенное имущество. Банк может потребовать предоставить информацию о покупателе и условиях сделки.

2. **Оценка квартиры**: Банк может провести оценку квартиры, чтобы убедиться, что сумма продажи покрывает оставшуюся задолженность по кредиту.

3. **Погашение кредита**: Средства от продажи квартиры направляются на погашение кредита. Если сумма продажи превышает размер задолженности, оставшаяся часть перечисляется продавцу.

4. **Снятие обременения**: После полного погашения кредита банк снимает обременение с квартиры, и сделка может быть завершена.

5. **Регистрация сделки**: После снятия обременения сделка регистрируется в Росреестре, и право собственности переходит к покупателю.

Если у вас есть дополнительные вопросы по данной теме, пожалуйста, уточните их."
52,"Каков общий лимит вычета на взносы при сочетании ИИС‑3, ПДС, доппенсии?","Для расчета общего лимита вычета при сочетании ИИС-3, ПДС и дополнительной пенсии необходимо учитывать следующие моменты:

1. **ИИС-3 (Индивидуальный инвестиционный счет с вычетом на взносы)**:
   - Максимальный размер вычета на взносы составляет 400 000 рублей в год.
   - Вычет можно получить только на сумму внесенных средств, но не более 400 000 рублей.

2. **ПДС (Пенсионные накопления)**:
   - Взносы на пенсионные накопления не дают права на налоговый вычет, так как они уже облагаются налоговыми льготами.

3. **Доппенсии (Дополнительные пенсионные накопления)**:
   - Взносы на дополнительные пенсионные накопления также не дают права на налоговый вычет, так как они могут быть частью программы пенсионного страхования.

Таким образом, общий лимит вычета на взносы при сочетании ИИС-3, ПДС и доппенсии составляет 400 000 рублей в год, так как только ИИС-3 предоставляет возможность получения налогового вычета."
53,Когда кредитор сможет продать залог: автомобиль в автоломбарде против ипотечной квартиры?,"Для ответа на этот вопрос необходимо учитывать несколько факторов, включая законодательные нормы, условия договора и обстоятельства, при которых происходит продажа заложенного имущества.

1. **Автомобиль в автоломбарде**:
   - Автоломбард предоставляет краткосрочные займы под залог автомобиля.
   - В случае невыполнения заемщиком обязательств по договору, автоломбард имеет право продать автомобиль для покрытия задолженности.
   - Процедура продажи обычно регламентируется договором и может начаться после нарушения условий кредитования (например, пропуск платежа).
   - Сроки продажи могут быть короткими, так как займы в автоломбардах обычно краткосрочные.

2. **Ипотечная квартира**:
   - Ипотека предполагает долгосрочное кредитование под залог недвижимости.
   - Банк или ипотечный кредитор может инициировать процедуру продажи заложенной квартиры в случае систематических нарушений условий кредитования (например, пропуск нескольких платежей).
   - Процедура продажи ипотечной квартиры обычно более длительная и регламентирована законодательством. Банк должен соблюдать определенные процедуры, включая уведомление заемщика и попытки реструктуризации долга.
   - Продажа ипотечной квартиры может занять несколько месяцев или даже лет, в зависимости от обстоятельств и законодательных норм.

Таким образом, автоломбард может продать заложенный автомобиль быстрее, чем банк продаст ипотечную квартиру, из-за различий в условиях кредитования и процедурных требований."
54,"На что смотреть при покупке полиса ДМС, чтобы не ошибиться?","При выборе полиса добровольного медицинского страхования (ДМС) важно обратить внимание на несколько ключевых аспектов:

1. **Страховые случаи**: Уточните, какие медицинские услуги покрываются полисом. Обычно это лечение, диагностика, госпитализация, стоматология, но могут быть и дополнительные услуги.

2. **Страховые лимиты**: Проверьте максимальные суммы покрытия по различным видам услуг. Например, лимит на госпитализацию может отличаться от лимита на амбулаторное лечение.

3. **Страховые компании**: Выбирайте надежные компании с хорошей репутацией. Можно изучить отзывы и рейтинги страховых компаний.

4. **Сроки действия**: Убедитесь, что срок действия полиса соответствует вашим потребностям. Некоторые полисы действуют только в течение года, другие могут быть продлены.

5. **Франшиза**: Это сумма, которую вы должны оплатить самостоятельно перед тем, как страховая компания начнет покрывать расходы. Уточните, есть ли франшиза и как она рассчитывается.

6. **Территория действия**: Проверьте, в каких регионах или странах действует полис. Некоторые полисы действуют только в пределах одной страны, другие могут покрывать лечение за границей.

7. **Список медицинских учреждений**: Убедитесь, что в списке партнеров страховой компании есть клиники и больницы, которые вам удобны.

8. **Условия оплаты**: Проверьте, как происходит оплата медицинских услуг. Некоторые компании оплачивают лечение напрямую медицинским учреждениям, другие требуют предварительной оплаты с последующим возмещением.

9. **Исключения**: Внимательно изучите список исключений, чтобы понять, какие услуги не покрываются полисом.

10. **Стоимость**: Сравните стоимость полисов у разных страховых компаний, но не выбирайте только по цене, учитывайте все вышеуказанные факторы.

Если у вас есть дополнительные вопросы по полисам ДМС, обратитесь к специалистам страховой компании или в банк, где вы планируете оформить полис."
55,"Где по умолчанию хранятся пенсионные накопления, допускается ли перевод между СФР и НПФ?","Пенсионные накопления по умолчанию хранятся в государственной системе — в Пенсионном фонде России (ПФР). Однако гражданин имеет право перевести свои накопления в негосударственный пенсионный фонд (НПФ).

Перевод между СФР (Страховой части пенсионных накоплений) и НПФ допускается, но с определенными условиями. Например, перевод возможен только один раз в год, и для этого необходимо подать соответствующее заявление. Также важно учитывать, что при переводе в НПФ могут быть определенные риски, связанные с инвестиционной деятельностью фонда.

Для более подробной информации рекомендуется обратиться в Пенсионный фонд России или в выбранный НПФ."
56,Почему обещания кредитного брокера «гарантируем кредит» не заслуживают доверия?,"Кредитные брокеры не могут гарантировать выдачу кредита, так как окончательное решение о предоставлении кредита принимает банк на основе анализа финансового состояния заемщика, его кредитной истории и других факторов. Брокеры могут помочь в сборе документов и подаче заявки, но не имеют полномочий для гарантирования одобрения кредита.

Если брокер обещает гарантированное одобрение кредита, это может быть признаком мошенничества. В таких случаях рекомендуется быть осторожным и проверить информацию о брокере, а также обратиться напрямую в банк для получения более точной информации."
57,Какими способами пополнить карту безналичной валютой и можно ли затем снять эти деньги в иностранной наличности?,"Для пополнения карты безналичной валютой можно использовать следующие способы:

1. **Перевод с другой карты или счета**: Вы можете перевести средства с другой карты или банковского счета, если они открыты в иностранной валюте.
2. **Обмен валют**: В некоторых банках можно обменять рубли на иностранную валюту и зачислить её на карту.
3. **Пополнение через онлайн-банкинг или мобильное приложение**: Некоторые банки позволяют пополнять карту иностранной валютой через интернет-банкинг или мобильное приложение.

Что касается снятия наличных в иностранной валюте, это зависит от условий вашего банка. Обычно, если карта выпущена в иностранной валюте, вы можете снять наличные в этой же валюте в банкоматах за границей. Однако комиссии и лимиты могут различаться, поэтому рекомендуется уточнить условия у вашего банка."
58,"Какие действия нужны, чтобы получить выплату после ДТП по европротоколу, включая необходимые доказательства?","Для получения выплаты после ДТП по европротоколу необходимо выполнить следующие действия:

1. **Заполнение извещения о ДТП**:
   - Оба участника ДТП должны заполнить извещение о ДТП (европротокол) в соответствии с правилами страхования.
   - Извещение должно быть заполнено без ошибок и подписано обоими участниками.

2. **Сбор доказательств**:
   - Сделайте фотографии места ДТП, повреждений транспортных средств и других важных деталей.
   - Запишите контактные данные свидетелей, если они есть.
   - Сохраните копии документов, подтверждающих факт ДТП (например, извещение о ДТП, фотографии, записи с регистраторов и т.д.).

3. **Подача заявления в страховую компанию**:
   - В течение 5 рабочих дней после ДТП подайте заявление о страховой выплате в свою страховую компанию.
   - Приложите к заявлению заполненное извещение о ДТП и все собранные доказательства.

4. **Ожидание решения страховой компании**:
   - Страховая компания рассмотрит ваше заявление и примет решение о выплате.
   - В случае одобрения вы получите страховую выплату в соответствии с условиями вашего договора страхования.

5. **Получение выплаты**:
   - Выплата может быть произведена в виде ремонта или денежной компенсации, в зависимости от условий вашего договора страхования.

Если у вас возникнут вопросы или трудности, вы можете обратиться в свою страховую компанию для получения дополнительной информации и помощи."
59,Что будет с авто в залоге по автокредиту при просрочке либо после смерти заемщика?,"При просрочке платежей по автокредиту банк может применить меры, предусмотренные договором, включая взыскание залога. В случае смерти заемщика порядок действий зависит от условий кредитного договора и наличия страховки.

1. **Просрочка платежей**:
   - Банк может начислить пени и штрафы за просрочку.
   - Если просрочка длится длительное время, банк может инициировать процедуру взыскания залога, то есть автомобиля.
   - В этом случае автомобиль может быть реализован для погашения задолженности.

2. **Смерть заемщика**:
   - Если заемщик застрахован, страховая компания может выплатить сумму, достаточную для погашения кредита.
   - Если страховки нет, наследники могут погасить кредит или договориться с банком о реструктуризации.
   - В крайнем случае, банк может взыскать залог (автомобиль) для погашения задолженности.

Для точного ответа необходимо изучить условия вашего кредитного договора и наличие страховки."
60,Как различается защита денег при отзыве лицензии у банка: депозит против счета эскроу?,"Для защиты денежных средств при отзыве лицензии у банка важно понимать различия между депозитом и счетом эскроу.

1. **Депозит**:
   - Депозитные вклады защищены системой страхования вкладов (АСВ) в России. Максимальная сумма страхового возмещения составляет 1,4 миллиона рублей на одного вкладчика в одном банке.
   - Если у банка отзывают лицензию, АСВ возместит вкладчику сумму вклада в пределах страхового лимита.

2. **Счет эскроу**:
   - Счета эскроу предназначены для временного хранения денежных средств до выполнения определенных условий сделки. Деньги на таких счетах находятся под контролем третьей стороны (эскроу-агента).
   - В случае отзыва лицензии у банка, деньги на счете эскроу остаются под защитой эскроу-агента. Однако, если сам эскроу-агент (банк) лишается лицензии, то защита может быть ограничена.

Таким образом, депозиты имеют более четкую и гарантированную защиту через систему страхования вкладов, в то время как счета эскроу зависят от надежности эскроу-агента."
61,Как официальные данные об инфляции можно использовать при решении: брать ипотеку или разместить деньги на вкладе?,"Для принятия решения о том, брать ипотеку или разместить деньги на вкладе, официальные данные об инфляции можно использовать следующим образом:

1. **Анализ инфляции и процентных ставок**:
   - Если инфляция высокая, Центральный банк может повышать ключевую ставку, что приведет к росту процентных ставок по ипотеке. В этом случае брать ипотеку может быть менее выгодно, так как платежи по кредиту увеличатся.
   - Если инфляция низкая, процентные ставки могут снижаться, что сделает ипотеку более доступной.

2. **Сравнение доходности вкладов и инфляции**:
   - Если доходность по вкладам выше уровня инфляции, размещение денег на вкладе может быть выгодным, так как реальная доходность (доходность за вычетом инфляции) будет положительной.
   - Если доходность по вкладам ниже уровня инфляции, реальная доходность будет отрицательной, и размещение денег на вкладе может быть менее привлекательным.

3. **Долгосрочные перспективы**:
   - При принятии решения о долгосрочных вложениях, таких как ипотека, важно учитывать прогнозы по инфляции. Если ожидается рост инфляции, стоимость кредита может увеличиться, что повлияет на общую стоимость ипотеки.
   - При размещении денег на вкладе важно учитывать, как изменение инфляции может повлиять на реальную доходность вклада в будущем.

Таким образом, официальные данные об инфляции помогают оценить выгодность ипотеки и вкладов, сравнивая их с текущими и прогнозируемыми макроэкономическими условиями."
62,"Как неквалу получить доступ к ETF зарубежных рынков, а также к паям ЗПИФов?","Для получения доступа к ETF зарубежных рынков и паям ЗПИФов неквалифицированному инвестору (неквалу) необходимо выполнить несколько шагов:

1. **Открытие брокерского счета**:
   - Неквал может открыть брокерский счет в российском банке или брокерской компании, которая предоставляет доступ к зарубежным рынкам.
   - Для этого потребуется предоставить стандартный пакет документов: паспорт, ИНН, СНИЛС и заполнить анкету.

2. **Доступ к ETF зарубежных рынков**:
   - После открытия брокерского счета неквал может приобрести ETF, торгуемые на зарубежных биржах.
   - Для этого необходимо выбрать подходящий ETF, проверить его доступность на выбранной бирже и оформить заявку на покупку через брокерскую платформу.

3. **Доступ к паям ЗПИФов**:
   - Для инвестирования в паи ЗПИФов неквал также может воспользоваться брокерским счетом.
   - Необходимо выбрать подходящий ЗПИФ, проверить его доступность и оформить заявку на покупку паев через брокерскую платформу.

4. **Ограничения для неквалов**:
   - Неквалифицированные инвесторы имеют ограничения на инвестирование в определенные инструменты, включая некоторые виды ETF и ЗПИФов.
   - Перед покупкой необходимо уточнить у брокера или управляющей компании, какие инструменты доступны для неквалов.

5. **Консультация с брокером**:
   - Рекомендуется проконсультироваться с брокером или финансовым консультантом для выбора подходящих инструментов и понимания всех рисков, связанных с инвестированием в зарубежные рынки и ЗПИФы.

Если у вас есть дополнительные вопросы или требуется более детальная информация, пожалуйста, уточните их."
63,Совместима ли компенсация 450 000 ₽ по ипотеке для третьего ребенка с имущественным налоговым вычетом?,"Для ответа на ваш вопрос необходимо учитывать несколько факторов.

1. **Компенсация 450 000 ₽ по ипотеке для третьего ребенка** – это мера государственной поддержки, предоставляемая семьям, в которых с 1 января 2019 года по 31 декабря 2023 года родился третий или последующий ребенок. Эта компенсация направлена на погашение части ипотечного кредита.

2. **Имущественный налоговый вычет** – это возврат части уплаченного НДФЛ (13%) при покупке недвижимости. Вычет можно получить на сумму до 2 млн рублей (максимальный размер вычета – 260 тыс. рублей).

**Совместимость:**
- **Да, совместимы.** Компенсация 450 000 ₽ по ипотеке для третьего ребенка и имущественный налоговый вычет не исключают друг друга. Вы можете воспользоваться обеими мерами поддержки.
- **Компенсация** погашает часть кредита, а **вычет** возвращает часть уплаченного НДФЛ при покупке жилья.

**Важно:**
- Для получения компенсации необходимо обратиться в банк, где оформлен ипотечный кредит, и предоставить необходимые документы.
- Для получения имущественного налогового вычета нужно подать декларацию 3-НДФЛ в налоговую инспекцию.

Если у вас есть дополнительные вопросы по оформлению или условиям, уточняйте их у специалистов банка или налоговой службы."
64,Какие приемы помогают сократить импульсивные траты?,"Для сокращения импульсивных трат можно использовать следующие приемы:

1. **Планирование бюджета**: Составьте бюджет, чтобы четко понимать, сколько денег вы можете потратить на различные категории расходов. Это поможет контролировать свои финансы и избегать ненужных покупок.

2. **Создание списка покупок**: Перед походом в магазин составляйте список необходимых вещей. Это поможет сосредоточиться на покупках, которые действительно нужны, и избежать импульсных приобретений.

3. **Ожидание перед покупкой**: Если вы видите что-то, что хотите купить, подождите хотя бы несколько дней перед покупкой. Часто после этого времени желание купить исчезает, и вы понимаете, что это была просто прихоть.

4. **Использование наличных денег**: Оплата наличными вместо карты может помочь контролировать расходы, так как вы физически видите, сколько денег уходит.

5. **Отслеживание расходов**: Ведение учета всех трат поможет вам понять, на что уходят деньги, и выявить импульсивные покупки.

6. **Ограничение доступа к кредитным средствам**: Если у вас есть кредитные карты, попробуйте ограничить их использование или вовсе отказаться от них на время, чтобы избежать импульсивных трат.

7. **Постановка финансовых целей**: Четкие финансовые цели, такие как накопление на отпуск или покупку жилья, могут мотивировать вас тратить деньги более осознанно.

Эти приемы помогут вам лучше контролировать свои финансы и избегать импульсивных трат."
65,"Зачем финансовая подушка безопасности нужна семье так же, как зрелому бизнесу?","Финансовая подушка безопасности необходима семье по тем же причинам, что и зрелому бизнесу, для обеспечения финансовой стабильности и защиты от непредвиденных расходов. Она позволяет:

1. **Покрыть непредвиденные расходы**: Это могут быть медицинские расходы, ремонт автомобиля или дома, потеря работы и другие непредвиденные ситуации.

2. **Снизить финансовый стресс**: Наличие финансовой подушки снижает уровень стресса, связанного с финансовыми проблемами, и позволяет семье чувствовать себя более уверенно.

3. **Обеспечить финансовую независимость**: Финансовая подушка позволяет семье не зависеть от заемных средств в случае возникновения финансовых трудностей.

4. **Инвестировать в будущее**: С наличием финансовой подушки семья может планировать долгосрочные инвестиции, такие как образование детей, покупка недвижимости или пенсионные накопления.

5. **Поддержать бизнес**: Если кто-то из членов семьи ведет бизнес, финансовая подушка может помочь пережить временные финансовые трудности и поддерживать стабильность бизнеса.

Таким образом, финансовая подушка безопасности является важным инструментом для обеспечения финансовой стабильности и защиты семьи от различных финансовых рисков."
66,Чем отличаются государственные гарантии для денег на эскроу при покупке новостройки и для банковского вклада?,"Государственные гарантии для денег на эскроу при покупке новостройки и для банковского вклада различаются по своей сути и целям.

1. **Гарантии для эскроу-счетов при покупке новостройки**:
   - **Цель**: Защита средств покупателей жилья на этапе строительства.
   - **Механизм**: Деньги покупателя размещаются на эскроу-счете, который блокирует их до момента передачи квартиры. Это гарантирует, что средства будут использованы строго по назначению — на строительство дома.
   - **Государственная гарантия**: В случае банкротства застройщика или других проблем, государство гарантирует возврат средств или завершение строительства через механизмы компенсации или страхования.

2. **Гарантии для банковских вкладов**:
   - **Цель**: Защита средств вкладчиков в случае банкротства банка.
   - **Механизм**: Вклады физических лиц в банках застрахованы в системе страхования вкладов (например, в России — АСВ).
   - **Государственная гарантия**: В случае отзыва лицензии у банка, вкладчики получают компенсацию в размере до 1,4 миллиона рублей (на 2023 год) в течение определенного срока.

Таким образом, гарантии для эскроу-счетов направлены на защиту средств при покупке недвижимости, а гарантии для вкладов — на защиту сбережений в банке."
67,Как безопаснее настроить оплату частями в онлайн‑магазине?,"Для безопасной настройки оплаты частями в онлайн-магазине рекомендуется:

1. **Использовать проверенные платежные системы**: Выбирайте надежные платежные агрегаторы, которые обеспечивают защиту данных и имеют положительные отзывы.

2. **Включить двухфакторную аутентификацию (2FA)**: Это добавляет дополнительный уровень безопасности при подтверждении платежей.

3. **Регулярно обновлять ПО**: Убедитесь, что все используемые программы и плагины для обработки платежей обновлены до последних версий.

4. **Использовать SSL-сертификат**: Это защищает данные, передаваемые между клиентом и сервером, от перехвата.

5. **Ограничить доступ к платежной информации**: Настройте доступ к платежным данным только для авторизованных сотрудников.

6. **Мониторить подозрительные транзакции**: Используйте системы мониторинга для выявления и блокировки подозрительных операций.

7. **Информировать клиентов о безопасности**: Разместите на сайте информацию о мерах безопасности и рекомендациях по защите данных.

Если у вас есть дополнительные вопросы по безопасности платежных систем, обратитесь в службу поддержки вашего банка или платежного агрегатора."
68,"Какие льготы предусмотрены по программе долгосрочных сбережений, включая размер вычета на взносы?","По программе долгосрочных сбережений предусмотрены следующие льготы:

1. **Налоговый вычет на взносы**: Вы можете получить налоговый вычет в размере до 13% от суммы внесенных взносов, но не более 120 000 рублей в год. Это означает, что максимальный размер вычета составляет 15 600 рублей в год (13% от 120 000 рублей).

2. **Налоговые льготы на доходы**: Доходы, полученные от инвестирования средств в рамках программы долгосрочных сбережений, освобождаются от налогообложения, если средства не выводились в течение всего срока действия программы.

3. **Государственные гарантии**: Средства, внесенные в рамках программы, защищены государственными гарантиями, что обеспечивает дополнительную безопасность ваших сбережений.

Для получения более подробной информации и оформления льгот рекомендуется обратиться в ваш банк или консультанта по инвестициям."
69,Какие лимиты действуют для бесплатных переводов по СБП по сравнению с кэшаутом?,"Для бесплатных переводов по Системе быстрых платежей (СБП) действуют следующие лимиты:

1. **Ежедневный лимит**: 100 000 рублей.
2. **Ежемесячный лимит**: 1 000 000 рублей.

Для кэшаута (вывода наличных с карты через банкомат или терминал) лимиты могут отличаться в зависимости от банка и типа карты. Обычно они составляют:

1. **Ежедневный лимит**: от 50 000 до 150 000 рублей.
2. **Ежемесячный лимит**: от 500 000 до 1 500 000 рублей.

Для точной информации о лимитах кэшаута рекомендуется обратиться в ваш банк."
70,Как проходит расчет через счет эскроу при долевом строительстве?,"При долевом строительстве расчет через счет эскроу проходит следующим образом:

1. **Открытие счета эскроу**: Деньги дольщика зачисляются на специальный счет эскроу, который открывается в банке. Этот счет блокирует средства до момента завершения строительства.

2. **Контроль расходов**: Средства могут быть переведены застройщику только после выполнения определенных условий, таких как достижение определенного этапа строительства или получение разрешения на ввод объекта в эксплуатацию.

3. **Разблокировка средств**: После подтверждения выполнения условий банк переводит средства застройщику. Если условия не выполнены, деньги возвращаются дольщику.

4. **Защита интересов**: Счет эскроу защищает интересы дольщиков, гарантируя, что средства будут использованы строго по назначению и только после завершения строительства."
71,Кто контролирует профессиональных участников фондового рынка?,"Профессиональных участников фондового рынка контролируют несколько регуляторных органов, в зависимости от их деятельности и юрисдикции. В России основными регуляторами являются:

1. **Банк России (Центральный банк Российской Федерации)** – осуществляет надзор за деятельностью профессиональных участников рынка ценных бумаг, включая брокеров, дилеров, управляющих компаний и депозитарии.

2. **Федеральная служба по финансовым рынкам (ФСФР)** – ранее выполняла функции регулирования и контроля, но в 2013 году её функции были переданы Банку России.

3. **Саморегулируемые организации (СРО)** – профессиональные ассоциации, которые также участвуют в контроле за соблюдением стандартов и правил поведения участниками рынка.

Если у вас есть дополнительные вопросы по регулированию фондового рынка, задавайте их."
72,"На какой срок разумно вкладываться в драгоценные металлы для сохранения сбережений, чтобы вписать это в финансовый план?","Для сохранения сбережений в драгоценных металлах разумный срок вложений зависит от ваших финансовых целей и уровня риска, который вы готовы принять.

1. **Краткосрочные вложения (до 3 лет)**: Драгоценные металлы могут быть менее подходящими из-за высокой волатильности цен. В краткосрочной перспективе цены на золото, серебро и другие металлы могут значительно колебаться, что увеличивает риск потерь.

2. **Среднесрочные вложения (3-7 лет)**: В этом периоде драгоценные металлы могут быть более стабильными, но все еще подвержены рыночным колебаниям. Важно учитывать, что в среднесрочной перспективе другие активы, такие как облигации или депозиты, могут быть более надежными.

3. **Долгосрочные вложения (7+ лет)**: Драгоценные металлы могут быть хорошим инструментом для диверсификации портфеля и защиты от инфляции. В долгосрочной перспективе они обычно сохраняют свою стоимость и могут даже расти в цене.

Важно помнить, что драгоценные металлы не приносят дохода в виде процентов или дивидендов, поэтому их основная ценность заключается в сохранении капитала. Рекомендуется консультироваться с финансовым консультантом для составления индивидуального финансового плана."
73,При каких условиях мобилизованный ИП может перейти на НПД?,"Для перехода на налог на профессиональный доход (НПД) мобилизованный индивидуальный предприниматель (ИП) должен соответствовать следующим условиям:

1. **Отсутствие работников**: ИП не должен иметь наемных работников.
2. **Виды деятельности**: Деятельность ИП должна соответствовать перечню видов деятельности, допустимых для применения НПД.
3. **Доходы**: Доходы ИП за предыдущий налоговый период не должны превышать установленные лимиты (например, 2,4 млн рублей за год для большинства регионов).
4. **Отсутствие долгов**: У ИП не должно быть задолженностей по налогам и сборам.
5. **Соблюдение сроков**: Переход на НПД возможен только в определенные периоды (например, в начале года или при регистрации ИП).

Для точного определения условий и процедуры перехода на НПД рекомендуется обратиться в налоговую инспекцию или использовать официальные ресурсы Федеральной налоговой службы (ФНС)."
74,"Кому доступен банковский вклад, а кому положен имущественный вычет при покупке жилья?","Банковский вклад доступен всем физическим лицам, которые соответствуют требованиям банка, включая возрастные ограничения и требования к минимальной сумме вклада.

Имущественный вычет при покупке жилья положен налогоплательщикам, которые:
1. Являются налоговыми резидентами РФ.
2. Приобрели жилье за счет собственных средств.
3. Имеют подтверждающие документы (договор купли-продажи, акт приема-передачи, платежные документы и т.д.).

Для получения более точной информации рекомендуется обратиться в налоговую инспекцию или к специалисту по налогам."
75,Какие документы подтверждают ваши права по онлайн-сделке на маркетплейсе в отличие от случая утери векселя?,"Для подтверждения прав по онлайн-сделке на маркетплейсе могут потребоваться следующие документы:

1. **Электронные подтверждения сделки**:
   - Скриншоты или распечатки страниц с маркетплейса, подтверждающие заключение сделки (например, страницы с описанием товара, условиями сделки, информацией о продавце).
   - Электронные письма, уведомления или сообщения, подтверждающие факт покупки и оплаты.

2. **Документы, подтверждающие оплату**:
   - Чек или квитанция об оплате (если оплата производилась через банковский перевод, платежную систему или электронный кошелек).
   - Выписка из банка или платежной системы, подтверждающая перевод средств.

3. **Документы, подтверждающие доставку**:
   - Трек-номер и информация о доставке (если товар был отправлен).
   - Подписанный акт приема-передачи товара (если доставка была осуществлена курьером).

4. **Документы, подтверждающие регистрацию на маркетплейсе**:
   - Логин и пароль для входа в личный кабинет на маркетплейсе.
   - Документы, подтверждающие регистрацию аккаунта (например, электронные письма с подтверждением регистрации).

В случае утери векселя подтверждением прав может служить сам вексель, если он был утерян, то могут потребоваться дополнительные документы, такие как заявление о потере векселя, нотариально заверенные копии документов, подтверждающих право собственности на вексель, и другие документы, которые могут подтвердить факт владения векселем.

Если у вас есть конкретные документы, которые вы хотите подтвердить, или если у вас есть дополнительные вопросы, пожалуйста, уточните их."
76,"Кто контролирует МФО, а кто — коллекторов?","Микрофинансовые организации (МФО) и коллекторские агентства регулируются разными органами.

1. **Контроль за МФО:**
   - В России микрофинансовые организации контролируются **Центральным банком Российской Федерации (Банком России)**.
   - Банк России выдает лицензии, устанавливает требования к деятельности МФО и контролирует их соблюдение.
   - Также МФО обязаны соблюдать законы, регулирующие их деятельность, такие как Федеральный закон ""О микрофинансовой деятельности и микрофинансовых организациях"".

2. **Контроль за коллекторами:**
   - Коллекторские агентства регулируются **Федеральной службой судебных приставов (ФССП)** и **Центральным банком Российской Федерации (Банком России)**.
   - Коллекторские агентства должны быть включены в **Государственный реестр юридических лиц, осуществляющих деятельность по возврату просроченной задолженности**, который ведет ФССП.
   - Банк России также устанавливает требования к деятельности коллекторов и контролирует их соблюдение.

Таким образом, оба типа организаций находятся под контролем Банка России, но коллекторы дополнительно регулируются ФССП."
77,"Что стоит внимательно проверить в договоре, если вы оформляете НПО в НПФ и если берете заем?","При оформлении негосударственного пенсионного обеспечения (НПО) в негосударственном пенсионном фонде (НПФ) и при получении займа важно внимательно проверить следующие моменты в договоре:

1. **Условия начисления и выплаты пенсии**:
   - Как часто и в каком размере будут производиться выплаты.
   - Есть ли возможность досрочного выхода на пенсию и какие условия для этого.
   - Какие документы потребуются для оформления выплат.

2. **Условия внесения взносов**:
   - Размер и периодичность взносов.
   - Возможность изменения размера взносов.
   - Штрафы или пеня за просрочку внесения взносов.

3. **Условия расторжения договора**:
   - Возможность расторжения договора и условия для этого.
   - Какие документы потребуются для расторжения.
   - Возврат средств при расторжении договора.

4. **Условия наследования**:
   - Кто может претендовать на выплаты в случае смерти застрахованного лица.
   - Как оформляется наследование.

5. **Условия займа**:
   - Процентная ставка и способ ее начисления.
   - Сроки возврата займа.
   - Штрафы или пеня за просрочку возврата.
   - Возможность досрочного погашения и условия для этого.

6. **Дополнительные комиссии и платежи**:
   - Есть ли скрытые комиссии или дополнительные платежи.
   - Как часто и в каком размере они взимаются.

7. **Ответственность сторон**:
   - Какие обязательства возлагаются на вас и на НПФ.
   - Какие меры могут быть приняты в случае нарушения условий договора.

8. **Срок действия договора**:
   - На какой срок заключается договор.
   - Возможность продления или изменения условий договора.

9. **Порядок разрешения споров**:
   - Как решаются спорные вопросы.
   - Какие инстанции могут быть привлечены для разрешения споров.

10. **Дополнительные условия**:
    - Есть ли какие-либо дополнительные условия, которые могут повлиять на ваши права и обязанности.

Перед подписанием договора рекомендуется внимательно изучить все пункты и, при необходимости, проконсультироваться с юристом."
78,Как начисляются проценты и штрафы во время кредитных каникул по санкциям и по мобилизации?,"Проценты и штрафы во время кредитных каникул зависят от оснований их предоставления:

1. **Кредитные каникулы по санкциям**:
   - Проценты продолжают начисляться, так как кредитные каникулы не отменяют обязательства по выплате процентов.
   - Штрафы за просрочку платежей не начисляются, если кредитные каникулы предоставлены в соответствии с законодательством.

2. **Кредитные каникул по мобилизации**:
   - Проценты также продолжают начисляться.
   - Штрафы за просрочку платежей не начисляются, если кредитные каникулы предоставлены в соответствии с законодательством.

Для точной информации обратитесь в ваш банк или прочитайте условия кредитного договора."
79,"Почему внебиржевые сделки рискованнее, чем торговля на бирже?","Внебиржевые сделки (OTC, Over-the-Counter) рискованнее, чем торговля на бирже по нескольким причинам:

1. **Отсутствие гаранта сделки**: На бирже сделки гарантируются самой биржей, что снижает риски неисполнения обязательств. Внебиржевые сделки заключаются напрямую между контрагентами, и в случае дефолта одного из них другой может понести убытки.

2. **Отсутствие прозрачности**: На бирже цены и объемы сделок публикуются, что позволяет участникам рынка принимать обоснованные решения. Внебиржевые сделки заключаются на условиях, согласованных сторонами, и информация о них не публикуется.

3. **Риск ликвидности**: Биржевые инструменты обычно более ликвидны, чем внебиржевые. Это означает, что их можно быстрее и легче продать или купить. Внебиржевые сделки могут быть менее ликвидными, что увеличивает риск невозможности быстро выйти из позиции.

4. **Отсутствие стандартизации**: Биржевые инструменты стандартизированы, что упрощает их торговлю и оценку. Внебиржевые сделки могут иметь индивидуальные условия, что увеличивает риски.

5. **Риск контрагента**: Внебиржевые сделки зависят от надежности контрагента. Если контрагент не выполняет свои обязательства, это может привести к убыткам.

Таким образом, внебиржевые сделки могут быть более рискованными из-за отсутствия гарантий, прозрачности, ликвидности, стандартизации и зависимости от надежности контрагента."
80,Как проверить полис ОСАГО через НСИС?,"Для проверки полиса ОСАГО через Национальную систему идентификации и аутентификации (НСИС) выполните следующие шаги:

1. **Перейдите на официальный сайт НСИС** или используйте мобильное приложение, если оно доступно.
2. **Авторизуйтесь** в системе. Для этого может потребоваться учетная запись на портале Госуслуг или другой авторизованный аккаунт.
3. **Найдите раздел**, связанный с проверкой страховых полисов. Обычно это можно сделать через поиск или в разделе ""Страхование"".
4. **Введите данные полиса ОСАГО**. Вам потребуется номер полиса, серия и другие идентификационные данные.
5. **Проверьте информацию**. Система выведет данные о полисе, включая срок действия, страховую компанию и другие важные детали.

Если у вас возникли трудности, обратитесь в службу поддержки НСИС или вашей страховой компании."
81,Есть ли госгарантия возврата средств при крахе брокера либо при исключении МФО из реестра?,"В России действует система страхования вкладов, но она не распространяется на брокерские счета и средства, размещенные в микрофинансовых организациях (МФО).

1. **Брокерские счета**: В случае банкротства брокера средства клиентов, находящиеся на брокерских счетах, не подлежат страхованию в рамках системы страхования вкладов. Однако, в соответствии с законодательством, брокеры обязаны хранить активы клиентов на отдельных счетах (сегрегированных счетах), что должно минимизировать риски потери средств.

2. **Микрофинансовые организации (МФО)**: МФО не входят в систему страхования вкладов. В случае исключения МФО из реестра или ее банкротства, возврат средств клиентам не гарантируется. В таких ситуациях клиенты могут обратиться в суд для защиты своих прав.

Для получения более точной информации и консультации по конкретной ситуации рекомендуется обратиться в Центральный банк Российской Федерации или в соответствующие регулирующие органы."
82,"Что происходит дальше, если должник отказывается от общения с коллекторами?","Если должник отказывается от общения с коллекторами, дальнейшие действия зависят от политики коллекторского агентства и законодательства. Обычно процесс развивается следующим образом:

1. **Продолжение взаимодействия**: Коллекторы могут продолжать попытки связаться с должником через другие каналы, такие как письма, электронные сообщения или звонки на разные номера телефонов.

2. **Юридические меры**: Если должник полностью игнорирует требования, коллекторское агентство может передать дело в суд для взыскания задолженности. В этом случае суд может вынести решение о взыскании долга в принудительном порядке.

3. **Привлечение приставов**: После вынесения судебного решения, если должник не выполняет свои обязательства, дело может быть передано службе судебных приставов для принудительного взыскания.

4. **Ограничения**: В рамках законодательства могут быть применены различные меры, такие как ограничение выезда за границу, арест имущества или счетов.

Важно отметить, что коллекторы обязаны соблюдать закон и не могут применять незаконные методы давления. Если вы столкнулись с нарушением ваших прав, вы можете обратиться в соответствующие органы для защиты своих интересов."
83,Какие инструменты подойдут для консервативного накопления на срок от трех лет и с чего лучше начинать инвестору‑новичку?,"Для консервативного накопления на срок от трех лет подойдут следующие инструменты:

1. **Облигации**: Это долговые ценные бумаги, которые обеспечивают регулярный доход в виде купонных выплат. Облигации считаются менее рискованными по сравнению с акциями.

2. **Депозиты**: Банковские вклады с фиксированной процентной ставкой. Они обеспечивают стабильный доход и низкий риск, но доходность может быть ниже по сравнению с другими инструментами.

3. **Денежные рынки**: Инвестиции в краткосрочные долговые обязательства, такие как коммерческие бумаги и депозитные сертификаты. Эти инструменты также считаются консервативными.

4. **ETF на облигации**: Фонды, инвестирующие в облигации, которые позволяют диверсифицировать портфель и снизить риски.

Для инвестора-новичка лучше начинать с изучения основ инвестирования, включая понимание рисков и доходности различных инструментов. Можно начать с небольших сумм и постепенно увеличивать объем инвестиций по мере накопления опыта. Также рекомендуется обратиться за консультацией к финансовому консультанту для составления индивидуальной инвестиционной стратегии."
84,"Что делать, если пришло сообщение о блокировке карты с просьбой перезвонить по незнакомому номеру?","Если вы получили сообщение о блокировке карты с просьбой перезвонить по незнакомому номеру, не перезванивайте по этому номеру. Это может быть попытка мошенничества.

Вместо этого:
1. Проверьте официальный номер службы поддержки вашего банка на его сайте или в договоре.
2. Свяжитесь с банком по этому номеру, чтобы уточнить информацию о блокировке карты.
3. Если карта действительно заблокирована, банк сообщит вам об этом и объяснит причину.

Никогда не предоставляйте посторонним лицам информацию о вашей карте, паролях или кодах."
85,Как меняется выплата по ОСАГО при европротоколе в зависимости от фотофиксации либо разногласий?,"При оформлении ДТП по европротоколу выплата по ОСАГО может зависеть от нескольких факторов, включая наличие фотофиксации и разногласий между участниками аварии.

1. **Фотофиксация**:
   - Если ДТП зафиксировано с помощью фото- или видеосъемки, это может упростить процесс оценки ущерба и ускорить выплату. Фото- и видеоматериалы служат доказательством обстоятельств аварии и могут снизить вероятность споров между участниками.
   - В некоторых случаях страховые компании могут предложить ускоренную выплату, если ущерб очевиден и зафиксирован на фото.

2. **Разногласия между участниками**:
   - Если между участниками ДТП есть разногласия по поводу обстоятельств аварии, это может замедлить процесс выплаты. Страховая компания может провести дополнительное расследование, чтобы установить виновника и оценить ущерб.
   - В случае разногласий выплата может быть приостановлена до разрешения споров или до получения дополнительных доказательств.

Таким образом, наличие фотофиксации может положительно повлиять на скорость и размер выплаты, тогда как разногласия могут замедлить процесс и усложнить его."
86,Почему заявления о страховке в МФО не гарантируют возврат вложений?,"Заявления о страховке в микрофинансовых организациях (МФО) не гарантируют возврат вложений по нескольким причинам:

1. **Отсутствие государственной гарантии**: В отличие от банков, МФО не имеют государственных гарантий на возврат вложений. Банки в России, например, участвуют в системе страхования вкладов (АСВ), которая гарантирует возврат средств до 1,4 млн рублей. МФО таких гарантий не предоставляют.

2. **Высокий риск неплатежеспособности**: МФО часто работают с заемщиками, имеющими низкий кредитный рейтинг, что увеличивает риск дефолта. В случае массовых неплатежей МФО может стать неплатежеспособной, и вкладчики рискуют потерять свои средства.

3. **Отсутствие прозрачности**: МФО могут предоставлять неполную или недостоверную информацию о своих финансовых показателях и рисках, что затрудняет оценку надежности организации.

4. **Отсутствие лицензирования**: МФО не требуется лицензия Центрального банка для работы с вкладами, что снижает уровень регулирования и контроля со стороны государства.

5. **Страховка может быть фиктивной**: Некоторые МФО могут заявлять о наличии страховки, но на практике эта страховка может быть недействительной или недостаточной для покрытия всех вложений.

Таким образом, вложения в МФО всегда сопряжены с высоким риском, и заявления о страховке не являются гарантией возврата средств."
87,"Чем отличаются госгарантии для вкладов, пенсионных накоплений в НПФ, полисов НСЖ по защите суммы?","Госгарантии для вкладов, пенсионных накоплений в НПФ и полисов НСЖ (накопление страховой защиты) различаются по механизмам и условиям защиты.

1. **Госгарантии для вкладов**:
   - Вклады в банках, которые являются участниками системы страхования вкладов (АСВ), защищены государством. Максимальная сумма возмещения составляет 1,4 миллиона рублей. Это означает, что если банк обанкротится, вкладчик получит компенсацию в размере до 1,4 миллиона рублей.

2. **Пенсионные накопления в НПФ**:
   - Пенсионные накопления, размещенные в негосударственных пенсионных фондах (НПФ), также защищены государством. В случае банкротства НПФ или других проблем, пенсионные накопления граждан защищены государственной гарантией. Однако механизм компенсации может отличаться и обычно требует обращения в Пенсионный фонд России (ПФР).

3. **Полисы НСЖ**:
   - Полисы накопления страховой защиты (НСЖ) могут быть защищены государством, но это зависит от условий договора и страховой компании. В случае банкротства страховой компании, компенсация может быть выплачена через механизмы, предусмотренные законодательством, но конкретные суммы и условия могут различаться.

Таким образом, основное отличие заключается в механизмах и условиях компенсации, а также в максимальных суммах возмещения."
88,"В каких случаях выгоднее созаемщик, а не поручитель, для снижения ставки либо увеличения суммы?","Для снижения ставки или увеличения суммы кредита, созаемщик может быть выгоднее поручителя в следующих случаях:

1. **Созаемщик имеет более высокий доход или лучшую кредитную историю**: Если созаемщик имеет стабильный высокий доход и положительную кредитную историю, это может повысить доверие банка и привести к снижению ставки или увеличению суммы кредита.

2. **Созаемщик является совладельцем имущества**: В случае ипотечного кредита, если созаемщик также является совладельцем недвижимости, это может повысить шансы на более выгодные условия кредитования.

3. **Созаемщик готов внести больше средств**: Если созаемщик готов внести большую часть первоначального взноса или имеет больше средств для погашения кредита, это может положительно сказаться на условиях кредита.

4. **Созаемщик имеет стаж работы в престижной компании**: Долгий стаж работы в надежной компании с высоким доходом также может быть преимуществом.

Важно отметить, что окончательное решение о выгодности созаемщика или поручителя принимает банк на основе комплексного анализа финансового состояния и кредитной истории всех участников сделки."
89,"Как работают структурные облигации, привязанные к цене золота?","Структурные облигации, привязанные к цене золота, представляют собой сложные финансовые инструменты, которые сочетают в себе элементы долгового обязательства и деривативов. Их работа основана на следующих принципах:

1. **Базовый актив**: Цена золота является базовым активом, от которого зависит доходность облигации. Это может быть спотовая цена золота, цена фьючерсов или индекс цен на золото.

2. **Срок и номинал**: Облигация имеет определенный срок погашения и номинальную стоимость, которая возвращается инвестору по окончании срока, если не предусмотрено иное условиями выпуска.

3. **Купонные выплаты**: Доходность облигации может зависеть от изменения цены золота. Например, если цена золота растет, инвестор может получать более высокие купонные выплаты, а если цена падает, выплаты могут быть снижены или отсутствовать.

4. **Условия погашения**: В некоторых случаях облигация может быть погашена досрочно, если цена золота достигает определенного уровня. Это условие обычно прописано в проспекте эмиссии.

5. **Риски**: Инвестор несет риск изменения цены золота, а также риск эмитента, так как облигация остается долговым обязательством.

6. **Сложность структуры**: Структурные облигации могут включать в себя различные опционы и другие деривативы, что делает их более сложными по сравнению с обычными облигациями.

Важно внимательно изучать условия выпуска конкретной облигации, так как они могут значительно различаться в зависимости от эмитента и структуры продукта."
90,Почему инвестиции в себя считаются выгодными?,"Инвестиции в себя считаются выгодными по нескольким причинам:

1. **Рост профессиональных навыков**: Обучение и развитие повышают вашу конкурентоспособность на рынке труда, что может привести к карьерному росту и увеличению дохода.

2. **Личное развитие**: Инвестиции в образование, здоровье и саморазвитие улучшают качество жизни, повышают уверенность в себе и открывают новые возможности.

3. **Финансовая независимость**: Накопление знаний и навыков позволяет вам быть более гибкими в выборе профессии или бизнеса, что снижает зависимость от внешних факторов.

4. **Долгосрочная прибыль**: Вложения в себя дают долгосрочные результаты, которые могут превышать краткосрочные финансовые выгоды.

Таким образом, инвестиции в себя являются стратегическим шагом, который способствует как профессиональному, так и личному росту."
91,Чем отличается остановка операции от блокировки счета по 115‑ФЗ?,"Остановка операции и блокировка счета по 115-ФЗ — это разные процедуры, которые применяются в банковской сфере.

1. **Остановка операции**:
   - Это временное приостановление выполнения операции по счету.
   - Остановка может быть инициирована банком или клиентом.
   - Причины остановки могут быть различными: подозрение в мошенничестве, технические проблемы, ошибки в реквизитах и т.д.
   - Остановка операции не означает блокировку счета, и клиент может продолжать пользоваться счетом для других операций.

2. **Блокировка счета по 115-ФЗ**:
   - Блокировка счета происходит в соответствии с Федеральным законом № 115-ФЗ ""О противодействии легализации (отмыванию) доходов, полученных преступным путем, и финансированию терроризма"".
   - Блокировка может быть инициирована банком или уполномоченными органами (например, Росфинмониторингом).
   - Причины блокировки могут включать подозрение в отмывании денег, финансировании терроризма или других противоправных действиях.
   - Блокировка счета означает полное ограничение доступа к средствам на счету до разрешения ситуации.

Таким образом, остановка операции — это временное приостановление конкретной операции, а блокировка счета — это полное ограничение доступа к счету в соответствии с законодательством."
92,"Почему за наличную валюту стоит идти в банк, а не к брокеру?","Чтобы понять, почему лучше обращаться в банк за наличной валютой, а не к брокеру, рассмотрим несколько ключевых аспектов:

1. **Надежность и регулирование**:
   - Банки строго регулируются центральными банками и финансовыми органами, что обеспечивает высокую степень защиты средств клиентов.
   - Брокеры могут иметь разный уровень регулирования, и их надежность может варьироваться.

2. **Доступность и удобство**:
   - Банки предлагают широкий выбор валют и услуг по обмену наличных, что делает их удобным выбором для физических лиц.
   - Брокеры чаще всего работают с безналичными операциями и могут не предоставлять услуги по обмену наличной валюты.

3. **Комиссии и курсы**:
   - Банки могут предлагать более выгодные курсы обмена и прозрачные комиссии, особенно для клиентов с высокими объемами операций.
   - Брокеры могут взимать дополнительные комиссии и иметь менее выгодные курсы для наличных операций.

4. **Безопасность**:
   - Банки обеспечивают высокий уровень безопасности при проведении наличных операций, включая страхование вкладов.
   - Брокеры могут не предоставлять такой же уровень защиты для наличных средств.

Таким образом, банки являются более надежным и удобным выбором для обмена наличной валюты, особенно для физических лиц, которые ценят безопасность и прозрачность операций."
93,Как отличаются кредитные каникулы для мобилизованных ИП от каникул для МСП из санкционных отраслей?,"Кредитные каникулы для мобилизованных индивидуальных предпринимателей (ИП) и для малого и среднего бизнеса (МСП) из санкционных отраслей имеют различия в условиях и порядке предоставления.

1. **Кредитные каникулы для мобилизованных ИП**:
   - Предоставляются на срок службы по мобилизации.
   - Включают отсрочку по возврату кредита, процентам и комиссиям.
   - Не требуют дополнительных документов, подтверждающих мобилизацию.
   - Применяются автоматически после предоставления информации о мобилизации в банк.

2. **Кредитные каникулы для МСП из санкционных отраслей**:
   - Предоставляются на определенный срок, который может быть установлен банком или регулятором.
   - Включают отсрочку по возврату кредита, процентам и комиссиям.
   - Требуют подтверждения принадлежности к санкционным отраслям и документов, подтверждающих негативное влияние санкций на деятельность.
   - Применяются после рассмотрения заявки и принятия решения банком.

Таким образом, основные различия заключаются в условиях предоставления, необходимости подтверждающих документов и порядке оформления."
94,Почему при возврате денег за страховку сумма бывает меньше из‑за комиссий посредников?,"При возврате страховой премии сумма может быть меньше из-за нескольких причин, связанных с комиссиями и условиями договора:

1. **Комиссии посредников**: Если страховка была оформлена через посредника (например, через банк, страховую компанию или брокера), часть суммы может удерживаться в качестве вознаграждения за услуги посредника.

2. **Условия договора**: В договоре страхования могут быть прописаны условия, согласно которым при досрочном расторжении договора часть суммы удерживается в качестве штрафа или компенсации за уже оказанные услуги.

3. **Актуальные расходы**: В некоторых случаях из суммы возврата могут быть вычтены уже понесенные страховой компанией расходы, связанные с оформлением и обслуживанием договора.

4. **Налоговые обязательства**: В зависимости от законодательства, часть суммы может удерживаться в качестве налогов или сборов.

Для более точного ответа необходимо знать конкретные условия вашего договора страхования. Рекомендуется обратиться в страховую компанию или к посреднику, через которого был оформлен договор, для получения детальной информации."
95,Чем отличаются гранты от льготных кредитов по обязательствам по возврату средств?,"Гранты и льготные кредиты отличаются по следующим ключевым параметрам:

1. **Обязательства по возврату**:
   - **Гранты**: Не требуют возврата средств. Это безвозмездная финансовая помощь.
   - **Льготные кредиты**: Требуют возврата средств, но на более выгодных условиях (например, пониженная процентная ставка, отсрочка платежей и т.д.).

2. **Условия предоставления**:
   - **Гранты**: Обычно предоставляются на конкурсной основе и требуют отчетности о целевом использовании средств.
   - **Льготные кредиты**: Предоставляются на основе кредитного договора с четкими условиями возврата и процентными ставками.

3. **Целевое использование**:
   - **Гранты**: Часто имеют строгие ограничения по целевому использованию (например, научные исследования, социальные проекты и т.д.).
   - **Льготные кредиты**: Могут использоваться для различных целей, в зависимости от условий кредитного договора.

4. **Процентные ставки**:
   - **Гранты**: Не предусматривают процентных ставок, так как возврата средств не требуется.
   - **Льготные кредиты**: Имеют пониженные процентные ставки по сравнению со стандартными кредитами.

Таким образом, основное отличие заключается в обязательствах по возврату средств и условиях предоставления."
96,Чем факторинг отличается от банковского кредита по обеспечению?,"Факторинг и банковский кредит различаются по обеспечению следующим образом:

1. **Факторинг**:
   - Обеспечением выступают дебиторская задолженность компании.
   - Банк покупает дебиторскую задолженность у компании и предоставляет ей деньги на основании этой задолженности.
   - Риск неоплаты дебитором ложится на банк, а не на компанию.

2. **Банковский кредит**:
   - Обеспечением могут выступать различные активы компании, такие как недвижимость, оборудование, ценные бумаги и т.д.
   - Банк предоставляет кредит под залог этих активов.
   - Риск неоплаты кредита ложится на компанию, а не на банк.

Таким образом, основное отличие заключается в том, что факторинг основывается на дебиторской задолженности, тогда как банковский кредит может быть обеспечен различными активами."
97,"Какую роль играет Агентство по страхованию вкладов в защите вкладчиков банков, а также клиентов страховщиков?","Агентство по страхованию вкладов (АСВ) играет ключевую роль в защите интересов вкладчиков и клиентов страховщиков. Вот основные аспекты его деятельности:

1. **Страхование вкладов**: АСВ гарантирует возврат вкладов физических лиц в банках в случае отзыва у них лицензии. Максимальная сумма возмещения составляет 1,4 миллиона рублей на одного вкладчика в одном банке.

2. **Страхование страховых тарифов**: АСВ также занимается страхованием страховых тарифов, что обеспечивает защиту интересов клиентов страховых компаний в случае их банкротства.

3. **Контроль и надзор**: Агентство осуществляет контроль за деятельностью банков и страховых компаний, чтобы минимизировать риски для вкладчиков и клиентов.

4. **Возмещение убытков**: В случае банкротства финансовой организации АСВ оперативно выплачивает компенсации вкладчикам и клиентам, обеспечивая стабильность финансовой системы.

Таким образом, АСВ выполняет важную функцию по защите средств граждан и поддержанию доверия к банковской и страховой системам."
98,Как налогообложение дохода сотрудников на УСН соотносится с пределом удержаний при взыскании долгов?,"Для ответа на ваш вопрос необходимо учитывать несколько аспектов:

1. **Налогообложение дохода сотрудников на УСН**:
   - При упрощенной системе налогообложения (УСН) доходы сотрудников облагаются налогом на доходы физических лиц (НДФЛ) по ставке 13% (для резидентов) или 30% (для нерезидентов).
   - Работодатель удерживает и перечисляет НДФЛ в бюджет.

2. **Предел удержаний при взыскании долгов**:
   - Согласно статье 248 Трудового кодекса РФ, общий размер всех удержаний при каждой выплате заработной платы не может превышать 20% от суммы, причитающейся работнику.
   - В случаях, предусмотренных законом (например, взыскание алиментов), размер удержаний может быть увеличен до 50%.

3. **Соотношение налогообложения и удержаний**:
   - НДФЛ удерживается из дохода сотрудника до начисления других удержаний.
   - После удержания НДФЛ, остаток заработной платы может быть уменьшен на сумму других удержаний, но не более 20% (или 50% в специальных случаях).

Таким образом, налогообложение дохода сотрудников на УСН и предел удержаний при взыскании долгов регулируются разными нормативными актами и применяются последовательно: сначала удерживается НДФЛ, затем — другие удержания в пределах установленных лимитов."
99,Защищены ли деньги на счете эскроу при покупке строящегося жилья?,"Деньги, размещенные на счете эскроу при покупке строящегося жилья, защищены. Это специальный счет, на который покупатель переводит средства, а они блокируются до момента передачи объекта недвижимости. Деньги хранятся на счете эскроу и становятся доступными только после выполнения всех условий сделки, включая передачу права собственности на жилье. Это обеспечивает дополнительную гарантию для покупателя, что средства будут использованы строго по назначению и не будут потрачены до завершения строительства."
100,Какие меры снижают риск кражи денег при расчетах на сайтах объявлений?,"Для снижения риска кражи денег при расчетах на сайтах объявлений рекомендуется:

1. **Использовать защищенные способы оплаты**:
   - Платёжные системы с защитой покупателя (например, PayPal, ЮMoney).
   - Банковские переводы через проверенные сервисы (например, Сбербанк Онлайн, Тинькофф).

2. **Проверять продавца**:
   - Изучать отзывы и рейтинг продавца.
   - Сверять информацию в профиле с данными в объявлении.

3. **Использовать безопасные методы передачи денег**:
   - Оплата при получении товара (если это возможно).
   - Разделение платежа на несколько частей для проверки товара.

4. **Не передавать деньги авансом** без гарантий.
5. **Использовать защищенные сайты** с SSL-сертификатом (https в адресной строке).

Если у вас возникли подозрения или вы стали жертвой мошенничества, обратитесь в службу поддержки банка или платёжной системы."
101,Почему неквалифицированным инвесторам сейчас рискованно покупать иностранные бумаги через российских посредников?,"Неквалифицированным инвесторам может быть рискованно покупать иностранные бумаги через российских посредников по нескольким причинам:

1. **Валютные ограничения**: В России действуют ограничения на операции с иностранной валютой, что может усложнить процесс покупки и продажи иностранных ценных бумаг.

2. **Регуляторные риски**: Российские регуляторы могут ввести дополнительные ограничения или изменения в законодательство, которые затруднят или сделают невозможным владение иностранными активами.

3. **Курсовые риски**: Изменения в курсах валют могут существенно повлиять на стоимость иностранных активов, что увеличивает риски для инвесторов.

4. **Ограниченная защита**: Неквалифицированные инвесторы могут не иметь достаточной защиты и консультационной поддержки при работе с иностранными бумагами, что увеличивает риски потери капитала.

5. **Технические сложности**: Процесс покупки и продажи иностранных ценных бумаг через российских посредников может быть сложным и требовать дополнительных знаний и навыков.

Рекомендуется тщательно изучать все риски и консультироваться с профессионалами перед принятием инвестиционных решений."
102,Сколько максимально вернут по соцвычету и по взносам на ИИС при ставке НДФЛ 22%,"Максимальная сумма социального налогового вычета составляет 120 000 рублей в год. Это означает, что вы можете вернуть до 26 400 рублей (120 000 рублей × 22%).

Что касается индивидуального инвестиционного счета (ИИС), то при выборе типа ИИС с налоговым вычетом вы можете вернуть до 52 000 рублей в год (22% от максимальной суммы внесения 240 000 рублей)."
103,Можно ли без потерь забрать деньги из НСЖ или ИСЖ после покупки полиса?,"Для получения точного ответа на ваш вопрос, необходимо учитывать условия конкретного договора НСЖ (Накопительное страхование жизни) или ИСЖ (Инвестиционное страхование жизни).

1. **НСЖ (Накопительное страхование жизни):**
   - Обычно при досрочном расторжении договора НСЖ клиент может получить назад внесенные средства, но с учетом возможных штрафов или удержаний.
   - В первые годы действия полиса удержания могут быть значительными, так как большая часть взносов идет на оплату страховой защиты и комиссий.
   - По мере продления срока действия полиса удержания обычно уменьшаются.

2. **ИСЖ (Инвестиционное страхование жизни):**
   - При досрочном расторжении договора ИСЖ клиент может получить назад внесенные средства, но с учетом текущей стоимости инвестиционного портфеля.
   - Если инвестиции не успели окупиться, клиент может получить меньше, чем внес.
   - В некоторых случаях могут взиматься штрафы или комиссии за досрочное расторжение.

Для получения точной информации рекомендуется обратиться в банк или страховую компанию, где был оформлен полис, и уточнить условия досрочного расторжения."
104,За счет чего банки обеспечивают выплаты кешбэка?,"Банки обеспечивают выплаты кешбэка за счет нескольких источников:

1. **Комиссии от партнеров**: Банки заключают соглашения с магазинами, сервисами и другими партнерами. Взамен за привлечение клиентов банк получает комиссию, часть которой идет на выплату кешбэка.

2. **Средства от операций клиентов**: Часть доходов банка формируется за счет процентов по кредитам, комиссий за услуги и других операций. Эти средства могут направляться на финансирование кешбэка.

3. **Маркетинговые бюджеты**: Кешбэк часто используется как инструмент привлечения и удержания клиентов. Банки выделяют часть своих маркетинговых бюджетов на выплаты кешбэка.

4. **Снижение других доходов**: В некоторых случаях банки могут компенсировать выплаты кешбэка за счет снижения доходов по другим направлениям, например, уменьшая процентные ставки по кредитам или комиссии за обслуживание счетов.

Таким образом, кешбэк для банка — это инвестиция в лояльность клиентов, которая в долгосрочной перспективе приносит больше выгоды, чем затраты на его выплату."
105,"Когда разумнее выбрать микрозаем в МФО, а не льготный банковский кредит?","Микрозаем в микрофинансовой организации (МФО) может быть разумным выбором в следующих случаях:

1. **Срочность**: Если вам нужны деньги в кратчайшие сроки, а банковский кредит требует длительного рассмотрения.
2. **Отсутствие кредитной истории или плохая кредитная история**: МФО чаще одобряют заявки клиентам с плохой кредитной историей или без нее.
3. **Небольшая сумма**: Если вам нужна небольшая сумма, которая не требует длительного периода погашения.
4. **Гибкость условий**: МФО могут предложить более гибкие условия, такие как возможность досрочного погашения без штрафов.

Однако важно учитывать, что процентные ставки по микрозаймам в МФО обычно значительно выше, чем по банковским кредитам. Поэтому перед принятием решения стоит тщательно взвесить все ""за"" и ""против""."
106,Чем отличается лимит пополнений ИИС-1/2 от лимита суммы взносов для вычета по ИИС-3?,"Лимит пополнений ИИС-1 и ИИС-2 составляет 1 миллион рублей в год. Это максимальная сумма, которую можно внести на счет за календарный год.

Лимит суммы взносов для вычета по ИИС-3 составляет 400 тысяч рублей в год. Это максимальная сумма, с которой можно получить налоговый вычет.

Таким образом, основное отличие заключается в размере лимитов и в том, что ИИС-1 и ИИС-2 имеют лимит пополнений, а ИИС-3 — лимит для вычета."
107,Как распределение накоплений между несколькими НПФ влияет на размер гарантированной защиты?,"Распределение накоплений между несколькими негосударственными пенсионными фондами (НПФ) не влияет на размер гарантированной защиты. Гарантированная защита пенсионных накоплений предоставляется государством и регулируется законодательством. Она распространяется на все средства, переданные в НПФ, независимо от их количества.

Гарантированная защита включает:
1. **Страхование вкладов**: В случае банкротства НПФ средства клиентов защищены в рамках системы страхования вкладов.
2. **Гарантированный возврата средств**: Государство гарантирует возврата средств, внесенных в НПФ, в случае его банкротства.

Таким образом, распределение накоплений между несколькими НПФ не изменяет размер гарантированной защиты, так как она распространяется на все средства, внесенные в НПФ."
108,Как подтверждается подписание онлайн-кредита?,"Подписание онлайн-кредита подтверждается с помощью электронной подписи или SMS-кода, который приходит на телефон клиента. После ввода кода сделка считается завершенной, и кредитный договор считается подписанным."
109,"Если бизнес не проходит по условиям льготного кредитования, какой инструмент позволит профинансировать оборудование на спецусловиях?","Если бизнес не подходит под условия льготного кредитования, можно рассмотреть следующие инструменты для финансирования оборудования на специальных условиях:

1. **Лизинг**: Это долгосрочная аренда оборудования с последующим выкупом. Лизинговые компании часто предлагают гибкие условия, включая сниженные ставки или отсрочку платежей.

2. **Факторинг**: Если у бизнеса есть дебиторская задолженность, можно использовать факторинг для ускоренного получения средств. Это позволяет получить деньги за счет продажи дебиторской задолженности факторинговой компании.

3. **Кредитные линии**: Некоторые банки предлагают кредитные линии с более гибкими условиями, чем стандартные кредиты. Это позволяет бизнесу получать средства по мере необходимости.

4. **Гарантии и поручительства**: Если бизнес не может получить кредит самостоятельно, можно привлечь гаранта или поручителя, что повысит шансы на получение финансирования.

5. **Государственные программы поддержки**: Некоторые государственные программы предоставляют субсидии, гранты или льготные кредиты для определенных отраслей или видов деятельности.

Для более точного ответа уточните, к какой отрасли относится ваш бизнес и какие именно условия льготного кредитования не подходят."
110,Как проверить СМС о «пополнении счета» на подлинность?,"Для проверки подлинности СМС о пополнении счета рекомендуется:

1. **Сравнить номер отправителя** с официальным номером вашего банка. Обычно банки используют короткие номера или специальные сервисы для отправки уведомлений.
2. **Проверить текст сообщения** на наличие ошибок, необычных формулировок или подозрительных ссылок.
3. **Позвонить в банк** по официальному номеру, указанному на сайте или на обратной стороне карты, чтобы уточнить информацию о пополнении.
4. **Проверить баланс счета** через мобильное приложение банка или интернет-банкинг.

Если у вас есть сомнения в подлинности сообщения, не переходите по ссылкам и не предоставляйте персональные данные."
111,"Какой минимальный срок держать ИИС разных типов, чтобы сохранить право на налоговые льготы?","Для сохранения права на налоговые льготы по индивидуальному инвестиционному счету (ИИС) необходимо соблюдать следующие условия:

1. **ИИС типа А (льгота на вычет)**:
   - Минимальный срок владения счетом — 3 года.
   - В течение этого периода нельзя снимать средства со счета, иначе право на налоговый вычет будет утрачено.

2. **ИИС типа Б (льгота на доход)**:
   - Минимальный срок владения счетом — 3 года.
   - В течение этого периода нельзя снимать средства со счета, иначе право на налоговую льготу на доход будет утрачено.

Таким образом, для обоих типов ИИС минимальный срок владения составляет 3 года."
112,"Как проверить, что финансовый посредник или платформа действует легально, и куда жаловаться при проблемах с инвестиционной платформой?","Для проверки легальности финансового посредника или инвестиционной платформы выполните следующие шаги:

1. **Проверка лицензии**:
   - Убедитесь, что у компании есть лицензия на осуществление деятельности. В России это можно сделать на сайте Банка России или на сайте саморегулируемой организации (СРО), к которой принадлежит компания.
   - Проверьте, есть ли у компании разрешение на работу с ценными бумагами или другими финансовыми инструментами.

2. **Проверка репутации**:
   - Изучите отзывы о компании в интернете, на специализированных форумах и сайтах.
   - Проверьте, есть ли у компании судебные разбирательства или штрафы.

3. **Проверка информации на сайте**:
   - Убедитесь, что на сайте компании указаны все необходимые данные: юридический адрес, контактные данные, информация о лицензии.
   - Проверьте, есть ли у компании официальные документы, такие как устав, лицензия, членство в СРО.

Если у вас возникли проблемы с инвестиционной платформой, вы можете пожаловаться в следующие организации:

1. **Банк России**:
   - Вы можете подать жалобу на сайте Банка России или через горячую линию.
   - Банк России рассматривает жалобы на финансовые организации и принимает меры в случае нарушений.

2. **Финансовый уполномоченный**:
   - Вы можете обратиться к финансовому уполномоченному для разрешения споров с финансовыми организациями.
   - Финансовый уполномоченный рассматривает жалобы и помогает разрешить споры между клиентами и финансовыми организациями.

3. **Судебные органы**:
   - В случае серьезных нарушений или если другие меры не помогли, вы можете обратиться в суд.

Перед тем как инвестировать, тщательно проверьте легальность и репутацию финансового посредника или платформы."
113,Как банки получают госданные при онлайн-заявке на ипотеку?,"Банки получают государственные данные при онлайн-заявке на ипотеку через интеграцию с государственными информационными системами. Например, в России это может быть Федеральная налоговая служба (ФНС), Пенсионный фонд (ПФР) и другие органы. Банк запрашивает и получает необходимые данные с согласия клиента, что ускоряет процесс проверки и принятия решения по кредиту.

Если у вас есть конкретный банк или страна, о которых вы хотите узнать подробнее, уточните, и я постараюсь дать более точный ответ."
114,Что произойдет с долгом при продаже залога дешевле задолженности: в автоломбарде против ипотеки?,"При продаже залога дешевле задолженности в автоломбарде и при ипотеке последствия будут различаться.

1. **Автоломбард**:
   - Если залог (автомобиль) продан дешевле суммы задолженности, разница компенсируется за счет средств заемщика.
   - Заемщик обязан покрыть недостающую сумму.
   - В случае невозможности погашения задолженности банк может обратиться в суд для взыскания оставшейся суммы.

2. **Ипотека**:
   - При продаже заложенного имущества (недвижимости) дешевле задолженности, заемщик также обязан покрыть разницу.
   - Банк может требовать погашения оставшейся суммы через суд.
   - В некоторых случаях банк может предложить реструктуризацию долга или другие варианты погашения.

В обоих случаях заемщик несет ответственность за полное погашение задолженности, даже если продажа залога не покрыла всю сумму долга."
115,Почему низкая ставка по кредиту не гарантирует выгоду при покупке квартиры либо оборудования?,"Низкая ставка по кредиту не всегда гарантирует выгоду по нескольким причинам:

1. **Скрытые комиссии и дополнительные платежи**: Некоторые кредитные продукты могут иметь низкую процентную ставку, но при этом включать скрытые комиссии, страховки или другие дополнительные платежи, которые в итоге могут сделать кредит более дорогим.

2. **Срок кредитования**: Чем дольше срок кредита, тем больше общая переплата, даже при низкой ставке. Например, ипотека на 30 лет с низкой ставкой может обойтись дороже, чем кредит на 10 лет с более высокой ставкой.

3. **Условия досрочного погашения**: Некоторые кредиты имеют ограничения или штрафы за досрочное погашение, что может снизить выгоду от низкой ставки.

4. **Требования к заемщику**: Низкие ставки часто доступны только для заемщиков с высоким кредитным рейтингом или стабильным доходом. Если у вас нет таких условий, вам могут предложить более высокую ставку.

5. **Инфляция и изменение ставок**: В условиях высокой инфляции или нестабильной экономики низкая ставка может не компенсировать потерь от обесценивания денег.

6. **Тип кредита и обеспечение**: Разные виды кредитов (ипотека, потребительский кредит, кредит на оборудование) могут иметь разные условия и риски. Например, ипотека с низкой ставкой может требовать значительного первоначального взноса или дополнительных затрат на страхование.

Перед оформлением кредита важно внимательно изучить все условия, рассчитать полную стоимость кредита и сравнить предложения от разных банков."
116,Почему не стоит отыгрываться на падающем рынке?,"Отвечать на вопрос, почему не стоит отыгрываться на падающем рынке, можно следующим образом:

На падающем рынке цены на активы снижаются, и инвесторы могут испытывать желание купить больше активов в надежде на их рост в будущем. Однако это может быть рискованной стратегией по нескольким причинам:

1. **Падение может продолжиться**: Рынок может продолжать падать, и цены на активы могут снижаться дальше. В этом случае инвестор может потерять больше денег, чем ожидал.

2. **Эмоциональные решения**: Инвесторы могут принимать решения на основе эмоций, а не на основе анализа. Это может привести к нерациональным инвестициям и увеличению рисков.

3. **Неопределенность**: На падающем рынке трудно предсказать, когда он достигнет дна и начнет расти. Инвесторы могут вложить деньги в активы, которые продолжат падать, и потерять значительную часть своих инвестиций.

4. **Риск маржинальных вызовов**: Если инвестор использует кредитное плечо, падение рынка может привести к маржинальным вызовам, что увеличивает риск потерь.

5. **Психологический аспект**: Потеря денег на падающем рынке может негативно сказаться на психологическом состоянии инвестора, что может привести к принятию нерациональных решений в будущем.

Вместо того чтобы отыгрываться на падающем рынке, инвесторы должны рассмотреть возможность диверсификации своих инвестиций, использования стратегий хеджирования и тщательного анализа рынка перед принятием решений."
117,Зачем для вклада выбирать надежный банк в конце года?,"Для выбора надежного банка в конце года при открытии вклада есть несколько причин:

1. **Стабильность и безопасность**: Надежный банк с высоким рейтингом и хорошей репутацией снижает риски потери средств. В конце года, когда многие люди получают премии и планируют инвестиции, важно выбрать банк, который гарантирует сохранность вложений.

2. **Высокие процентные ставки**: В конце года банки могут предлагать специальные условия по вкладам, чтобы привлечь клиентов. Надежные банки часто предлагают конкурентоспособные ставки, что позволяет получить больше дохода.

3. **Гибкие условия**: Надежные банки могут предлагать более гибкие условия по вкладам, такие как возможность частичного снятия средств, автоматическое продление вклада или изменение процентной ставки в зависимости от рыночных условий.

4. **Страхование вкладов**: В России вклады физических лиц страхуются на сумму до 1,4 млн рублей. Однако, если банк не надежен, процедура возмещения может затянуться. Выбор надежного банка снижает риски и ускоряет процесс возмещения в случае необходимости.

5. **Дополнительные услуги**: Надежные банки часто предлагают дополнительные услуги, такие как онлайн-банкинг, мобильные приложения, удобные способы пополнения и снятия средств, что делает управление вкладом более комфортным.

Таким образом, выбор надежного банка в конце года позволяет обеспечить безопасность и доходность вложений, а также получить доступ к дополнительным услугам и выгодным условиям."
118,Что делать при подозрительных списаниях по карте?,"При обнаружении подозрительных списаний по карте рекомендуется:

1. **Блокировка карты**: Немедленно заблокируйте карту через мобильное приложение банка, интернет-банкинг или позвоните в службу поддержки банка. Это предотвратит дальнейшие несанкционированные операции.

2. **Обращение в банк**: Свяжитесь с банком для подтверждения подозрительных операций. Оператор банка поможет вам разобраться в ситуации и при необходимости инициирует процедуру возврата средств.

3. **Подача заявления**: Если средства были списаны без вашего согласия, подайте заявление о возврате средств. Банк проведет расследование и примет меры для возврата денег, если операция окажется мошеннической.

4. **Смена реквизитов**: После разбирательства с подозрительными операциями рекомендуется заменить карту на новую, чтобы избежать повторных инцидентов.

5. **Усиление безопасности**: Обновите пароли и PIN-коды, а также проверьте настройки безопасности в интернет-банкинге и мобильном приложении.

Если у вас есть дополнительные вопросы или требуется помощь, обратитесь в службу поддержки вашего банка."
119,"Последствия затяжной просрочки по ипотеке, оптимальная тактика до суда?","Последствия затяжной просрочки по ипотеке могут быть серьезными и включают:

1. **Начисление штрафов и пеней**: Банк будет начислять дополнительные проценты за просрочку, что увеличит общую сумму долга.
2. **Ухудшение кредитной истории**: Просрочки отражаются в кредитной истории, что может затруднить получение кредитов в будущем.
3. **Риск судебного разбирательства**: Банк может обратиться в суд для взыскания долга.
4. **Реализация заложенного имущества**: В случае судебного решения банк может инициировать продажу заложенного имущества для покрытия долга.

**Оптимальная тактика до суда:**

1. **Свяжитесь с банком**: Объясните ситуацию и попробуйте договориться о реструктуризации долга или отсрочке платежей.
2. **Подайте заявление о реструктуризации**: Если у вас временные финансовые трудности, банк может предложить более выгодные условия погашения.
3. **Обратитесь за помощью к кредитному консультанту**: Специалист поможет найти оптимальное решение и подготовить документы для переговоров с банком.
4. **Соблюдайте все формальности**: Ведите переписку с банком в письменной форме, сохраняйте все документы и квитанции.

Если ситуация не улучшается, банк может подать в суд. В этом случае важно своевременно реагировать на судебные уведомления и, при необходимости, обратиться за юридической помощью."
120,Как повысить шансы на одобрение кредита без переплаты за ненужные услуги?,"Для повышения шансов на одобрение кредита без переплаты за ненужные услуги, следуйте этим рекомендациям:

1. **Проверьте свою кредитную историю**: Убедитесь, что в вашей кредитной истории нет ошибок или негативных записей, которые могут повлиять на решение банка.

2. **Подготовьте документы**: Соберите все необходимые документы заранее. Это может включать паспорт, справку о доходах, трудовую книжку и другие документы, подтверждающие вашу платежеспособность.

3. **Выберите подходящий кредитный продукт**: Ознакомьтесь с условиями различных кредитов и выберите тот, который лучше всего соответствует вашим потребностям и финансовым возможностям.

4. **Избегайте лишних услуг**: Не соглашайтесь на дополнительные услуги, такие как страхование или СМС-информирование, если они не являются обязательными. Это поможет снизить общую стоимость кредита.

5. **Предоставьте точную информацию**: Будьте честны и точны при заполнении анкеты. Ложная информация может привести к отказу в кредите.

6. **Подайте заявку в несколько банков**: Не ограничивайтесь одним банком. Подайте заявки в несколько финансовых учреждений, чтобы увеличить шансы на одобрение.

7. **Совершите первоначальный взнос**: Если это возможно, сделайте первоначальный взнос. Это может повысить ваши шансы на одобрение кредита и снизить сумму ежемесячного платежа.

8. **Проконсультируйтесь с кредитным брокером**: Если у вас есть сомнения или вопросы, обратитесь к кредитному брокеру, который поможет вам выбрать лучший вариант кредита.

Следуя этим советам, вы сможете повысить свои шансы на одобрение кредита и избежать лишних расходов."
121,"Куда обращаться при заниженной выплате, если страховщик проходит санацию?","При заниженной выплате от страховщика, проходящего санацию, следует обращаться в следующие инстанции:

1. **В сам страховщик**: Начните с официального обращения в страховую компанию. Укажите все обстоятельства дела и запросите пересмотр выплаты.

2. **В Банк России**: Если страховщик не реагирует или отказывает в пересмотре, можно подать жалобу в Центральный банк РФ. Банк России регулирует деятельность страховых компаний и может вмешаться в ситуацию.

3. **В суд**: Если другие меры не помогли, можно обратиться в суд для защиты своих прав. В данном случае важно собрать все документы, подтверждающие заниженную выплату и обстоятельства страхового случая.

4. **В АСВ (Агентство по страхованию вкладов)**: Если страховщик находится в процессе санации, АСВ может быть вовлечено в процесс и помочь в решении вопроса.

Важно сохранять все документы, связанные со страховым случаем и переписку со страховщиком, так как они могут понадобиться для обоснования вашей позиции."
122,Как оспорить списание по карте с учетом срока ответа банка?,"Для оспаривания списания по карте необходимо действовать в рамках установленных банком сроков и процедур.

1. **Сроки для оспаривания**:
   - Обычно банк предоставляет 60 дней с момента списания для подачи претензии.
   - В некоторых случаях срок может быть сокращен, поэтому важно уточнить условия вашего банка.

2. **Процедура оспаривания**:
   - Обратитесь в банк через официальные каналы связи (онлайн-банк, горячая линия, отделение банка).
   - Предоставьте информацию о спорной транзакции (дата, сумма, описание операции).
   - Укажите причину оспаривания (например, несанкционированное списание, ошибка в сумме и т.д.).

3. **Документы и доказательства**:
   - Подготовьте документы, подтверждающие вашу позицию (чеки, выписки, скриншоты и т.д.).
   - Если списание связано с мошенничеством, сообщите об этом банку и, при необходимости, в полицию.

4. **Ответ банка**:
   - Банк рассмотрит вашу претензию и примет решение в установленный срок (обычно до 30 дней).
   - Если решение будет в вашу пользу, средства будут возвращены на карту.

Для более точной информации обратитесь в ваш банк или изучите условия договора."
123,Почему полис ИСЖ не равен вкладу в контексте раздела при разводе?,"Полис инвестиционного страхования жизни (ИСЖ) и банковский вклад — это разные финансовые инструменты, и их разделение при разводе регулируется законодательством.

1. **Статус имущества**:
   - **Вклад в банке**: Обычно считается общим имуществом супругов, если не оформлен как личный. При разводе он делится в соответствии с семейным законодательством.
   - **Полис ИСЖ**: Может быть как общим, так и личным имуществом, в зависимости от условий договора и соглашения между супругами. Если полис оформлен на одного из супругов и средства вносились из его личных средств, он может быть признан личным имуществом.

2. **Договорные условия**:
   - Вклады обычно не имеют специальных условий, связанных с разделом имущества.
   - Полис ИСЖ может содержать условия, которые определяют его статус в случае развода. Например, если полис оформлен на одного из супругов и средства вносились из его личных средств, он может быть признан личным имуществом.

3. **Налоговые и юридические аспекты**:
   - Вклады подлежат налогообложению в случае получения процентов.
   - Полис ИСЖ может иметь налоговые льготы, что также влияет на его статус при разделе имущества.

Для точного определения статуса полиса ИСЖ и вклада при разводе рекомендуется обратиться к юристу или нотариусу, который сможет учесть все нюансы вашего случая."
124,Когда возможны повышенные выплаты по вкладам до 10 млн рублей?,"Повышенные выплаты по вкладам до 10 млн рублей возможны в следующих случаях:

1. **Акционные предложения**: Банк может запускать специальные акции или программы, в рамках которых предлагаются повышенные процентные ставки по вкладам. Эти акции обычно ограничены по времени или объему.

2. **Программы лояльности**: Некоторые банки предлагают повышенные ставки для своих постоянных клиентов или участников программ лояльности.

3. **Специальные условия для новых клиентов**: Банки могут предлагать повышенные ставки для привлечения новых клиентов.

4. **Вклады с особыми условиями**: Некоторые вклады могут иметь повышенные ставки при соблюдении определенных условий, таких как минимальный срок размещения или ограничения на снятие средств.

Для получения актуальной информации о текущих акциях и условиях по вкладам рекомендуется обратиться в ваш банк или посетить его официальный сайт."
125,Как подходить к выбору продавца на маркетплейсе либо кредитного брокера?,"Для выбора продавца на маркетплейсе или кредитного брокера важно учитывать несколько ключевых факторов:

1. **Репутация и отзывы**:
   - Проверьте отзывы других покупателей или клиентов. Обратите внимание на общий рейтинг и конкретные комментарии.
   - Убедитесь, что продавец или брокер имеет положительные отзывы и не имеет серьезных жалоб.

2. **Опыт и надежность**:
   - Узнайте, как долго продавец или брокер работает на рынке. Опытные участники обычно более надежны.
   - Проверьте, есть ли у продавца или брокера лицензии и сертификаты, подтверждающие их профессионализм.

3. **Условия и прозрачность**:
   - Внимательно изучите условия сотрудничества. Убедитесь, что все условия четко прописаны и не содержат скрытых комиссий или дополнительных платежей.
   - Для кредитных брокеров важно, чтобы они предлагали прозрачные условия кредитования и не скрывали важную информацию.

4. **Поддержка клиентов**:
   - Оцените качество обслуживания. Наличие оперативной поддержки и готовность отвечать на вопросы — важные критерии.
   - Проверьте, есть ли у продавца или брокера контактные данные и как быстро они реагируют на запросы.

5. **Цены и предложения**:
   - Сравните цены и условия у нескольких продавцов или брокеров. Не всегда самый дешевый вариант является лучшим.
   - Убедитесь, что предложенные условия соответствуют вашим потребностям и возможностям.

6. **Гарантии и возвраты**:
   - Для продавцов на маркетплейсе важно, чтобы они предлагали гарантии на товары и четкие условия возврата.
   - Для кредитных брокеров важно, чтобы они предлагали гарантии на оформление кредита и четкие условия сотрудничества.

Если у вас есть конкретные вопросы по выбору продавца или кредитного брокера, уточните их, и я постараюсь помочь более детально."
126,Почему высокий индивидуальный кредитный рейтинг не гарантирует одобрение кредита?,"Высокий индивидуальный кредитный рейтинг не гарантирует одобрение кредита по нескольким причинам:

1. **Кредитная политика банка**: Каждый банк устанавливает свои критерии для одобрения кредитов. Даже при высоком рейтинге могут быть дополнительные требования, такие как уровень дохода, стаж работы, наличие залога или поручителей.

2. **Текущая кредитная нагрузка**: Банк анализирует не только ваш рейтинг, но и текущие обязательства. Если у вас уже есть несколько кредитов, новые могут быть отклонены из-за высокой кредитной нагрузки.

3. **Другие факторы риска**: Банк может учитывать дополнительные факторы, такие как история работы, стабильность дохода, наличие активов и т.д.

4. **Внутренние правила банка**: Иногда банки могут иметь внутренние ограничения или квоты на выдачу кредитов, которые влияют на решение.

5. **Ошибки в кредитной истории**: Даже при высоком рейтинге в кредитной истории могут быть ошибки или недочеты, которые влияют на решение банка.

Если у вас возникли вопросы по конкретному кредиту, рекомендую обратиться в банк для уточнения условий и требований."
127,Какие меры заранее снижают риск кражи денег с карты в поездке и дома?,"Для снижения риска кражи денег с карты как в поездке, так и дома, рекомендуется предпринять следующие меры:

1. **Используйте виртуальные карты**: Виртуальные карты позволяют совершать покупки онлайн без раскрытия данных основной карты. Это снижает риск утечки информации.

2. **Активируйте SMS-уведомления**: Подключите услугу SMS-уведомлений о всех операциях по карте. Это позволит вам оперативно реагировать на любые подозрительные транзакции.

3. **Установите лимиты на операции**: Ограничьте суммы и количество операций по карте. Это можно сделать в личном кабинете или через мобильное приложение банка.

4. **Используйте сложные PIN-коды**: Не используйте простые комбинации, такие как даты рождения или последовательные числа. Чем сложнее PIN-код, тем труднее его угадать.

5. **Не храните PIN-код вместе с картой**: Никогда не записывайте PIN-код на карте или в кошельке, где она хранится.

6. **Используйте только защищенные сети**: При совершении онлайн-покупок избегайте использования общедоступных Wi-Fi сетей. Лучше использовать мобильный интернет или защищенные сети.

7. **Регулярно проверяйте выписки**: Проверяйте выписки по карте и оперативно сообщайте в банк о любых подозрительных операциях.

8. **Используйте токенизацию**: Токенизация позволяет заменить данные карты на уникальный токен, который используется для оплаты. Это снижает риск утечки информации.

9. **Будьте осторожны с фальшивыми банкоматами**: В поездках избегайте использования банкоматов, которые выглядят подозрительно или установлены в неохраняемых местах.

10. **Используйте мобильные приложения банка**: Мобильные приложения банка часто предоставляют дополнительные функции безопасности, такие как временная блокировка карты или подтверждение операций.

Эти меры помогут снизить риск кражи денег с карты и обеспечить дополнительную защиту ваших средств."
128,Когда ФНС присылает готовое заявление на вычет без декларации,"ФНС может прислать готовое заявление на налоговый вычет без необходимости подавать декларацию в следующих случаях:

1. Если у вас есть подтвержденные данные о доходах и расходах, которые соответствуют условиям для получения вычета (например, через работодателя или банк, если вычет связан с ипотекой).
2. Если вы уже получали вычеты ранее и ваши данные сохранены в системе ФНС.
3. Если вычет предоставляется автоматически на основании информации, полученной от работодателя или других источников.

Для точного ответа уточните, о каком именно вычете идет речь (например, имущественный, социальный, стандартный)."
129,Чем отличается порядок прекращения договоров при отказе страховщика от лицензии от ситуации с отзывом лицензии?,"Для ответа на ваш вопрос важно учитывать несколько ключевых аспектов, связанных с прекращением договоров страхования в зависимости от обстоятельств, при которых страховщик теряет лицензию.

1. **Отказ страховщика от лицензии**:
   - В этом случае страховщик добровольно принимает решение прекратить свою деятельность. Обычно такой отказ сопровождается уведомлением клиентов и регуляторов заранее, что позволяет страхователям найти альтернативные варианты страхования.
   - Договоры страхования могут быть прекращены в соответствии с условиями, прописанными в договоре, либо по соглашению сторон. Страховщик может предложить клиентам перейти к другому страховщику или вернуть часть страховой премии пропорционально неистекшему сроку действия договора.

2. **Отзыв лицензии**:
   - В этом случае лицензия отзывается регулятором (например, Банком России) из-за нарушений со стороны страховщика. Это может произойти внезапно и без предварительного уведомления.
   - В соответствии с законодательством, при отзыве лицензии договоры страхования продолжают действовать до истечения их срока, но страховщик больше не может заключать новые договоры. Регулятор может назначить временную администрацию для управления активами страховщика и обеспечения выполнения обязательств перед клиентами.
   - Клиенты могут рассчитывать на выплаты по действующим договорам, но процесс может быть более сложным и длительным из-за необходимости взаимодействия с временной администрацией или другим страховщиком, который возьмет на себя обязательства.

Таким образом, основное отличие заключается в том, что при отказе страховщика от лицензии процесс прекращения договоров более контролируемый и согласованный, тогда как при отзыве лицензии ситуация может быть более сложной и менее предсказуемой для клиентов."
130,Куда обращаться с жалобой на страховщика в зависимости от вида нарушения?,"Для подачи жалобы на страховщика в зависимости от вида нарушения можно обратиться в следующие инстанции:

1. **В страховую компанию**:
   - Начните с обращения в саму страховую компанию. Обычно у них есть служба клиентской поддержки или отдел по работе с жалобами. Укажите суть проблемы и требуйте разъяснений или исправления ситуации.

2. **В Банк России (Центральный банк РФ)**:
   - Если страховая компания не реагирует или не решает проблему, можно подать жалобу в Банк России. Это регуляторный орган, который контролирует деятельность страховых компаний. Жалобу можно подать через официальный сайт Банка России или отправить по почте.

3. **В Росфиннадзор (Федеральная служба по финансовым рынкам)**:
   - В некоторых случаях можно обратиться в Росфиннадзор, который также занимается контролем финансовых организаций, включая страховые компании.

4. **В суд**:
   - Если другие способы не помогли, можно подать иск в суд. Для этого потребуется собрать все документы, подтверждающие нарушение, и обратиться в суд по месту нахождения страховой компании или по месту жительства истца.

5. **В общественные организации и СМИ**:
   - В некоторых случаях можно обратиться в общественные организации, занимающиеся защитой прав потребителей, или в СМИ, чтобы привлечь внимание к проблеме.

Важно сохранить все документы, связанные со страховым случаем и общением со страховой компанией, так как они могут понадобиться для доказательства нарушения."
131,"Как узнать, в каких БКИ хранится моя кредитная история, и как бесплатно получить отчет?","Чтобы узнать, в каких бюро кредитных историй (БКИ) хранится ваша кредитная история, и получить отчет, выполните следующие шаги:

1. **Узнать, в каких БКИ хранится ваша история:**
   - Обратитесь в Центральный каталог кредитных историй (ЦККИ) Банка России. Это можно сделать через официальный сайт Банка России или лично в отделении банка.
   - В ЦККИ содержится информация о том, в каких БКИ зарегистрированы ваши данные.

2. **Получить кредитный отчет:**
   - Обратитесь напрямую в БКИ, где хранится ваша история. Вы можете запросить отчет в любом из них.
   - Запрос можно сделать через официальный сайт БКИ, по почте или лично в офисе.
   - В соответствии с законом, вы имеете право получить один бесплатный отчет в год из каждого БКИ, в котором у вас есть кредитная история.

3. **Через банк:**
   - Некоторые банки предоставляют услугу получения кредитного отчета через их интернет-банкинг или мобильное приложение.

Если у вас возникнут трудности, вы можете обратиться в службу поддержки Банка России или в выбранное БКИ для получения дополнительной помощи."
132,Куда обращаться при споре со страховой?,"При споре со страховой компанией можно обратиться в следующие инстанции:

1. **В саму страховую компанию** – сначала стоит подать официальную претензию в страховую компанию, указав суть спора и требования. Компания обязана рассмотреть претензию в установленный законом срок.

2. **В Российский союз автостраховщиков (РСА)** – если спор связан с ОСАГО, можно обратиться в РСА. Организация помогает разрешать споры между страхователями и страховыми компаниями.

3. **В Банк России (Центральный банк РФ)** – если страховая компания нарушает законы или отказывается выполнять обязательства, можно подать жалобу в ЦБ РФ.

4. **В суд** – если переговоры и претензии не помогли, можно подать иск в суд. Для этого потребуется собрать доказательства и документы, подтверждающие ваши требования.

5. **В финансового уполномоченного (финансовый омбудсмен)** – можно обратиться к финансовому уполномоченному, который поможет разрешить спор внесудебным путем.

Если у вас есть конкретный спор, уточните его детали, и я помогу подробнее."
133,Что выбрать предпринимателю без залога при потребности в деньгах на короткий срок?,"Для предпринимателя без залога при необходимости в деньгах на короткий срок можно рассмотреть несколько вариантов:

1. **Кредитная линия или овердрафт**: Это возможность получить доступ к заемным средствам в пределах установленного лимита. Средства можно использовать по мере необходимости, а проценты начисляются только на использованную сумму.

2. **Микрозайм**: Некоторые финансовые организации предлагают микрозаймы без залога. Однако процентные ставки по таким займам обычно выше, чем по традиционным кредитам.

3. **Факторинг**: Если у предпринимателя есть дебиторская задолженность, он может воспользоваться факторингом. Это услуга, при которой банк или факторинговая компания выкупает дебиторскую задолженность, предоставляя предпринимателю деньги сразу.

4. **Кредитная карта для бизнеса**: Некоторые банки предлагают кредитные карты специально для предпринимателей. Это может быть удобным вариантом для краткосрочного финансирования.

5. **Краудфандинг или краудлендинг**: Альтернативные методы привлечения финансирования, при которых деньги могут быть предоставлены частными инвесторами или заемщиками.

Важно внимательно изучить условия каждого из предложенных вариантов, чтобы выбрать наиболее подходящий и выгодный для вашего бизнеса."
134,Чем для вкладчика отличается санация от отзыва лицензии?,"Санация и отзыв лицензии — это два разных процесса, которые могут произойти с банком, и они по-разному влияют на вкладчиков.

**Санация:**
- Это процедура финансового оздоровления банка, которая проводится с целью восстановления его платежеспособности.
- В ходе санации банк может получить финансовую помощь от государства, других банков или инвесторов.
- Вкладчики продолжают получать проценты по вкладам, и их средства остаются доступными.
- Санация может быть как добровольной, так и принудительной.

**Отзыв лицензии:**
- Это процедура, при которой Центральный банк отзывает лицензию на осуществление банковских операций.
- Отзыв лицензии обычно происходит в случае, если банк становится неспособным выполнять свои обязательства перед вкладчиками и кредиторами.
- В случае отзыва лицензии вкладчики могут потерять доступ к своим средствам на некоторое время.
- Вкладчики могут получить возмещение по вкладам через Агентство по страхованию вкладов (АСВ) в размере до 1,4 миллиона рублей.

Таким образом, санация — это попытка спасти банк, тогда как отзыв лицензии — это признак того, что банк не может продолжать свою деятельность."
135,В каких случаях банк компенсирует хищение средств?,"Банк может компенсировать хищение средств в следующих случаях:

1. **Техническая ошибка банка**: Если хищение произошло из-за ошибки в работе банковской системы, банк обязан возместить убытки клиенту.

2. **Мошенничество с использованием уязвимостей системы**: Если мошенники воспользовались уязвимостями в системе банка, банк также может компенсировать убытки.

3. **Нарушение банком своих обязательств**: Если банк не обеспечил должную защиту средств клиента, он может быть обязан возместить убытки.

В других случаях, например, если клиент сам предоставил мошенникам доступ к своим данным (пароли, коды, SMS-подтверждения), банк не несет ответственности за хищение средств. В таких ситуациях клиенту рекомендуется обратиться в правоохранительные органы для возбуждения уголовного дела."
136,"Как убедиться, что письмо о школьной субсидии не от мошенников?","Для проверки подлинности письма о школьной субсидии рекомендуется:

1. **Проверьте отправителя**: Убедитесь, что адрес электронной почты соответствует официальному домену организации, которая якобы отправила письмо. Например, если это письмо от школы, адрес должен содержать название школы и домен, связанный с образовательными учреждениями.

2. **Проверьте контакты**: В официальном письме должны быть указаны контактные данные организации (телефон, адрес, официальный сайт). Проверьте их подлинность, сравнив с информацией на официальном сайте организации.

3. **Не переходите по подозрительным ссылкам**: Не кликайте на ссылки в письме, особенно если они ведут на подозрительные сайты. Вместо этого, введите адрес сайта вручную в браузере.

4. **Проверьте текст письма**: Официальные письма обычно содержат стандартные формулировки и не содержат ошибок. Если в письме есть орфографические или грамматические ошибки, это может быть признаком мошенничества.

5. **Свяжитесь с организацией напрямую**: Если у вас есть сомнения, свяжитесь с организацией по официальным контактам, чтобы уточнить информацию.

6. **Не предоставляйте личные данные**: Никогда не отправляйте свои личные данные (паспортные данные, номера карт, пароли и т.д.) по электронной почте, особенно если письмо пришло от неизвестного отправителя.

Если вы сомневаетесь в подлинности письма, лучше всего связаться с организацией напрямую через официальные каналы связи."
137,Куда обращаться за выплатами: советские вклады против вкладов банка с отозванной лицензией?,"Для получения информации о выплатах по советским вкладам и вкладам в банках с отозванной лицензией необходимо обращаться в разные организации.

1. **Советские вклады**:
   Обращайтесь в банк, где был открыт вклад. Если банк ликвидирован, выплатами занимается Агентство по страхованию вкладов (АСВ). Вы можете уточнить информацию на сайте АСВ или обратиться в их офис.

2. **Вклады в банках с отозванной лицензией**:
   Также обращайтесь в Агентство по страхованию вкладов (АСВ). АСВ выплачивает компенсации вкладчикам банков, у которых отозвана лицензия, в рамках страхового покрытия (до 1,4 млн рублей).

Для получения точной информации рекомендуется посетить официальный сайт АСВ или связаться с их службой поддержки."
138,Что поможет новичку начать контролировать бюджет без сложных инструментов?,"Для начала контроля бюджета без сложных инструментов можно использовать следующие простые методы:

1. **Ведение записей доходов и расходов**: Записывайте все доходы и расходы в блокноте или таблице. Это поможет видеть, куда уходят деньги и на что можно сэкономить.

2. **Разделение расходов на категории**: Разделите расходы на основные категории, такие как еда, транспорт, развлечения, коммунальные услуги и т.д. Это поможет лучше понять структуру своих трат.

3. **Использование принципа ""50/30/20""**: Разделите доходы на три части:
   - 50% на необходимые расходы (жилье, еда, коммунальные услуги).
   - 30% на личные потребности (развлечения, шопинг).
   - 20% на сбережения и погашение долгов.

4. **Планирование бюджета на месяц**: Заранее планируйте свои расходы, чтобы избежать неожиданных трат. Это поможет контролировать финансы и избежать долгов.

5. **Использование мобильных приложений**: Если не хотите вести записи вручную, можно использовать простые мобильные приложения для учета бюджета, такие как ""Деньги"", ""CoinKeeper"" или ""Money Lover"".

Эти методы помогут вам начать контролировать бюджет без сложных инструментов и постепенно улучшать свои финансовые привычки."
139,Какие инструменты снижения рисков для банков и инвесторов доступны через Корпорацию МСП?,"Через Корпорацию МСП доступны следующие инструменты снижения рисков для банков и инвесторов:

1. **Гарантии и поручительства**: Корпорация МСП предоставляет гарантии по кредитам, что снижает риски банков при кредитовании малого и среднего бизнеса. Это позволяет банкам выдать кредит на более выгодных условиях.

2. **Субсидирование процентных ставок**: Корпорация МСП субсидирует часть процентной ставки по кредитам, что снижает финансовую нагрузку на заемщиков и уменьшает риски невыплаты.

3. **Программы страхования**: В рамках сотрудничества с Корпорацией МСП могут быть доступны программы страхования, которые покрывают риски, связанные с кредитованием малого и среднего бизнеса.

4. **Консультационная поддержка**: Корпорация МСП предоставляет консультационные услуги, которые помогают бизнесу снизить риски, связанные с управлением и развитием.

Эти инструменты позволяют банкам и инвесторам работать с малым и средним бизнесом более уверенно, снижая риски и повышая стабильность своих инвестиций."
140,"Как понять, потянете ли ежемесячный платеж по ипотеке?","Чтобы понять, потянете ли вы ежемесячный платеж по ипотеке, нужно рассчитать его размер и сравнить с вашими доходами.

1. **Рассчитайте ежемесячный платеж**:
   - Используйте ипотечный калькулятор на сайте банка.
   - Введите сумму кредита, срок кредитования и процентную ставку.
   - Калькулятор покажет размер ежемесячного платежа.

2. **Сравните с доходами**:
   - Обычно рекомендуется, чтобы ежемесячный платеж не превышал 30-40% от вашего чистого дохода.
   - Если платеж входит в этот диапазон, он будет для вас посильным.

3. **Учтите дополнительные расходы**:
   - Помимо платежа по ипотеке, учитывайте коммунальные платежи, налоги, страховку и другие обязательные расходы.

Если после расчетов вы видите, что платеж слишком высокий, можно рассмотреть варианты увеличения первоначального взноса, уменьшения суммы кредита или продления срока кредитования."
141,Как распознать фишинговое письмо?,"Фишинговые письма часто содержат подозрительные признаки, которые помогут их распознать:

1. **Необычный адрес отправителя**: Проверьте адрес электронной почты отправителя. Фишинговые письма часто приходят с адресов, которые выглядят подозрительно или не совпадают с официальными адресами компании.

2. **Подозрительные ссылки**: Перед переходом по ссылке в письме, наведите на нее курсор. Если ссылка ведет на подозрительный или незнакомый сайт, это может быть признаком фишинга.

3. **Орфографические и грамматические ошибки**: Фишинговые письма часто содержат ошибки в тексте, которые могут быть заметны невооруженным глазом.

4. **Срочность и требования к действию**: Фишинговые письма часто создают ощущение срочности и требуют от вас немедленных действий, таких как ввод данных или перечисление денег.

5. **Подозрительные вложения**: Если письмо содержит вложения, которые вы не ожидали получить, не открывайте их. Это может быть вирус или вредоносное ПО.

6. **Необычные запросы информации**: Если письмо просит вас предоставить конфиденциальную информацию, такую как пароли, номера карт или коды доступа, это может быть признаком фишинга.

Если вы заметили хотя бы один из этих признаков, не переходите по ссылкам и не открывайте вложения. Лучше связаться с официальным представителем компании или банка для подтверждения подлинности письма."
142,Как проверить легальность кредитора перед оформлением займа?,"Для проверки легальности кредитора перед оформлением займа рекомендуется выполнить следующие шаги:

1. **Проверка лицензии**: Убедитесь, что кредитор имеет лицензию Центрального банка Российской Федерации. Лицензию можно проверить на официальном сайте Центрального банка РФ.

2. **Репутация и отзывы**: Изучите отзывы о кредиторе на независимых платформах, таких как Отзовик, Фламп, Яндекс.Отзывы и другие. Обратите внимание на количество положительных и отрицательных отзывов.

3. **Официальный сайт и контакты**: Проверьте наличие официального сайта кредитора, а также контактных данных (телефоны, адреса, электронная почта). Наличие реальных контактов снижает риск мошенничества.

4. **Договор и условия**: Внимательно изучите условия договора, включая процентные ставки, комиссии, штрафы за просрочку и другие важные детали. Легальные кредиторы предоставляют прозрачные условия.

5. **Регистрация в реестре**: Проверьте, зарегистрирован ли кредитор в реестре микрофинансовых организаций (МФО) или банков. Это можно сделать на сайте Центрального банка РФ.

6. **Консультация с юристом**: Если у вас есть сомнения, проконсультируйтесь с юристом, который поможет оценить легальность кредитора и условия договора.

Если у вас есть дополнительные вопросы по данной теме, пожалуйста, уточните их."
143,Какие ПИФы лучше подходят для долгосрочной стратегии инвестирования?,"Для долгосрочной инвестиционной стратегии лучше всего подходят ПИФы, которые вкладывают средства в акции и облигации с высоким потенциалом роста. Это могут быть фонды, инвестирующие в:

1. **Рыночные фонды** – вкладывают средства в акции компаний, которые демонстрируют устойчивый рост.
2. **Фонды смешанных инвестиций** – сочетают в портфеле акции, облигации и другие активы, что снижает риски.
3. **Фонды акций развивающихся рынков** – могут приносить высокую доходность, но с более высоким уровнем риска.
4. **Фонды недвижимости (REITs)** – инвестируют в коммерческую недвижимость, что может обеспечить стабильный доход.

Важно учитывать, что долгосрочные инвестиции требуют терпения и готовности к колебаниям на рынке. Рекомендуется диверсифицировать портфель, чтобы снизить риски."
144,Почему при замене водительского удостоверения важно сообщить об этом страховщику по ОСАГО?,"При замене водительского удостоверения важно сообщить об этом страховщику по ОСАГО, чтобы избежать проблем в случае ДТП. Водительское удостоверение является одним из ключевых документов, подтверждающих право управления транспортным средством. Если в полисе ОСАГО указаны данные старого удостоверения, а у вас на руках новое, это может вызвать сложности при оформлении страхового случая.

Страховщик может отказать в выплате, если информация в полисе не соответствует действительности. Поэтому важно своевременно внести изменения в страховой полис, чтобы все данные были актуальными. Это можно сделать, обратившись в страховую компанию или через личный кабинет на сайте страховщика."
145,Как соотносится лимит суммы по кредитным каникулам для потребительских займов с максимальным размером кредита по семейной ипотеке?,"Для ответа на ваш вопрос требуется больше информации, так как лимиты по кредитным каникулам и максимальные размеры кредита по семейной ипотеке могут различаться в зависимости от банка и конкретных программ.

1. **Кредитные каникулы**: Это временная отсрочка платежей по кредиту, которая может быть предоставлена банком по заявлению заемщика. Лимит суммы, на которую распространяются кредитные каникулы, обычно зависит от условий банка и может быть ограничен.

2. **Семейная ипотека**: Это специальная программа ипотечного кредитования, которая может иметь свои лимиты и условия. Максимальный размер кредита по семейной ипотеке также зависит от условий банка и программы.

Для точного ответа на ваш вопрос рекомендую обратиться в ваш банк или просмотреть условия конкретных программ на официальном сайте банка."
146,"Зачем при размещении ценных бумаг нужны регистратор, а также депозитарий?","Регистратор и депозитарий выполняют важные функции при размещении ценных бумаг:

1. **Регистратор**:
   - Ведёт реестр владельцев ценных бумаг.
   - Осуществляет учёт прав на ценные бумаги.
   - Обеспечивает контроль за соблюдением прав акционеров.
   - Выполняет функции по распределению дивидендов и других выплат.

2. **Депозитарий**:
   - Обеспечивает хранение ценных бумаг в безбумажной форме.
   - Осуществляет учёт и контроль за движением ценных бумаг.
   - Обеспечивает безопасность и защиту прав владельцев ценных бумаг.
   - Выполняет функции по расчётам и клирингу при операциях с ценными бумагами.

Эти организации обеспечивают прозрачность и надёжность рынка ценных бумаг, что способствует доверию инвесторов."
147,"Получает ли созаемщик право на имущество, купленное в кредит, без указания в договоре купли-продажи?","Созаемщик, как правило, не получает автоматического права на имущество, купленное в кредит, если его имя не указано в договоре купли-продажи. Права на имущество определяются договором купли-продажи, а не кредитным договором.

Если в договоре купли-продажи указан только один собственник (заемщик), то созаемщик не имеет прав на это имущество, даже если он участвует в погашении кредита. Для получения прав на имущество созаемщику необходимо быть указанным в договоре купли-продажи в качестве собственника или иметь другие законные основания для владения.

В случае, если имущество приобретено в браке, могут применяться нормы семейного законодательства, которые регулируют раздельное и совместное имущество супругов. Однако это не относится к созаемщикам, не состоящим в браке с заемщиком."
148,Через кого частному инвестору доступны опционы либо фьючерсы на бирже?,"Частному инвестору доступны опционы и фьючерсы на бирже через брокерские компании, которые имеют лицензию на осуществление брокерской деятельности и являются участниками биржи. Для работы с этими инструментами инвестору необходимо открыть брокерский счет и заключить договор с брокером. Брокер предоставляет доступ к торговой платформе, через которую можно совершать сделки с опционами и фьючерсами."
149,Как сохранить прожиточный минимум при аресте счетов после решения суда?,"Для сохранения прожиточного минимумума при аресте счетов после решения суда, необходимо действовать в рамках законодательства. Вот основные шаги:

1. **Обратитесь в суд**: В течение 10 дней с момента вынесения решения суда вы можете подать заявление о предоставлении отсрочки или рассрочки исполнения решения. Это позволит вам сохранить средства на счету для покрытия необходимых расходов.

2. **Заявление о выделении долей**: Если на счету находятся средства, которые принадлежат нескольким лицам, вы можете подать заявление о выделении долей. Это позволит сохранить средства, которые принадлежат другим лицам.

3. **Заявление о снятии ареста**: Если арест наложен на счет, который не относится к спорным средствам, вы можете подать заявление о снятии ареста.

4. **Обратитесь в службу судебных приставов**: Вы можете обратиться в службу судебных приставов с заявлением о предоставлении отсрочки или рассрочки исполнения решения. Это позволит вам сохранить средства на счету для покрытия необходимых расходов.

5. **Обратитесь в банк**: Вы можете обратиться в банк с заявлением о предоставлении кредитной линии или займа. Это позволит вам сохранить средства на счету для покрытия необходимых расходов.

Если у вас есть дополнительные вопросы, пожалуйста, уточните их."
150,"Когда по оформленному кредиту можно не платить, несмотря на обязанность погашать долги?","Для того чтобы не платить по кредиту, несмотря на обязанность погашения, должны быть веские основания, предусмотренные законодательством. Вот несколько возможных ситуаций:

1. **Форс-мажорные обстоятельства**:
   - Если у вас возникли обстоятельства, которые не позволяют выполнять обязательства по кредиту (например, стихийное бедствие, тяжелая болезнь, потеря работы), вы можете обратиться в банк с заявлением о реструктуризации или отсрочке платежей. Банк может пойти вам на встречу, но это не гарантировано.

2. **Оспаривание кредитного договора в суде**:
   - Если вы считаете, что кредитный договор был заключен с нарушениями (например, давление, обман, несоответствие условий), вы можете обратиться в суд для признания договора недействительным. В этом случае платежи могут быть приостановлены до вынесения решения суда.

3. **Банкротство**:
   - Если вы признаете себя банкротом, все ваши долги, включая кредитные, могут быть списаны или реструктурированы в рамках процедуры банкротства. Однако это крайняя мера и может иметь серьезные последствия для вашего финансового состояния.

4. **Ошибка банка**:
   - Если банк допустил ошибку при оформлении кредита (например, неправильно рассчитал проценты, неверно указал сумму), вы можете требовать пересмотра условий или возврата излишне уплаченных средств.

Важно помнить, что простое нежелание платить по кредиту не является основанием для его невыплаты. В случае невыполнения обязательств банк может применить штрафные санкции, начислить пени, а также обратиться в суд для взыскания долга."
151,Как проверить легальность посредника для привлечения финансирования онлайн?,"Для проверки легальности посредника, который предлагает услуги по привлечению финансирования онлайн, рекомендуется выполнить следующие шаги:

1. **Проверка регистрации и лицензий**:
   - Убедитесь, что посредник зарегистрирован в соответствующих государственных реестрах (например, в реестре юридических лиц или реестре микрофинансовых организаций).
   - Проверьте наличие лицензий, если они требуются для осуществления деятельности (например, лицензия Центрального банка РФ для микрофинансовых организаций).

2. **Проверка репутации и отзывов**:
   - Изучите отзывы о посреднике на независимых платформах, таких как Отзовик, Фламп, Яндекс.Отзывы и другие.
   - Проверьте информацию о посреднике на форумах и в социальных сетях.

3. **Проверка контактной информации**:
   - Убедитесь, что у посредника есть реальный адрес, телефон и электронная почта.
   - Проверьте, есть ли у посредника официальный сайт с полной информацией о компании.

4. **Проверка условий сотрудничества**:
   - Внимательно изучите договор или соглашение, которое предлагает посредник. Обратите внимание на условия, комиссии, сроки и другие важные детали.
   - Убедитесь, что посредник не требует предоплату за услуги без предоставления гарантий.

5. **Проверка через банк или финансовый регулятор**:
   - Обратитесь в банк или финансовый регулятор (например, Центральный банк РФ) для проверки легальности посредника.
   - Уточните, есть ли у посредника договоры с банками или другими финансовыми организациями.

Если у вас возникли сомнения в легальности посредника, лучше отказаться от сотрудничества и обратиться за консультацией в банк или к профессиональному финансовому консультанту."
152,Чем отличается порог выручки для обязательного приема карт «Мир» от максимальной суммы «закупки с полки» по 223‑ФЗ?,"Порог выручки для обязательного приема карт «Мир» и максимальная сумма «закупки с полки» по 223‑ФЗ регулируются разными нормативными актами и имеют разные цели.

1. **Порог выручки для обязательного приема карт «Мир»**:
   - Устанавливается Центральным банком Российской Федерации.
   - Определяет минимальный объем выручки, при котором организация обязана принимать к оплате карты национальной платежной системы «Мир».
   - На 2023 год порог выручки составляет 400 млн рублей за предыдущий календарный год.

2. **Максимальная сумма «закупки с полки» по 223‑ФЗ**:
   - Регулируется Федеральным законом № 223-ФЗ «О закупках товаров, работ, услуг отдельными видами юридических лиц».
   - Определяет максимальный размер закупки, который может быть осуществлен без проведения конкурентных процедур.
   - На 2023 год максимальная сумма «закупки с полки» составляет 100 тыс. рублей.

Таким образом, эти два показателя относятся к разным сферам регулирования и не связаны между собой."
153,Какие проблемы с оплатой появились из‑за санкций?,"Из-за санкций могут возникнуть следующие проблемы с оплатой:

1. **Ограничения на международные переводы**: Банки могут блокировать или задерживать переводы в страны, находящиеся под санкциями, или из них.

2. **Ограничения на использование международных платежных систем**: Некоторые платежные системы могут быть недоступны для резидентов или нерезидентов определенных стран.

3. **Блокировка счетов и карт**: Счета и карты клиентов, находящихся под санкциями, могут быть заблокированы.

4. **Ограничения на операции с определенными валютами**: Некоторые валюты могут быть ограничены для использования в международных операциях.

5. **Усложнение процесса верификации**: Банки могут ужесточить требования к верификации клиентов, что может привести к задержкам в обработке платежей.

Если у вас возникли проблемы с оплатой, рекомендуется обратиться в ваш банк для получения более подробной информации и консультации."
154,Чем отличается имущественная ответственность ИП от ответственности учредителя ООО?,"Имущественная ответственность индивидуального предпринимателя (ИП) и ответственность учредителя общества с ограниченной ответственностью (ООО) различаются следующим образом:

1. **ИП**:
   - ИП отвечает по обязательствам своего бизнеса всем своим имуществом, как личным, так и используемым в предпринимательской деятельности.
   - Кредиторы могут взыскать долги ИП за счет любого его имущества, включая недвижимость, транспорт, счета в банках и т.д.

2. **ООО**:
   - Учредители ООО не отвечают по обязательствам общества своим личным имуществом.
   - Ответственность ограничена размером вклада в уставный капитал ООО.
   - Кредиторы могут взыскать долги только за счет имущества самого общества, а не личного имущества учредителей.

Таким образом, основное отличие заключается в степени защиты личного имущества: у ИП она отсутствует, а у учредителей ООО — присутствует."
155,Какие практики помогают сократить повседневные расходы при покупках?,"Для сокращения повседневных расходов при покупках можно использовать следующие практики:

1. **Планирование покупок**: Составьте список необходимых товаров и придерживайтесь его, чтобы избежать импульсных покупок.
2. **Сравнение цен**: Используйте сервисы для сравнения цен в разных магазинах, чтобы найти лучшие предложения.
3. **Использование скидок и акций**: Следите за акциями, скидками и специальными предложениями, которые могут помочь сэкономить.
4. **Применение кэшбэка и бонусных программ**: Используйте банковские карты с кэшбэком или бонусные программы магазинов, чтобы получать возврат средств или бонусы.
5. **Закупки оптом**: Покупайте товары оптом, если это выгодно, особенно продукты длительного хранения.
6. **Использование мобильных приложений**: Установите приложения, которые помогают находить скидки и акции в вашем районе.
7. **Отказ от ненужных подписок**: Пересмотрите свои подписки и откажитесь от тех, которые не используются.

Эти практики помогут вам более осознанно подходить к покупкам и сократить повседневные расходы."
156,"Какой месячный срок действует для отказа от допуслуг по кредиту, совпадающий со сроком безуведомительного погашения POS-кредита?","Для отказа от дополнительных услуг, связанных с кредитом, действует срок в 14 дней с момента заключения кредитного договора. Этот срок совпадает со сроком безуведомительного погашения POS-кредита, который также составляет 14 дней."
157,"Чем лизинг полезен на старте бизнеса, а также на стадии роста?","Лизинг полезен на старте бизнеса и на стадии роста по нескольким причинам:

1. **Сохранение ликвидности**:
   - Лизинг позволяет приобрести необходимое оборудование или транспорт без значительных первоначальных затрат. Это помогает сохранить ликвидность и использовать средства для других нужд бизнеса.

2. **Налоговые преимущества**:
   - Лизинговые платежи могут быть включены в расходы компании, что снижает налоговую нагрузку. Это особенно важно на старте бизнеса, когда каждая копейка на счету.

3. **Гибкость**:
   - Лизинг позволяет быстро адаптироваться к изменениям на рынке. Например, можно легко обновить оборудование или транспорт, не тратя время на продажу старого имущества.

4. **Доступ к современному оборудованию**:
   - Лизинг позволяет использовать современное оборудование, которое может быть недоступно для покупки из-за высокой стоимости. Это особенно важно на стадии роста, когда бизнес нуждается в технологиях для увеличения производительности.

5. **Упрощенный процесс**:
   - Процесс оформления лизинга часто проще и быстрее, чем получение кредита. Это позволяет быстрее начать использовать оборудование или транспорт.

6. **Снижение рисков**:
   - В случае неудачи бизнеса, лизинговое имущество возвращается лизингодателю, что снижает финансовые риски для предпринимателя.

Таким образом, лизинг является удобным инструментом для старта и роста бизнеса, позволяя сохранять ликвидность, получать налоговые льготы и быстро адаптироваться к изменениям на рынке."
158,Какие базовые правила помогут защититься от финансовых мошенников?,"Для защиты от финансовых мошенников следует придерживаться нескольких базовых правил:

1. **Не передавайте персональные данные**: Никогда не сообщайте пароли, CVV-коды, SMS-коды и другие конфиденциальные данные по телефону, электронной почте или через мессенджеры. Банк никогда не запросит такую информацию.

2. **Проверяйте источники**: Убедитесь, что вы взаимодействуете с официальными представителями банка. Проверяйте контакты на сайте банка и не переходите по подозрительным ссылкам.

3. **Используйте официальные каналы связи**: Для решения вопросов по картам и счетам используйте только официальные каналы связи, такие как мобильное приложение банка, интернет-банк или горячую линию.

4. **Будьте бдительны с неожиданными предложениями**: Если вам предлагают выгодные условия, которые кажутся слишком хорошими, чтобы быть правдой, скорее всего, это мошенничество.

5. **Регулярно проверяйте счета**: Следите за операциями по вашим счетам и картам. Если заметите подозрительные транзакции, немедленно свяжитесь с банком.

6. **Используйте двухфакторную аутентификацию**: Включите дополнительные меры безопасности, такие как SMS-подтверждение или биометрия, для доступа к вашим финансовым данным.

Если у вас возникли подозрения или вы стали жертвой мошенничества, немедленно свяжитесь с банком для блокировки карты и счета."
159,Как проверить легальность посредника на рынке инвестиций?,"Для проверки легальности посредника на рынке инвестиций рекомендуется выполнить следующие шаги:

1. **Проверка лицензии**: Убедитесь, что у посредника есть действующая лицензия на осуществление брокерской, дилерской или иной инвестиционной деятельности. В России лицензии выдаются Центральным банком РФ. Вы можете проверить наличие лицензии на официальном сайте ЦБ РФ.

2. **Репутация и отзывы**: Изучите отзывы о посреднике на независимых платформах, таких как форумы, специализированные сайты или социальные сети. Обратите внимание на негативные отзывы и возможные жалобы.

3. **Членство в саморегулируемых организациях (СРО)**: Проверьте, является ли посредник членом СРО. Членство в СРО может быть дополнительным подтверждением его легальности.

4. **Прозрачность информации**: Легальный посредник должен предоставлять прозрачную информацию о своих услугах, комиссиях, рисках и условиях сотрудничества. Будьте осторожны, если посредник скрывает важные детали или обещает слишком высокие доходы без рисков.

5. **Контактная информация**: Проверьте наличие и достоверность контактной информации, включая адрес, телефон и электронную почту. Легальные компании обычно имеют официальные контакты и готовы отвечать на вопросы клиентов.

Если у вас возникли сомнения в легальности посредника, лучше воздержаться от сотрудничества и обратиться за консультацией в банк или к квалифицированному финансовому консультанту."
160,Можно ли через ИИС-3 инвестировать в золото с налоговой выгодой?,"Да, через ИИС типа Б (ИИС-3) можно инвестировать в золото с налоговой выгодой. ИИС типа Б позволяет вернуть 13% НДФЛ от суммы внесенных средств, но не более 52 000 рублей в год. Однако, важно учитывать, что налоговый вычет предоставляется только на сумму внесенных средств, а не на доход от инвестиций.

Если вы инвестируете в золото через ИИС типа Б, то налоговая выгода будет зависеть от суммы, которую вы внесете на счет. Например, если вы внесете 400 000 рублей, то сможете вернуть 13% от этой суммы, то есть 52 000 рублей.

Однако, если вы инвестируете в золото через ИИС типа А, то налоговая выгода будет зависеть от дохода от инвестиций. В этом случае вы не платите НДФЛ с дохода от продажи золота, но налоговый вычет не предоставляется.

Таким образом, если ваша цель — получить налоговую выгоду от внесенных средств, то ИИС типа Б (ИИС-3) может быть более выгодным вариантом. Если же ваша цель — получить налоговую выгоду от дохода от инвестиций, то ИИС типа А может быть более подходящим вариантом."
161,"Почему драгоценные металлы считаются защитой сбережений при высокой инфляции, но на коротком горизонте риск убытка велик?","Драгоценные металлы, такие как золото и серебро, традиционно считаются защитой от инфляции по нескольким причинам:

1. **Ограниченное предложение**: Драгоценные металлы имеют ограниченное предложение, что делает их ценность более устойчивой к инфляции. В отличие от бумажных денег, которые могут быть напечатаны в неограниченном количестве, количество драгоценных металлов в мире ограничено.

2. **Универсальная ценность**: Драгоценные металлы имеют универсальную ценность и признаются во всем мире. Они могут быть использованы в качестве средства обмена, накопления и сохранения стоимости.

3. **Защита от обесценивания**: В периоды высокой инфляции бумажные деньги могут быстро обесцениваться. Драгоценные металлы, напротив, сохраняют свою стоимость и могут защитить сбережения от инфляции.

Однако на коротком горизонте инвестирования в драгоценные металлы могут быть риски убытка:

1. **Волатильность цен**: Цены на драгоценные металлы могут быть очень волатильными на коротком временном интервале. Это означает, что их стоимость может резко колебаться, что может привести к убыткам.

2. **Отсутствие дохода**: В отличие от акций или облигаций, драгоценные металлы не приносят дохода. Это означает, что на коротком временном интервале они могут не принести прибыли.

3. **Комиссии и налоги**: При покупке и продаже драгоценных металлов могут взиматься комиссии и налоги, которые могут снизить общую прибыль.

Таким образом, хотя драгоценные металлы могут быть хорошей защитой от инфляции на долгосрочном горизонте, на коротком временном интервале они могут быть рискованными инвестициями."
162,Как предпринимателю взять микрозаем на льготных условиях через госпрограмму — с ускоренным оформлением через цифровой профиль?,"Для получения микрозайма на льготных условиях через госпрограмму с ускоренным оформлением через цифровой профиль предпринимателю необходимо выполнить следующие шаги:

1. **Проверка соответствия требованиям**:
   - Убедитесь, что ваш бизнес соответствует критериям госпрограммы. Обычно это малый и средний бизнес, действующий в определенных отраслях.

2. **Подготовка документов**:
   - Подготовьте необходимые документы, такие как ИНН, ОГРН, выписка из ЕГРЮЛ, финансовая отчетность и другие документы, подтверждающие деятельность вашего бизнеса.

3. **Создание цифрового профиля**:
   - Зарегистрируйтесь в системе цифрового профиля, если это еще не сделано. Это может быть портал ""Мои документы"" или другой аналогичный сервис, предоставляемый государством.

4. **Подача заявки**:
   - Подайте заявку на получение микрозайма через цифровой профиль. Укажите все необходимые данные и приложите подготовленные документы.

5. **Ожидание рассмотрения**:
   - Ожидайте рассмотрения вашей заявки. В случае положительного решения вы получите уведомление о возможности получения займа на льготных условиях.

6. **Получение средств**:
   - После одобрения заявки подпишите договор и получите средства на указанный вами счет.

Для более точной информации обратитесь в банк, участвующий в госпрограмме, или на официальный сайт программы."
163,Как избежать штрафов по нескольким кредитам в период праздников?,"Для избежания штрафов по нескольким кредитам в период праздников рекомендуется:

1. **Планирование платежей заранее**:
   - Убедитесь, что у вас достаточно средств на счете для погашения кредитов до праздников.
   - Используйте сервис автоплатежей, если он доступен в вашем банке.

2. **Контроль дат платежей**:
   - Уточните даты платежей по каждому кредиту и отметьте их в календаре.
   - Если праздничные дни выпадают на даты платежей, уточните в банке, переносятся ли они.

3. **Связь с банком**:
   - Если возникли трудности с погашением, свяжитесь с банком заранее для обсуждения возможных решений, таких как реструктуризация или отсрочка платежа.

4. **Использование мобильного банка**:
   - Регулярно проверяйте баланс и истории платежей через мобильное приложение банка.

5. **Резервные средства**:
   - Создайте резервный фонд на случай непредвиденных обстоятельств.

Если у вас есть конкретные вопросы по вашим кредитам, обратитесь в службу поддержки вашего банка для получения персонализированной информации."
164,Чем отличается снижение ставки в госпрограммах от «ипотеки от застройщика»?,"Снижение ставки в госпрограммах и ""ипотека от застройщика"" различаются по нескольким ключевым параметрам:

1. **Источник финансирования**:
   - **Госпрограммы**: Субсидируются государством, что позволяет снизить процентную ставку за счет бюджетных средств.
   - **Ипотека от застройщика**: Предлагается застройщиком или банком, участвующим в программе застройщика, без прямого участия государства.

2. **Условия и требования**:
   - **Госпрограммы**: Обычно имеют строгие требования к заемщикам, включая ограничения по возрасту, доходу, а также по типу приобретаемого жилья (например, только новостройки).
   - **Ипотека от застройщика**: Может иметь более гибкие условия, но также может включать требования к застройщику и проекту.

3. **Процентные ставки**:
   - **Госпрограммы**: Обычно предлагают более низкие ставки по сравнению с рыночными, так как часть процентов компенсируется государством.
   - **Ипотека от застройщика**: Ставки могут быть конкурентоспособными, но не всегда ниже, чем в госпрограммах.

4. **Дополнительные условия**:
   - **Госпрограммы**: Могут включать дополнительные льготы, такие как субсидии на первоначальный взнос или компенсацию части процентов.
   - **Ипотека от застройщика**: Может включать скидки на жилье или другие бонусы от застройщика.

Для более точного сравнения рекомендуется уточнить конкретные условия у банка или застройщика."
165,"Где в договоре искать ПСК по кредиту, что она означает?","ПСК (полная стоимость кредита) обычно указывается в разделе договора, где описываются условия кредитования. Это может быть раздел с названием ""Условия кредитования"", ""Платежи по кредиту"" или ""Расчет полной стоимости кредита"".

ПСК означает полную стоимость кредита, выраженную в процентах годовых. Она включает в себя все платежи по кредиту, включая проценты, комиссии и другие платежи, которые заемщик обязан внести за пользование кредитом. ПСК позволяет сравнивать различные кредитные предложения, так как она показывает полную стоимость кредита, а не только процентную ставку.

Если у вас возникли трудности с поиском ПСК в договоре, вы можете обратиться в банк за разъяснениями."
166,Куда обращаться при споре по ИСЖ в отличие от претензий к инвестиционному советнику?,"При споре по индивидуальному инвестиционному счету (ИИС) с брокером или депозитарием необходимо обращаться в банк, где открыт счет, или к брокеру, с которым заключен договор. Если спор не удается решить в досудебном порядке, можно обратиться в суд или в финансовый омбудс.

В случае претензий к инвестиционному советнику, если он является сотрудником банка или брокерской компании, необходимо обращаться в эту организацию. Если советник работает самостоятельно, можно обратиться в саморегулируемую организацию (СРО), членом которой он является, или в суд.

Для более точного ответа уточните, с кем именно у вас возник спор: с брокером, депозитарием или инвестиционным советником."
167,Почему жертвы прошлых обманов часто становятся целью новых мошенников?,"Жертвы прошлых обманов часто становятся целью новых мошенников по нескольким причинам:

1. **Психологическая уязвимость**: Люди, которые уже однажды стали жертвами мошенничества, могут испытывать чувство вины, стыда или страха. Это делает их более уязвимыми для новых попыток обмана, так как они могут быть более склонны к сотрудничеству или избеганию конфликтов.

2. **Доступ к личной информации**: Мошенники, которые уже обманули человека один раз, могут иметь доступ к его личным данным, таким как номера телефонов, адреса электронной почты или даже финансовые данные. Это позволяет им повторно использовать эту информацию для новых атак.

3. **Репутация ""легкой добычи""**: В некоторых случаях мошенники могут обмениваться информацией о своих жертвах, создавая ""черные списки"" или базы данных уязвимых людей. Это делает жертв прошлых обманов более привлекательными целями для других мошенников.

4. **Повторные схемы**: Мошенники могут использовать схожие методы обмана, которые уже сработали ранее. Например, если человек однажды попал на фишинговую атаку, он может быть более подвержен подобным атакам в будущем.

Для защиты от повторных мошеннических атак рекомендуется:
- Усилить меры безопасности, такие как двухфакторная аутентификация.
- Регулярно обновлять пароли и не использовать одни и те же пароли для разных сервисов.
- Будьте бдительны и не доверяйте подозрительным сообщениям или предложениям.
- В случае подозрения на мошенничество немедленно обратитесь в банк или соответствующие правоохранительные органы."
168,Чем отличается банковский вклад от имущественного налогового вычета?,"Банковский вклад и имущественный налоговый вычет — это совершенно разные финансовые инструменты, которые преследуют разные цели.

1. **Банковский вклад**:
   - Это сумма денег, которую клиент размещает в банке на определенный срок или без определения срока (свободный вклад) под определенный процент.
   - Банк гарантирует возвращение вклада с процентами по окончании срока.
   - Вклад может быть срочным (с фиксированной ставкой) или до востребования (с переменной ставкой).
   - Проценты по вкладу могут быть начислены на счет клиента или капитализированы (прибавляются к сумме вклада).

2. **Имущественный налоговый вычет**:
   - Это возврат части денег, которые были потрачены на покупку или строительство жилья.
   - Налоговый вычет предоставляется государством и возвращает часть уплаченного налога на доходы физических лиц (НДФЛ).
   - Максимальная сумма вычета ограничена законодательством (например, 2 млн рублей для покупки жилья и 3 млн рублей для строительства).
   - Вычет можно получить только один раз в жизни, если не предусмотрено иное.

Таким образом, банковский вклад — это инструмент для сохранения и приумножения денег, а имущественный налоговый вычет — это способ компенсировать часть расходов на жилье за счет возврата налога."
169,Почему цена ОСАГО у страховщиков может отличаться в разы?,"Цена ОСАГО может отличаться у разных страховщиков по нескольким причинам:

1. **Коэффициенты и формулы расчета**: Каждая страховая компания может использовать свои коэффициенты и формулы для расчета стоимости полиса. Это связано с тем, что страховщики имеют право устанавливать свои тарифы в рамках, определенных Центральным банком РФ.

2. **Риск-профиль клиента**: Страховщики могут учитывать различные факторы риска, такие как возраст и стаж водителя, регион проживания, мощность автомобиля и другие параметры. В зависимости от этих факторов цена полиса может существенно отличаться.

3. **Скидки и акции**: Некоторые страховые компании предлагают скидки за безаварийную езду, за покупку полиса онлайн, за длительное сотрудничество и другие условия. Это также может влиять на конечную стоимость полиса.

4. **Конкуренция на рынке**: Разные страховые компании могут устанавливать различные цены для привлечения клиентов. Это особенно актуально в условиях высокой конкуренции на рынке страхования.

5. **Дополнительные услуги**: Некоторые страховые компании включают в стоимость полиса дополнительные услуги, такие как аварийный комиссар, эвакуатор и другие, что может увеличивать общую стоимость полиса.

Если у вас есть дополнительные вопросы по ОСАГО, пожалуйста, уточните их."
170,Какие признаки выдают финансовую пирамиду в вакансиях с быстрым заработком?,"Финансовые пирамиды часто маскируются под легальные проекты, включая вакансии с быстрым заработком. Вот основные признаки, которые могут указывать на финансовую пирамиду:

1. **Необычно высокая заработная плата**: Если предлагаемая заработная плата значительно выше рыночной, это должно насторожить. Легальные компании не могут гарантировать такие высокие доходы без соответствующих навыков и опыта.

2. **Отсутствие четких обязанностей**: В вакансии не указаны конкретные задачи и обязанности. Часто пирамиды предлагают ""простые"" способы заработка, такие как привлечение новых участников или просмотр рекламы.

3. **Требование вложений**: Если для начала работы требуется внести деньги (например, купить стартовый пакет, оплатить обучение или внести залог), это может быть признаком пирамиды.

4. **Акцент на привлечении новых участников**: В описании вакансии часто упоминается, что основная задача — привлекать новых участников или партнеров. Это типичный признак финансовой пирамиды.

5. **Отсутствие информации о компании**: Нет данных о регистрации компании, ее официальном сайте, контактах или отзывах. Легальные компании всегда предоставляют такую информацию.

6. **Гарантии быстрого и легкого заработка**: Если в вакансии обещают быстрый и легкий заработок без особых усилий, это должно насторожить.

7. **Отсутствие прозрачности в выплатах**: Нет четкого описания, как и когда будут выплачиваться заработанные средства. Легальные компании всегда предоставляют прозрачные условия оплаты.

Если вы заметили хотя бы один из этих признаков, лучше воздержаться от сотрудничества с такой компанией и проверить ее легальность через официальные источники."
171,Какие действия заемщика приводят к ухудшению кредитной репутации по данным БКИ?,"Заемщик может ухудшить свою кредитную репутацию в бюро кредитных историй (БКИ) следующими действиями:

1. **Просрочка платежей**: Наиболее распространенная причина ухудшения кредитной истории. Даже небольшая задержка платежа может негативно сказаться на кредитном рейтинге.

2. **Отказ от погашения кредита**: Полный отказ от выплаты кредита или его части приводит к серьезным последствиям, включая судебные разбирательства и взыскание долга.

3. **Частые обращения за кредитами**: Множественные заявки на кредиты за короткий промежуток времени могут быть интерпретированы как признак финансовой нестабильности.

4. **Неполное погашение кредита**: Если заемщик погашает кредит не в полном объеме, это также отражается в кредитной истории.

5. **Нарушение условий кредитного договора**: Например, использование кредитных средств не по назначению, если это предусмотрено договором.

6. **Банкротство**: Процедура банкротства также негативно влияет на кредитную репутацию.

7. **Ошибки в кредитной истории**: Иногда в кредитной истории могут появляться ошибки, которые необходимо исправлять через БКИ или кредитную организацию.

Для поддержания хорошей кредитной репутации важно своевременно погашать кредиты, избегать частых заявок на кредиты и соблюдать условия кредитных договоров."
172,Как избежать ошибок при подписании кредитного договора?,"Чтобы избежать ошибок при подписании кредитного договора, следуйте этим рекомендациям:

1. **Внимательно читайте договор**: Уделите время на изучение всех пунктов договора. Особое внимание обратите на процентную ставку, срок кредита, график платежей, штрафные санкции и другие важные условия.

2. **Уточняйте непонятные моменты**: Если в договоре есть пункты, которые вам неясны, обязательно задайте вопросы кредитному специалисту. Не стесняйтесь уточнять детали до тех пор, пока не поймете все условия.

3. **Проверяйте расчеты**: Убедитесь, что все расчеты (сумма кредита, проценты, комиссии, общая сумма к возврату) соответствуют вашим ожиданиям и были правильно произведены.

4. **Сравнивайте с предложениями других банков**: Перед подписанием договора сравните условия кредитования в разных банках. Это поможет вам выбрать наиболее выгодные условия.

5. **Обращайте внимание на скрытые платежи**: Убедитесь, что в договоре нет скрытых комиссий или дополнительных платежей, которые могут увеличить общую стоимость кредита.

6. **Проверяйте свои данные**: Убедитесь, что в договоре правильно указаны ваши персональные данные, сумма кредита, сроки возврата и другие важные детали.

7. **Сохраняйте копию договора**: После подписания сохраните копию договора и всех приложений. Это поможет вам в случае спорных ситуаций или вопросов в будущем.

Если у вас возникнут вопросы или сомнения, вы всегда можете обратиться в банк для получения дополнительной информации."
173,Как облагаются проценты по вкладам с учетом страховой защиты вкладов?,"Проценты по вкладам, застрахованным в соответствии с Федеральным законом ""О страховании вкладов физических лиц в банках Российской Федерации"", облагаются налогом на доходы физических лиц (НДФЛ) по ставке 13% для резидентов РФ и 30% для нерезидентов.

Страховая защита вкладов не освобождает от уплаты налога на доходы, полученные в виде процентов. Налоговый вычет по процентам по вкладам не предоставляется.

Банк, выплачивающий проценты, является налоговым агентом и обязан удержать налог на доходы физических лиц при выплате процентов по вкладу и перечислить его в бюджет."
174,Чем отличается риск утраты активов при банкротстве доверительного управляющего по сравнению с брокером?,"Риск утраты активов при банкротстве доверительного управляющего и брокера имеет свои особенности.

1. **Доверительный управляющий**:
   - Управляет активами клиента на основании договора доверительного управления.
   - В случае банкротства управляющего активы клиента могут быть изъяты для удовлетворения требований кредиторов.
   - Клиент может потерять доступ к своим активам на время процедуры банкротства.

2. **Брокер**:
   - Осуществляет брокерскую деятельность на основании лицензии и договора с клиентом.
   - Активы клиента, передаваемые брокеру, обычно застрахованы или защищены законодательством.
   - В случае банкротства брокера активы клиента изолированы и не могут быть изъяты для удовлетворения требований кредиторов.

Таким образом, риск утраты активов при банкротстве брокера значительно ниже, чем при банкротстве доверительного управляющего."
175,"Какие меры безопасности рекомендуются при онлайн-расчетах с картой, в том числе при использовании бонусных программ?","При онлайн-расчетах с картой и использовании бонусных программ рекомендуется соблюдать следующие меры безопасности:

1. Используйте только официальные и проверенные сайты для совершения покупок.
2. Проверяйте адресную строку сайта на наличие значка замка и начала адреса с ""https://"".
3. Не сохраняйте данные карты на сайтах, даже если это удобно.
4. Регулярно проверяйте историю операций по карте в личном кабинете или мобильном приложении банка.
5. Не передавайте данные карты по электронной почте, в мессенджерах или по телефону.
6. Используйте сложные пароли и не используйте один и тот же пароль для разных сервисов.
7. Включите уведомления о транзакциях, чтобы оперативно получать информацию о всех операциях по карте.
8. При использовании бонусных программ внимательно изучайте условия их начисления и использования.
9. Не переходите по подозрительным ссылкам, даже если они пришли от имени банка или магазина.
10. В случае подозрительных операций или утери карты немедленно блокируйте её через банк."
176,"Примут ли в банке ветхие иностранные купюры так же, как поврежденные рубли?","В банке могут принять ветхие иностранные купюры, но условия их обмена могут отличаться от поврежденных рублей. Обычно банки обменивают иностранную валюту в том состоянии, в котором она поступает в обращение в стране эмитента. Если купюра сильно повреждена, банк может отказать в обмене или предложить обмен по курсу, отличному от официального.

Для точного ответа уточните, какой именно банк вас интересует, так как политики могут различаться."
177,Какие возрастные ограничения есть при накоплении на ребенка через вклад по сравнению с НСЖ?,"Возрастные ограничения при накоплении на ребенка через вклад и НСЖ (накопление на пенсионное страхование) могут отличаться.

1. **Вклад**:
   - Возрастные ограничения могут быть установлены банком, но обычно они минимальны.
   - Вклад может быть открыт на имя ребенка, но управление им осуществляется законными представителями (родителями или опекунами) до достижения ребенком совершеннолетия (18 лет).
   - После достижения ребенком 18 лет, он может самостоятельно управлять вкладом.

2. **НСЖ**:
   - Накопление на пенсионное страхование обычно имеет более строгие возрастные ограничения.
   - Застрахованным лицом может быть лицо в возрасте от 0 до 50 лет.
   - Выплаты по НСЖ могут начинаться после достижения определенного возраста (например, 55 лет для женщин и 60 лет для мужчин).

Таким образом, если цель накопления связана с долгосрочными инвестициями (например, образование или пенсия), НСЖ может быть более подходящим вариантом. Если же речь идет о более гибком и доступном способе накопления, то вклад может быть предпочтительнее."
178,Как с 2025 года отличаются ставки НДФЛ по инвестиционным доходам от ставок по прочим доходам?,"С 2025 года ставки НДФЛ по инвестиционным доходам и по прочим доходам будут различаться следующим образом:

1. **Инвестиционные доходы**:
   - Ставка НДФЛ по инвестиционным доходам будет составлять 13%.
   - К инвестиционным доходам относятся доходы от продажи ценных бумаг, дивиденды, доходы от участия в инвестиционных товариществах и другие доходы, полученные в результате инвестиционной деятельности.

2. **Прочие доходы**:
   - Ставка НДФЛ по прочим доходам будет составлять 15%.
   - К прочим доходам относятся доходы от трудовой деятельности, доходы от сдачи имущества в аренду, доходы от продажи имущества, не относящегося к инвестициям, и другие виды доходов, не связанные с инвестиционной деятельностью.

Таким образом, с 2025 года ставка НДФЛ по инвестиционным доходам будет ниже, чем по прочим доходам."
179,"Как подготовиться к выбору карты с кешбэком, чтобы получать максимальный возврат?","Чтобы подготовиться к выбору карты с кешбэком и получать максимальный возврат, следуйте этим шагам:

1. **Определите свои приоритеты**:
   - Какие категории расходов у вас преобладают (продукты, топливо, рестораны, путешествия и т.д.)?
   - Какие бонусы для вас наиболее важны (кешбэк, мили, бонусы в магазинах)?

2. **Изучите условия различных карт**:
   - Сравните процент кешбэка по разным категориям.
   - Узнайте, есть ли ограничения по максимальной сумме кешбэка.
   - Обратите внимание на дополнительные условия (например, минимальный ежемесячный расход для получения бонусов).

3. **Учитывайте комиссии и плату за обслуживание**:
   - Сравните годовые и ежемесячные комиссии.
   - Узнайте, есть ли бесплатный период или условия для отмены платы за обслуживание.

4. **Проверьте партнерские программы**:
   - Какие магазины, сервисы или бренды сотрудничают с банком, выпустившим карту?
   - Есть ли специальные акции или повышенный кешбэк в определенных магазинах?

5. **Оцените дополнительные преимущества**:
   - Страховка, скидки, доступ к VIP-залам в аэропортах, бесплатные сервисы и т.д.

6. **Используйте кешбэк-сервисы и приложения**:
   - Некоторые сервисы предлагают дополнительный кешбэк при оплате через их платформу.

7. **Следите за акциями и специальными предложениями**:
   - Банки часто проводят акции с повышенным кешбэком или бонусами за первые покупки.

8. **Проверьте отзывы и рейтинги**:
   - Ознакомьтесь с отзывами других клиентов, чтобы понять, насколько удобна и выгодна карта.

После анализа всех этих факторов вы сможете выбрать карту, которая максимально соответствует вашим потребностям и привычкам."
180,"Где получить бесплатную помощь, чтобы подготовиться к участию в госзакупках?","Для получения бесплатной помощи в подготовке к участию в госзакупках вы можете обратиться в следующие организации:

1. **Центры поддержки предпринимательства**: Многие регионы имеют центры, которые предоставляют бесплатные консультации по участию в госзакупках.
2. **Федеральные и региональные порталы поддержки бизнеса**: Например, на сайте ""Мой бизнес"" или региональных аналогах можно найти информацию и консультации.
3. **Образовательные программы**: Некоторые университеты и колледжи проводят бесплатные курсы и семинары по госзакупкам.
4. **Ассоциации и союзы предпринимателей**: Они часто организуют обучающие мероприятия и предоставляют консультации.

Если у вас есть конкретные вопросы по госзакупкам, связанные с банковскими услугами, я готов помочь."
181,Чем опасна установка программ из непроверенных источников?,"Установка программ из непроверенных источников может привести к следующим рискам:

1. **Заражение вирусами и вредоносным ПО**: Непроверенные программы могут содержать вирусы, трояны, шпионское ПО, которое может повредить вашу систему, украсть личные данные или использовать ваш компьютер для мошеннических целей.

2. **Утечка личных данных**: Некоторые программы могут собирать и передавать ваши личные данные, включая пароли, номера карт, логины и другую конфиденциальную информацию.

3. **Нестабильная работа системы**: Некачественное или несовместимое ПО может вызывать сбои в работе операционной системы, программного обеспечения и оборудования.

4. **Мошенничество и фишинг**: Некоторые программы могут быть маскировкой для фишинговых атак, направленных на получение доступа к вашим финансовым данным или учетным записям.

5. **Проблемы с лицензированием**: Установка пиратского или нелицензионного ПО может привести к юридическим последствиям и блокировке доступа к программному обеспечению.

Для защиты своих данных и системы рекомендуется скачивать программы только из официальных источников, проверять отзывы и репутацию разработчиков, а также использовать антивирусное ПО."
182,Как открыть вклад дистанционно с учетом безопасности биометрии?,"Для открытия вклада дистанционно с использованием биометрии, следуйте этим шагам:

1. **Подготовка документов**:
   - Паспорт гражданина РФ.
   - СНИЛС (при наличии).
   - ИНН (при наличии).

2. **Регистрация в интернет-банке**:
   - Зарегистрируйтесь в интернет-банке вашего банка, если еще не сделали этого.
   - Подтвердите регистрацию через SMS-код, который придет на ваш мобильный телефон.

3. **Проверка биометрии**:
   - Убедитесь, что ваша биометрия (голос и/или лицо) зарегистрирована в системе банка. Это можно сделать в отделении банка или через специализированные сервисы, такие как ""Госуслуги"".

4. **Открытие вклада**:
   - Войдите в интернет-банк.
   - Выберите раздел ""Вклады"" и нажмите ""Открыть вклад"".
   - Заполните необходимые данные о вкладе (сумма, срок, процентная ставка и т.д.).
   - Подтвердите операцию с помощью биометрии (голос или лицо).

5. **Подтверждение операции**:
   - Следуйте инструкциям на экране для подтверждения операции с использованием биометрии.
   - После успешного подтверждения вклад будет открыт.

Если у вас возникнут трудности, обратитесь в службу поддержки вашего банка для получения дополнительной помощи."
183,Какие меры принимает Банк России для защиты инвесторов в период санкций?,"Банк России принимает несколько мер для защиты инвесторов в период санкций:

1. **Мониторинг и регулирование**: Банк России активно мониторит финансовые рынки и принимает меры для предотвращения резких колебаний курсов валют и цен на активы.

2. **Поддержка ликвидности**: Центральный банк обеспечивает ликвидность на финансовых рынках, предоставляя кредиты банкам и другим финансовым институтам.

3. **Информационная поддержка**: Банк России предоставляет инвесторам актуальную информацию о состоянии рынков и возможных рисках, чтобы помочь им принимать обоснованные решения.

4. **Регулирование валютных операций**: Вводятся меры для контроля валютных операций, чтобы предотвратить резкие изменения курсов и защитить инвесторов от валютных рисков.

5. **Защита прав инвесторов**: Банк России работает над укреплением правовой базы для защиты прав инвесторов, включая механизмы компенсации убытков в случае нарушений со стороны финансовых институтов.

Эти меры направлены на стабилизацию финансовых рынков и минимизацию рисков для инвесторов в условиях санкционного давления."
184,Какие налоговые льготы доступны по страхованию жизни?,"Налоговые льготы по страхованию жизни могут включать следующие варианты:

1. **Налоговый вычет**: При заключении договора страхования жизни на срок не менее 5 лет можно получить налоговый вычет на сумму страховых взносов. Максимальная сумма вычета составляет 120 000 рублей в год, что соответствует 15 600 рублей налога к возврату (13% от 120 000 рублей).

2. **Налогообложение выплат**: Страховые выплаты по договору страхования жизни, заключенному на срок не менее 5 лет, не облагаются налогом на доходы физических лиц (НДФЛ).

3. **Налоговые льготы для пенсионных страховых полисов**: Если договор страхования жизни связан с накопительной пенсией, то также могут применяться дополнительные налоговые льготы.

Для получения точной информации о доступных налоговых льготах рекомендуется обратиться к налоговому консультанту или в службу поддержки банка."
185,Какие инструменты помогут паре прозрачно вести общие расходы?,"Для прозрачного ведения общих расходов парой можно использовать следующие инструменты:

1. **Совместные счета в банке**:
   - Открытие совместного счета позволяет обоим партнерам иметь доступ к общим средствам.
   - Все операции отображаются в одном месте, что обеспечивает прозрачность.
   - Возможность настройки уведомлений о транзакциях для контроля расходов.

2. **Мобильные приложения для управления финансами**:
   - Приложения, такие как ""Сбербанк Онлайн"", ""Тинькофф Инвестиции"", ""ВТБ Онлайн"" и другие, предлагают функции для совместного управления бюджетом.
   - Возможность создавать общие категории расходов и отслеживать их.
   - Настройка бюджетов и лимитов на расходы.

3. **Финансовые сервисы и агрегаторы**:
   - Сервисы, такие как ""MoneyLover"", ""Семейный бюджет"" и другие, позволяют вести учет доходов и расходов.
   - Возможность синхронизации данных между устройствами.
   - Генерация отчетов и аналитика расходов.

4. **Электронные таблицы и облачные сервисы**:
   - Использование Google Таблиц или Excel для ведения совместного бюджета.
   - Возможность совместного редактирования и доступа к данным в реальном времени.
   - Настройка формул для автоматического расчета расходов и остатков.

5. **Совместные карты и платежные системы**:
   - Использование совместных карт, таких как ""Совместная карта"" от Сбербанка или ""Совместная карта"" от Тинькофф Банка.
   - Возможность настройки лимитов и уведомлений о транзакциях.
   - Контроль расходов через мобильное приложение.

Эти инструменты помогут паре эффективно и прозрачно управлять общими расходами, обеспечивая контроль и прозрачность финансовых операций."
186,Почему не стоит спешить с микрозаймом?,"Микрозаймы часто сопровождаются высокими процентными ставками и короткими сроками погашения, что может привести к финансовой нагрузке. Кроме того, быстрые займы могут скрывать дополнительные комиссии и штрафы за просрочку, что увеличивает общую стоимость кредита. Важно тщательно оценить свои финансовые возможности и рассмотреть альтернативные варианты, такие как кредиты в банках или займы у знакомых, прежде чем принимать решение о микрозайме."
187,"Зачем перед вводом личных данных проверять подлинность сайта, а также источник установки приложения?","Проверка подлинности сайта и источника установки приложения перед вводом личных данных необходима для защиты от мошенничества. Это помогает убедиться, что вы взаимодействуете с официальным ресурсом банка, а не с поддельным сайтом или приложением. Поддельные ресурсы могут быть использованы злоумышленниками для кражи личных данных, включая логин, пароль и другие конфиденциальные сведения.

Всегда проверяйте URL-адрес сайта, наличие значка замка в адресной строке, а также скачивайте приложения только из официальных магазинов, таких как App Store или Google Play. Это снизит риск попадания на фишинговые сайты или установки вредоносных приложений."
188,Какие официальные каналы поддержки описаны для пострадавших от пандемии?,"Для получения информации и поддержки пострадавшим от пандемии можно воспользоваться следующими официальными каналами:

1. **Официальный сайт банка**: На сайте банка обычно размещена актуальная информация о мерах поддержки, программах реструктуризации кредитов и других услугах для клиентов, пострадавших от пандемии.

2. **Контактный центр банка**: Позвонив по номеру горячей линии, можно получить консультацию по вопросам поддержки и реструктуризации кредитов.

3. **Онлайн-чат и мобильное приложение**: В личном кабинете или мобильном приложении банка могут быть доступны чаты с операторами, где можно задать вопросы и получить помощь.

4. **Официальные социальные сети**: Банк может размещать информацию о мерах поддержки в своих официальных аккаунтах в социальных сетях.

5. **Официальные уведомления по email или SMS**: Банк может отправлять уведомления о доступных мерах поддержки на электронную почту или мобильный телефон клиента.

Если у вас есть конкретные вопросы по мерам поддержки, уточните их, и я постараюсь помочь."
189,Чем различается рассрочка у туроператора по сравнению с рассрочкой у застройщика?,"Рассрочка у туроператора и у застройщика имеет несколько ключевых различий:

1. **Объект покупки**:
   - У туроператора рассрочка обычно предоставляется на туристические услуги (авиабилеты, отели, экскурсии и т.д.).
   - У застройщика рассрочка предоставляется на недвижимость (квартиры, дома, участки и т.д.).

2. **Сроки и условия**:
   - Рассрочка у туроператора обычно имеет более короткие сроки (от нескольких месяцев до года) и может включать дополнительные комиссии или проценты.
   - Рассрочка у застройщика может растягиваться на несколько лет и часто не включает процентов, но может требовать первоначального взноса.

3. **Риски**:
   - При рассрочке у туроператора риски связаны с возможностью изменения условий тура или отмены бронирования.
   - При рассрочке у застройщика риски связаны с задержками в строительстве или изменением условий договора.

4. **Документы и оформление**:
   - Для рассрочки у туроператора обычно требуется минимальный пакет документов (паспорт, договор на услуги).
   - Для рассрочки у застройщика требуется более сложное оформление, включая договор купли-продажи, акты приема-передачи и т.д.

Если у вас есть дополнительные вопросы по рассрочке, уточните их, и я постараюсь помочь."
190,Почему оплата через мобильные платежные системы безопаснее ввода реквизитов карты на сайтах?,"Оплата через мобильные платежные системы считается более безопасной по нескольким причинам:

1. **Токенизация данных**: При оплате через мобильные платежные системы данные карты не передаются напрямую на сайт продавца. Вместо этого создается уникальный токен, который используется для авторизации платежа. Это снижает риск утечки данных карты.

2. **Двухфакторная аутентификация**: Многие мобильные платежные системы требуют подтверждения платежа через дополнительный код, который приходит в SMS или в приложение. Это добавляет уровень защиты.

3. **Защита от фишинга**: Ввод реквизитов карты на сайтах может быть подвержен фишинговым атакам, когда злоумышленники создают поддельные страницы для кражи данных. Мобильные платежные системы минимизируют этот риск, так как данные карты хранятся в защищенном приложении.

4. **Контроль транзакций**: В мобильных приложениях обычно есть возможность быстро блокировать карту или отменять подозрительные транзакции, что снижает риски мошенничества.

5. **Шифрование данных**: Мобильные платежные системы используют современные технологии шифрования, что делает передачу данных более защищенной по сравнению с вводом реквизитов на сайтах.

Таким образом, использование мобильных платежных систем снижает риски, связанные с утечкой данных и мошенничеством."
191,Страхование крупного кредита при обычном обслуживании отличается от требований при рефинансировании?,"Да, требования к страхованию крупного кредита могут отличаться в зависимости от того, является ли это новым кредитом или рефинансированием.

1. **Новый кредит**:
   - Обычно требуется полное страхование (например, страхование жизни, здоровья, титульное страхование и т.д.).
   - Банк может потребовать страхование всех рисков, связанных с кредитом.

2. **Рефинансирование**:
   - Требования могут быть менее строгими, так как кредит уже существует.
   - Банк может потребовать только обновление существующих страховых полисов или частичное страхование.
   - В некоторых случаях страхование может не требоваться вовсе, если кредит уже обеспечен достаточными гарантиями.

Для точного ответа необходимо уточнить условия конкретного банка и типа кредита."
192,Зачем учитывать риск развода при планировании ипотеки?,"Учет риска развода при планировании ипотеки важен по нескольким причинам:

1. **Финансовая ответственность**: Ипотека — это долгосрочное обязательство, и в случае развода оба супруга остаются ответственными по кредиту. Это может усложнить финансовое планирование и распределение обязательств.

2. **Раздел имущества**: В случае развода ипотечное жилье может быть разделено между супругами. Это может потребовать дополнительных согласований с банком и изменения условий кредита.

3. **Страхование**: Некоторые банки требуют страхование жизни и здоровья заемщиков. В случае развода может потребоваться пересмотр страхового полиса.

4. **Психологический комфорт**: Учет всех возможных рисков, включая развод, помогает снизить стресс и обеспечить финансовую стабильность в будущем.

Если у вас есть дополнительные вопросы по ипотеке или другим банковским продуктам, пожалуйста, задавайте."
193,"Где государство не обеспечивает защиту ваших денег: в ИСЖ, паевых фондах на брокерском счете или в жилищно‑накопительном кооперативе?","Государство не обеспечивает защиту ваших денег в следующих случаях:

- **Паевые фонды на брокерском счете**: Деньги, инвестированные в паевые фонды, не застрахованы государством. Инвестиции в фонды связаны с рисками, и государство не гарантирует возврат вложенных средств.

- **Жилищно-накопительный кооператив (ЖНК)**: Вклады в ЖНК также не защищены государством. Это добровольные объединения граждан, и государство не гарантирует возврат средств в случае проблем с кооперативом.

- **Ипотечное страхование жилья (ИСЖ)**: В этом случае государство может обеспечивать защиту, но только в рамках определенных программ и условий. Например, при использовании ипотечных кредитов с государственной поддержкой. Однако в общем случае ИСЖ не гарантирует возврат вложенных средств.

Таким образом, наибольший риск связан с паевыми фондами и жилищно-накопительными кооперативами."
194,Вернут ли деньги за ОСАГО при продаже автомобиля по сравнению со случаем отзыва лицензии у страховщика?,"В случае продажи автомобиля деньги за ОСАГО не возвращаются. Полис действует до истечения срока его действия, и страховая компания не обязана возвращать часть уплаченной премии.

Если же у страховщика отозвана лицензия, то ситуация регулируется Банком России. В этом случае можно обратиться в Российский союз автостраховщиков (РСА) для получения компенсации. РСА выплачивает компенсацию за неиспользованный период страхования, но не более 12 000 рублей.

Таким образом, в случае продажи автомобиля возврат средств не предусмотрен, а при отзыве лицензии у страховщика возможна компенсация через РСА."
195,"Как перейти к новому брокеру, если у вас ИИС-3?","Для перехода к новому брокеру с индивидуальным инвестиционным счетом типа ИИС-3 (инвестиционным) необходимо выполнить несколько шагов:

1. **Открытие счета у нового брокера**:
   - Зарегистрируйтесь у нового брокера и откройте ИИС-3.
   - Укажите, что вы хотите перенести активы с другого счета.

2. **Запрос на перенос**:
   - Обратитесь к новому брокеру с заявлением о переносе активов.
   - Укажите реквизиты вашего текущего ИИС-3.

3. **Подписание документов**:
   - Новый брокер отправит запрос в ваш текущий брокер.
   - Подпишите необходимые документы для переноса.

4. **Перенос активов**:
   - Текущий брокер перенесет активы на новый счет.
   - Процесс может занять несколько дней.

5. **Проверка**:
   - Убедитесь, что все активы перенесены корректно.
   - Проверьте, что ИИС-3 сохраняет свой статус и льготы.

Важно: Перенос активов между брокерами не нарушает условия ИИС-3, и вы сохраняете все налоговые льготы."
196,Где проверить официальность сайта продавца ОСАГО?,"Для проверки официальности сайта продавца ОСАГО можно воспользоваться следующими методами:

1. **Официальный сайт Российского Союза Автостраховщиков (РСА)**: На сайте РСА есть реестр страховых компаний, которые имеют лицензию на продажу ОСАГО. Вы можете проверить, входит ли компания в этот реестр.

2. **Сайт Центрального банка Российской Федерации (ЦБ РФ)**: На сайте ЦБ РФ также есть информация о лицензиях страховых компаний. Вы можете проверить, действует ли лицензия у компании.

3. **Официальный сайт страховой компании**: Проверьте, соответствует ли доменное имя сайта официальному домену компании. Официальные сайты обычно имеют домены первого уровня (например, .ru, .com) и содержат информацию о лицензии.

4. **Контактная информация**: Проверьте, есть ли на сайте контактная информация (адрес, телефон, email). Официальные сайты обычно предоставляют такую информацию.

5. **Отзывы и рейтинги**: Проверьте отзывы о компании на независимых платформах, таких как Отзовик, Фламп и другие. Официальные компании обычно имеют положительные отзывы и высокие рейтинги.

Если у вас возникли сомнения в официальности сайта, лучше обратиться в страховую компанию напрямую или воспользоваться услугами проверенных агрегаторов, таких как Сбербанк Страхование, ВТБ Страхование и другие."
197,Как отличается доступ к деньгам в ИСЖ по сравнению с продажей паев биржевых фондов?,"Для доступа к деньгам в ИСЖ (индивидуальный инвестиционный счет с учетом налоговых льгот) и при продаже паев биржевых фондов существуют разные механизмы.

1. **ИСЖ**:
   - Деньги можно вывести только после закрытия счета.
   - Срок действия ИСЖ — 3 года. Если счет закрывается до истечения этого срока, налоговые льготы аннулируются.
   - После закрытия счета средства можно вывести на банковский счет.

2. **Продажа паев биржевых фондов**:
   - Деньги поступают на брокерский счет в течение 3 рабочих дней после продажи паев (Т+3).
   - После этого средства можно вывести на банковский счет.

Таким образом, доступ к деньгам при продаже паев биржевых фондов происходит быстрее, чем при закрытии ИСЖ."
198,Как закон ограничивает штрафы за просрочку по кредитной карте по сравнению с микрозаймом?,"В соответствии с законодательством Российской Федерации, штрафы за просрочку платежей по кредитным картам и микрозаймам регулируются следующим образом:

1. **Кредитные карты**:
   - Максимальный размер штрафа за просрочку платежа по кредитной карте не может превышать 20% от суммы просроченного платежа, но не более 20 000 рублей.
   - Пени за каждый день просрочки не могут превышать 0,1% от суммы просроченного платежа.

2. **Микрозаймы**:
   - Максимальный размер штрафа за просрочку платежа по микрозайму не может превышать 20% от суммы просроченного платежа, но не более 20 000 рублей.
   - Пени за каждый день просрочки не могут превышать 0,1% от суммы просроченного платежа.

Таким образом, законодательство устанавливает одинаковые ограничения на штрафы и пени как для кредитных карт, так и для микрозаймов."
199,Как проверить легальность финансовой компании перед переводом денег?,"Для проверки легальности финансовой компании перед переводом денег рекомендуется выполнить следующие шаги:

1. **Проверка лицензии**:
   - Убедитесь, что компания имеет лицензию на осуществление финансовых операций. В России лицензии выдаются Центральным банком РФ. Проверьте информацию на официальном сайте ЦБ РФ.

2. **Регистрация в реестре**:
   - Проверьте, зарегистрирована ли компания в реестре финансовых организаций. Это можно сделать на сайте ЦБ РФ или других регулирующих органов.

3. **Отзывы и репутация**:
   - Изучите отзывы о компании в интернете. Проверьте форумы, социальные сети и специализированные сайты с отзывами.

4. **Контактная информация**:
   - Убедитесь, что у компании есть реальный адрес, телефон и электронная почта. Попробуйте связаться с ними для уточнения деталей.

5. **Проверка через государственные базы данных**:
   - Используйте сервисы, такие как Единый государственный реестр юридических лиц (ЕГРЮЛ) или Единый государственный реестр индивидуальных предпринимателей (ЕГРИП), чтобы проверить информацию о компании.

6. **Связь с регуляторами**:
   - Если у вас есть сомнения, свяжитесь с регуляторами (ЦБ РФ, ФСФР и т.д.) для получения дополнительной информации.

Если у вас есть конкретные сомнения или подозрения, лучше воздержаться от перевода денег до полной проверки."
200,"Как оспорить ошибку в кредитной истории, появившуюся после передачи долга новым кредитором?","Для оспаривания ошибки в кредитной истории, возникшей после передачи долга новому кредитору, следуйте этим шагам:

1. **Проверьте кредитную историю**: Убедитесь, что ошибка действительно существует. Вы можете получить кредитную историю через бюро кредитных историй (БКИ), с которыми работает ваш банк.

2. **Соберите доказательства**: Подготовьте документы, подтверждающие, что долг был передан новому кредитору и что информация в кредитной истории неверна. Это могут быть договоры, квитанции, письма от кредиторов и т.д.

3. **Напишите заявление**: Обратитесь в БКИ, где хранится ваша кредитная история, с заявлением об оспаривании неверной информации. В заявлении укажите, какая именно информация является ошибочной, и приложите доказательства.

4. **Обратитесь к кредитору**: Параллельно направьте заявление в банк или организацию, которая предоставила неверную информацию. Попросите их уточнить данные и передать исправленную информацию в БКИ.

5. **Дождитесь ответа**: БКИ и кредитор обязаны рассмотреть ваше заявление в течение установленного законом срока (обычно 30 дней) и уведомить вас о результатах.

Если ошибка не будет исправлена, вы можете обратиться в суд или в Роспотребнадзор для защиты своих прав."
201,"Как оформить возврат части расходов на обучение в виде налогового вычета, включая сроки поступления денег?","Для оформления налогового вычета на обучение необходимо выполнить следующие шаги:

1. **Сбор документов**:
   - Договор с образовательным учреждением.
   - Лицензия образовательного учреждения.
   - Платежные документы (чеки, квитанции, выписки).
   - Справка об обучении (если требуется).
   - Налоговая декларация 3-НДФЛ.
   - Справка 2-НДФЛ от работодателя.

2. **Подача документов**:
   - Документы можно подать в налоговую инспекцию по месту жительства.
   - Также можно оформить вычет через работодателя, предоставив ему уведомление из налоговой инспекции.

3. **Сроки возврата**:
   - Если вычет оформляется через налоговую инспекцию, возврат средств обычно занимает от 3 до 4 месяцев.
   - Если вычет оформляется через работодателя, то возврат налогового вычета происходит ежемесячно, начиная с месяца подачи уведомления.

4. **Сумма вычета**:
   - Максимальная сумма вычета составляет 120 000 рублей в год (возврат 13% от этой суммы, то есть 15 600 рублей).
   - Если обучение оплачено за близкого родственника (супруга, детей), то максимальная сумма вычета также составляет 120 000 рублей.

Для более точной информации рекомендуется обратиться в налоговую инспекцию или к специалисту по налогам."
202,"Чем BNPL отличается от кредитной карты по источнику средств, срокам беспроцентного периода?","BNPL (Buy Now, Pay Later) и кредитная карта различаются по нескольким ключевым параметрам:

1. **Источник средств**:
   - **BNPL**: Средства предоставляются специальной компанией или сервисом, который сотрудничает с продавцом. Это не банковский продукт, а отдельный финансовый инструмент.
   - **Кредитная карта**: Средства предоставляются банком, который выпустил карту. Это банковский продукт с установленным лимитом.

2. **Сроки беспроцентного периода**:
   - **BNPL**: Обычно предлагает короткий беспроцентный период, например, 14, 30 или 60 дней. Если сумма не погашена в этот период, могут начисляться проценты или штрафы.
   - **Кредитная карта**: Обычно предлагает более длительный беспроцентный период, например, 30-55 дней. Если сумма не погашена в этот период, начисляются проценты на остаток.

Таким образом, BNPL удобен для небольших покупок с коротким сроком погашения, тогда как кредитная карта предоставляет больше гибкости и длительный беспроцентный период."
203,"Как поступить, если в полисе ОСАГО применен неверный КБМ?","Если в полисе ОСАГО указан неверный коэффициент бонус-малус (КБМ), необходимо обратиться в страховую компанию, которая выдала полис. Для этого можно воспользоваться следующими шагами:

1. **Свяжитесь со страховой компанией**: Обратитесь в службу поддержки или к вашему страховому агенту. Укажите, что в полисе указан неверный КБМ.

2. **Предоставьте документы**: Вам могут запросить документы, подтверждающие правильный КБМ, такие как предыдущие полисы ОСАГО или выписки из базы данных Российского союза автостраховщиков (РСА).

3. **Напишите заявление**: В некоторых случаях может потребоваться написать заявление о пересмотре КБМ. В заявлении укажите, какой КБМ должен быть указан в полисе.

4. **Дождитесь решения**: Страховая компания проверит предоставленные документы и примет решение о корректировке полиса. Если КБМ действительно указан неверно, страховая компания внесет изменения в полис.

5. **Проверьте изменения**: После внесения изменений убедитесь, что в полисе указан правильный КБМ. Если изменения не внесены, повторно обратитесь в страховую компанию.

Если страховая компания отказывается исправлять ошибку, вы можете обратиться в Российский союз автостраховщиков (РСА) или в суд для разрешения спорной ситуации."
204,В чем разница между кешбэком и чарджбэком?,"Кешбэк и чарджбэк — это разные механизмы, связанные с банковскими картами, но они выполняют разные функции.

**Кешбэк** — это возврат части средств, потраченных по карте. Это может быть процент от суммы покупки или фиксированная сумма. Кешбэк начисляется за определенные категории товаров или услуг, например, за покупки в супермаркетах, ресторанах или за оплату коммунальных услуг. Кешбэк обычно начисляется автоматически и зачисляется на счет карты.

**Чарджбэк** — это процедура возврата средств, списанных с карты, в случае несанкционированного списания или ошибки. Например, если вы обнаружили несанкционированную транзакцию или товар не соответствует описанию, вы можете инициировать чарджбэк. Для этого нужно обратиться в банк, который проведет расследование и примет решение о возврате средств.

Таким образом, кешбэк — это бонусная программа, а чарджбэк — это механизм защиты прав держателя карты."
205,"Где в договоре должна быть указана полная стоимость кредита, что помогает отличить легального кредитора от черного?","Полная стоимость кредита (ПСК) должна быть указана в кредитном договоре в соответствии с законодательством. В России, например, это регулируется статьей 6 Федерального закона ""О потребительском кредите (займе)"".

Вот ключевые моменты, которые помогут отличить легального кредитора от черного:

1. **Раздел о полной стоимости кредита**: В договоре должен быть отдельный раздел, где четко указана полная стоимость кредита. Это включает в себя все проценты, комиссии, страховки и другие платежи, которые клиент обязан оплатить.

2. **Расчет ПСК**: Полная стоимость кредита должна быть рассчитана в процентах годовых и указана в договоре. Это позволяет клиенту сравнить предложения разных кредиторов.

3. **Отсутствие скрытых платежей**: Легальный кредитор не будет включать в договор скрытые комиссии или платежи, которые не были оговорены заранее.

4. **Четкость и прозрачность**: В договоре должны быть четко прописаны все условия кредитования, включая график платежей, штрафы за просрочку и другие важные детали.

Если в договоре отсутствует информация о полной стоимости кредита или она представлена нечетко, это может быть признаком нелегального кредитора. В таком случае рекомендуется отказаться от сотрудничества и обратиться в легальный банк или кредитную организацию."
206,Какие финансовые продукты не покрывает система страхования вкладов?,"Система страхования вкладов в России, действующая в рамках Агентства по страхованию вкладов (АСВ), покрывает вклады физических лиц в банках, которые являются участниками системы страхования. Однако есть несколько финансовых продуктов, которые не покрываются этой системой:

1. **Средства на счетах и вкладах, открытых в небанковских кредитных организациях (НКО)**, таких как микрофинансовые организации, кредитные кооперативы и другие.

2. **Средства, размещенные на счетах и вкладах в иностранной валюте**, если они открыты в филиалах российских банков за рубежом.

3. **Средства, размещенные на счетах и вкладах, открытых в банках, которые не являются участниками системы страхования вкладов**.

4. **Средства, размещенные на счетах и вкладах, открытых в банках, в отношении которых на момент наступления страхового случая приостановлены операции по счетам и вкладам**.

5. **Средства, размещенные на счетах и вкладах, открытых в банках, в отношении которых на момент наступления страхового случая введено внешнее управление или ликвидация**.

6. **Средства, размещенные на счетах и вкладах, открытых в банках, в отношении которых на момент наступления страхового случая введено мораторий на удовлетворение требований кредиторов**.

7. **Средства, размещенные на счетах и вкладах, открытых в банках, в отношении которых на момент наступления страхового случая введено наблюдение**.

8. **Средства, размещенные на счетах и вкладах, открытых в банках, в отношении которых на момент наступления страхового случая введено временное управление**.

9. **Средства, размещенные на счетах и вкладах, открытых в банках, в отношении которых на момент наступления страхового случая введено консервация**.

10. **Средства, размещенные на счетах и вкладах, открытых в банках, в отношении которых на момент наступления страхового случая введено санкционное регулирование**.

11. **Средства, размещенные на счетах и вкладах, открытых в банках, в отношении которых на момент наступления страхового случая введено ограничение на осуществление операций по счетам и вкладам**.

12. **Средства, размещенные на счетах и вкладах, открытых в банках, в отношении которых на момент наступления страхового случая введено ограничение на осуществление операций по счетам и вкладам в связи с санкциями**.

13. **Средства, размещенные на счетах и вкладах, открытых в банках, в отношении которых на момент наступления страхового случая введено ограничение на осуществление операций по счетам и вкладам в связи с применением специальных экономических мер**.

14. **Средства, размещенные на счетах и вкладах, открытых в банках, в отношении которых на момент наступления страхового случая введено ограничение на осуществление операций по счетам и вкладам в связи с применением мер принудительного исполнения**.

15. **Средства, размещенные на счетах и вкладах, открытых в банках, в отношении которых на момент наступления страхового случая введено ограничение на осуществление операций по счетам и вкладам в связи с применением мер обеспечения исполнения обязательств**.

Если у вас есть дополнительные вопросы по этому поводу, пожалуйста, уточните их."
207,Зачем проверять членство МФО в СРО перед оформлением займа?,"Проверка членства микрофинансовой организации (МФО) в саморегулируемой организации (СРО) перед оформлением займа важна по нескольким причинам:

1. **Легальность и надежность**: Членство в СРО подтверждает, что МФО соблюдает законодательство и соответствует установленным стандартам. Это снижает риски столкнуться с недобросовестными заемщиками.

2. **Защита прав заемщиков**: СРО контролирует деятельность своих членов и может помочь в разрешении споров между заемщиками и МФО. Это дополнительная гарантия защиты ваших прав.

3. **Прозрачность условий**: МФО, входящие в СРО, обычно более прозрачны в своих условиях и тарифах, что позволяет избежать скрытых комиссий и неожиданных платежей.

4. **Доступ к финансовой помощи**: В случае финансовых трудностей заемщика, МФО, являющиеся членами СРО, могут предложить реструктуризацию долга или другие формы поддержки.

Перед оформлением займа всегда проверяйте информацию о МФО на сайте соответствующей СРО или на официальном сайте Центрального банка РФ."
208,В каких ситуациях могут запретить выезд из России из‑за долгов?,"Запрет на выезд из России из-за долгов может быть наложен в следующих ситуациях:

1. **Неисполнение обязательств по кредитам или займам**: Если у вас есть задолженность по кредитам, займам или другим финансовым обязательствам, и вы не выполняете условия договора, банк или другая кредитная организация может обратиться в суд для взыскания долга. В случае удовлетворения иска суд может вынести решение о запрете на выезд за границу.

2. **Неуплата налогов или штрафов**: Если у вас есть задолженность по налогам, сборам или штрафам, налоговые органы могут инициировать процедуру взыскания. В случае неисполнения обязательств суд может вынести решение о запрете на выезд.

3. **Неисполнение обязательств по алиментам**: Если вы обязаны выплачивать алименты и не выполняете эти обязательства, суд может вынести решение о запрете на выезд за границу.

4. **Долги по коммунальным услугам**: В некоторых случаях задолженность по коммунальным услугам также может стать основанием для запрета на выезд, если судом будет вынесено соответствующее решение.

Важно отметить, что запрет на выезд может быть наложен только на основании судебного решения. Банк или другая организация не может самостоятельно запретить вам выезд за границу. Если у вас есть долги, рекомендуется своевременно их погашать или искать решения для их реструктуризации, чтобы избежать возможных ограничений."
209,"Почему рискованно сообщать коды из СМС в сценарии «задержалась посылка», а также показывать банковскую карту на видеособеседовании?","Сообщать коды из СМС и показывать банковскую карту на видеособеседовании рискованно по следующим причинам:

1. **Коды из СМС**:
   - Коды из СМС часто используются для подтверждения операций или входа в личный кабинет.
   - Если злоумышленник получит этот код, он сможет совершить операции от вашего имени, например, перевести деньги или изменить настройки аккаунта.
   - Это может привести к финансовым потерям и нарушению безопасности ваших данных.

2. **Показ банковской карты на видеособеседовании**:
   - На карте обычно указаны номер карты, срок действия и имя держателя.
   - Эта информация может быть использована для мошеннических действий, таких как поддельные платежи или кража личных данных.
   - Даже частичное отображение номера карты может быть достаточно для некоторых видов мошенничества.

В обоих случаях важно соблюдать конфиденциальность и не раскрывать личные и финансовые данные в небезопасных условиях."
210,Почему свежая регистрация компании повышает риск для соискателя или инвестора?,"Свежая регистрация компании может повышать риск для соискателя или инвестора по нескольким причинам:

1. **Отсутствие истории**: Новые компании не имеют финансовой истории, что затрудняет оценку их надежности и стабильности. Инвесторам и соискателям сложно оценить способность компании выполнять свои обязательства.

2. **Неопределенность в бизнесе**: Молодые компании часто находятся в стадии развития, и их бизнес-модель может быть не до конца отработана. Это увеличивает риск неудачи или изменения стратегии, что может негативно сказаться на инвесторах и сотрудниках.

3. **Ограниченные ресурсы**: Новые компании часто имеют ограниченные финансовые ресурсы, что может привести к трудностям с выполнением обязательств перед сотрудниками и инвесторами.

4. **Высокий риск банкротства**: Статистически новые компании имеют более высокий риск банкротства в первые годы работы по сравнению с устоявшимися предприятиями.

5. **Отсутствие репутации**: Новые компании не имеют репутации на рынке, что может вызвать недоверие у потенциальных инвесторов и сотрудников.

Эти факторы делают инвестиции и работу в новых компаниях более рискованными по сравнению с устоявшимися предприятиями."
211,Какие ограничения по счетам предусмотрены для налоговых вычетов по ПДС с учетом сроков выплат?,"Для получения налоговых вычетов по пенсионным доходам с учетом сроков выплат, банк может устанавливать следующие ограничения:

1. **Сроки выплат**: Налоговые вычеты могут быть предоставлены только по доходам, которые были получены в течение налогового периода (обычно календарный год). Если выплаты пенсионных доходов были произведены в другом периоде, вычет может не применяться.

2. **Тип счета**: Налоговые вычеты могут быть предоставлены только по доходам, полученным на определенные типы счетов, например, пенсионные счета или счета, предназначенные для накопления пенсионных средств.

3. **Документальное подтверждение**: Для получения налогового вычета необходимо предоставить документы, подтверждающие право на вычет, такие как пенсионное удостоверение, справка о доходах и другие документы, которые могут потребоваться в соответствии с законодательством.

4. **Лимиты вычетов**: В некоторых случаях могут быть установлены лимиты на сумму налогового вычета, который можно получить в течение налогового периода.

Для более точной информации рекомендуется обратиться в налоговую службу или к специалисту по налоговому учету."
212,Когда требуется тестирование клиента для ИСЖ в отличие от покупки отдельных ETF?,"Тестирование клиента для ИСЖ (индивидуального страхового счета) требуется в следующих случаях:

1. **ИСЖ** - это страховой продукт, который подразумевает страхование жизни. В соответствии с законодательством, перед заключением договора страхования жизни страховая компания обязана провести тестирование клиента на предмет его финансовой устойчивости и способности выполнять обязательства по договору.

2. **Покупка ETF (биржевых фондов)** - это инвестиционный продукт, который не связан со страхованием жизни. Поэтому тестирование клиента для покупки ETF не требуется, так как это не относится к страховым продуктам.

Таким образом, основное отличие заключается в том, что ИСЖ требует тестирования клиента в соответствии с требованиями страхового законодательства, тогда как покупка ETF не требует такого тестирования."
213,"Где удобнее хранить «подушку безопасности», если нужен мгновенный доступ к деньгам?","Для хранения ""подушки безопасности"" с мгновенным доступом к деньгам удобнее всего использовать следующие инструменты:

1. **Сберегательный счет в банке**:
   - Высокий уровень безопасности.
   - Возможность мгновенного доступа к средствам через онлайн-банкинг или банкоматы.
   - Возможность получения процентов на остаток по счету.

2. **Дебетовая карта**:
   - Средства всегда под рукой.
   - Возможность мгновенных переводов и оплат.
   - Защита от мошенничества.

3. **Электронные кошельки**:
   - Быстрые переводы и платежи.
   - Доступность через мобильные приложения.
   - Возможность привязки к банковскому счету.

4. **Срочные вклады с возможностью частичного снятия**:
   - Часть средств можно снять без потери процентов.
   - Остаток продолжает приносить доход.

Важно выбирать инструменты, которые обеспечивают не только доступность, но и безопасность средств."
214,Как получить инвествычет через посредника при продаже бумаг?,"Для получения инвестиционного налогового вычета через посредника при продаже ценных бумаг необходимо выполнить следующие шаги:

1. **Продажа ценных бумаг**: Осуществите продажу ценных бумаг через брокерский счет. Посредник (брокер) должен предоставить вам налоговую отчетность по сделкам.

2. **Получение налоговой отчетности**: Посредник обязан предоставить вам налоговую отчетность, которая включает в себя информацию о всех сделках с ценными бумагами за налоговый период.

3. **Заполнение декларации 3-НДФЛ**: На основе полученной отчетности заполните декларацию 3-НДФЛ. В декларации укажите информацию о продаже ценных бумаг и рассчитайте налоговый вычет.

4. **Подача декларации**: Подайте заполненную декларацию в налоговую инспекцию. Это можно сделать через личный кабинет на сайте ФНС, через почту или лично в налоговой инспекции.

5. **Получение вычета**: После проверки декларации налоговая инспекция примет решение о предоставлении инвестиционного налогового вычета. Вычет будет зачислен на ваш счет в банке или перечислен на указанные вами реквизиты.

Если у вас возникнут вопросы по процедуре или требуется дополнительная информация, обратитесь к вашему брокеру или в налоговую инспекцию."
215,Где проверить легальность МФО перед оформлением «нуля»?,"Для проверки легальности микрофинансовой организации (МФО) перед оформлением займа (""нуля"") рекомендую воспользоваться следующими ресурсами:

1. **Реестр МФО на сайте Банка России**: https://www.cbr.ru/credit/
   - Здесь можно проверить, зарегистрирована ли организация в качестве МФО.
   - Убедитесь, что МФО действует на законных основаниях.

2. **Сайт Федеральной службы по финансовым рынкам (ФСФР)**: https://www.fsr.ru/
   - Проверьте, есть ли у МФО лицензия на осуществление финансовой деятельности.

3. **Отзывы и рейтинги**: Проверьте отзывы о МФО на независимых платформах, таких как Отзовик, Фламп и другие.

4. **Официальный сайт МФО**: Убедитесь, что на сайте МФО указаны все необходимые реквизиты, включая ИНН, ОГРН и адрес.

Если у вас есть дополнительные вопросы, связанные с банковскими услугами или финансовыми продуктами, обращайтесь."
216,Как снизить риск оспаривания сделки при покупке вторичного жилья?,"Для снижения риска оспаривания сделки при покупке вторичного жилья рекомендуется:

1. **Проверить юридическую чистоту объекта**. Убедитесь, что у продавца есть все необходимые документы, подтверждающие его право собственности на жилье. Проверьте отсутствие обременений, арестов и других ограничений.

2. **Оформить договор купли-продажи у нотариуса**. Это повышает юридическую значимость сделки и снижает риск оспаривания.

3. **Использовать аккредитив или банковскую ячейку**. Это гарантирует, что деньги будут переданы продавцу только после регистрации права собственности на покупателя.

4. **Проверить историю сделок**. Убедитесь, что предыдущие сделки с объектом недвижимости были оформлены корректно и не содержат нарушений.

5. **Обратиться к профессионалам**. Юрист и риелтор помогут проверить все документы и сопроводить сделку, минимизируя риски.

Если у вас есть дополнительные вопросы по данной теме, пожалуйста, уточните их."
217,Где получить выписку о состоянии пенсионных накоплений?,"Выписку о состоянии пенсионных накоплений можно получить в нескольких местах:

1. **На сайте Пенсионного фонда России (ПФР)**: Зарегистрируйтесь или войдите в личный кабинет на сайте ПФР. В разделе ""Информация о пенсионных накоплениях"" можно получить актуальные данные.

2. **Через Госуслуги**: Если у вас есть подтвержденная учетная запись на портале Госуслуг, вы можете запросить выписку о состоянии пенсионных накоплений в разделе ""Пенсия, пособия и льготы"".

3. **В клиентском офисе ПФР**: Вы можете лично обратиться в отделение Пенсионного фонда по месту жительства с паспортом и СНИЛС.

4. **Через работодателя**: Некоторые работодатели предоставляют возможность получить выписку о пенсионных накоплениях через внутреннюю систему.

Если у вас есть дополнительные вопросы, связанные с банковскими услугами, пожалуйста, уточните их."
218,Чем отличаются переводы по номеру телефона через СБП от платежей по реквизитам с номером 30101?,"Переводы по номеру телефона через Систему быстрых платежей (СБП) и платежи по реквизитам с номером 30101 имеют несколько ключевых различий:

1. **Способ идентификации получателя**:
   - **СБП**: Перевод осуществляется по номеру телефона получателя. Система автоматически определяет банк получателя и направляет средства на привязанный к этому номеру счет.
   - **Реквизиты с номером 30101**: Перевод осуществляется по полным банковским реквизитам, включая номер счета, БИК банка и другие данные.

2. **Скорость перевода**:
   - **СБП**: Переводы обычно выполняются мгновенно или в течение нескольких секунд.
   - **Реквизиты с номером 30101**: Переводы могут занимать от нескольких минут до нескольких часов, в зависимости от банков и времени обработки платежа.

3. **Комиссия**:
   - **СБП**: В большинстве случаев переводы через СБП бесплатны или имеют минимальную комиссию.
   - **Реквизиты с номером 30101**: Комиссия может быть выше и зависит от условий вашего банка.

4. **Лимиты**:
   - **СБП**: Обычно есть лимиты на сумму перевода за сутки или за одну операцию.
   - **Реквизиты с номером 30101**: Лимиты могут быть выше или отсутствовать, в зависимости от условий вашего банка.

5. **Безопасность**:
   - **СБП**: Переводы защищены системой, но важно убедиться, что номер телефона принадлежит нужному получателю.
   - **Реквизиты с номером 30101**: Переводы более надежны, так как требуют точных реквизитов, но ошибка в реквизитах может привести к отправке средств не тому получателю.

Если у вас есть дополнительные вопросы по переводам, пожалуйста, уточните их."
219,Чем накопительное страхование жизни отличается от инвестиционного с точки зрения гарантии дохода?,"Накопительное страхование жизни и инвестиционное страхование жизни различаются по уровню гарантии дохода.

1. **Накопительное страхование жизни**:
   - Обеспечивает гарантированный доход, который заранее определен в договоре.
   - Доход формируется за счет регулярных взносов и начисленных процентов.
   - Риски минимальны, так как доход застрахован.

2. **Инвестиционное страхование жизни**:
   - Доход не гарантирован и зависит от результатов инвестирования.
   - Клиент может получить доход выше, чем по накопительному страхованию, но также может понести убытки.
   - Риски выше, так как доход зависит от рыночных условий.

Таким образом, накопительное страхование жизни предоставляет гарантированный доход, тогда как инвестиционное страхование жизни предлагает потенциально более высокий, но не гарантированный доход."
220,"Какие требования к страхованию залога при ипотеке, включая последствия перерыва в полисе?","Для страхования залога при ипотеке в России действуют следующие требования:

1. **Обязательное страхование**:
   - **Страхование имущества (недвижимости)**: Обязательно для всех заемщиков. Страхование должно покрывать риски ущерба, утраты или гибели залогового имущества.
   - **Страхование жизни и здоровья заемщика**: Обязательно для заемщиков, если ипотека оформляется на физическое лицо. Это требование может быть закреплено в кредитном договоре.

2. **Требования к страховой сумме**:
   - Страховая сумма по имуществу должна соответствовать стоимости залогового имущества, указанной в кредитном договоре.
   - Страховая сумма по жизни и здоровью заемщика должна быть не менее размера кредита.

3. **Срок действия полиса**:
   - Полис должен действовать на протяжении всего срока кредитования.

4. **Последствия перерыва в страховании**:
   - **Штрафы и пени**: Банк может начислить штрафы за нарушение условий кредитного договора.
   - **Требование досрочного погашения**: Банк может потребовать досрочного погашения кредита.
   - **Приостановление кредитных операций**: Банк может приостановить выдачу кредитных средств или другие операции по кредитному договору.
   - **Изменение условий кредитования**: Банк может изменить условия кредитования, включая увеличение процентной ставки.

5. **Обязанности заемщика**:
   - Заемщик обязан своевременно информировать банк о любых изменениях в страховом покрытии.
   - Заемщик обязан предоставить новый страховой полис в случае изменения страховой компании или условий страхования.

Если у вас возникли вопросы по конкретным условиям вашего кредитного договора, рекомендуется обратиться в ваш банк для получения точной информации."
221,Как проверить легальность сервиса для кошелька по сравнению с финансовым маркетплейсом?,"Для проверки легальности сервиса для кошелька по сравнению с финансовым маркетплейсом, следуйте этим шагам:

1. **Проверка лицензии**:
   - Убедитесь, что сервис имеет лицензию от Центрального банка или другого регулятора, который регулирует финансовые услуги в вашей стране.
   - Финансовый маркетплейс также должен иметь соответствующую лицензию.

2. **Репутация и отзывы**:
   - Проверьте отзывы пользователей на независимых платформах, таких как Trustpilot, Google Reviews и другие.
   - Обратите внимание на отзывы о финансовом маркетплейсе, чтобы сравнить их с отзывами о сервисе для кошелька.

3. **Информация на сайте**:
   - На сайте сервиса должна быть четкая информация о компании, включая юридический адрес, контактные данные и условия использования.
   - Финансовый маркетплейс также должен предоставлять подобную информацию.

4. **Безопасность и защита данных**:
   - Убедитесь, что сервис использует современные методы защиты данных, такие как шифрование и двухфакторную аутентификацию.
   - Проверьте, как финансовый маркетплейс защищает данные своих пользователей.

5. **Сравнение условий**:
   - Сравните условия использования, комиссии и другие важные аспекты между сервисом для кошелька и финансовым маркетплейсом.

Если у вас возникли сомнения, лучше обратиться в поддержку сервиса или финансового маркетплейса для получения дополнительной информации."
222,"Какие платежи лучше проводить с расчетного счета, чтобы снизить риск блокировки?","Для снижения риска блокировки расчетного счета рекомендуется проводить следующие платежи:

1. **Оплата поставщикам и подрядчикам** – это основная деятельность компании, и такие платежи обычно не вызывают подозрений.
2. **Выплата заработной платы сотрудникам** – регулярные и прозрачные платежи, которые легко подтвердить документально.
3. **Оплата налогов и страховых взносов** – обязательные платежи, которые контролируются государственными органами.
4. **Платежи по кредитам и займам** – регулярные выплаты, которые также легко подтвердить договором.
5. **Оплата коммунальных услуг и аренды** – стандартные расходы, которые не вызывают вопросов.

Избегайте подозрительных операций, таких как:
- Частые переводы на частные счета без четкого обоснования.
- Крупные суммы на незнакомые реквизиты.
- Платежи, связанные с высокорисковыми операциями (например, криптовалюты, азартные игры).

Если у вас есть сомнения по конкретной операции, лучше проконсультироваться с банком или юристом."
223,Где проверить легальность финансовой организации перед вложением денег?,"Для проверки легальности финансовой организации перед вложением денег рекомендуется:

1. **Проверка лицензии**: Убедитесь, что у организации есть действующая лицензия от Центрального банка Российской Федерации (ЦБ РФ). Это можно сделать на официальном сайте ЦБ РФ в разделе ""Реестр лицензий"".

2. **Проверка репутации**: Изучите отзывы и репутацию организации на независимых платформах, таких как ""Банки.ру"", ""Отзыв.ру"" или других специализированных сайтах.

3. **Официальный сайт**: Проверьте информацию на официальном сайте организации. Легальные компании обычно предоставляют полную информацию о себе, включая контакты, адреса, лицензии и другую важную информацию.

4. **Госуслуги**: На портале ""Госуслуги"" можно проверить информацию о регистрации организации и наличии у нее прав на осуществление финансовой деятельности.

5. **Консультация с профессионалом**: Если у вас есть сомнения, можно проконсультироваться с финансовым консультантом или юристом, который специализируется на финансовых вопросах.

Важно помнить, что легальность организации не гарантирует отсутствие рисков, но значительно снижает их. Всегда будьте внимательны при выборе финансового партнера."
224,"Каков минимальный срок «периода охлаждения» для обычных добровольных страховок, полисов, оформленных через банк вместе с кредитом, а также для договоров инвестиционного или накопительного страхования жизни?","Минимальный срок «периода охлаждения» для добровольных страховок, оформленных через банк вместе с кредитом, составляет 5 рабочих дней. Для договоров инвестиционного или накопительного страхования жизни этот срок составляет 30 календарных дней."
225,Куда жаловаться при нарушениях со стороны НПФ или страхового посредника?,"При нарушениях со стороны негосударственного пенсионного фонда (НПФ) или страхового посредника вы можете обратиться в следующие инстанции:

1. **Центральный банк Российской Федерации (Банк России)** – регулятор, который контролирует деятельность НПФ и страховых компаний. Вы можете подать жалобу через официальный сайт или обратиться в территориальное управление Банка России.

2. **Федеральная антимонопольная служба (ФАС)** – если нарушения связаны с недобросовестной конкуренцией или нарушением прав потребителей.

3. **Роспотребнадзор** – если нарушения связаны с нарушением прав потребителей.

4. **Судебные органы** – если другие способы разрешения конфликта не помогли, можно подать иск в суд.

Перед подачей жалобы рекомендуется собрать все документы, подтверждающие нарушения, и обратиться в соответствующую организацию."
226,Как ДСАГО влияет на необходимость доплаты виновником при крупном ущербе?,"ДСАГО (Добровольное страхование автогражданской ответственности) не влияет на необходимость доплаты виновником при крупном ущербе. ДСАГО покрывает ущерб, причиненный третьим лицам, в пределах установленного лимита. Если ущерб превышает этот лимит, виновник ДТП обязан возместить разницу самостоятельно.

Если у вас есть дополнительные вопросы по страхованию или банковским продуктам, задавайте их."
227,Какие ограничения действуют для неквалифицированных инвесторов при покупке акций и паев закрытых ПИФов?,"Для неквалифицированных инвесторов действуют следующие ограничения при покупке акций и паев закрытых ПИФов:

1. **Ограничения по сумме инвестиций**:
   - Максимальная сумма инвестиций в акции и паи закрытых ПИФов для неквалифицированного инвестора не должна превышать 600 000 рублей в течение одного года.
   - Если сумма инвестиций превышает 600 000 рублей, инвестор автоматически становится квалифицированным.

2. **Ограничения по количеству сделок**:
   - Неквалифицированные инвесторы могут совершать сделки с акциями и паями закрытых ПИФов только через брокера, который обязан проверить соответствие сделки установленным ограничениям.

3. **Ограничения по рискам**:
   - Неквалифицированные инвесторы не могут инвестировать в высокорискованные активы, такие как деривативы, без дополнительного согласия и консультации с брокером.

4. **Ограничения по информации**:
   - Брокер обязан предоставить неквалифицированному инвестору полную информацию о рисках и особенностях инвестирования в акции и паи закрытых ПИФов.

Эти ограничения введены для защиты неквалифицированных инвесторов от чрезмерных рисков и обеспечения их финансовой безопасности."
228,Чем отличается ДСАГО от каско по объекту защиты?,"ДСАГО (Добровольное страхование автогражданской ответственности) и КАСКО (Комплексное автомобильное страхование) различаются по объекту защиты:

1. **ДСАГО**:
   - Страхует ответственность владельца автомобиля перед третьими лицами.
   - Возмещает ущерб, причиненный другим участникам дорожного движения (например, повреждение чужого автомобиля, причинение вреда здоровью или имуществу).
   - Не покрывает ущерб, причиненный самому застрахованному автомобилю.

2. **КАСКО**:
   - Страхует сам автомобиль от различных рисков (угон, повреждение, хищение и т.д.).
   - Возмещает ущерб, причиненный застрахованному автомобилю, независимо от того, кто является виновником ДТП.
   - Может включать дополнительные риски, такие как повреждение стекол, шин, салона и т.д.

Таким образом, ДСАГО защищает ответственность перед третьими лицами, а КАСКО — сам автомобиль."
229,Чем отличается ответственность эмитента по облигациям от акций?,"Ответственность эмитента по облигациям и акциям различается следующим образом:

1. **Облигации**:
   - Эмитент облигаций обязан выплатить держателям облигаций купонный доход (проценты) в соответствии с условиями выпуска.
   - По окончании срока облигации эмитент обязан выкупить их по номинальной стоимости.
   - В случае дефолта эмитент несет ответственность перед держателями облигаций в первую очередь, так как облигации являются долговыми инструментами.

2. **Акции**:
   - Эмитент акций (компания) не обязан выплачивать дивиденды, так как дивиденды являются распределением прибыли и зависят от решения совета директоров.
   - Держатели акций становятся собственниками компании и имеют право на часть активов компании в случае ее ликвидации, но только после удовлетворения требований кредиторов.
   - В случае дефолта или банкротства компании держатели акций получают выплаты в последнюю очередь, после всех кредиторов.

Таким образом, облигации обеспечивают более высокую степень защиты интересов инвесторов, так как эмитент несет перед ними прямые обязательства по выплате дохода и возврату номинальной стоимости."
230,Как меняется лимит возмещения по ремонту авто при европротоколе без фотофиксации по сравнению с оформлением через ГИБДД?,"При оформлении ДТП по европротоколу без фотофиксации лимит возмещения по ремонту автомобиля обычно ниже, чем при оформлении через ГИБДД. Это связано с повышенными рисками для страховой компании при отсутствии официального осмотра и фиксации обстоятельств аварии сотрудниками ГИБДД.

В большинстве случаев лимит возмещения по европротоколу составляет 100 000 рублей, тогда как при оформлении через ГИБДД лимит может быть выше и зависеть от условий вашего страхового полиса. Точные цифры могут варьироваться в зависимости от страховой компании и региона. Рекомендуется уточнять детали у вашего страховщика."
231,Как обезопасить себя на случай утери векселя?,"Для защиты от утери векселя рекомендуется:

1. **Хранение**: Держите вексель в надежном месте, например, в сейфе или банковской ячейке.
2. **Копии**: Сделайте несколько копий векселя и храните их отдельно от оригинала.
3. **Застрахуйте**: Рассмотрите возможность страхования векселя от утери или кражи.
4. **Электронные копии**: Сделайте цифровые копии векселя и сохраните их в защищенном облачном хранилище.
5. **Уведомление**: В случае утери немедленно уведомьте банк или эмитента векселя, чтобы заблокировать его.

Если вексель утерян, обратитесь в банк для блокировки и получения дубликата, если это возможно."
232,"Кто защищает клиентов при проблемах банка, а кто при отзыве лицензии у страховщика?","При проблемах банка клиентов защищает Агентство по страхованию вкладов (АСВ). В случае отзыва лицензии у страховщика защиту клиентов обеспечивает Российский союз автостраховщиков (РСА) или Российский союз страховщиков (РСС), в зависимости от вида страхования.

Если у вас есть дополнительные вопросы, связанные с банком, задавайте их."
233,Где надежнее сохранить деньги при отзыве лицензии банка: в векселе или при расчетах через банковскую ячейку?,"Для сохранения денег при отзыве лицензии банка важно учитывать несколько факторов:

1. **Вексель**:
   - Вексель — это долговое обязательство, которое может быть передано другому лицу. Однако при отзыве лицензии банка вексель может потерять свою ликвидность, так как банк может не выполнить свои обязательства.
   - Вексель не гарантирует возврат средств в случае банкротства банка.

2. **Банковская ячейка**:
   - Банковская ячейка предоставляет физическую защиту для хранения ценностей, включая наличные деньги.
   - При отзыве лицензии банка доступ к ячейке может быть ограничен, но сами средства остаются в вашем владении.
   - Важно учитывать, что доступ к ячейке может быть временно приостановлен, но в конечном итоге вы сможете получить свои средства.

**Вывод**:
Наиболее надежным вариантом при отзыве лицензии банка является использование банковской ячейки, так как ваши средства остаются в вашем физическом владении. Вексель же зависит от финансового состояния банка и может не гарантировать возврат средств."
234,"Как при разводе делят жилье и долг по семейной ипотеке, если взнос был из маткапитала","При разводе деление жилья и долга по семейной ипотеке, если часть взноса была внесена из средств материнского капитала, регулируется семейным законодательством и особенностями использования маткапитала.

1. **Деление жилья**:
   - Жилое помещение, приобретенное с использованием материнского капитала, является общим имуществом супругов, но с особым условием: все члены семьи, включая детей, должны иметь равные доли в этом имуществе.
   - При разводе жилье делится между супругами и детьми в равных долях. Например, если в семье двое детей, то каждая из четырех долей (двое супругов и двое детей) будет равной.

2. **Деление долга по ипотеке**:
   - Долг по ипотеке также делится между супругами пропорционально их доходам или по соглашению.
   - Если ипотека была оформлена на одного из супругов, но средства маткапитала были использованы, то долг также делится с учетом интересов детей.

3. **Особенности использования маткапитала**:
   - Средства материнского капитала могут быть использованы только на улучшение жилищных условий, и при этом все члены семьи должны быть собственниками жилья.
   - В случае развода суд может учесть интересы детей и распределить имущество и долги таким образом, чтобы не нарушить их права на жилье.

Для более точного решения вопроса рекомендуется обратиться к юристу или в банк, где оформлена ипотека, для получения консультации по конкретной ситуации."
235,"Какие госгарантии предусмотрены для средств пайщиков КПК, а также для взносов в ЖНК?","Государственные гарантии для средств пайщиков кредитных потребительских кооперативов (КПК) и взносов в жилищные накопительные кооперативы (ЖНК) могут различаться в зависимости от законодательства и конкретных условий.

1. **Кредитные потребительские кооперативы (КПК):**
   - В России средства пайщиков КПК не застрахованы государством. В случае банкротства КПК пайщики могут потерять свои вклады.
   - Однако, если КПК является членом саморегулируемой организации (СРО), то могут быть предусмотрены компенсационные фонды, которые частично покрывают убытки пайщиков.

2. **Жилищные накопительные кооперативы (ЖНК):**
   - Взносы в ЖНК также не застрахованы государством. В случае банкротства кооператива пайщики могут потерять свои средства.
   - Однако, если ЖНК действует в рамках законодательства и имеет лицензию, это может снизить риски для пайщиков.

Для получения более точной информации рекомендуется обратиться в соответствующие государственные органы или к специалистам, занимающимся регулированием деятельности КПК и ЖНК."
236,Когда имеет смысл жаловаться в Банк России по проблеме с финансовой организацией?,"Жаловаться в Банк России имеет смысл в следующих случаях:

1. **Нарушение ваших прав**: Если финансовая организация нарушила ваши права, например, неверно начислила проценты, незаконно списала деньги или отказала в предоставлении информации.
2. **Отсутствие реакции от финансовой организации**: Если вы обратились в финансовую организацию с претензией, но не получили ответа или ответ вас не удовлетворил.
3. **Нарушение законодательства**: Если финансовая организация нарушает законы, регулирующие её деятельность, например, нарушает требования по защите персональных данных или проводит незаконные финансовые операции.
4. **Отказ в предоставлении услуг**: Если финансовая организация отказывает вам в предоставлении услуг без законных оснований.

Перед подачей жалобы в Банк России рекомендуется сначала обратиться в саму финансовую организацию и попытаться решить проблему в досудебном порядке. Если это не помогло, можно подать жалобу в Банк России через их официальный сайт или горячую линию."
237,Что использовать для покрытия неожиданных трат?,"Для покрытия неожиданных трат можно использовать несколько инструментов, в зависимости от вашей ситуации и предпочтений:

1. **Страховка**: Если у вас есть страховой полис, который покрывает конкретные неожиданные расходы (например, медицинские, автострахование, страхование имущества), это может быть первым вариантом. Страховка поможет компенсировать часть или все расходы.

2. **Сбережения**: Если у вас есть накопления, их можно использовать для покрытия неожиданных трат. Это самый безопасный вариант, так как не требует дополнительных затрат на проценты или комиссии.

3. **Кредитная карта**: Если у вас есть кредитная карта с доступным лимитом, вы можете использовать её для покрытия расходов. Однако важно помнить о процентах за пользование кредитом и постараться погасить задолженность как можно быстрее.

4. **Кредит или заём**: В некоторых случаях можно оформить потребительский кредит или заём. Это может быть полезно, если сумма значительная и вы уверены в своей способности вернуть деньги в срок.

5. **Финансовая помощь от родственников или друзей**: В некоторых случаях можно обратиться за помощью к близким. Это может быть временным решением, но важно обсудить условия возврата, чтобы избежать конфликтов.

Выбор инструмента зависит от конкретной ситуации, суммы расходов и ваших финансовых возможностей."
238,Почему переводы через СБП по номеру телефона упрощают межбанковские расчеты?,"Переводы через Систему быстрых платежей (СБП) по номеру телефона упрощают межбанковские расчеты по нескольким причинам:

1. **Упрощение процесса**: Клиентам не нужно знать реквизиты получателя (например, номер счета или БИК банка), достаточно указать номер телефона. Это делает процесс перевода быстрым и удобным.

2. **Скорость**: Переводы через СБП осуществляются в течение нескольких секунд, что значительно быстрее традиционных межбанковских переводов.

3. **Доступность**: Система доступна для клиентов большинства банков, что позволяет проводить переводы между разными финансовыми учреждениями без дополнительных комиссий.

4. **Безопасность**: Все операции защищены современными технологиями, что снижает риски мошенничества.

Таким образом, СБП делает межбанковские расчеты более простыми, быстрыми и доступными для широкого круга пользователей."
239,"Куда подавать заявку на продажу заблокированных активов, находящихся в паях ПИФа, с учетом доступности управляющих компаний на финансовых маркетплейсах?","Для продажи заблокированных активов, находящихся в паях ПИФа, необходимо обратиться в управляющую компанию (УК), которая управляет данным ПИФом. Обычно заявку можно подать через официальный сайт УК, в личном кабинете инвестора или по телефону службы поддержки.

Если управляющая компания представлена на финансовых маркетплейсах, можно воспользоваться их сервисами для подачи заявки. Однако, в случае блокировки активов, рекомендуется напрямую связаться с УК для уточнения процедуры и возможных ограничений.

Для более точного ответа уточните, пожалуйста, название управляющей компании или ПИФа."
240,Можно ли торговать на бирже без брокера?,"Нет, для торговли на бирже обязательно нужно заключить договор с брокером. Брокер выступает посредником между инвестором и биржей, предоставляя доступ к торговой платформе, исполнению сделок и другим сервисам. Без брокера физическое лицо не может напрямую торговать на бирже."
241,"Как разместить подушку безопасности, чтобы она была защищена и без сюрпризов по условиям?","Для размещения подушки безопасности в банке рекомендуется использовать следующие инструменты:

1. **Срочные вклады (депозиты)** - это наиболее надежный и простой способ размещения средств. Депозиты имеют фиксированную процентную ставку и срок, что позволяет точно знать, какую сумму вы получите в конце срока. Депозиты застрахованы в системе страхования вкладов, что обеспечивает дополнительную защиту.

2. **Облигации** - это долговые обязательства, которые могут быть как государственными, так и корпоративными. Облигации обычно имеют фиксированный купонный доход, что позволяет прогнозировать доходность. Государственные облигации считаются наиболее надежными.

3. **Денежные рынки** - это инструменты с высокой ликвидностью, такие как депозитные сертификаты и коммерческие бумаги. Они обеспечивают высокую степень безопасности и возможность быстрого изъятия средств.

Для того чтобы избежать сюрпризов, важно внимательно изучать условия каждого инструмента, включая процентные ставки, сроки, комиссии и возможные риски. Также рекомендуется диверсифицировать свои вложения, чтобы снизить общий риск."
242,Как многодетной семье сократить расходы на музеи во время отдыха?,"Для сокращения расходов на музеи во время отдыха многодетной семье можно воспользоваться следующими способами:

1. **Бесплатные дни**: Многие музеи предоставляют бесплатный вход в определенные дни недели или месяца. Например, в Москве это может быть последний понедельник месяца или первый воскресенья месяца.

2. **Скидки и льготы**: Многодетные семьи могут воспользоваться льготами, предоставляемыми государством или самими музеями. Например, в некоторых музеях дети до определенного возраста могут посещать выставки бесплатно, а родители получают скидку.

3. **Семейные билеты**: Некоторые музеи предлагают семейные билеты, которые дешевле, чем покупка отдельных билетов для каждого члена семьи.

4. **Акции и спецпредложения**: Следите за акциями и спецпредложениями на официальных сайтах музеев или в социальных сетях. Часто проводятся дни с пониженными ценами или бесплатными экскурсиями.

5. **Культурные карты и абонементы**: В некоторых городах существуют культурные карты или абонементы, которые позволяют посещать музеи по сниженной цене или бесплатно.

6. **Онлайн-экскурсии**: Некоторые музеи предлагают бесплатные онлайн-экскурсии, которые можно посетить, не выходя из дома.

Перед посещением музея уточняйте актуальную информацию о льготах и акциях на официальном сайте или по телефону."
243,Почему повторяются финансовые пузыри?,"Финансовые пузыри повторяются по нескольким ключевым причинам:

1. **Человеческая психология**: Люди склонны к избыточной оптимистичности и следованию за трендами. Это приводит к переоценке активов и созданию пузырей.

2. **Доступ к кредитам**: Легкость получения кредитов позволяет инвесторам покупать активы, что увеличивает их стоимость и усугубляет пузырь.

3. **Регуляторные провалы**: Иногда регуляторы не успевают или не могут предотвратить формирование пузырей из-за сложности прогнозирования и контроля.

4. **Спекуляции**: Спекулянты, стремясь к быстрой прибыли, могут искусственно раздувать цены на активы.

5. **Экономические циклы**: Экономика проходит через циклы роста и спада, что создает условия для формирования пузырей в периоды роста.

Эти факторы в совокупности способствуют повторяемости финансовых пузырей."
244,Как технологии меняют финансовые услуги по мнению авторов подборок?,"Технологии значительно трансформируют финансовые услуги, делая их более доступными, удобными и персонализированными. Авторы подборок отмечают, что цифровизация позволяет банкам и финансовым учреждениям предлагать клиентам новые продукты и сервисы, такие как мобильные банкинг, онлайн-кредитование, робо-советники и блокчейн-технологии. Это улучшает пользовательский опыт и повышает эффективность финансовых операций."
245,Куда обращаться при споре со страховщиком по ИСЖ и по ОСАГО?,"Для решения спора со страховщиком по ипотечному страхованию жилья (ИСЖ) и по обязательному страхованию автогражданской ответственности (ОСАГО) следует обращаться в следующие инстанции:

1. **В страховую компанию**:
   - Начните с подачи претензии в страховую компанию, которая выдала полис. Укажите в претензии суть спора и требования.
   - Страховая компания обязана рассмотреть претензию в установленный законом срок (обычно 10–30 дней).

2. **В Банк России (Центральный банк РФ)**:
   - Если страховая компания не ответила на претензию или ответ вас не удовлетворил, можно подать жалобу в Банк России.
   - Жалобу можно подать через официальный сайт Банка России или направить письмо по почте.

3. **В суд**:
   - Если переговоры со страховой компанией и Банком России не привели к решению спора, можно обратиться в суд.
   - Для этого необходимо собрать все документы, подтверждающие ваши требования, и подать исковое заявление в суд общей юрисдикции.

4. **В финансового уполномоченного (финансовый омбудсмен)**:
   - Можно обратиться к финансовому уполномоченному для досудебного урегулирования спора. Это бесплатная и быстрая процедура.

5. **В Российский союз автостраховщиков (РСА)**:
   - Для споров по ОСАГО можно обратиться в РСА, который может помочь в урегулировании спора.

Важно сохранять все документы, связанные со страховым случаем, и вести переписку со страховой компанией в письменной форме."
246,"Какой уровень ПДН считается безопасным, а что происходит при превышении 50%?","Для ответа на ваш вопрос мне нужно уточнить, о каком именно ПДН (предельно допустимом нормативе) идет речь. В банковской сфере могут использоваться разные нормативы, такие как ПДН по кредитному портфелю, ПДН по ликвидности и другие. Пожалуйста, уточните, о каком именно нормативе вы спрашиваете, чтобы я мог дать точный ответ."
247,"Что делать при мошеннических автоплатежах, как снизить риск повторения?","Для решения проблемы мошеннических автоплатежей и снижения риска их повторения рекомендуется выполнить следующие шаги:

1. **Блокировка подозрительных платежей**:
   - Немедленно свяжитесь с банком и заблокируйте все подозрительные платежи.
   - Проверьте историю платежей и отмените все несанкционированные операции.

2. **Изменение реквизитов и паролей**:
   - Смените пароли доступа к онлайн-банкингу и мобильному приложению.
   - Обновите реквизиты для автоплатежей, если они были изменены мошенниками.

3. **Проверка устройств и программ**:
   - Проверьте устройства на наличие вредоносного ПО.
   - Обновите антивирусное ПО и проведите полную проверку системы.

4. **Обращение в банк**:
   - Обратитесь в банк для блокировки карты или счета, если это необходимо.
   - Подайте заявление о мошеннических операциях для дальнейшего расследования.

5. **Меры предосторожности**:
   - Регулярно проверяйте историю платежей.
   - Используйте двухфакторную аутентификацию для доступа к банковским услугам.
   - Не предоставляйте свои данные третьим лицам и не переходите по подозрительным ссылкам.

Эти меры помогут минимизировать риск повторения мошеннических операций."
248,Когда вступят в силу изменения в ОСАГО после подачи заявления?,"Изменения в ОСАГО вступают в силу в зависимости от типа изменений:

1. **Изменение данных в полисе (например, ФИО, адрес, марка автомобиля и т.д.)**:
   - Вступление в силу: с момента подачи заявления в страховую компанию.
   - Страховая компания обязана внести изменения в течение 5 рабочих дней.

2. **Изменение условий страхования (например, увеличение или уменьшение суммы страховой выплаты, изменение сроков страхования и т.д.)**:
   - Вступление в силу: с момента подписания нового договора или дополнительного соглашения к полису.

3. **Изменение страхового тарифа (например, в связи с изменением коэффициентов или тарифов, установленных ЦБ РФ)**:
   - Вступление в силу: с момента вступления в силу соответствующих изменений в законодательстве или тарифной политике страховой компании.

Для точного ответа уточните, какие именно изменения вы хотите внести в ваш полис ОСАГО."
249,Почему новичку опасно спекулировать деривативами?,"Спекулировать деривативами опасно для новичков по нескольким причинам:

1. **Высокий уровень риска**: Деривативы, такие как фьючерсы, опционы, свопы, связаны с высокой волатильностью и риском потерь. Новичок может не полностью понимать механизмы работы этих инструментов, что увеличивает вероятность непреднамеренных убытков.

2. **Сложность механизмов**: Деривативы требуют глубокого понимания рыночных процессов, финансовых стратегий и рисков. Без достаточного опыта и знаний новичок может принять неправильное решение, что приведет к финансовым потерям.

3. **Рыночные колебания**: Деривативы часто используются для хеджирования, но при спекуляциях их цена может резко меняться из-за изменений на рынке. Новичок может не успеть среагировать на изменения, что приведет к убыткам.

4. **Плечо (кредитное плечо)**: Многие деривативы позволяют использовать заемные средства, что увеличивает потенциальную прибыль, но и усиливает риски. Новичок может не осознавать, насколько высокими могут быть потери при неблагоприятном исходе.

5. **Отсутствие страховки**: В отличие от некоторых других финансовых инструментов, деривативы не всегда имеют механизмы страхования или защиты от потерь. Это означает, что новичок может потерять значительную часть своих средств без возможности компенсации.

Для успешной работы с деривативами необходимо иметь достаточный опыт, знания и понимание рынка. Рекомендуется начинать с менее рискованных инструментов и постепенно переходить к более сложным."
250,Как корректно учесть территориальный коэффициент при покупке ОСАГО онлайн?,"Для корректного учета территориального коэффициента при покупке ОСАГО онлайн необходимо:

1. **Указать регион регистрации транспортного средства**. Территориальный коэффициент зависит от региона, где зарегистрирован автомобиль. Например, в Москве и Московской области коэффициент выше, чем в других регионах.

2. **Проверить актуальность коэффициентов**. Территориальные коэффициенты могут изменяться, поэтому важно использовать актуальные данные. В онлайн-калькуляторах банка или страховой компании коэффициенты обычно обновляются автоматически.

3. **Уточнить у оператора**. Если есть сомнения в корректности расчета, можно обратиться к оператору банка или страховой компании для уточнения деталей.

Территориальный коэффициент влияет на стоимость полиса ОСАГО, поэтому его правильное указание важно для точного расчета."
251,Какой общий риск несут клиент брокера и владелец депозитарных расписок при отзывах лицензий у посредников?,"Риски для клиента брокера и владельца депозитарных расписок при отзыве лицензии у посредника могут включать:

1. **Клиент брокера**:
   - **Доступ к активам**: Возможны задержки или сложности с доступом к своим активам, так как брокер может временно приостановить операции.
   - **Вывод средств**: Возможны задержки в выводе средств с брокерского счета.
   - **Перевод активов**: Необходимость перевести активы в другой брокер, что может занять время и потребовать дополнительных действий.
   - **Юридические риски**: Возможные юридические споры и задержки в возврате активов.

2. **Владелец депозитарных расписок (ADR)**:
   - **Ликвидность**: Возможное снижение ликвидности депозитарных расписок, так как их обращение может быть приостановлено.
   - **Конвертация**: Возможные сложности с конвертацией депозитарных расписок в акции иностранного эмитента.
   - **Рыночные риски**: Возможное колебание цен на депозитарные расписок из-за неопределенности.

В обоих случаях важно следить за официальными сообщениями регуляторов и действовать в соответствии с их рекомендациями."
252,Какая страховка обязательна при ипотеке?,"При ипотеке в России обязательным является страхование залогового имущества (недвижимости). Это требование закреплено в законодательстве и обычно является условием банка для выдачи кредита.

Дополнительно банк может потребовать страхование жизни и здоровья заемщика, но это не является обязательным по закону, а лишь условием кредитной организации."
253,Что делать с сомнительной или поврежденной банкнотой?,"Если у вас есть сомнительная или поврежденная банкнота, рекомендуется обратиться в ближайшее отделение банка. Банк проведет экспертизу и примет решение о замене банкноты, если она признана недействительной или поврежденной в пределах допустимых норм.

Для замены поврежденных банкнот обычно требуется:
- Предъявить саму банкноту.
- Заполнить заявление о замене.
- Предоставить документ, удостоверяющий личность.

Банк может отказать в замене, если повреждения слишком значительны или банкнота признана поддельной. В таком случае банкнота будет изъята и передано в соответствующие органы."
254,Как сочетается рекомендация работать официально с защитой пенсионных накоплений государством?,"Для защиты пенсионных накоплений государством важно работать официально, так как это обеспечивает:

1. **Формирование пенсионных накоплений**: Официальное трудоустройство позволяет работодателю отчислять страховые взносы в Пенсионный фонд, что увеличивает ваши пенсионные накопления.

2. **Гарантии государства**: Государство гарантирует выплату пенсий и социальных пособий, но только при условии официального трудоустройства и уплаты страховых взносов.

3. **Доступ к пенсионным программам**: Официальные работники могут участвовать в различных государственных программах, направленных на увеличение пенсионных накоплений, таких как программы софинансирования пенсии.

Таким образом, работая официально, вы обеспечиваете себе защиту пенсионных накоплений государством и увеличиваете свои шансы на достойную пенсию в будущем."
255,Чем биржевые фонды отличаются от ПИФов по комиссиям и ликвидности?,"Биржевые фонды (ETF) и паевые инвестиционные фонды (ПИФы) отличаются по нескольким ключевым параметрам, включая комиссии и ликвидность.

1. **Комиссии**:
   - **ETF**: Обычно имеют более низкие комиссии по сравнению с ПИФами. Комиссии за управление ETF могут составлять от 0,1% до 1% годовых. Также могут взиматься комиссии за покупку и продажу на бирже, но они обычно ниже, чем у ПИФов.
   - **ПИФы**: Комиссии за управление ПИФами обычно выше и могут достигать 2-5% годовых. Также могут взиматься комиссии за вход и выход из фонда, которые могут быть значительными.

2. **Ликвидность**:
   - **ETF**: Очень ликвидны, так как торгуются на бирже в режиме реального времени. Инвестор может купить или продать паи ETF в любое время в течение торговой сессии.
   - **ПИФы**: Ликвидность ПИФов зависит от условий фонда. Обычно паи ПИФов можно купить или продать только по итогам торгового дня, и процесс может занять несколько дней. В некоторых случаях могут быть ограничения на вывод средств.

Таким образом, ETF обычно более выгодны с точки зрения комиссий и ликвидности по сравнению с ПИФами."
256,Чем отличается защита сбережений в банке от защиты в кредитном потребительском кооперативе?,"Защита сбережений в банке и в кредитном потребительском кооперативе (КПК) имеет существенные различия:

1. **Система страхования вкладов**:
   - В банках действует система страхования вкладов (например, в России — АСВ), которая гарантирует возврат вкладов физических лиц в случае отзыва лицензии у банка. Максимальная сумма страхового возмещения обычно ограничена (например, 1,4 млн рублей в России).
   - В КПК такая система страхования вкладов, как правило, отсутствует. Средства вкладчиков не застрахованы государством, и в случае финансовых проблем кооператива возврат средств может быть затруднен.

2. **Регулирование и надзор**:
   - Банки подлежат строгому регулированию и надзору со стороны Центрального банка (или аналогичного регулятора в другой стране). Это снижает риски для вкладчиков.
   - КПК регулируются иными нормативными актами, и надзор за их деятельностью может быть менее строгим.

3. **Доступность информации**:
   - Банки обязаны раскрывать информацию о своей финансовой устойчивости, что позволяет вкладчикам оценивать риски.
   - КПК могут быть менее прозрачны в вопросах финансовой отчетности.

4. **Условия вкладов**:
   - В банках условия вкладов (процентные ставки, сроки, возможности досрочного снятия) обычно более гибкие и прозрачные.
   - В КПК условия могут быть менее выгодными и гибкими, а также менее прозрачными.

5. **Риски**:
   - Вклад в банк считается более надежным, особенно если банк входит в систему страхования вкладов.
   - Вклад в КПК связан с более высокими рисками, так как гарантии возврата средств минимальны.

Таким образом, защита сбережений в банке более надежна и прозрачна, чем в кредитном потребительском кооперативе."
257,Какие меры Банк России применяет для защиты клиентов?,"Банк России применяет несколько мер для защиты клиентов:

1. **Страхование вкладов**: Вклады физических лиц в банках, которые являются участниками системы страхования вкладов, застрахованы на сумму до 1,4 миллиона рублей. Это означает, что даже в случае отзыва лицензии у банка клиенты смогут вернуть свои средства в пределах страховой суммы.

2. **Контроль за деятельностью банков**: Банк России осуществляет надзор за деятельностью банков, чтобы предотвратить финансовые махинации и обеспечить стабильность банковской системы. Это включает в себя проверки, мониторинг и применение санкций к нарушителям.

3. **Информирование клиентов**: Банк России активно информирует клиентов о их правах и возможных рисках, связанных с банковскими услугами. Это помогает клиентам принимать обоснованные решения и защищать свои финансы.

4. **Разрешение споров**: Банк России участвует в разрешении споров между клиентами и банками, что позволяет защитить права потребителей финансовых услуг.

5. **Противодействие мошенничеству**: Банк России разрабатывает и внедряет меры по противодействию финансовому мошенничеству, включая кибермошенничество, чтобы защитить клиентов от несанкционированных операций.

Эти меры направлены на создание безопасной и прозрачной банковской среды для всех участников финансового рынка."
258,Чем электронные деньги отличаются от записей в блокчейне?,"Электронные деньги и записи в блокчейне различаются по нескольким ключевым аспектам:

1. **Технология**:
   - **Электронные деньги**: Это цифровые средства, которые хранятся на электронных носителях (банковские карты, электронные кошельки, мобильные приложения). Они управляются финансовыми учреждениями, такими как банки.
   - **Записи в блокчейне**: Это децентрализованные записи транзакций, которые хранятся в распределенном реестре. Блокчейн использует криптографические методы для обеспечения безопасности и прозрачности.

2. **Контроль и управление**:
   - **Электронные деньги**: Контролируются центральными банками и финансовыми учреждениями. Транзакции могут быть отменены или заблокированы.
   - **Записи в блокчейне**: Децентрализованы и не контролируются никаким центральным органом. Транзакции обычно необратимы.

3. **Анонимность**:
   - **Электронные деньги**: Обычно требуют идентификации пользователя (например, при открытии банковского счета).
   - **Записи в блокчейне**: Могут быть более анонимными, особенно в криптовалютах, таких как Bitcoin, где идентификация не всегда обязательна.

4. **Скорость и стоимость транзакций**:
   - **Электронные деньги**: Транзакции обычно быстрые и дешевые, особенно внутри одной финансовой системы.
   - **Записи в блокчейне**: Скорость и стоимость транзакций могут варьироваться в зависимости от конкретной блокчейн-платформы. Например, Bitcoin может быть медленнее и дороже, чем Ethereum.

5. **Использование**:
   - **Электронные деньги**: Используются для повседневных платежей, переводов и других финансовых операций.
   - **Записи в блокчейне**: Могут использоваться для различных целей, включая криптовалюты, смарт-контракты, децентрализованные приложения (dApps) и другие инновационные решения.

Таким образом, электронные деньги и записи в блокчейне имеют разные технологии, уровни контроля, анонимности, скорости и стоимости транзакций, а также сферы применения."
259,"Какие материалы применяют для повышения износостойкости российских банкнот, пример — купюра 200 рублей?","Для повышения износостойкости российских банкнот, включая купюру номиналом 200 рублей, применяются специальные материалы и технологии. Основные из них:

1. **Бумага повышенной прочности**: Используется специальная бумага, содержащая волокна хлопка и льна, что делает её более устойчивой к износу и разрывам.

2. **Полимерные покрытия**: На поверхность банкнот наносятся защитные полимерные слои, которые предотвращают истирание и повреждение купюр при частом использовании.

3. **Специальные краски и чернила**: Применяются устойчивые к выцветанию и истиранию краски, которые сохраняют яркость и четкость изображения даже при интенсивном обращении.

4. **Защитные элементы**: Включают водяные знаки, микротекст, защитные нити и другие элементы, которые не только повышают защиту от подделок, но и увеличивают износостойкость банкнот.

Эти технологии позволяют российским банкнотам, включая 200-рублёвую купюру, сохранять свои свойства и внешний вид в течение длительного времени."
260,Какие налоговые льготы дает ИИС-3 и на какой срок его имеет смысл открывать у брокера?,"ИИС-3 (индивидуальный инвестиционный счет с возможностью получения налогового вычета на вложения) предоставляет следующие налоговые льготы:

1. **Налоговый вычет на вложения**: Вы можете вернуть 13% от суммы внесенных средств на счет, но не более 52 000 рублей в год (максимальная сумма вложений за год — 1 000 000 рублей).
2. **Налоговая льгота на доходы**: Доходы, полученные от инвестиций на ИИС-3, не облагаются налогом на доходы физических лиц (НДФЛ).

**Срок открытия ИИС-3** зависит от ваших инвестиционных целей:

- **Минимальный срок**: 3 года. Это минимальный срок, после которого можно получить налоговый вычет на вложения.
- **Оптимальный срок**: 5-10 лет и более. Чем дольше вы инвестируете, тем больше возможностей для роста капитала и получения налоговых льгот.

Открывать ИИС-3 имеет смысл, если вы планируете долгосрочные инвестиции и хотите использовать налоговые льготы для увеличения доходности."
261,"Как проверить, что предложение по кредиту или рефинансированию исходит от легального банка, а не от мошенников?","Чтобы проверить легальность предложения по кредиту или рефинансированию, выполните следующие шаги:

1. **Проверьте информацию о банке**:
   - Убедитесь, что банк входит в систему страхования вкладов (АСВ). На сайте АСВ есть список участников.
   - Проверьте наличие банка в реестре Банка России. На сайте ЦБ РФ можно найти актуальную информацию о лицензиях и статусе банка.

2. **Официальный сайт и контакты**:
   - Перейдите на официальный сайт банка и найдите контактные данные. Сравните их с теми, которые указаны в предложении.
   - Обратите внимание на доменное имя сайта. Официальные сайты банков обычно имеют домены первого уровня (например, .ru, .com) и не содержат опечаток.

3. **Проверьте предложение**:
   - Легальные банки не предлагают кредиты или рефинансирование через соцсети, мессенджеры или неофициальные сайты.
   - Внимательно изучите условия предложения. Мошенники часто предлагают слишком выгодные условия, которые кажутся нереальными.

4. **Свяжитесь с банком напрямую**:
   - Позвоните в банк по официальному номеру, указанному на его сайте, и уточните информацию о предложении.
   - Не переходите по ссылкам из сомнительных источников. Введите адрес сайта банка вручную.

5. **Документы и согласия**:
   - Легальные банки никогда не просят предоставить пароли, CVV-коды карт или SMS-коды. Если вам предлагают это сделать, это мошенничество.

Если у вас есть сомнения, лучше отказаться от предложения и обратиться в банк напрямую для получения информации."
262,"Куда жаловаться, если оформили ИСЖ без тестирования под видом вклада?","Для решения данной ситуации рекомендую обратиться в несколько инстанций:

1. **Банк, где был оформлен ИСЖ**:
   - Обратитесь в службу поддержки или к менеджеру, который оформлял договор. Попросите разъяснений и предложите переоформить договор в соответствии с вашими ожиданиями.

2. **Центральный банк РФ**:
   - Напишите жалобу через официальный сайт или горячую линию. Центральный банк регулирует деятельность банков и может провести проверку.

3. **Роспотребнадзор**:
   - Если вы считаете, что ваши права как потребителя были нарушены, вы можете подать жалобу в Роспотребнадзор.

4. **Финансовый омбудсмен**:
   - Обратитесь к финансовому омбудсмену для досудебного урегулирования спора.

5. **Суд**:
   - В случае, если другие способы не помогли, вы можете подать иск в суд для защиты своих прав.

Перед обращением в любую из этих инстанций рекомендуется собрать все документы, подтверждающие факт оформления ИСЖ и ваши претензии."
263,Как вовлечь детей в семейное планирование финансов без жесткого контроля?,"Для вовлечения детей в семейное планирование финансов без жесткого контроля можно использовать следующие подходы:

1. **Обучение через игры и примеры**:
   - Используйте игры и симуляторы, которые учат управлению деньгами.
   - Приводите примеры из повседневной жизни, показывая, как принимаются финансовые решения.

2. **Совместное планирование**:
   - Вовлекайте детей в обсуждение семейного бюджета, объясняя, на что тратятся деньги.
   - Позволяйте им участвовать в принятии решений о небольших покупках или развлечениях.

3. **Поощрение сбережений**:
   - Помогайте детям открывать свои сберегательные счета и следить за их состоянием.
   - Объясняйте, как накопления могут быть использованы для достижения целей.

4. **Обсуждение целей**:
   - Говорите с детьми о семейных финансовых целях, таких как отпуск или покупка дома.
   - Показывайте, как каждый член семьи может внести свой вклад в их достижение.

5. **Поощрение ответственности**:
   - Дайте детям небольшие суммы денег для управления, чтобы они могли научиться принимать решения.
   - Обсуждайте их успехи и ошибки, помогая им учиться на опыте.

Эти методы помогут детям понять важность финансового планирования и развить навыки управления деньгами без жесткого контроля."
264,"Как хранить акции, чтобы снизить риск потери при банкротстве брокера?","Для снижения риска потери акций при банкротстве брокера рекомендуется:

1. **Использовать счета с индивидуальным хранением (номинальный счет)**. В этом случае акции хранятся на ваше имя, а не на имя брокера. Это снижает риск потери активов при банкротстве брокера.

2. **Выбирать надежных брокеров**. Проверяйте репутацию брокера, его финансовые показатели и регуляторное сопровождение.

3. **Разнообразить брокеров**. Распределите свои активы между несколькими брокерами, чтобы снизить риск потери всех активов при банкротстве одного из них.

4. **Использовать депозитарии**. Некоторые брокеры предлагают услуги депозитариев, где акции хранятся отдельно от активов брокера.

5. **Регулярно проверять отчеты**. Следите за отчетами брокера и состоянием вашего счета, чтобы своевременно выявлять любые несоответствия.

Эти меры помогут минимизировать риски и защитить ваши инвестиции."
265,"К кому обратиться, если МФО навязала платные услуги и отказывается возвращать деньги?","Для решения этой ситуации рекомендую следовать следующим шагам:

1. **Обратитесь в МФО с претензией**: Напишите официальное заявление в микрофинансовую организацию с требованием вернуть деньги. Укажите в заявлении, какие именно услуги были навязаны и на основании каких документов они были оказаны.

2. **Обратитесь в Роспотребнадзор**: Если МФО не реагирует на вашу претензию, вы можете подать жалобу в Роспотребнадзор. Этот орган занимается защитой прав потребителей и может провести проверку деятельности МФО.

3. **Обратитесь в суд**: Если Роспотребнадзор не помог, вы можете подать иск в суд. Для этого вам потребуется собрать все документы, подтверждающие факт навязывания платных услуг, а также копии претензий и ответов МФО.

4. **Обратитесь в Центральный банк РФ**: Вы также можете подать жалобу в Центральный банк РФ, который регулирует деятельность микрофинансовых организаций.

Важно сохранять все документы, связанные с кредитом и навязанными услугами, а также фиксировать все переговоры с представителями МФО."
266,Как соотносятся создание безналичных денег банками с выпуском криптовалюты в блокчейне?,"Создание безналичных денег банками и выпуск криптовалюты в блокчейне — это два разных процесса, которые имеют существенные различия.

1. **Безналичные деньги банков**:
   - Банки создают безналичные деньги через кредитование. Когда банк выдает кредит, он записывает эту сумму на счет заемщика, увеличивая таким образом денежную массу.
   - Эти деньги существуют в виде записей на банковских счетах и регулируются центральными банками.
   - Безналичные деньги банков обеспечены активами банка и подлежат строгому регулированию.

2. **Криптовалюта в блокчейне**:
   - Криптовалюта создается через процесс майнинга или смарт-контрактов, который записывается в блокчейн.
   - Криптовалюта не обеспечена физическими активами и не регулируется центральными банками.
   - Эмиссия криптовалюты может быть ограничена (например, у биткоина ограничение в 21 миллион монет) или неограниченной (например, у некоторых альткоинов).

Таким образом, создание безналичных денег банками и выпуск криптовалюты в блокчейне — это два разных механизма, которые функционируют в разных системах и подчиняются разным правилам."
267,"Как безопасно купить страховку онлайн, чтобы при навязывании можно было вернуть деньги?","Для безопасной покупки страховки онлайн и возможности возврата денег в случае навязывания, следуйте этим шагам:

1. **Выбирайте проверенных страховщиков**: Покупайте страховку только у надежных компаний, которые имеют лицензию Центрального банка РФ и положительные отзывы.

2. **Внимательно читайте условия**: Перед оформлением внимательно изучите все условия договора, включая сроки, покрываемые риски, исключения и процедуру возврата.

3. **Сохраняйте все документы**: Сохраните копии всех документов, связанных с оформлением страховки, включая электронные письма, подтверждения и скриншоты страниц с условиями.

4. **Используйте официальные сайты**: Покупайте страховку только на официальных сайтах страховых компаний или через проверенных агрегаторов.

5. **Обращайтесь в банк или страховую компанию**: Если вам навязали страховку, обратитесь в банк или страховую компанию с заявлением о расторжении договора и возврате денег. Укажите, что страховка была навязана и вы не давали на это согласия.

6. **Обратитесь в Роспотребнадзор или Центральный банк РФ**: Если страховая компания отказывается возвращать деньги, вы можете подать жалобу в Роспотребнадзор или Центральный банк РФ.

7. **Соблюдайте сроки**: Обратитесь за возвратом денег в течение срока, установленного в договоре, обычно это 14 дней с момента оформления.

Если у вас возникли дополнительные вопросы, связанные с банковскими услугами, пожалуйста, уточните их."
268,Где займы обычно обходятся дороже: в банках или в КПК?,"Займы обычно обходятся дороже в кредитных потребительских кооперативах (КПК) по сравнению с банками. Это связано с более высокими процентными ставками и дополнительными комиссиями, которые могут взиматься КПК. Банки, как правило, предлагают более низкие ставки и прозрачные условия кредитования."
269,"Как проверить, что сайт оплаты или продажи полиса настоящий?","Для проверки подлинности сайта оплаты или продажи полиса рекомендуется следовать следующим шагам:

1. **Проверьте URL-адрес**: Убедитесь, что сайт использует корректный домен. Например, если вы оплачиваете услуги банка, URL должен содержать официальное название банка.

2. **Используйте официальные источники**: Переходите на сайт через официальные ссылки, предоставленные банком или страховой компанией. Избегайте переходов по ссылкам из неофициальных источников, таких как спам-письма или сообщения в соцсетях.

3. **Проверьте наличие SSL-сертификата**: Убедитесь, что сайт использует защищенное соединение (HTTPS). В адресной строке браузера должен быть значок замка.

4. **Ознакомьтесь с информацией о компании**: На сайте должна быть размещена информация о компании, включая юридический адрес, контактные данные и лицензии.

5. **Проверьте отзывы и репутацию**: Поищите отзывы о сайте в интернете. Это поможет понять, насколько он надежен.

6. **Свяжитесь с поддержкой**: Если у вас есть сомнения, свяжитесь с официальной службой поддержки банка или страховой компании для подтверждения подлинности сайта.

Если у вас возникли дополнительные вопросы, связанные с банковскими услугами, пожалуйста, уточните их."
270,Законен ли отказ в продаже ОСАГО из‑за несоответствия данных проверке в НСИС?,"Отказ в продаже ОСАГО из-за несоответствия данных проверке в НСИС (Национальной системе идентификации серийных номеров) может быть законным, если несоответствие подтверждается и не может быть устранено. Однако, если несоответствие является технической ошибкой, страховая компания обязана провести дополнительную проверку и, при необходимости, устранить несоответствие.

Если у вас возникли сомнения в законности отказа, вы можете обратиться в Банк России или в суд для защиты своих прав."
271,Почему индекс бигмака не подходит для измерения инфляции?,"Индекс Бигмака (Big Mac Index) не подходит для измерения инфляции по нескольким причинам:

1. **Ограниченный ассортимент**: Индекс основан на цене одного товара — гамбургера Big Mac. Это не отражает полную картину инфляции, которая учитывает широкий спектр товаров и услуг.

2. **Региональные различия**: Цены на Big Mac могут сильно различаться в зависимости от региона из-за различий в стоимости производства, логистики и налогов. Это не всегда коррелирует с общим уровнем инфляции.

3. **Субъективность**: Индекс не учитывает качество товаров и услуг, а также их доступность. Например, в одних странах Big Mac может быть доступен повсеместно, а в других — нет.

4. **Краткосрочные колебания**: Цены на Big Mac могут изменяться из-за временных факторов, таких как сезонные скидки или изменения в стоимости ингредиентов, что не отражает долгосрочные тенденции инфляции.

Для более точного измерения инфляции используются комплексные индексы, такие как Индекс потребительских цен (ИПЦ), который учитывает широкий спектр товаров и услуг."
272,"В какой срок после объявления санкций нужно перевести иностранные облигации к другому посреднику, чтобы не лишиться купонов?","Для ответа на ваш вопрос требуется больше информации. Пожалуйста, уточните, о каких именно санкциях идет речь, а также о каком посреднике вы говорите. Это поможет дать точный и полезный ответ."
273,Почему не стоит одновременно подавать много кредитных заявок при высоком ПДН?,"При подаче нескольких кредитных заявок одновременно, особенно при высоком уровне ПДН (пропорциональный долговой нагрузки), банки могут воспринимать это как повышенный риск. Вот почему это не рекомендуется:

1. **Повышение ПДН**: Каждая новая кредитная заявка увеличивает вашу общую долговую нагрузку. Банки анализируют вашу кредитную историю и текущие обязательства, и высокий ПДН может снизить шансы на одобрение новых кредитов.

2. **Риск отказа**: Банки могут отказать в кредите, если видят, что вы уже имеете значительные обязательства. Это связано с тем, что высокий ПДН указывает на то, что вы можете испытывать трудности с возвратом новых кредитов.

3. **Ухудшение кредитной истории**: Частые отказы в кредитах могут негативно сказаться на вашей кредитной истории, что в будущем может усложнить получение кредитов.

4. **Проверка платежеспособности**: Банки проводят тщательную проверку платежеспособности заемщика. При высоком ПДН и множестве заявок это может вызвать дополнительные вопросы и сомнения у кредиторов.

Рекомендуется подавать кредитные заявки последовательно, с интервалами, и тщательно оценивать свою платежеспособность перед подачей новой заявки."
274,В каких случаях страховку оплачивает не клиент?,"Страховку может оплачивать не клиент в следующих случаях:

1. **Корпоративные клиенты**: Если страховка оформляется в рамках корпоративного тарифа или договора, оплату может взять на себя работодатель или компания.

2. **Государственные программы**: В некоторых случаях страховку могут оплачивать государственные программы или социальные фонды.

3. **Партнерские программы**: Некоторые банки или страховые компании предлагают партнерские программы, где часть или вся стоимость страховки может быть покрыта за счет партнеров.

4. **Субсидии и льготы**: В отдельных случаях клиенты могут получать субсидии или льготы, которые покрывают часть или всю стоимость страховки.

Если у вас есть конкретный случай, уточните его, и я смогу дать более точный ответ."
275,Какие ограничения на выдачу наличной валюты действуют для средств на счетах по сравнению с деньгами в банковской ячейке?,"Для средств на счетах и денег в банковской ячейке действуют разные ограничения на выдачу наличной валюты.

1. **Средства на счетах**:
   - Банк может устанавливать лимиты на снятие наличных в день или за определенный период.
   - Для крупных сумм может потребоваться предварительное уведомление банка.
   - Возможны ограничения, связанные с антиотмывочным законодательством (например, необходимость подтверждения происхождения средств).

2. **Деньги в банковской ячейке**:
   - Ячейка предоставляет доступ к наличным деньгам без прямого контроля банка.
   - Однако для доступа к ячейке необходимо предъявить документ, удостоверяющий личность, и ключ (или код).
   - Банк может устанавливать ограничения на количество посещений ячейки в день или за определенный период.
   - Также могут действовать правила, связанные с безопасностью и хранением ценностей.

Для получения точной информации о конкретных лимитах и правилах обратитесь в ваш банк."
276,Почему для успеха важен отказ от шаблонов?,"Отказ от шаблонов важен для успеха, потому что шаблонное мышление ограничивает креативность и гибкость. Оно мешает адаптироваться к изменениям и находить нестандартные решения. Шаблоны могут быть полезны для рутинных задач, но для достижения успеха в сложных и динамичных условиях требуется нестандартный подход. Отказ от шаблонов позволяет видеть возможности, которые другие не замечают, и находить инновационные пути развития."
277,"Где искать официальные списки мер поддержки, банков-участников программ?","Официальные списки мер поддержки и банков-участников программ можно найти на сайте банка, в разделе ""Программы поддержки"" или ""Специальные предложения"". Также информация может быть размещена на официальных сайтах государственных органов, ответственных за реализацию программ поддержки, таких как Министерство экономического развития, Центробанк и другие."
278,"Что грозит созаемщику, если основной заемщик прекратил выплаты?","Если основной заемщик прекратил выплаты по кредиту, созаемщик несет солидарную ответственность по обязательствам. Это означает, что банк может требовать погашения задолженности как от основного заемщика, так и от созаемщика. В случае невыполнения обязательств созаемщиком, банк может применить меры, предусмотренные договором, включая начисление штрафов, пеней и обращение взыскания на заложенное имущество (если оно есть). В крайних случаях возможны судебные разбирательства для взыскания долга.

Если у вас есть дополнительные вопросы, связанные с банковскими продуктами или кредитами, задавайте их."
279,Какие последствия наступают при несвоевременных выплатах по краудлендингу и по облигациям?,"При несвоевременных выплатах по краудлендингу и облигациям могут возникнуть следующие последствия:

1. **Краудлендинг**:
   - **Штрафы и пени**: Задержка платежей может привести к начислению штрафов и пеней, что увеличит общую сумму долга.
   - **Ухудшение репутации**: Несвоевременные выплаты могут негативно сказаться на репутации заемщика, что затруднит получение кредитов в будущем.
   - **Юридические последствия**: В некоторых случаях заемщик может быть привлечен к юридической ответственности, включая судебные иски.

2. **Облигации**:
   - **Падение кредитного рейтинга**: Несвоевременные выплаты по облигациям могут привести к снижению кредитного рейтинга эмитента, что увеличит стоимость заимствований в будущем.
   - **Дефолт**: В случае систематических задержек или невыплат эмитент может быть признан дефолтным, что приведет к значительным финансовым и репутационным потерям.
   - **Юридические последствия**: Эмитент может быть привлечен к ответственности в соответствии с условиями выпуска облигаций и законодательством.

Если у вас есть дополнительные вопросы по этой теме, пожалуйста, уточните."
280,Почему досрочный платеж по кредиту лучше вносить в дату планового платежа?,"Досрочный платеж по кредиту лучше вносить в дату планового платежа по нескольким причинам:

1. **Снижение переплаты**: В дату планового платежа обычно списываются проценты за использование кредита. Если внести досрочный платеж в эту же дату, вы уменьшите основной долг, что приведет к снижению суммы начисленных процентов в следующем периоде.

2. **Избежание штрафов и комиссий**: Некоторые кредитные договоры могут предусматривать штрафы или комиссии за досрочное погашение кредита. Внесение платежа в дату планового платежа минимизирует риск возникновения таких дополнительных расходов.

3. **Удобство и контроль**: Внесение платежа в установленную дату позволяет лучше контролировать свои финансы и избежать пропуска платежа, что может негативно сказаться на кредитной истории.

4. **Снижение общей суммы кредита**: Регулярное внесение досрочных платежей в дату планового платежа позволяет быстрее погасить кредит и сэкономить на процентах.

Если у вас есть дополнительные вопросы по кредитам, пожалуйста, уточните их."
281,Как учесть инфляцию в семейном плане для сохранения сбережений?,"Для учета инфляции в семейном плане и сохранения сбережений можно рассмотреть следующие шаги:

1. **Оценка текущей инфляции**:
   - Ознакомьтесь с официальными данными по инфляции, которые публикуются государственными органами или Центральным банком.
   - Учитывайте, что инфляция может различаться по разным категориям товаров и услуг.

2. **Расчет необходимой доходности**:
   - Определите, какую доходность должны приносить ваши сбережения, чтобы компенсировать инфляцию.
   - Например, если инфляция составляет 5% в год, ваши сбережения должны приносить не менее 5% годовых, чтобы сохранить свою покупательную способность.

3. **Разнообразие инвестиций**:
   - Рассмотрите возможность инвестирования в различные финансовые инструменты, которые могут обеспечить доходность выше инфляции.
   - Это могут быть облигации, акции, депозиты с высокой процентной ставкой, недвижимость и другие активы.

4. **Регулярный пересмотр плана**:
   - Периодически пересматривайте свой финансовый план, чтобы учитывать изменения в уровне инфляции и доходности инвестиций.
   - Адаптируйте стратегию в зависимости от экономической ситуации.

5. **Использование инфляционно-защищенных инструментов**:
   - Рассмотрите возможность инвестирования в инструменты, которые защищены от инфляции, такие как облигации с индексацией или индексные фонды.

6. **Консультация с финансовым консультантом**:
   - Если у вас есть возможность, обратитесь за консультацией к финансовому консультанту, который поможет разработать индивидуальную стратегию учета инфляции в вашем семейном плане.

Таким образом, учет инфляции в семейном плане требует комплексного подхода и регулярного мониторинга финансовых инструментов."
282,Чем отличаются решения для закрытия кассового разрыва для инвестора на бирже и для бизнеса?,"Для инвестора на бирже и для бизнеса решения по закрытию кассового разрыва могут отличаться по следующим параметрам:

1. **Цели и задачи**:
   - **Инвестор**: Основная цель — минимизация рисков и максимизация доходности. Инвестор может использовать различные финансовые инструменты, такие как краткосрочные облигации, депозиты, или даже краткосрочные кредиты, чтобы закрыть кассовый разрыв.
   - **Бизнес**: Основная цель — обеспечение ликвидности для текущих операций. Бизнес может использовать кредитные линии, факторинг, или коммерческие кредиты для закрытия кассового разрыва.

2. **Инструменты и продукты**:
   - **Инвестор**: Может использовать биржевые инструменты, такие как облигации, депозиты, или даже краткосрочные кредиты от банков.
   - **Бизнес**: Может использовать кредитные линии, факторинг, коммерческие кредиты, или другие формы краткосрочного финансирования.

3. **Риски**:
   - **Инвестор**: Основные риски связаны с рыночными колебаниями и процентными ставками.
   - **Бизнес**: Основные риски связаны с платежеспособностью и кредитными рисками.

4. **Сроки**:
   - **Инвестор**: Может выбирать инструменты с разными сроками погашения, в зависимости от своих стратегий.
   - **Бизнес**: Обычно использует краткосрочные решения, так как кассовые разрывы часто возникают в течение операционного цикла.

5. **Регулирование**:
   - **Инвестор**: Подчиняется нормам и правилам, установленным регуляторами рынка ценных бумаг.
   - **Бизнес**: Подчиняется нормам и правилам, установленным регуляторами финансовых услуг и налоговыми органами.

Если у вас есть конкретные вопросы по продуктам или услугам банка, связанным с закрытием кассового разрыва, пожалуйста, уточните их."
283,Почему сумма списания по рублевой карте за границей может отличаться от ожидаемой?,"Сумма списания по рублевой карте за границей может отличаться от ожидаемой по нескольким причинам:

1. **Курс конвертации**: Банк использует свой внутренний курс обмена валют, который может отличаться от официального курса ЦБ РФ или курса на момент совершения операции. Курс банка может включать в себя комиссию за конвертацию.

2. **Комиссия за международные операции**: Некоторые банки взимают комиссию за операции, совершённые за границей. Эта комиссия может быть фиксированной или процентной от суммы операции.

3. **Динамический курс**: Курс валют может меняться в течение дня, и банк может использовать курс, актуальный на момент обработки транзакции, который может отличаться от курса на момент совершения операции.

4. **Дополнительные сборы**: В некоторых случаях могут взиматься дополнительные сборы, например, за использование банкоматов или платежных систем за границей.

5. **Округление суммы**: При конвертации суммы могут происходить округления, что также может привести к различиям в итоговой сумме.

Для более точного расчёта рекомендуется уточнять условия тарифов и комиссий у своего банка."
284,Чем краудинвестинг отличается от краудлендинга?,"Краудинвестинг и краудлендинг — это разные формы привлечения финансирования через коллективные инвестиции, но они имеют ключевые различия:

1. **Краудинвестинг (Equity Crowdfunding)**:
   - Инвесторы вкладывают деньги в обмен на долю в компании (акции или другие ценные бумаги).
   - Инвесторы становятся совладельцами бизнеса и могут получать прибыль в виде дивидендов или за счет роста стоимости акций.
   - Риск выше, так как успех проекта зависит от развития компании.

2. **Краудлендинг (Peer-to-Peer Lending, P2P)**:
   - Инвесторы предоставляют заемщикам деньги в виде кредитов.
   - Заемщики возвращают деньги с процентами в установленные сроки.
   - Инвесторы не становятся владельцами бизнеса, но получают фиксированный доход в виде процентов.

Таким образом, основное отличие заключается в форме возврата инвестиций: в краудинвестинге это доля в бизнесе, а в краудлендинге — возврат кредита с процентами."
285,Что делать при подозрительном звонке «службы безопасности» на фоне блокировки карты?,"При подозрительном звонке, якобы от службы безопасности банка, особенно на фоне блокировки карты, следуйте этим шагам:

1. **Не предоставляйте личные данные**: Ни в коем случае не называйте пароли, CVV-коды, SMS-коды или другие конфиденциальные данные.

2. **Проверьте источник звонка**: Официальные сотрудники банка никогда не будут требовать такую информацию по телефону. Если звонок кажется подозрительным, лучше перезвонить в банк по официальному номеру, указанному на сайте или на обратной стороне карты.

3. **Проверьте статус карты**: Если карта заблокирована, уточните причину блокировки через официальные каналы связи с банком. Это можно сделать через мобильное приложение, интернет-банк или звонок на горячую линию.

4. **Сообщите о подозрительном звонке**: Если вы сомневаетесь в подлинности звонка, сообщите об этом в банк. Это поможет предотвратить возможные мошеннические действия.

5. **Не выполняйте подозрительных действий**: Не переходите по ссылкам, не устанавливайте неизвестные приложения и не следуйте инструкциям, которые могут нанести вред вашим финансам.

Если у вас есть дополнительные вопросы по безопасности или работе с картой, обратитесь в банк через официальные каналы связи."
286,"В каких ситуациях предпринимателю проще воспользоваться лизингом, чем кредитом?","Лизинг может быть более выгодным для предпринимателя в следующих ситуациях:

1. **Необходимость в оборудовании или транспорте**: Если бизнес требует дорогостоящего оборудования или транспорта, лизинг позволяет использовать их без значительных первоначальных затрат.

2. **Сохранение ликвидности**: Лизинг позволяет сохранить ликвидность бизнеса, так как не требует крупных первоначальных вложений.

3. **Налоговые преимущества**: Лизинговые платежи могут быть включены в расходы предприятия, что снижает налогооблагаемую базу.

4. **Гибкость**: Лизинговые соглашения могут быть более гибкими по сравнению с кредитными, включая возможность выкупа оборудования по остаточной стоимости.

5. **Минимальные требования к обеспечению**: В некоторых случаях лизинг требует меньше обеспечения по сравнению с кредитом.

6. **Обновление оборудования**: Лизинг позволяет регулярно обновлять оборудование, что особенно важно для технологически активных отраслей.

Если у вас есть конкретные вопросы по лизингу или кредитованию, пожалуйста, уточните их."
287,Почему обещания «100% результата» и гарантированной прибыли без риска — признак мошенничества?,"Обещания «100% результата» и гарантированной прибыли без риска являются признаком мошенничества по нескольким причинам:

1. **Риск всегда присутствует**: Любая финансовая операция, включая инвестиции, несет в себе определенный уровень риска. Даже самые консервативные инструменты, такие как облигации, имеют риск дефолта или изменения процентных ставок.

2. **Рыночная волатильность**: Финансовые рынки подвержены колебаниям, которые невозможно предсказать с абсолютной точностью. Гарантировать прибыль в таких условиях невозможно.

3. **Регуляторные требования**: Банки и финансовые учреждения обязаны информировать клиентов о рисках, связанных с инвестициями. Обещания гарантированной прибыли нарушают эти требования и могут быть признаком мошеннической деятельности.

4. **Отсутствие прозрачности**: Мошенники часто скрывают реальные риски и механизмы работы своих схем. Настоящие финансовые продукты всегда имеют четкие условия и риски, которые раскрываются клиенту.

Если вам предлагают такие условия, рекомендуется проверить информацию о компании или человеке, предлагающем инвестиции, и обратиться в регуляторные органы для проверки легитимности предложения."
288,В каких случаях можно получить повышенную компенсацию до 10 млн рублей при проблемах с банком?,"Повышенная компенсация до 10 млн рублей может быть получена в следующих случаях:

1. **При банкротстве банка**: Если банк, в котором у вас есть вклады, объявлен банкротом, и его деятельность приостановлена. В этом случае Агентство по страхованию вкладов (АСВ) выплачивает компенсацию в размере до 10 млн рублей.

2. **При отзыве лицензии у банка**: Если у банка отозвана лицензия на осуществление банковских операций, и он не может выполнить свои обязательства перед вкладчиками.

3. **При других обстоятельствах, предусмотренных законодательством**: Например, если банк не может вернуть вклады по другим причинам, связанным с его финансовой несостоятельностью.

Важно отметить, что компенсация выплачивается только на сумму вкладов, не превышающую 10 млн рублей. Также компенсация не выплачивается на средства, размещенные на счетах и вкладах, открытых в небанковских кредитных организациях."
289,"Какие налоговые либо государственные стимулы доступны для НПФ, ДМС, страхования жизни?","Для НПФ, ДМС и страхования жизни могут применяться следующие налоговые и государственные стимулы:

1. **НПФ (Негосударственные пенсионные фонды):**
   - **Налоговые льготы:** Взносы в НПФ могут быть включены в состав расходов, уменьшающих налогооблагаемую базу по налогу на прибыль.
   - **Государственные стимулы:** Государство может предоставлять гарантии по обязательствам НПФ, а также субсидии на развитие инфраструктуры.

2. **ДМС (Добровольное медицинское страхование):**
   - **Налоговые льготы:** Расходы на ДМС для сотрудников могут быть учтены в составе расходов, уменьшающих налогооблагаемую базу по налогу на прибыль.
   - **Государственные стимулы:** В некоторых случаях государство может предоставлять субсидии или налоговые каникулы для компаний, внедряющих программы ДМС.

3. **Страхование жизни:**
   - **Налоговые льготы:** Взносы по договорам страхования жизни могут быть включены в состав расходов, уменьшающих налогооблагаемую базу по налогу на прибыль.
   - **Государственные стимулы:** В некоторых регионах могут предоставляться субсидии или льготные кредиты для страховых компаний, развивающих программы страхования жизни.

Для получения точной информации рекомендуется обратиться в налоговые органы или консультироваться с профессиональными бухгалтерами и юристами."
290,"Почему при разделе ипотечной квартиры важно учитывать лимиты льготных программ, если ставка была снижена за счет застройщика?","При разделе ипотечной квартиры важно учитывать лимиты льготных программ, даже если ставка была снижена за счет застройщика, по следующим причинам:

1. **Соблюдение условий программы**: Льготные программы, такие как субсидированная ипотека, обычно имеют строгие условия, включая лимиты на сумму кредита, процентную ставку и другие параметры. Если при разделе квартиры нарушаются эти условия, банк может потребовать пересмотра условий кредита.

2. **Риск изменения ставки**: Снижение ставки за счет застройщика может быть временным. Если при разделе квартиры ставка вернется к базовому уровню, это может привести к увеличению ежемесячных платежей, что может нарушить финансовое планирование сторон.

3. **Юридические аспекты**: Раздел ипотечной квартиры может повлечь за собой изменения в договоре ипотеки, что требует согласования с банком. Если лимиты льготных программ не будут учтены, это может привести к юридическим сложностям и дополнительным расходам.

4. **Финансовая стабильность**: Учет лимитов льготных программ помогает сохранить финансовую стабильность для всех сторон сделки, так как позволяет избежать неожиданных изменений в условиях кредита.

Таким образом, даже если ставка была снижена за счет застройщика, важно учитывать лимиты льготных программ для соблюдения всех условий и избежания потенциальных проблем."
291,Какие признаки укажут на финансовую пирамиду под видом инвестпроекта либо «работы с высоким доходом»?,"Финансовые пирамиды часто маскируются под легитимные инвестиционные проекты или предложения о работе с высоким доходом. Вот основные признаки, которые могут указывать на финансовую пирамиду:

1. **Обещания высокой доходности**: Если проект обещает нереалистично высокие доходы с минимальными рисками, это должно насторожить. Легитимные инвестиции всегда связаны с определенным уровнем риска.

2. **Отсутствие прозрачности**: Если проект не предоставляет четкой информации о своей деятельности, команде, финансовых отчетах или бизнес-модели, это может быть признаком мошенничества.

3. **Требование привлечения новых участников**: Многие финансовые пирамиды требуют от участников привлекать новых инвесторов или партнеров для получения дохода. Это основной признак пирамиды.

4. **Отсутствие лицензий и регулирования**: Легитимные инвестиционные проекты обычно имеют соответствующие лицензии и регулируются государственными органами. Если проект не имеет таких документов, это должно вызвать подозрения.

5. **Сложности с выводом средств**: Если участники сталкиваются с проблемами при попытке вывести свои средства или получают отговорки, это может указывать на мошенническую схему.

6. **Агрессивный маркетинг**: Финансовые пирамиды часто используют агрессивные маркетинговые методы, включая давление на потенциальных участников для быстрого вступления в проект.

7. **Отсутствие реального продукта или услуги**: Легитимные проекты обычно предлагают реальный продукт или услугу. Если проект не имеет четкого продукта или услуги, это может быть признаком пирамиды.

Если вы заметили один или несколько из этих признаков, рекомендуется провести дополнительную проверку проекта и проконсультироваться с финансовыми экспертами или регулирующими органами."
292,Почему включение платных сервисов в сумму кредита ведет к переплате?,"Включение платных сервисов в сумму кредита увеличивает общую сумму займа, что приводит к росту переплаты по кредиту. Это происходит потому, что проценты начисляются на увеличенную сумму. Например, если вы берете кредит на 100 000 рублей и включаете в него страховку на 10 000 рублей, то проценты будут начисляться на 110 000 рублей, а не на 100 000 рублей. В результате общая переплата по кредиту увеличится."
293,"Когда уместнее выбрать краудфандинг, а не копить самостоятельно?","Для выбора между краудфандингом и самостоятельным накоплением важно учитывать несколько факторов:

1. **Сроки**: Если вам нужны деньги быстро, краудфандинг может быть более подходящим вариантом, так как он позволяет собрать средства за короткий срок. Самостоятельное накопление требует времени.

2. **Сумма**: Если вам нужна значительная сумма, которую вы не можете накопить самостоятельно, краудфандинг может быть уместным. Например, для стартапа, крупного проекта или лечения.

3. **Цель**: Краудфандинг подходит для проектов, которые могут заинтересовать широкую аудиторию. Если ваша цель не вызывает общественного отклика, накопление может быть более надежным.

4. **Риски**: Краудфандинг связан с рисками, такими как неудача в сборе средств или необходимость возврата денег. Самостоятельное накопление более предсказуемо.

5. **Репутация**: Успешный краудфандинг может повысить вашу репутацию и привлечь внимание к вашему проекту. Самостоятельное накопление не имеет такого эффекта.

В любом случае, важно тщательно оценить все возможные риски и преимущества перед принятием решения."
294,Как оформить вычет на инвестиционный доход по ИИС‑3 при закрытии счета?,"Для оформления вычета на инвестиционный доход по ИИС-3 при закрытии счета необходимо выполнить следующие шаги:

1. **Закрытие счета**: Убедитесь, что ваш ИИС-3 закрыт. Для этого обратитесь в банк или брокерскую компанию, где был открыт счет.

2. **Получение документов**: После закрытия счета вам должны предоставить следующие документы:
   - Справку о доходах по форме 2-НДФЛ.
   - Справку о сумме инвестиционного дохода, полученного за период действия ИИС-3.

3. **Подготовка декларации**: Заполните налоговую декларацию по форме 3-НДФЛ. В ней укажите полученный инвестиционный доход и сумму налога, которую вы хотите вернуть.

4. **Подача документов**: Подайте декларацию и приложенные документы в налоговую инспекцию. Это можно сделать лично, через представителя, по почте или в электронном виде через личный кабинет на сайте ФНС.

5. **Ожидание решения**: Налоговая служба рассмотрит вашу декларацию и примет решение о возврате налога. Обычно это занимает несколько месяцев.

6. **Получение вычета**: Если решение будет положительным, налоговая служба вернет вам сумму налога, уплаченного с инвестиционного дохода.

Важно: Убедитесь, что вы соблюдаете все условия для получения вычета, в том числе сроки и требования к документам."
295,"Как залог снижает риск потерь для того, кто предоставляет деньги?","Залог снижает риск потерь для кредитора (того, кто предоставляет деньги) следующим образом:

1. **Обеспечение возврата**: Залоговое имущество служит гарантией возврата кредита. Если заемщик не выполняет свои обязательства, кредитор имеет право на продажу заложенного имущества для покрытия долга.

2. **Снижение вероятности дефолта**: Наличие залога стимулирует заемщика выполнять свои обязательства, так как он рискует потерять заложенное имущество.

3. **Улучшение условий кредитования**: Благодаря залогу кредитор может предложить более выгодные условия кредитования, такие как более низкая процентная ставка или больший кредитный лимит.

4. **Защита от инфляции**: В некоторых случаях залоговое имущество может увеличиваться в стоимости, что дополнительно защищает кредитора от инфляционных рисков.

Таким образом, залог позволяет кредитору минимизировать риски невозврата и обеспечить более надежное кредитование."
296,Обязателен ли для продавцов прием платежей по QR-коду через СБП по сравнению с планом приема цифровых рублей крупным бизнесом?,"Для продавцов прием платежей по QR-коду через Систему быстрых платежей (СБП) не является обязательным. Это добровольный инструмент, который может быть удобен как для продавцов, так и для покупателей.

Что касается цифровых рублей, то их внедрение и использование также будет добровольным для крупного бизнеса. Банк России планирует создать условия для удобного и безопасного использования цифровых рублей, но конкретные сроки и механизмы их внедрения пока не определены."
297,Может ли банк отказать в кредите после биометрической идентификации?,"Банк может отказать в кредите даже после прохождения биометрической идентификации. Биометрическая идентификация подтверждает личность клиента, но не гарантирует одобрение кредита. Решение о выдаче кредита принимается на основе анализа кредитной истории, финансового состояния и других факторов, которые оценивает банк."
298,Какие признаки операций чаще всего вызывают у банка подозрения в мошенничестве?,"Банки обращают внимание на следующие признаки, которые могут вызвать подозрения в мошенничестве:

1. **Необычные суммы**: Переводы или платежи, которые значительно превышают обычные операции клиента.
2. **Частые и крупные переводы**: Резкое увеличение количества и сумм переводов, особенно на новые или редко используемые счета.
3. **Операции в необычное время**: Транзакции, совершаемые в нерабочее время или в часы, когда клиент обычно не активен.
4. **Переводы на зарубежные счета**: Особенно если клиент ранее не совершал международных переводов.
5. **Использование новых реквизитов**: Внезапное появление новых получателей платежей, которые не связаны с привычными операциями клиента.
6. **Смена привычного поведения**: Например, если клиент, который обычно совершает операции через мобильное приложение, внезапно начинает использовать другие каналы.
7. **Попытки обхода систем безопасности**: Например, частые смены паролей, попытки обхода двухфакторной аутентификации.

Если банк замечает такие операции, он может заблокировать их и связаться с клиентом для уточнения деталей."
299,Какой вариант финансирования выбрать сезонному бизнесу при риске отказа банка из‑за регулярных платежей?,"Для сезонного бизнеса с риском отказа банка из-за регулярных платежей можно рассмотреть несколько вариантов финансирования:

1. **Кредитная линия**: Позволяет брать деньги по мере необходимости и платить проценты только на использованную сумму. Это гибкий вариант, который подходит для бизнеса с нерегулярными доходами.

2. **Овердрафт**: Позволяет временно превышать остаток на расчетном счете. Это удобно для покрытия краткосрочных кассовых разрывов.

3. **Факторинг**: Продажа дебиторской задолженности факторинговой компании. Это позволяет получить деньги сразу, не дожидаясь оплаты от клиентов.

4. **Лизинг**: Если бизнесу нужны активы (например, оборудование), лизинг позволяет их приобрести без крупных первоначальных затрат.

5. **Краудфандинг**: Сбор средств от большого числа инвесторов через специализированные платформы. Это может быть полезно, если бизнес имеет сильную поддержку со стороны клиентов или сообщества.

6. **Гранты и субсидии**: Некоторые государственные и частные программы предоставляют финансирование для сезонного бизнеса без необходимости возврата средств.

Важно тщательно проанализировать условия каждого варианта и выбрать тот, который лучше всего соответствует потребностям вашего бизнеса."
300,"Как действует страхование вкладов для номинального счета на ребенка, по сравнению с обычным банковским вкладом?","Страхование вкладов для номинального счета на ребенка действует аналогично страхованию обычного банковского вклада. В обоих случаях сумма вклада, но не более 10 миллионов рублей, застрахована в системе страхования вкладов. Это означает, что в случае отзыва лицензии у банка, вкладчик получит возмещение в размере 100% суммы вклада, но не более 1,4 миллиона рублей, а также проценты, начисленные на сумму вклада, но не более 100% ключевой ставки Банка России, установленной на дату наступления страхового случая.

Однако, есть несколько нюансов, связанных с номинальным счетом на ребенка:

1. **Номинальный счет**: Это счет, открытый на имя ребенка, но управляемый законным представителем (родителем или опекуном). В случае страхового случая возмещение будет выплачено законному представителю ребенка.

2. **Права ребенка**: Средства на номинальном счете принадлежат ребенку, и законный представитель не может распоряжаться ими по своему усмотрению. Это может повлиять на процесс выплаты возмещения, так как банк может потребовать дополнительные документы, подтверждающие права ребенка на средства.

3. **Ограничения по возрасту**: В некоторых случаях, если ребенок достиг определенного возраста (обычно 14 лет), он может самостоятельно распоряжаться средствами на счете, что также может повлиять на процесс выплаты возмещения.

В остальном, процедура страхования и выплаты возмещения для номинального счета на ребенка такая же, как и для обычного банковского вклада."
301,"Как распознать обман в звонках про блокировку карты из‑за SWIFT, где перепроверять такую информацию?","Для проверки информации о блокировке карты из-за SWIFT следует действовать следующим образом:

1. **Не предоставляйте данные карты по телефону**. Банк никогда не запрашивает пароли, CVV-коды, SMS-коды или другие конфиденциальные данные по телефону.

2. **Проверьте информацию через официальные каналы**. Для уточнения информации о блокировке карты свяжитесь с банком через официальные каналы:
   - Официальный сайт банка.
   - Официальные приложения банка.
   - Официальные номера телефонов, указанные на сайте банка.

3. **Используйте личный кабинет**. Войдите в личный кабинет на сайте или в приложении банка и проверьте статус вашей карты.

4. **Свяжитесь с оператором**. Если у вас есть сомнения, позвоните в банк по официальному номеру, указанному на сайте, и уточните информацию у оператора.

5. **Не переходите по подозрительным ссылкам**. Если вам пришло SMS или email с просьбой перейти по ссылке для проверки карты, не переходите по ней. Это может быть попытка фишинга.

Если у вас есть дополнительные вопросы по работе с картой или банковскими услугами, обратитесь в банк через официальные каналы."
302,По каким признакам распознать фишинговый сайт или письмо?,"Фишинговые сайты и письма можно распознать по следующим признакам:

1. **Подозрительный адрес электронной почты или URL**:
   - В адресе электронной почты или URL могут быть опечатки, необычные символы или подозрительные домены.
   - Например, вместо `example.com` может быть `examp1e.com` или `example-secure.com`.

2. **Некорректный дизайн и оформление**:
   - Фишинговые письма и сайты часто имеют низкое качество дизайна, орфографические ошибки и несоответствия в логотипах и стиле.
   - Настоящие письма и сайты банков обычно имеют профессиональный дизайн и четкий текст.

3. **Требование срочных действий**:
   - Фишинговые сообщения часто содержат угрозы или призывы к срочным действиям, например, ""Ваш счет будет заблокирован, если вы не подтвердите данные в течение 24 часов"".

4. **Подозрительные ссылки и вложения**:
   - В письмах могут быть ссылки, ведущие на подозрительные сайты, или вложения, которые могут содержать вредоносное ПО.
   - Не открывайте вложения и не переходите по ссылкам из подозрительных писем.

5. **Запрос личных данных**:
   - Банки и другие надежные организации никогда не запрашивают личные данные, пароли или коды доступа через электронную почту или SMS.
   - Если вам пришло такое письмо, не вводите свои данные и не переходите по ссылкам.

6. **Необычные запросы на платежи**:
   - Фишинговые письма могут содержать просьбы о переводе денег или предоставлении данных для платежа.

Если вы заметили хотя бы один из этих признаков, не переходите по ссылкам, не открывайте вложения и не вводите свои данные. Лучше связаться с банком или организацией напрямую через официальные каналы для подтверждения подлинности сообщения."
303,Как проверить подлинность полиса ОСАГО перед покупкой?,"Для проверки подлинности полиса ОСАГО перед покупкой можно воспользоваться следующими способами:

1. **Проверка на сайте РСА (Российского Союза Автостраховщиков)**:
   - Перейдите на официальный сайт РСА (www.rsa.ru).
   - Введите номер полиса и серию бланка в соответствующие поля.
   - Система покажет информацию о полисе, включая срок действия и страховую компанию.

2. **Проверка через мобильное приложение страховой компании**:
   - Установите официальное приложение страховой компании, выдавшей полис.
   - Введите номер полиса для проверки его подлинности.

3. **Проверка через единый портал Госуслуг**:
   - Войдите в личный кабинет на портале Госуслуг (www.gosuslugi.ru).
   - Перейдите в раздел ""Транспорт и вождение"" и выберите ""Проверка полиса ОСАГО"".
   - Введите номер полиса для проверки.

4. **Обращение в страховую компанию**:
   - Свяжитесь с колл-центром страховой компании и предоставьте номер полиса для проверки.
   - Оператор подтвердит подлинность полиса.

Эти методы помогут вам убедиться в подлинности полиса ОСАГО перед покупкой."
304,Почему нельзя сообщать коды из СМС незнакомцам?,"Сообщать коды из СМС незнакомцам категорически запрещено, так как это может привести к мошенническим действиям. Коды из СМС часто используются для подтверждения операций, входа в личный кабинет или других важных действий. Если злоумышленник получит этот код, он сможет воспользоваться им в своих целях, например, для снятия денег с вашего счета или выполнения других несанкционированных операций.

Всегда проверяйте, кому вы сообщаете такие коды, и не передавайте их третьим лицам, даже если они представляются сотрудниками банка. Банк никогда не будет запрашивать коды из СМС через неофициальные каналы связи."
305,Чем отличается дополнительная детская карта от собственной молодежной карты с 14 лет?,"Дополнительная детская карта и собственная молодежная карта с 14 лет имеют несколько ключевых различий:

1. **Владелец карты**:
   - Дополнительная детская карта оформляется на ребенка и привязывается к основному счету родителя или законного представителя.
   - Молодежная карта с 14 лет оформляется на самого подростка и привязывается к его собственному счету.

2. **Управление средствами**:
   - По дополнительной детской карте родители могут контролировать расходы, устанавливать лимиты и блокировать карту при необходимости.
   - Молодежная карта предоставляет подростку больше самостоятельности в управлении своими средствами, но с определенными ограничениями, установленными банком.

3. **Лимиты и условия**:
   - Лимиты по дополнительной детской карте обычно устанавливаются родителями или банком.
   - Молодежная карта может иметь свои собственные лимиты и условия, которые могут отличаться от лимитов дополнительной карты.

4. **Ответственность**:
   - За операции по дополнительной детской карте отвечают родители или законные представители.
   - По молодежной карте подросток несет ответственность за свои операции, но с учетом ограничений, установленных банком и законом.

Если у вас есть дополнительные вопросы, пожалуйста, уточните их."
306,Какие реестры и списки стоит проверить перед инвестированием и выбором юриста?,"Перед инвестированием и выбором юриста рекомендуется проверить следующие реестры и списки:

1. **Реестр недобросовестных поставщиков (Реестр недобросовестных участников закупок)** - содержит информацию о компаниях, которые нарушали условия контрактов.
2. **Единый государственный реестр юридических лиц (ЕГРЮЛ)** - содержит информацию о регистрации, изменениях и ликвидации юридических лиц.
3. **Единый государственный реестр индивидуальных предпринимателей (ЕГРИП)** - аналогичен ЕГРЮЛ, но для индивидуальных предпринимателей.
4. **Реестр дисквалифицированных лиц** - содержит информацию о лицах, которые не могут занимать руководящие должности в компаниях.
5. **Список лиц, в отношении которых применены специальные экономические меры** - содержит информацию о лицах и компаниях, против которых введены санкции.
6. **Реестр сведений о банкротстве** - содержит информацию о компаниях, которые находятся в процессе банкротства или уже признаны банкротами.
7. **Реестр проверок** - содержит информацию о планируемых и проведенных проверках компании.

Для проверки юриста можно использовать:

1. **Реестр адвокатов** - содержит информацию о действующих адвокатах.
2. **Реестр юридических лиц** - для проверки юридического статуса юридической фирмы.
3. **Отзывы и репутация** - можно проверить на специализированных сайтах и форумах.

Эти реестры и списки помогут вам получить необходимую информацию о компании и юристе перед инвестированием."
307,"Когда разумнее выбрать банковский вклад, а не накопительное страхование жизни?","Банковский вклад и накопительное страхование жизни (НСЖ) имеют разные цели и условия. Вот основные моменты, которые помогут определиться:

1. **Срок вложения**:
   - **Вклад**: Обычно сроки вкладов варьируются от нескольких месяцев до нескольких лет. Если вам нужен доступ к деньгам в краткосрочной перспективе, вклад может быть более подходящим вариантом.
   - **НСЖ**: Обычно сроки страхования составляют от 5 до 20 лет. Если вы готовы вложить деньги на длительный срок, НСЖ может быть более выгодным.

2. **Доходность**:
   - **Вклад**: Процентная ставка по вкладам обычно фиксирована или плавающая, но она может быть ниже, чем доходность по НСЖ.
   - **НСЖ**: Доходность может быть выше, особенно если страховой продукт включает инвестиционный компонент. Однако доходность может быть не гарантирована и зависит от рыночных условий.

3. **Гибкость**:
   - **Вклад**: Вы можете снять деньги до окончания срока, но это может привести к потере процентов или штрафам.
   - **НСЖ**: Обычно снятие денег до окончания срока страхования не предусмотрено или сопровождается штрафами и потерей накоплений.

4. **Страховая защита**:
   - **Вклад**: Не предоставляет страховой защиты.
   - **НСЖ**: Включает страховую защиту, что может быть важно для семей с иждивенцами.

5. **Налогообложение**:
   - **Вклад**: Проценты по вкладам облагаются налогом, если они превышают установленный лимит.
   - **НСЖ**: Налоговые льготы могут быть более выгодными, особенно если продукт соответствует требованиям налогового законодательства.

6. **Риски**:
   - **Вклад**: Риски минимальны, так как вклад гарантирован банком.
   - **НСЖ**: Риски могут быть выше, особенно если продукт включает инвестиционный компонент.

**Вывод**:
Если вам нужен доступ к деньгам в краткосрочной перспективе и вы предпочитаете минимальные риски, лучше выбрать банковский вклад. Если вы готовы вложить деньги на длительный срок и хотите получить более высокую доходность с возможностью страховой защиты, лучше рассмотреть накопительное страхование жизни."
308,Как реально улучшить испорченную кредитную историю?,"Для улучшения испорченной кредитной истории необходимо выполнить несколько шагов:

1. **Получите кредитную историю**: Запросите свою кредитную историю в бюро кредитных историй (БКИ), чтобы понять, какие именно проблемы в ней присутствуют.

2. **Погасите задолженности**: Если у вас есть просроченные кредиты или задолженности, постарайтесь их погасить как можно быстрее. Это один из самых важных шагов для улучшения кредитной истории.

3. **Возьмите новый кредит и погасите его вовремя**: Если у вас нет активных кредитов, можно взять небольшой кредит и погасить его в срок. Это покажет кредиторам, что вы способны управлять своими финансами.

4. **Используйте кредитные карты ответственно**: Если у вас есть кредитные карты, старайтесь не допускать просрочек и не использовать весь лимит кредитного лимита.

5. **Обратитесь в банк за реструктуризацией**: Если у вас есть проблемы с погашением кредита, обратитесь в банк за реструктуризацией долга. Это может помочь снизить ежемесячные платежи и улучшить вашу кредитную историю.

6. **Будьте терпеливы**: Улучшение кредитной истории требует времени. Старайтесь соблюдать все условия кредитных договоров и избегать новых просрочек.

Если у вас есть конкретные вопросы по вашей ситуации, вы можете обратиться в банк для получения более детальной консультации."
309,Как получить доступ к средствам на счете при проблемах с картой?,"Для получения доступа к средствам на счете при проблемах с картой можно воспользоваться следующими способами:

1. **Через мобильное приложение или интернет-банк**:
   - Войдите в приложение или на сайт банка.
   - Перейдите в раздел ""Карты"" или ""Счета"".
   - Выберите нужный счет и выполните перевод на другой счет или карту, к которой у вас есть доступ.

2. **Через банкомат или терминал**:
   - Вставьте карту в банкомат и выполните операцию по переводу средств на другой счет или карту.
   - Если карта не работает, попробуйте использовать другую карту или обратитесь в банк для блокировки и выдачи новой карты.

3. **Через контактный центр банка**:
   - Позвоните в службу поддержки банка.
   - Сообщите оператору о проблеме с картой и запросите перевод средств на другой счет или карту.

4. **Через отделение банка**:
   - Обратитесь в ближайшее отделение банка.
   - Предъявите паспорт и запросите перевод средств или выдачу наличных с вашего счета.

Если у вас нет доступа к другим картам или счетам, обратитесь в банк для решения проблемы с картой."
310,Почему массовая рассылка заявок снижает шансы на одобрение?,"Массовая рассылка заявок может снижать шансы на одобрение по нескольким причинам:

1. **Повышенный риск**: Банки рассматривают большое количество заявок от одного клиента как признак финансовых трудностей или нестабильности. Это увеличивает риск для банка, так как клиент может не справиться с обязательствами.

2. **Ухудшение кредитной истории**: Частые заявки могут негативно сказаться на кредитной истории, так как каждая заявка может быть зарегистрирована как запрос на кредит. Это может снизить кредитный рейтинг клиента.

3. **Снижение доверия**: Банки могут воспринимать массовые заявки как попытку обмана или несерьезное отношение к кредитованию. Это снижает доверие со стороны банка к клиенту.

4. **Перегрузка системы**: Банки могут ограничивать количество заявок от одного клиента, чтобы избежать перегрузки своей системы и обеспечить качество обработки заявок.

Для повышения шансов на одобрение рекомендуется подавать заявки осознанно и только в тех случаях, когда есть реальная необходимость и возможность погашения кредита."
311,Какие решения дают налоговую выгоду при одновременной защите сбережений?,"Для получения налоговой выгоды при одновременной защите сбережений можно рассмотреть следующие решения:

1. **Инвестиционные счета (ИИС)**:
   - ИИС типа А позволяет вернуть 13% НДФЛ от внесенной суммы (максимум 52 000 рублей в год).
   - ИИС типа Б освобождает от налогообложения доходы от инвестиций при условии, что счет открыт на 3 года и не было досрочных выводов средств.

2. **Пенсионные накопления (НПФ)**:
   - Взносы в негосударственные пенсионные фонды (НПФ) могут быть частично или полностью освобождены от налогообложения.
   - Доходы от инвестирования пенсионных накоплений также могут быть освобождены от налогообложения.

3. **Страховые полисы с инвестиционной составляющей (ИСЖ, НСЖ)**:
   - Взносы в такие полисы могут быть освобождены от налогообложения.
   - Доходы от инвестирования могут быть освобождены от налогообложения при условии, что полис действует не менее 5 лет.

4. **Облигации с налоговыми льготами**:
   - Некоторые облигации, такие как облигации федерального займа (ОФЗ), могут быть освобождены от налогообложения.

Для получения более точной информации и консультации по конкретным продуктам рекомендуется обратиться к специалистам банка или налоговому консультанту."
312,"Где хранятся купленные через брокера акции и с чего начать их поиск, если вы потеряли документы?","Купленные через брокера акции хранятся на брокерском счете клиента. Чтобы найти информацию о своих акциях, если вы потеряли документы, выполните следующие шаги:

1. **Обратитесь к своему брокеру**: Свяжитесь с брокером, через которого вы приобретали акции. Укажите свои данные (ФИО, паспортные данные, номер счета, если помните) для идентификации.

2. **Проверьте личный кабинет**: Если у вас есть доступ к личному кабинету на сайте брокера, войдите в него. Там должна быть информация о ваших активах, включая акции.

3. **Запросите выписку**: Попросите брокера предоставить выписку по вашему счету. В ней будет указана информация о всех операциях, включая покупку акций.

4. **Обратитесь в депозитарий**: Если акции хранятся в депозитарии, вы можете запросить информацию о них там. Для этого также потребуется предоставить данные для идентификации.

Если у вас возникли трудности с доступом к информации, лучше всего обратиться напрямую к вашему брокеру или в службу поддержки банка, через который вы осуществляли операции."
313,"Что безопаснее для оплаты: карта, QR‑код или биометрия?","Для оценки безопасности способов оплаты рассмотрим каждый из них:

1. **Карта**:
   - Использует технологии EMV (чип) и токенизацию, что снижает риск мошенничества.
   - Требует подтверждения транзакции (PIN-код, подпись).
   - Возможны утечки данных при несанкционированном доступе к карте.

2. **QR-код**:
   - Обычно используется для оплаты через мобильное приложение.
   - Требует подтверждения транзакции (пароль, биометрия).
   - Риск мошенничества зависит от безопасности приложения и сети.

3. **Биометрия**:
   - Использует уникальные биометрические данные (отпечаток пальца, распознавание лица).
   - Высокая степень защиты, так как биометрические данные сложно подделать.
   - Требует надежной системы хранения и обработки данных.

**Вывод**:
Биометрия считается наиболее безопасным способом оплаты, так как использует уникальные данные, которые сложно подделать. Однако безопасность также зависит от конкретной реализации технологии и уровня защиты данных."
314,Какие устройства нужны для оплаты по QR-коду по сравнению с оплатой лицом на кассе?,"Для оплаты по QR-коду вам понадобится смартфон с установленным приложением вашего банка или мобильным кошельком, а также доступ в интернет. Вам нужно будет отсканировать QR-код, указанный на кассе, и подтвердить платеж.

Для оплаты лицом на кассе вам понадобится смартфон с поддержкой технологии бесконтактной оплаты (NFC) и установленным приложением вашего банка или мобильным кошельком. Вам нужно будет поднести смартфон к терминалу оплаты и подтвердить платеж.

Таким образом, основное отличие заключается в необходимости сканирования QR-кода для первого способа оплаты и использования технологии NFC для второго."
315,Какие реквизиты карты относятся к секретным при онлайн-оплате?,"При онлайн-оплате к секретным реквизитам карты относятся:

- CVV/CVC-код (трехзначный код на обратной стороне карты).
- ПИН-код (четырехзначный код, который вводится при оплате в терминале или банкомате).

Эти данные не должны передаваться третьим лицам и не должны вводиться на неофициальных сайтах."
316,"Как обращаются субординированные бумаги при санации, распространяется ли на такие инструменты защита АСВ?","Субординированные бумаги при санации банка обращаются в последнюю очередь, после всех других обязательств банка. Это означает, что их владельцы получают компенсацию только после удовлетворения требований всех остальных кредиторов.

Что касается защиты АСВ (Агентства по страхованию вкладов), то субординированные бумаги не подпадают под страховую защиту. АСВ страхует только вклады физических лиц, индивидуальных предпринимателей и малых предприятий, а также некоторые другие обязательства банка, но не субординированные инструменты.

Таким образом, при санации банка субординированные бумаги не имеют приоритета в удовлетворении требований, и их владельцы не защищены АСВ."
317,"Какие последствия ждут продавца, если новый владелец ездит по его полису ОСАГО?","Если новый владелец автомобиля ездит по полису ОСАГО, оформленному на прежнего собственника, это может привести к следующим последствиям:

1. **Отказ в выплате**: Страховая компания может отказать в выплате при наступлении страхового случая, так как полис был оформлен на другое лицо.

2. **Аннулирование полиса**: Страховая компания имеет право аннулировать полис, если обнаружит, что автомобиль используется лицом, не указанным в полисе.

3. **Штрафы**: Водитель и новый владелец автомобиля могут быть оштрафованы за нарушение правил страхования.

4. **Проблемы при ДТП**: В случае ДТП могут возникнуть сложности с выплатой, так как полис не действует на нового владельца.

Рекомендуется оформить новый полис ОСАГО на нового владельца автомобиля."
318,Какие шаги доступны заемщику при финансовых трудностях?,"При финансовых трудностях заемщик может предпринять следующие шаги:

1. **Обратиться в банк**: Свяжитесь с банком и объясните ситуацию. Банк может предложить реструктуризацию кредита, изменение графика платежей или другие варианты поддержки.

2. **Реструктуризация кредита**: Это изменение условий кредитного договора, например, продление срока кредита, снижение процентной ставки или отсрочка платежей.

3. **Отсрочка платежей**: Банк может предоставить временную отсрочку по платежам, что позволит заемщику восстановить финансовое положение.

4. **Программы поддержки**: Некоторые банки предлагают специальные программы для заемщиков, находящихся в сложной финансовой ситуации.

5. **Консультация с финансовым консультантом**: Профессиональный консультант может помочь разработать план выхода из сложной финансовой ситуации.

6. **Обращение в коллекторские агентства**: Если заемщик не может договориться с банком, коллекторские агентства могут предложить альтернативные варианты решения проблемы.

Важно действовать оперативно и не игнорировать проблему, чтобы избежать более серьезных последствий."
319,"Что безопасно сообщать для получения перевода, какие данные считаются «ключом к деньгам»?","Для получения перевода безопасно сообщать следующие данные:

- Номер банковского счета получателя.
- Номер карты получателя (если перевод осуществляется на карту).
- ФИО получателя.
- Название банка получателя.
- БИК банка получателя.
- Корреспондентский счет банка получателя (если требуется).

Данные, которые считаются «ключом к деньгам» и не должны сообщаться третьим лицам:

- Пароль от онлайн-банка или мобильного приложения.
- CVV/CVC-код (трёхзначный код на обратной стороне карты).
- СМС-коды подтверждения операций.
- Логин для входа в интернет-банк.
- ПИН-код карты.

Если вам необходимо отправить перевод, уточните у отправителя, какие данные ему требуются, и предоставьте только безопасную информацию."
320,"Какие цифровые условия нужны для дистанционного получения страхового возмещения по вкладам, а также для оформления социального вклада?","Для дистанционного получения страхового возмещения по вкладам и оформления социального вклада могут потребоваться следующие цифровые условия:

1. **Регистрация и верификация в интернет-банке**:
   - У вас должна быть зарегистрирована учетная запись в интернет-банке вашего банка.
   - Ваши данные должны быть верифицированы (подтверждены) банком.

2. **Подписанное соглашение на дистанционное обслуживание**:
   - Необходимо, чтобы у вас было подписано соглашение на дистанционное обслуживание, которое позволяет проводить операции через интернет-банк или мобильное приложение.

3. **Доступ к интернет-банку или мобильному приложению**:
   - У вас должен быть доступ к интернет-банку или мобильному приложению вашего банка.

4. **Подписанное соглашение на страхование вкладов**:
   - Для получения страхового возмещения может потребоваться подписанное соглашение на страхование вкладов.

5. **Подписанное соглашение на социальный вклад**:
   - Для оформления социального вклада может потребоваться подписанное соглашение на этот вид вклада.

6. **Наличие необходимых документов в электронном виде**:
   - Возможно, потребуется загрузить или предоставить в электронном виде документы, подтверждающие ваше право на страховое возмещение или социальный вклад.

Если у вас есть дополнительные вопросы или вам нужна более конкретная информация, пожалуйста, уточните, и я постараюсь помочь."
321,"Почему быстрая продажа квартиры, купленной по субсидированной ставке от застройщика, осложняется при разводе?","При продаже квартиры, купленной по субсидированной ставке от застройщика, могут возникнуть сложности, особенно в случае развода. Это связано с несколькими факторами:

1. **Субсидированная ставка**: Обычно субсидированная ставка предоставляется на определенных условиях, например, обязательство проживать в квартире в течение определенного срока или другие ограничения. При продаже квартиры до истечения этого срока могут возникнуть штрафы или необходимость возврата части субсидии.

2. **Раздел имущества**: В случае развода квартира может быть предметом спора между супругами. Если квартира была куплена в браке, она считается совместным имуществом и подлежит разделу. Это может усложнить процесс продажи, так как требуется согласие обоих супругов.

3. **Юридические аспекты**: При продаже квартиры необходимо соблюдать все юридические формальности, включая нотариальное оформление согласия обоих супругов на продажу. Это может занять дополнительное время и требует участия юриста.

4. **Финансовые обязательства**: Если квартира была куплена в ипотеку с субсидированной ставкой, при продаже может потребоваться погашение кредита или переоформление ипотеки на нового владельца, что также усложняет процесс.

Таким образом, быстрая продажа квартиры, купленной по субсидированной ставке, осложняется из-за необходимости соблюдения условий субсидирования, раздела имущества при разводе и выполнения всех юридических и финансовых формальностей."
322,В каких случаях действует госстрахование вкладов?,"Государственная страховка вкладов действует в следующих случаях:

1. **Отзыв лицензии у банка** – если Центральный банк отзывает лицензию у кредитной организации, вклады физических лиц страхуются в размере до 1,4 млн рублей на одного вкладчика в одном банке.

2. **Банкротство банка** – если банк признан банкротом, вклады вкладчиков также подлежат страхованию в установленных пределах.

3. **Приостановление операций** – если банк временно приостанавливает операции по вкладам, страховка вступает в силу, если ситуация не нормализуется в установленные сроки.

4. **Реорганизация или слияние банков** – если банк проходит реорганизацию, а права вкладчиков не соблюдаются, страховка может быть применена.

Страхование не распространяется на вклады, открытые на имя юридических лиц, а также на средства, размещенные на счетах индивидуальных предпринимателей в части, превышающей 1,4 млн рублей."
323,"Как понять, что страница оплаты фишинговая при онлайн‑покупках или оплате «налога» из вакансии?","Чтобы определить, что страница оплаты является фишинговой, обратите внимание на следующие признаки:

1. **URL-адрес**:
   - Проверьте, начинается ли адрес с ""https://"" (наличие замка в адресной строке).
   - Убедитесь, что доменное имя соответствует известному и надежному сайту.
   - Будьте осторожны с адресами, содержащими случайные символы или необычные домены (например, .info, .biz).

2. **Дизайн и контент**:
   - Фишинговые страницы часто имитируют известные сайты, но могут содержать ошибки в дизайне, орфографические ошибки или необычные элементы.
   - Проверьте, есть ли на странице контактная информация и политики конфиденциальности.

3. **Запросы на личную информацию**:
   - Фишинговые страницы могут запрашивать личную информацию, такую как номер социального страхования, пароли или данные кредитной карты, которые не должны быть необходимы для обычной транзакции.

4. **Срочность и давление**:
   - Фишинговые сообщения часто создают ощущение срочности, требуя немедленной оплаты или действия.

5. **Проверка через официальные каналы**:
   - Свяжитесь с продавцом или организацией через официальные каналы (официальный сайт, телефонная линия поддержки) для подтверждения подлинности страницы.

Если у вас есть сомнения, лучше не вводить личную информацию и не совершать оплату. В случае подозрений на фишинг, сообщите в банк и в соответствующие органы."
324,Какой формат бизнеса выбрать для ограничения личной ответственности при работе с НДС?,"Для ограничения личной ответственности при работе с НДС рекомендуется выбрать один из следующих форматов бизнеса:

1. **Общество с ограниченной ответственностью (ООО)**:
   - Учредители не отвечают по обязательствам общества.
   - Ответственность ограничена размером внесенных вкладов.

2. **Акционерное общество (АО)**:
   - Участники не отвечают по обязательствам общества.
   - Ответственность ограничена размером внесенных вкладов.

3. **Индивидуальный предприниматель (ИП)**:
   - ИП отвечает по обязательствам всем своим имуществом.
   - Не рекомендуется для бизнеса с высокими рисками.

Для работы с НДС важно правильно оформить документы и вести учет, чтобы избежать штрафов и проблем с налоговыми органами."
325,Почему начинать копить раньше выгоднее?,"Начинать копить раньше выгоднее по нескольким причинам:

1. **Эффект сложных процентов**: Чем раньше вы начинаете копить, тем больше времени ваши деньги работают на вас. Проценты начисляются не только на первоначальную сумму, но и на уже начисленные проценты, что значительно увеличивает итоговую сумму.

2. **Снижение финансовой нагрузки**: Распределение накоплений на более длительный срок позволяет копить меньшими суммами, что снижает финансовую нагрузку в текущий момент.

3. **Гибкость в инвестициях**: У вас больше времени для выбора и корректировки инвестиционных стратегий, что может повысить доходность ваших вложений.

4. **Подготовка к непредвиденным обстоятельствам**: Раннее начало накоплений позволяет создать финансовую подушку безопасности, которая может помочь в случае непредвиденных расходов.

Таким образом, чем раньше вы начнете копить, тем больше преимуществ вы получите в долгосрочной перспективе."
326,Чем государственные гарантии по вкладам отличаются от защиты пенсионных накоплений в НПФ?,"Государственные гарантии по вкладам и защита пенсионных накоплений в НПФ (негосударственных пенсионных фондах) различаются по нескольким ключевым аспектам:

1. **Объект защиты**:
   - **Государственные гарантии по вкладам** распространяются на денежные средства, размещенные физическими лицами на банковских счетах (вкладах). Это могут быть срочные и до востребования вклады, а также средства на банковских картах.
   - **Защита пенсионных накоплений в НПФ** касается средств, направленных на формирование пенсии. Эти накопления могут быть как страховыми (обязательными), так и накопительными (добровольными).

2. **Механизм защиты**:
   - **Государственные гарантии по вкладам** обеспечиваются Агентством по страхованию вкладов (АСВ). В случае отзыва лицензии у банка вкладчики могут рассчитывать на возмещение вкладов в размере до 1,4 миллиона рублей.
   - **Защита пенсионных накоплений в НПФ** обеспечивается государством через механизмы страхования пенсионных накоплений. В случае банкротства НПФ пенсионные накопления переводятся в другой фонд, и их сохранность гарантируется государством.

3. **Сроки и условия**:
   - **Государственные гарантии по вкладам** действуют в течение всего срока вклада, но возмещение выплачивается только в случае отзыва лицензии у банка.
   - **Защита пенсионных накоплений в НПФ** действует на протяжении всего периода накопления, и в случае необходимости перевода средств в другой фонд, это происходит без потери накопленных средств.

4. **Цели и задачи**:
   - **Государственные гарантии по вкладам** направлены на защиту сбережений населения от банковских рисков.
   - **Защита пенсионных накоплений в НПФ** направлена на обеспечение финансовой стабильности пенсионных накоплений и гарантию их сохранности для будущих пенсионных выплат.

Таким образом, государственные гарантии по вкладам и защита пенсионных накоплений в НПФ имеют разные цели, механизмы и условия, но оба направления обеспечивают защиту средств граждан от различных рисков."
327,"Почему опасно переходить по ссылкам из напоминаний о продлении ОСАГО, а также из переписки с «работодателем»?","Переход по ссылкам из непроверенных источников, таких как напоминания о продлении ОСАГО или переписка с «работодателем», опасен по нескольким причинам:

1. **Фишинг**: Мошенники могут использовать такие ссылки для получения ваших личных данных, логина и пароля, данных банковских карт и других конфиденциальных сведений.

2. **Вирусы и вредоносное ПО**: По ссылкам могут скрываться вредоносные программы, которые могут повредить ваше устройство или украсть информацию.

3. **Подмена сайтов**: Мошенники могут создать поддельные сайты, которые внешне похожи на официальные, но предназначены для кражи данных.

4. **Несанкционированный доступ**: Переход по ссылке может привести к несанкционированному доступу к вашим учетным записям и данным.

Для безопасности всегда проверяйте источник сообщения и переходите по ссылкам только на официальные сайты, используя проверенные адреса."
328,Каковы лимиты страховой защиты вкладов против НПФ?,"Для ответа на ваш вопрос требуется уточнение. Вы имеете в виду лимиты страховой защиты вкладов в банках или в негосударственных пенсионных фондах (НПФ)?

Если речь идет о вкладах в банках, то в России действует система страхования вкладов, которая гарантирует возврат средств вкладов физических лиц в случае отзыва лицензии у банка. Максимальная сумма страхового возмещения составляет 1,4 миллиона рублей на одного вкладчика в одном банке.

Если же вы имеете в виду защиту вкладов в НПФ, то здесь механизм несколько иной. НПФ не являются банками, и их деятельность регулируется другими нормативными актами. В случае несостоятельности НПФ средства пенсионных накоплений защищены Агентством по страхованию вкладов (АСВ) в рамках системы гарантирования прав застрахованных лиц.

Пожалуйста, уточните, о каком именно виде вкладов идет речь, чтобы я мог дать более точный ответ."
329,Когда регулятор выберет санацию вместо отзыва лицензии?,"Регулятор может выбрать санацию вместо отзыва лицензии в следующих случаях:

1. **Возможность восстановления финансовой устойчивости**: Если банк имеет шанс восстановить свою финансовую устойчивость с помощью внешней помощи или реструктуризации.

2. **Наличие стратегического значения**: Если банк играет важную роль в регионе или для определенной группы клиентов, регулятор может предпочесть санацию, чтобы минимизировать негативные последствия для экономики.

3. **Наличие инвестора или покупателя**: Если найден инвестор или покупатель, готовый вложить средства в банк и стабилизировать его работу.

4. **Меньшие потери для вкладчиков и кредиторов**: Если санация позволяет сохранить больше средств вкладчиков и кредиторов по сравнению с отзывом лицензии.

5. **Соблюдение законодательных требований**: Если санация соответствует законодательным требованиям и нормам, установленным для восстановления банков.

В каждом случае решение принимается на основе комплексного анализа финансового состояния банка и возможных вариантов его восстановления."
330,Когда имеет смысл открывать ИИС и какой минимальный срок нужен для ИИС-3?,"ИИС (индивидуальный инвестиционный счет) имеет смысл открывать, если вы планируете долгосрочные инвестиции и хотите получить налоговые льготы. ИИС-3 предполагает налоговый вычет на вложенные средства.

Минимальный срок для ИИС-3 составляет 3 года. В течение этого периода вы не можете выводить средства, иначе налоговый вычет будет аннулирован. После истечения 3 лет вы можете вывести средства с учетом налоговых льгот."
331,"Кто имеет право на кредитные каникулы из‑за мобилизации, какой срок перерыва предусмотрен?","Согласно законодательству, право на кредитные каникулы из-за мобилизации имеют следующие категории граждан:

1. Граждане, призванные на военную службу по мобилизации.
2. Граждане, призванные на военные сборы.
3. Граждане, направленные на альтернативную гражданскую службу.
4. Граждане, призванные на военные сборы в резерве.

Срок кредитных каникул составляет до 12 месяцев с даты окончания мобилизации или военных сборов. В течение этого периода заемщик освобождается от обязательств по погашению кредита, а также от уплаты процентов."
332,Как подготовиться к ежегодным тратам без стресса?,"Для подготовки к ежегодным тратам без стресса рекомендуется:

1. **Планирование бюджета**:
   - Определите все предстоящие расходы на год вперед.
   - Разделите их на обязательные (налоги, страховки, подписки) и неожиданные (ремонт, медицинские услуги).

2. **Создание резервного фонда**:
   - Откладывайте небольшие суммы регулярно, чтобы накопить на непредвиденные расходы.
   - Резервный фонд должен покрывать 3-6 месяцев ваших текущих расходов.

3. **Использование накоплений**:
   - Если у вас есть сбережения, рассмотрите возможность их использования для покрытия части расходов.
   - Убедитесь, что после использования накоплений у вас останется достаточная сумма на непредвиденные обстоятельства.

4. **Контроль расходов**:
   - Ведите учет всех трат, чтобы понять, на что уходят деньги.
   - Используйте мобильные приложения или таблицы для учета доходов и расходов.

5. **Использование кредитных продуктов**:
   - Если необходимо, рассмотрите возможность использования кредитных продуктов с низкой процентной ставкой.
   - Убедитесь, что вы можете своевременно погасить кредит, чтобы избежать дополнительных расходов на проценты.

6. **Планирование покупок**:
   - Заранее планируйте крупные покупки, чтобы иметь время на поиск выгодных предложений.
   - Используйте акции и скидки для экономии.

7. **Консультация с финансовым консультантом**:
   - Если у вас есть сложности с планированием бюджета, обратитесь за помощью к финансовому консультанту.
   - Консультант поможет вам разработать индивидуальный план управления финансами.

Следуя этим рекомендациям, вы сможете подготовиться к ежегодным тратам без стресса и обеспечить финансовую стабильность."
333,"Что мешает оплате картой в России, если SWIFT не помеха?","Для оплаты картой в России SWIFT действительно не является препятствием, так как платежные системы, такие как Visa и Mastercard, работают независимо от SWIFT. Однако есть несколько других факторов, которые могут мешать оплате картой:

1. **Технические проблемы**: Возможны сбои в работе платежных систем, банковских сервисов или интернет-соединения, которые могут временно блокировать оплату.

2. **Ограничения банка**: Некоторые банки могут вводить временные ограничения на операции за рубежом или по определенным категориям товаров и услуг.

3. **Блокировка карты**: Карта может быть заблокирована по различным причинам, например, из-за подозрительных операций, истечения срока действия или по запросу клиента.

4. **Ограничения платежной системы**: В некоторых случаях платежные системы могут вводить ограничения на определенные типы транзакций или страны.

5. **Недостаток средств**: На карте может не хватать средств для совершения платежа.

Если у вас возникли проблемы с оплатой картой, рекомендуется обратиться в банк для уточнения причины и решения вопроса."
334,Что выбрать для закрытия кассового разрыва: факторинг или краудлендинг?,"Для выбора между факторингом и краудлендингом для закрытия кассового разрыва необходимо учитывать несколько ключевых факторов:

1. **Скорость получения средств**:
   - **Факторинг**: Обычно позволяет получить деньги быстрее, так как процесс может занять от нескольких дней до недель.
   - **Краудлендинг**: Может занять больше времени, так как зависит от привлечения инвесторов.

2. **Стоимость**:
   - **Факторинг**: Включает комиссию за услугу, которая может быть значительной.
   - **Краудлендинг**: Может предложить более низкие проценты, но зависит от условий платформы и инвесторов.

3. **Требования и условия**:
   - **Факторинг**: Требует наличия дебиторской задолженности и может включать проверку кредитоспособности клиентов.
   - **Краудлендинг**: Требует презентации проекта и может включать проверку кредитоспособности заемщика.

4. **Гибкость**:
   - **Факторинг**: Обычно используется для краткосрочного финансирования.
   - **Краудлендинг**: Может предложить более гибкие условия и сроки.

5. **Риски**:
   - **Факторинг**: Риск связан с неоплатой дебиторской задолженности.
   - **Краудлендинг**: Риск связан с невыполнением обязательств перед инвесторами.

Для принятия решения рекомендуется оценить текущие финансовые потребности, сроки и условия, а также проконсультироваться с финансовым консультантом."
335,"Что делать, если из‑за ошибки в НСИС не получается купить ОСАГО онлайн?","Если из-за ошибки в НСИС (Национальной системе идентификации сеансов) не удается купить ОСАГО онлайн, рекомендую следовать следующим шагам:

1. **Проверьте корректность введенных данных**: Убедитесь, что все данные введены правильно, включая номер ВИН, номер кузова, номер шасси и другие обязательные поля.

2. **Обновите страницу или перезапустите браузер**: Иногда ошибки могут быть временными и связаны с техническими сбоями. Попробуйте обновить страницу или перезапустить браузер.

3. **Попробуйте другой браузер или устройство**: Возможно, проблема связана с браузером или устройством. Попробуйте использовать другой браузер или устройство для входа в систему.

4. **Очистите кеш и куки**: Иногда накопленные данные могут вызывать ошибки. Очистите кеш и куки в вашем браузере и попробуйте снова.

5. **Проверьте статус НСИС**: Убедитесь, что Национальная система идентификации сеансов работает корректно. Информацию о статусе можно найти на официальных сайтах или в новостных источниках.

6. **Обратитесь в службу поддержки**: Если проблема сохраняется, свяжитесь с службой поддержки страховой компании или банка, через который вы пытаетесь оформить ОСАГО. Они могут предоставить дополнительную помощь или уточнить причину ошибки.

Если у вас есть дополнительные вопросы по данной теме, пожалуйста, уточните их."
336,Можно ли продать ипотечную квартиру без согласия банка?,"Продажа ипотечной квартиры без согласия банка невозможна. Банк является залогодержателем недвижимости до полного погашения кредита. Для продажи квартиры необходимо получить разрешение банка, которое обычно выдается при соблюдении определенных условий, таких как погашение кредита или рефинансирование задолженности.

Если у вас возникли дополнительные вопросы по ипотечному кредитованию, пожалуйста, уточните их."
337,С какого возраста ребенок может совершать мелкие покупки самостоятельно?,"Для ответа на этот вопрос необходимо учитывать несколько факторов, включая законодательство и политику банка, а также возрастные ограничения, установленные для различных видов операций.

1. **Законодательные ограничения**:
   - В России несовершеннолетние дети могут совершать мелкие покупки самостоятельно, но с определенными ограничениями. Дети до 14 лет могут совершать сделки только с согласия своих законных представителей (родителей или опекунов). С 14 до 18 лет несовершеннолетние могут совершать сделки с письменного согласия родителей, за исключением мелких бытовых покупок.

2. **Политика банка**:
   - Банки могут устанавливать свои внутренние правила для операций с несовершеннолетними. Например, некоторые банки позволяют детям от 14 лет иметь свои карты с определенными лимитами на покупки.

3. **Практические аспекты**:
   - В большинстве случаев дети могут совершать мелкие покупки самостоятельно, если у них есть карта с ограниченным лимитом, выданная родителями. Родители могут контролировать расходы через мобильное приложение или онлайн-банкинг.

Таким образом, ребенок может совершать мелкие покупки самостоятельно с 14 лет, но с согласия родителей и в рамках установленных лимитов. Для более точной информации рекомендуется уточнить условия у вашего банка."
338,"Что произойдет с вашими деньгами при отзыве лицензии банка по вкладу, оформленному через маркетплейс, в отличие от ситуации с векселем?","При отзыве лицензии у банка ваши деньги, внесенные на вклад, оформленный через маркетплейс, подлежат возмещению через систему страхования вкладов (АСВ). В этом случае вы сможете получить компенсацию в размере до 1,4 млн рублей, включая проценты.

Что касается векселя, то он является долговым обязательством, и его судьба зависит от условий, указанных в самом векселе, а также от процедуры банкротства банка. Вексель может быть включен в конкурсную массу, и его погашение будет зависеть от результатов процедуры банкротства. В отличие от вкладов, векселя не подлежат страхованию через АСВ."
339,Как совместить выплаты по автокредиту с созданием подушки безопасности?,"Для совмещения выплат по автокредиту с созданием подушки безопасности можно рассмотреть следующие шаги:

1. **Составьте бюджет**: Оцените свои доходы и расходы, чтобы понять, сколько средств можно направлять на погашение кредита и накопления.

2. **Увеличьте ежемесячные платежи**: Если есть возможность, увеличьте ежемесячные платежи по кредиту, чтобы быстрее погасить задолженность. Это позволит освободить средства для создания подушки безопасности.

3. **Используйте досрочное погашение**: Если у вас есть дополнительные средства, направьте их на досрочное погашение кредита. Это уменьшит общую сумму процентов и сократит срок кредита.

4. **Откройте накопительный счет**: Начните откладывать часть своих доходов на отдельный накопительный счет. Это может быть счет с возможностью накопления или инвестиционный счет.

5. **Автоматизируйте накопления**: Настройте автоматическое перечисление средств на накопительный счет сразу после получения зарплаты. Это поможет регулярно откладывать деньги без лишних усилий.

6. **Рассмотрите страхование**: Оформите страховку, которая может покрыть часть выплат по кредиту в случае непредвиденных обстоятельств (например, страхование от потери работы или инвалидности).

7. **Оптимизируйте расходы**: Проверьте свои текущие расходы и найдите возможности для экономии. Это может освободить дополнительные средства для накоплений.

8. **Используйте бонусы и премии**: Направляйте бонусы, премии и другие дополнительные доходы на погашение кредита или накопления.

Создание подушки безопасности — это важный шаг для финансовой стабильности, и совместить его с выплатами по кредиту возможно при правильном планировании и дисциплине."
340,Что делать при подозрении на нелегального ломбарда?,"При подозрении на нелегального ломбарда рекомендуется предпринять следующие шаги:

1. **Собрать доказательства**: Зафиксируйте информацию о подозрительной деятельности, включая адрес, контакты, условия предоставления услуг и любые документы, которые могут подтвердить нелегальную деятельность.

2. **Обратиться в правоохранительные органы**: Напишите заявление в полицию или прокуратуру. Укажите все собранные данные и опишите подозрительные действия ломбарда.

3. **Обратиться в Роспотребнадзор**: Если ломбард нарушает права потребителей, можно подать жалобу в Роспотребнадзор.

4. **Проверить лицензию**: Убедитесь, что ломбард имеет лицензию на осуществление своей деятельности. Лицензию можно проверить на официальном сайте Центрального банка РФ.

5. **Обратиться в банк**: Если у вас есть договор с ломбардом, связанный с финансовыми операциями, обратитесь в свой банк для консультации и возможных действий.

Если у вас есть дополнительные вопросы, связанные с банковскими услугами, пожалуйста, уточните их."
341,"Какой уровень рейтинга выбрать для страховщика, чтобы снизить риск нестабильности?","Для снижения риска нестабильности страховщика рекомендуется выбирать компанию с высоким рейтингом надежности. В России рейтинги страховых компаний выставляют агентства ""Эксперт РА"", ""Национальное рейтинговое агентство"" (НРА) и международное агентство S&P.

Рейтинги страховых компаний в России:

- ""Эксперт РА"" - рейтинг надежности страховщиков (ruAAA, ruAA, ruA, ruBBB, ruBB, ruB, ruCCC, ruD)
- ""Национальное рейтинговое агентство"" (НРА) - рейтинг финансовой устойчивости (AAA.ru, AA.ru, A.ru, BBB.ru, BB.ru, B.ru, CCC.ru, D.ru)
- S&P - рейтинг финансовой устойчивости (AAA, AA, A, BBB, BB, B, CCC, D)

Рейтинги страховых компаний в России можно посмотреть на сайтах агентств ""Эксперт РА"", ""Национальное рейтинговое агентство"" (НРА) и S&P."
342,Как участие банка в продаже страховки отражается на цене?,"Участие банка в продаже страховки может влиять на её цену несколькими способами:

1. **Комиссия банка**: Банк может закладывать в стоимость страховки свою комиссию за услуги по её продаже. Это может увеличить общую стоимость страхового полиса.

2. **Скидки и акции**: Банки часто сотрудничают со страховыми компаниями и могут предлагать клиентам специальные условия, такие как скидки или бонусы. Это может снизить стоимость страховки по сравнению с покупкой её напрямую у страховой компании.

3. **Удобство и сервис**: Банк может предлагать дополнительные услуги, такие как онлайн-оформление, консультации и поддержку, что может влиять на восприятие цены клиентом.

4. **Пакетные предложения**: Иногда банки предлагают страховку в комплексе с другими финансовыми продуктами (например, кредитом или вкладом), что может изменить общую стоимость страховки.

Для точного ответа на вопрос о влиянии участия банка на цену страховки необходимо знать конкретные условия и тарифы, предлагаемые банком и страховой компанией."
343,Как статус МФО влияет на шанс вернуть вложения при банкротстве организации?,"Статус микрофинансовой организации (МФО) действительно может влиять на шансы возврата вложений при её банкротстве. Вот основные аспекты:

1. **Регулирование и надзор**: МФО, зарегистрированные в Центральном банке РФ и имеющие соответствующую лицензию, находятся под его надзором. Это увеличивает прозрачность деятельности и снижает риски для вкладчиков.

2. **Система страхования вкладов**: В отличие от банков, вклады в МФО не застрахованы в АСВ (Агентстве по страхованию вкладов). Это означает, что при банкротстве МФО вкладчики не смогут рассчитывать на компенсацию от государства.

3. **Порядок возврата средств**: При банкротстве МФО средства вкладчиков включаются в конкурсную массу и возвращаются в порядке очередности, установленной законом. Это может занять значительное время, и шансы на полный возврат зависят от финансового состояния организации.

4. **Риски высокие**: МФО, особенно те, которые не имеют лицензии ЦБ РФ, могут представлять более высокие риски для вкладчиков. В случае их банкротства шансы на возврат вложений значительно снижаются.

Таким образом, статус МФО и её регулируемость играют ключевую роль в определении шансов на возврат вложений при банкротстве."
344,"Как при расчете ПДН учитывают кредит, где вы созаемщик, по сравнению с кредитом, где вы поручитель?","Для расчета потенциального дохода на человека (ПДН) кредиты, где вы являетесь созаемщиком, учитываются в полном объеме, так как вы несете солидарную ответственность по долгу наравне с основным заемщиком.

В случае, если вы выступаете поручителем, кредит также учитывается в расчете ПДН, но обычно с меньшим весом, так как ваша ответственность возникает только в случае невыполнения обязательств основным заемщиком.

Точные правила и коэффициенты учета могут различаться в зависимости от политики конкретного банка."
345,"Что делать, если требуют оплатить кредит, которого вы не оформляли?","Если вам приходят требования об оплате кредита, которого вы не оформляли, важно действовать следующим образом:

1. **Проверьте информацию**: Уточните, в каком банке и на какие реквизиты требуют оплату. Возможно, это ошибка или мошенническая схема.

2. **Обратитесь в банк**: Если требование пришло от конкретного банка, свяжитесь с его службой поддержки. Уточните, есть ли у них информация о кредите на ваше имя. Банк должен подтвердить или опровергнуть наличие задолженности.

3. **Проверьте кредитную историю**: Закажите выписку из кредитного бюро (например, НБКИ или ОКБ). Это поможет выяснить, есть ли у вас невыплаченные кредиты.

4. **Обратитесь в полицию**: Если вы уверены, что кредит оформлен мошенническим путем, подайте заявление в полицию. Это поможет защитить ваши права и предотвратить дальнейшие попытки мошенничества.

5. **Не оплачивайте требования**: Не переводите деньги до выяснения обстоятельств. Мошенники могут использовать ваши данные для получения кредитов без вашего согласия.

Если у вас есть дополнительные вопросы по кредитам или банковским услугам, задавайте их."
346,Зачем предпринимателю нужен бизнес-план при привлечении денег через инвестплатформы или биржу?,"Бизнес-план нужен предпринимателю для нескольких ключевых целей при привлечении инвестиций:

1. **Показ потенциала и перспектив**: Бизнес-план демонстрирует инвесторам, как предприниматель планирует развивать бизнес, какие цели ставит и как собирается их достигать. Это помогает инвесторам оценить перспективность проекта.

2. **Финансовая прозрачность**: В бизнес-плане отражаются все финансовые аспекты проекта, включая прогнозы доходов, расходов, рентабельности и сроки окупаемости. Это позволяет инвесторам понять, насколько проект может быть прибыльным.

3. **Планирование и управление рисками**: Бизнес-план включает в себя анализ возможных рисков и способы их минимизации. Это показывает инвесторам, что предприниматель продумал все возможные сценарии развития событий и готов к ним.

4. **Привлечение доверия**: Четко структурированный и продуманный бизнес-план повышает доверие инвесторов к предпринимателю и его проекту. Это увеличивает шансы на успешное привлечение инвестиций.

5. **Сравнение с конкурентами**: Бизнес-план позволяет инвесторам сравнить проект с другими предложениями на рынке, оценить его уникальность и конкурентные преимущества.

Таким образом, бизнес-план является важным инструментом для привлечения инвестиций, так как он помогает инвесторам принять обоснованное решение о вложении средств."
347,Как инвестору распорядиться замороженными паями ПИФов в 2024 году?,"Для того чтобы дать точный ответ, мне нужно больше информации о вашей ситуации. Пожалуйста, уточните:

1. Какие именно ПИФы у вас заморожены?
2. По какой причине паи были заморожены?
3. Есть ли у вас информация о сроках разморозки?

Как только у меня будет эта информация, я смогу дать более точный ответ."
348,"Сколько можно вернуть по ИИС при открытии до конца года, с каким сроком перечисляют деньги через ФНС?","Для получения налогового вычета по ИИС типа А (инвестиционный счет с возможностью получения налогового вычета) необходимо соблюдать несколько условий:

1. **Срок владения**: ИИС должен быть открыт и действовать не менее 3 лет.
2. **Сумма вклада**: Максимальная сумма, с которой можно получить вычет, составляет 1 миллион рублей в год. Это означает, что максимальный налоговый вычет, который можно получить, составляет 13% от 1 миллиона рублей, то есть 130 тысяч рублей в год.
3. **Перечисление денег через ФНС**: После подачи декларации 3-НДФЛ и получения решения о предоставлении налогового вычета, деньги обычно перечисляются в течение 3-4 месяцев. Точный срок может варьироваться в зависимости от загрузки налоговой службы.

Таким образом, если вы откроете ИИС до конца года и будете соблюдать все условия, вы сможете вернуть до 130 тысяч рублей в виде налогового вычета. Деньги будут перечислены через ФНС в течение нескольких месяцев после подачи документов."
349,Чем официальное измерение инфляции отличается от «индекса борща»?,"Официальное измерение инфляции проводится государственными статистическими органами на основе потребительской корзины, которая включает в себя широкий набор товаров и услуг, представляющих потребление среднестатистического домохозяйства. Индекс потребительских цен (ИПЦ) рассчитывается на основе изменения цен на эти товары и услуги.

«Индекс борща» — это неофициальный показатель, который отражает изменение стоимости конкретного набора продуктов, необходимых для приготовления борща. Этот индекс часто используется как иллюстративный пример для демонстрации роста цен на продукты питания.

Основные различия:
1. **Методология**: Официальный ИПЦ учитывает широкий спектр товаров и услуг, тогда как «индекс борща» фокусируется только на нескольких продуктах.
2. **Цель**: Официальный ИПЦ используется для оценки общего уровня инфляции и принятия экономических решений, в то время как «индекс борща» служит для наглядной демонстрации роста цен на продукты питания.
3. **Регулярность и официальный статус**: Официальный ИПЦ рассчитывается и публикуется регулярно государственными органами, тогда как «индекс борща» может рассчитываться различными организациями или СМИ и не имеет официального статуса."
350,В каких схемах применяется номинальный счет?,"Номинальный счет применяется в следующих схемах:

1. **Трейдинг на бирже**: Номинальный счет используется для учета ценных бумаг, которые принадлежат клиенту, но хранятся у брокера. Это позволяет клиенту торговать акциями, облигациями и другими ценными бумагами без необходимости физического их хранения.

2. **Управление активами**: Номинальный счет может использоваться управляющими компаниями для учета активов клиентов, которые доверили управление своими инвестициями профессионалам.

3. **Корпоративные финансы**: В некоторых случаях номинальный счет используется для учета активов компании, которые находятся под управлением третьих лиц, например, в рамках доверительного управления.

4. **Инвестиционные фонды**: Номинальный счет может использоваться для учета долей участников инвестиционных фондов, что позволяет фонду управлять активами клиентов в соответствии с установленными правилами.

Если у вас есть дополнительные вопросы по номинальным счетам или другим банковским продуктам, пожалуйста, уточните их."
351,Какие возможности дает 30 дней после оформления договора или POS-кредита?,"После оформления договора или POS-кредита у вас есть 30 дней, в течение которых вы можете:

1. **Возвратить товар**: Если товар не понравился или не подошёл, вы можете вернуть его в магазин и расторгнуть кредитный договор. В этом случае кредит будет закрыт, и вы не будете должны банку.

2. **Ознакомиться с условиями кредита**: Вы можете внимательно изучить условия кредита, включая процентную ставку, сроки погашения и другие важные детали.

3. **Решить вопросы с банком**: Если у вас возникли вопросы или проблемы с кредитом, вы можете обратиться в банк для их решения.

4. **Возможность досрочного погашения**: В некоторых случаях вы можете досрочно погасить кредит, если это предусмотрено условиями договора.

Если у вас есть конкретные вопросы по вашему кредиту, лучше обратиться в банк для получения точной информации."
352,Когда стоит обратиться к финансовому консультанту вместо самостоятельного планирования?,"Обратиться к финансовому консультанту стоит в следующих случаях:

1. **Сложные финансовые ситуации**: Если у вас есть сложные финансовые вопросы, такие как инвестирование, налоговое планирование или управление активами, консультант поможет разобраться и принять обоснованные решения.

2. **Отсутствие времени или знаний**: Если у вас нет времени или опыта для самостоятельного управления финансами, консультант может взять на себя эту задачу.

3. **Долгосрочное планирование**: Для составления долгосрочных финансовых планов, таких как пенсионное планирование или накопление на образование детей, консультант поможет разработать стратегию.

4. **Изменения в жизни**: В случае значительных изменений в жизни, таких как смена работы, наследование или получение крупной суммы денег, консультант поможет адаптировать финансовый план.

5. **Риски и страхование**: Если вы хотите защитить свои активы и семью, консультант поможет подобрать подходящие страховые продукты и инвестиционные инструменты.

6. **Оптимизация налогов**: Консультант может помочь снизить налоговую нагрузку и использовать все возможные льготы.

Если у вас есть конкретные вопросы по финансовому планированию, я готов помочь."
353,Чем для вкладчика отличается санация банка от отзыва лицензии?,"Санация банка и отзыв лицензии — это разные процедуры, которые имеют разные последствия для вкладчиков.

1. **Санация банка**:
   - Это процедура финансового оздоровления банка, которая проводится для восстановления его платежеспособности.
   - Вкладчики продолжают получать проценты по вкладам и могут свободно распоряжаться своими средствами.
   - Санация может включать в себя внесение дополнительного капитала, замену руководства или другие меры по стабилизации банка.
   - Вкладчики не несут потерь, так как их средства остаются в банке и продолжают приносить доход.

2. **Отзыв лицензии**:
   - Это процедура, при которой банк признается неспособным продолжать свою деятельность.
   - Вкладчики могут столкнуться с ограничениями на доступ к своим средствам.
   - В случае отзыва лицензии средства вкладчиков подлежат страхованию в рамках системы страхования вкладов (например, АСВ в России), но процесс возврата средств может занять некоторое время.
   - Вкладчики могут получить компенсацию в размере до 1,4 миллиона рублей (на 2023 год) в рамках страхования вкладов.

Таким образом, санация банка обычно не влечет потерь для вкладчиков, тогда как отзыв лицензии может привести к временным ограничениям и необходимости ожидания возврата средств."
354,Может ли просроченный микрозаем бесконечно расти из‑за пеней?,"Просроченный микрозаем не может расти бесконечно из-за пеней. Банк или микрофинансовая организация (МФО) устанавливает определенные лимиты на начисление пеней и штрафов, которые регулируются законодательством. Обычно, после достижения определенной суммы долга, начисление пеней прекращается, и долг переходит в стадию взыскания через суд или коллекторские агентства.

Если у вас возникли трудности с погашением микрозаема, рекомендуется как можно раньше связаться с кредитором и обсудить возможные варианты реструктуризации долга или отсрочки платежей."
355,"Как поступить при требовании доплаты за ремонт по ОСАГО при оценке в пределах лимита, проверяя статус полиса через НСИС?","Для проверки статуса полиса ОСАГО и решения вопроса о доплате за ремонт в пределах лимита, следуйте этим шагам:

1. **Проверьте статус полиса через НСИС (Национальную систему идентификации страховых случаев)**:
   - Перейдите на официальный сайт НСИС или используйте мобильное приложение.
   - Введите данные полиса (номер полиса, данные страхователя и т.д.).
   - Убедитесь, что полис действителен и не имеет ограничений.

2. **Ознакомьтесь с условиями полиса**:
   - Проверьте лимиты покрытия и условия, указанные в вашем полисе ОСАГО.
   - Убедитесь, что сумма ремонта не превышает установленные лимиты.

3. **Свяжитесь со страховой компанией**:
   - Обратитесь в свою страховую компанию для уточнения деталей.
   - Запросите официальное разъяснение по поводу доплаты и проверьте, соответствует ли она условиям полиса.

4. **Подайте заявление на возмещение ущерба**:
   - Если доплата не требуется, подавайте заявление на возмещение ущерба в рамках лимита.
   - Приложите все необходимые документы, включая оценку ремонта и данные из НСИС.

5. **Обратитесь за консультацией**:
   - Если у вас возникли сомнения или спорные моменты, обратитесь за консультацией к юристу или в Российский союз автостраховщиков (РСА).

Если у вас есть дополнительные вопросы по ОСАГО или другим банковским продуктам, пожалуйста, уточните их."
356,Почему вклад в банке предпочтительнее домашней копилки с точки зрения инфляции и сохранности денег?,"Вклад в банке предпочтительнее домашней копилки по нескольким причинам:

1. **Защита от инфляции**: Банки предлагают процентные ставки по вкладам, которые могут превышать уровень инфляции. Это позволяет сохранять и даже увеличивать покупательную способность ваших денег.

2. **Гарантия сохранности**: Вклады в банках застрахованы. В России, например, страхование вкладов осуществляется АСВ (Агентством по страхованию вкладов) на сумму до 1,4 млн рублей.

3. **Доступность и ликвидность**: Деньги на вкладе можно снять в любой момент (если это не вклад с фиксированным сроком без возможности частичного снятия), тогда как в копилке доступ к деньгам ограничен.

4. **Надежность**: Банки — это регулируемые финансовые учреждения, которые проходят строгий контроль со стороны Центрального банка. Это снижает риски потери средств по сравнению с хранением денег дома.

5. **Дополнительные преимущества**: Некоторые банки предлагают дополнительные услуги, такие как онлайн-доступ к счету, автоматическое продление вклада, возможность пополнения и т.д.

Таким образом, вклад в банке обеспечивает не только сохранность средств, но и их прирост, что делает его более выгодным вариантом по сравнению с домашней копилкой."
357,Почему снятие наличных с карты за границей обходится дорого?,"Снятие наличных с карты за границей может обходиться дорого по нескольким причинам:

1. **Комиссия за снятие наличных**: Многие банки взимают комиссию за снятие наличных в иностранных банкоматах. Эта комиссия может быть фиксированной или процентной от суммы снятия.

2. **Курс конвертации**: Банк может применять невыгодный курс обмена валют. Обычно банки используют свой внутренний курс, который может отличаться от рыночного.

3. **Комиссия иностранного банка**: Некоторые банкоматы за границей также взимают свою комиссию за снятие наличных. Эта комиссия может быть значительной и добавляется к комиссии вашего банка.

4. **Лимиты и условия**: В некоторых случаях банки могут устанавливать лимиты на снятие наличных за границей, что может привести к дополнительным комиссиям или ограничениям.

Для более детальной информации о комиссиях и условиях снятия наличных за границей рекомендуется обратиться в ваш банк или прочитать условия использования карты."
358,Зачем ограничивать платежи по кредитам уровнем до 30% дохода?,"Ограничение платежей по кредитам уровнем до 30% дохода применяется для обеспечения финансовой стабильности заемщика. Это позволяет:

1. **Снизить финансовую нагрузку**: Ограничение помогает избежать ситуации, когда заемщик тратит слишком большую часть своего дохода на погашение кредитов, что может привести к финансовым трудностям.

2. **Поддержать платежеспособность**: Если платежи по кредитам превышают 30% дохода, заемщик может столкнуться с проблемами при возникновении непредвиденных расходов или снижении дохода.

3. **Снизить риски просрочек**: Чем меньше долговая нагрузка, тем ниже вероятность того, что заемщик не сможет вовремя погасить кредит, что положительно влияет на его кредитную историю.

4. **Соблюдать рекомендации финансовых регуляторов**: Многие финансовые организации и регуляторы рекомендуют придерживаться этого правила для защиты интересов заемщиков.

Таким образом, ограничение платежей по кредитам уровнем до 30% дохода направлено на защиту финансового благополучия заемщика и снижение рисков для обеих сторон кредитных отношений."
359,Как соотносятся лимит сотрудников на УСН с критерием малого бизнеса по численности?,"Для определения соотношения лимита сотрудников на УСН с критерием малого бизнеса по численности, необходимо учитывать следующие моменты:

1. **УСН (Упрощённая система налогообложения)**:
   - Лимит численности сотрудников для применения УСН составляет **100 человек** (включая внешних совместителей). Если численность превышает этот лимит, компания теряет право на применение УСН.

2. **Критерий малого бизнеса по численности**:
   - Согласно законодательству РФ, малым предприятием считается компания, в которой **численность сотрудников не превышает 100 человек** (включая внешних совместителей).
   - Для микропредприятий этот лимит составляет **15 человек**.

Таким образом, лимит численности сотрудников для УСН совпадает с критерием малого бизнеса по численности. Если компания соответствует этому лимиту, она может применять УСН и считаться малым предприятием."
360,"Каков максимальный срок кредитных каникул, какие лимиты по сумме действуют?","Максимальный срок кредитных каникул зависит от условий вашего кредитного договора и политики банка. Обычно он составляет от 3 до 6 месяцев, но может быть продлен по согласованию с банком.

Лимиты по сумме также зависят от условий вашего кредита. В некоторых случаях кредитные каникулы могут быть предоставлены только для части суммы кредита, а не для всей его суммы.

Для точной информации обратитесь в ваш банк или к кредитному специалисту."
361,Как кредитные каникулы мобилизованного отражаются на созаемщике?,"Кредитные каникулы для мобилизованных заемщиков не распространяются на созаемщиков. Это означает, что:

1. **Платежи созаемщика** продолжают начисляться в обычном режиме.
2. **Ответственность созаемщика** сохраняется в полном объеме.
3. **Кредитная история** созаемщика не улучшается за счет кредитных каникул основного заемщика.

Если у вас есть дополнительные вопросы по кредитным каникулам или другим банковским продуктам, пожалуйста, уточните."
362,"При какой сумме долгов выбирают внесудебное банкротство, а когда возникает обязанность подать в суд?","Внесудебное банкротство (физических лиц) применяется, если сумма долгов составляет от 500 тысяч до 500 миллионов рублей, а также соблюдаются следующие условия:

1. Должник не является индивидуальным предпринимателем.
2. Должник не подавал заявление о банкротстве в течение последних 5 лет.
3. Должник не является участником юридического лица, в отношении которого в течение последних 3 лет открыто конкурсное производство.
4. Должник не является соучредителем или участником юридического лица, в отношении которого в течение последних 3 лет введено внешнее управление.

Если сумма долгов превышает 500 миллионов рублей, или не соблюдаются вышеуказанные условия, то банкротство осуществляется в судебном порядке.

Для юридических лиц банкротство всегда осуществляется в судебном порядке, вне зависимости от суммы долгов."
363,"Почему при перегретой экономике снижение ключевой ставки запускает инфляционную спираль, подрывая сбережения?","При перегретой экономике снижение ключевой ставки может привести к увеличению денежной массы в обращении, так как кредиты становятся дешевле и доступнее. Это стимулирует рост спроса, что в условиях ограниченных производственных мощностей может привести к росту цен, то есть к инфляции.

Инфляция снижает покупательную способность денег, что подрывает реальную стоимость сбережений. Если инфляция превышает доходность по вкладам, то сбережения теряют свою ценность. Таким образом, снижение ключевой ставки в условиях перегретой экономики может запустить инфляционную спираль, которая негативно сказывается на сбережениях населения."
364,Когда страховка действительно обязательна: при покупке билета или при оформлении кредита?,"Страховка обязательна в следующих случаях:

1. **При оформлении кредита**: В большинстве случаев банки требуют страхование залогового имущества (например, недвижимости или автомобиля) при выдаче кредита. Это снижает риски для банка и может быть условием предоставления кредита.

2. **При покупке билета**: Страховка не является обязательной при покупке билетов, но может быть рекомендована для защиты от непредвиденных обстоятельств, таких как отмена рейса, потеря багажа или медицинские расходы за границей.

Таким образом, страховка обязательна в основном при оформлении кредита, тогда как при покупке билетов она является добровольной."
365,"Сколько раз в год бесплатно можно получить кредитную историю, а где узнать, в каких БКИ она хранится?","В соответствии с законодательством Российской Федерации, каждый гражданин имеет право бесплатно получить информацию о своей кредитной истории один раз в год в каждом бюро кредитных историй (БКИ), где она хранится.

Чтобы узнать, в каких БКИ хранится ваша кредитная история, вы можете воспользоваться несколькими способами:

1. **Официальный сайт Центрального каталога кредитных историй (ЦККИ)**: На сайте ЦККИ можно получить информацию о том, в каких БКИ хранится ваша кредитная история. Для этого необходимо заполнить заявление и отправить его через личный кабинет на сайте.

2. **Банк, в котором вы получали кредит**: Обычно банки предоставляют информацию о том, в каких БКИ они передают данные о своих клиентах.

3. **Сами бюро кредитных историй**: Вы можете обратиться напрямую в БКИ, которые работают на рынке, и запросить информацию о наличии вашей кредитной истории.

Для получения кредитной истории вам потребуется паспорт и СНИЛС. Процедура получения кредитной истории может быть осуществлена как через интернет, так и лично в офисе БКИ."
366,"Какой уровень долговой нагрузки считается приемлемым, а какой — критическим для заемщика?","Приемлемый уровень долговой нагрузки обычно составляет до 30-40% от дохода заемщика. Это означает, что ежемесячные платежи по кредитам не должны превышать 30-40% от общего дохода.

Критическим уровнем считается долговая нагрузка выше 50%. В этом случае заемщик может испытывать значительные трудности с погашением кредитов, что повышает риск дефолта.

Для более точного определения уровня долговой нагрузки рекомендуется обратиться к кредитному специалисту банка."
367,Когда заявлять в полицию при мошенничестве или аварии?,"При мошенничестве необходимо незамедлительно обратиться в полицию. Чем быстрее вы подадите заявление, тем выше шансы на возврат средств и привлечение виновных к ответственности.

В случае аварии, если есть пострадавшие или значительный ущерб, также следует сразу сообщить в полицию. Если ущерб незначительный и все участники согласны на мирное урегулирование, можно обойтись без вызова полиции, но это не отменяет необходимости оформления ДТП.

Для более точного ответа уточните, о каком именно случае идет речь."
368,Почему снижение ключевой ставки в перегретой экономике может разогнать инфляцию вместо роста выпуска?,"Снижение ключевой ставки в перегретой экономике может привести к увеличению денежной массы в обращении. Это происходит потому, что снижение ставки делает кредиты дешевле, что стимулирует заемные средства и, как следствие, рост потребительских расходов и инвестиций. В условиях перегретой экономики, когда спрос уже высок, дополнительные деньги могут привести к росту цен на товары и услуги, а не к увеличению выпуска продукции. Это, в свою очередь, может усилить инфляционные процессы.

Таким образом, в перегретой экономике снижение ключевой ставки может привести к росту инфляции вместо ожидаемого роста выпуска."
369,Чем грозит досрочная смена фонда в ОПС по сравнению с досрочным расторжением договора НПО?,"Для ответа на ваш вопрос важно учитывать несколько ключевых аспектов, связанных с пенсионными накоплениями и их управлением.

1. **Досрочная смена фонда в ОПС (Обязательной Пенсионной Системе)**:
   - **Процедура**: Смена управляющей компании (УК) или инвестиционного портфеля в рамках ОПС обычно осуществляется через подачу заявления в Пенсионный фонд России (ПФР) или через личный кабинет на сайте ПФР.
   - **Последствия**: Смена фонда не влечет за собой потерь накопленных средств, так как все средства остаются в системе ОПС. Однако возможны временные задержки в перечислении средств между фондами, что может повлиять на доходность в краткосрочной перспективе.
   - **Доходность**: При смене фонда возможна смена инвестиционной стратегии, что может повлиять на будущую доходность пенсионных накоплений.

2. **Досрочное расторжение договора НПО (Негосударственного Пенсионного Обеспечения)**:
   - **Процедура**: Расторжение договора НПО обычно требует подачи заявления в негосударственный пенсионный фонд (НПФ) и может сопровождаться штрафными санкциями или удержаниями, если договор предусматривает штрафы за досрочное расторжение.
   - **Последствия**: При досрочном расторжении договора НПО возможны потери части накопленных средств, особенно если договор предусматривает штрафы или удержания. Также возможны налоговые последствия, так как досрочное получение средств может облагаться налогом.
   - **Доходность**: Досрочное расторжение договора НПО может привести к потере потенциальной доходности, так как средства перестают участвовать в инвестиционном процессе.

**Вывод**:
Досрочная смена фонда в ОПС обычно менее рискованна и не влечет за собой потерь накопленных средств, однако может повлиять на краткосрочную доходность. Досрочное расторжение договора НПО может сопровождаться штрафами, удержаниями и налоговыми последствиями, что делает его более рискованным с точки зрения сохранения и приумножения пенсионных накоплений."
370,"Как заранее оценить переплату по кредиту, чтобы не попасть в долговую яму?","Для оценки переплаты по кредиту и предотвращения долговой ямы можно использовать несколько подходов:

1. **Используйте кредитный калькулятор**: На сайте банка или на финансовых платформах есть кредитные калькуляторы. Введите сумму кредита, срок и процентную ставку, чтобы увидеть общую сумму переплаты.

2. **Рассчитайте ежемесячный платеж**: Используйте формулу аннуитетного платежа:
   \[
   P = S \times \frac{r(1+r)^n}{(1+r)^n-1}
   \]
   где \( P \) — ежемесячный платеж, \( S \) — сумма кредита, \( r \) — месячная процентная ставка (годовая ставка деленная на 12), \( n \) — количество месяцев.

3. **Сравните предложения разных банков**: У разных банков могут быть разные процентные ставки и условия. Сравните несколько предложений, чтобы выбрать наиболее выгодное.

4. **Учитывайте дополнительные комиссии**: Некоторые кредиты могут включать скрытые комиссии или страховки, которые увеличивают общую стоимость кредита.

5. **Планируйте досрочное погашение**: Если есть возможность, рассчитайте, как досрочное погашение снизит общую переплату. Это можно сделать с помощью кредитного калькулятора с функцией досрочного погашения.

6. **Оцените свою финансовую нагрузку**: Убедитесь, что ежемесячный платеж по кредиту не превышает 30-40% от вашего дохода. Это поможет избежать финансовых трудностей.

Если у вас есть конкретные параметры кредита (сумма, срок, процентная ставка), я могу помочь рассчитать переплату более детально."
371,Где проверить легальность страховой компании либо кооператива при сомнениях?,"Для проверки легальности страховой компании или кооператива можно воспользоваться следующими способами:

1. **Официальный сайт Центрального банка РФ (ЦБ РФ)**:
   - На сайте ЦБ РФ есть реестр страховых организаций, где можно проверить, включена ли компания в список действующих страховщиков.
   - Адрес: [cbr.ru](http://www.cbr.ru)

2. **Единый государственный реестр юридических лиц (ЕГРЮЛ)**:
   - На сайте Федеральной налоговой службы (ФНС) можно проверить информацию о регистрации компании.
   - Адрес: [nalog.ru](https://www.nalog.ru)

3. **Сайт страховой компании**:
   - На официальном сайте компании должна быть размещена лицензия, выданная ЦБ РФ, а также информация о реквизитах и контактах.

4. **Отзывы и рейтинги**:
   - Можно изучить отзывы клиентов на независимых платформах, таких как ""Банки.ру"", ""Отзовик"" и другие.

5. **Горячая линия ЦБ РФ**:
   - По телефону горячей линии ЦБ РФ можно получить консультацию по вопросам легальности страховой компании.
   - Телефон: 8-800-250-40-70

Если у вас остались сомнения, лучше обратиться в ЦБ РФ или в Роспотребнадзор для получения официальной информации."
372,Как защищать права по ОСАГО при отсутствии периода охлаждения?,"Для защиты прав по ОСАГО при отсутствии периода охлаждения следует действовать следующим образом:

1. **Соблюдение сроков**: Убедитесь, что вы подаете заявление о страховом случае в установленные сроки. Обычно это 5 рабочих дней с момента ДТП.

2. **Сбор документов**: Подготовьте все необходимые документы, включая извещение о ДТП, копии паспорта, водительского удостоверения, свидетельства о регистрации ТС, а также документы, подтверждающие факт ДТП и ущерб.

3. **Обращение в страховую компанию**: Напишите заявление в страховую компанию, указав все обстоятельства ДТП и требования о выплате. Обязательно сохраните копию заявления и отметку о его принятии.

4. **Оспаривание решений**: Если страховая компания отказывает в выплате или затягивает процесс, вы можете обратиться в Российский союз автостраховщиков (РСА) или в суд. Для этого потребуется собрать дополнительные доказательства и документы, подтверждающие ваши требования.

5. **Консультация юриста**: В сложных случаях рекомендуется проконсультироваться с юристом, специализирующимся на страховом праве, чтобы защитить свои права наиболее эффективно.

Если у вас есть дополнительные вопросы по ОСАГО, пожалуйста, уточните их."
373,Как избежать потерь при переводе пенсионных накоплений в программу долгосрочных сбережений из другого фонда?,"Для перевода пенсионных накоплений в программу долгосрочных сбережений и минимизации потерь следует учитывать несколько ключевых моментов:

1. **Сравнение условий**: Перед переводом сравните условия текущего фонда и программы долгосрочных сбережений. Уделите внимание комиссиям, доходности и инвестиционным стратегиям.

2. **Период инвестирования**: Убедитесь, что программа долгосрочных сбережений соответствует вашим долгосрочным финансовым целям. Перевод в программу с более высоким риском может привести к потере накоплений, если вы не готовы к долгосрочному инвестированию.

3. **Комиссии и издержки**: Ознакомьтесь с комиссиями за перевод и управление средствами. Высокие комиссии могут значительно снизить доходность ваших накоплений.

4. **Налоговые последствия**: Уточните, есть ли налоговые последствия при переводе пенсионных накоплений. В некоторых случаях перевод может быть освобожден от налогообложения, но это зависит от конкретных условий.

5. **Консультация с специалистом**: Перед принятием решения проконсультируйтесь с финансовым консультантом или представителем вашего пенсионного фонда. Специалист поможет оценить все риски и преимущества перевода.

Если у вас есть дополнительные вопросы по пенсионным накоплениям или программам долгосрочных сбережений, пожалуйста, уточните их."
374,Чем грозит просрочка по «нулевому» микрозайму для будущих заявок на кредит?,"Просрочка по любому займу, включая ""нулевой"" микрозайм, может негативно сказаться на вашей кредитной истории. Это может привести к следующим последствиям:

1. Ухудшение кредитной истории: Просрочка будет отражена в вашей кредитной истории, что может снизить ваш кредитный рейтинг.
2. Снижение шансов на одобрение будущих кредитов: Банки и другие кредитные организации могут отказать в выдаче кредита или предложить менее выгодные условия, если увидят просрочки в вашей кредитной истории.
3. Возможные штрафы и пенни: За просрочку могут быть начислены штрафы и пенни, что увеличит общую сумму долга.
4. Проблемы с другими кредиторами: Даже если вы планируете взять кредит в другом месте, просрочка по одному займу может повлиять на решение кредитора.

Если у вас возникли трудности с погашением займа, рекомендуется сразу связаться с кредитором и обсудить возможные варианты решения проблемы."
375,"Каковы последствия отзыва лицензии банка для долга по кредитке, а НПФ — для пенсионных накоплений?","Последствия отзыва лицензии у банка для долга по кредитной карте:

1. **Обязательства по кредиту сохраняются**: Долг по кредитной карте не аннулируется, даже если банк лишился лицензии. Кредитор (банк или его правопреемник) имеет право требовать возврата долга в соответствии с условиями кредитного договора.

2. **Временное приостановление операций**: После отзыва лицензии банк временно приостанавливает операции по счетам, включая кредитные карты. Это означает, что вы не сможете пользоваться кредиткой, но и платежи по кредиту также могут быть приостановлены.

3. **Переход прав требования**: Права требования по кредиту могут быть переданы другому банку или коллекторскому агентству. В этом случае новый кредитор уведомит вас о переходе прав и предоставит новую информацию для погашения долга.

4. **Изменение условий погашения**: В некоторых случаях новые условия погашения могут отличаться от первоначальных. Важно внимательно изучить новые условия и согласовать их с новым кредитором.

Последствия отзыва лицензии у НПФ для пенсионных накоплений:

1. **Переход накоплений в другой НПФ или в ПФР**: Пенсионные накопления клиентов НПФ, у которого отозвана лицензия, переходят в другой НПФ или в Пенсионный фонд России (ПФР) в соответствии с законодательством.

2. **Сохранность накоплений**: Пенсионные накопления остаются в безопасности и продолжают инвестироваться. Переход накоплений осуществляется без потери средств.

3. **Изменение условий управления накоплениями**: Новый НПФ или ПФР может предложить другие условия управления пенсионными накоплениями. Важно внимательно изучить новые условия и принять решение о дальнейшем управлении накоплениями.

4. **Уведомление клиентов**: Клиенты НПФ, у которого отозвана лицензия, будут уведомлены о переходе накоплений и предоставлены все необходимые инструкции для дальнейших действий.

В обоих случаях важно следить за официальными уведомлениями и консультироваться с представителями новых организаций для получения точной информации о дальнейших действиях."
376,С какого возраста подросток открывает вклад с возможностью снимать проценты до совершеннолетия?,"В соответствии с законодательством Российской Федерации, подросток может открыть вклад в банке с 14 лет. Однако, для снятия процентов до достижения совершеннолетия (18 лет) требуется согласие родителей или законных представителей.

Для открытия вклада подростку потребуется:
- Паспорт (если есть) или свидетельство о рождении.
- Паспорт одного из родителей или законного представителя.
- Согласие родителей или законных представителей на открытие вклада и снятие процентов.

Уточните, пожалуйста, в каком банке вы планируете открыть вклад, так как условия могут немного отличаться в зависимости от банка."
377,Влияет ли участие созаемщика на сумму и процент по кредиту?,"Участие созаемщика может повлиять на сумму и процент по кредиту, но это зависит от нескольких факторов:

1. **Сумма кредита**: Наличие созаемщика может увеличить сумму, на которую вы можете рассчитывать, так как банк учитывает доходы обоих заемщиков. Это особенно актуально, если у одного из заемщиков низкий доход.

2. **Процентная ставка**: Банк может предложить более выгодные условия, если созаемщик имеет хорошую кредитную историю и стабильный доход. В некоторых случаях это может снизить процентную ставку по кредиту.

Однако окончательное решение зависит от политики конкретного банка и индивидуальных обстоятельств заемщиков."
378,Как учитываются вклад с кредитом в одном банке при санации либо при отзыве лицензии?,"При санации или отзыве лицензии у банка порядок учета вкладов и кредитов зависит от нескольких факторов:

1. **Вклад**: Вклады физических лиц в банке, у которого отозвана лицензия, застрахованы в АСВ (Агентство по страхованию вкладов) на сумму до 1,4 млн рублей. Если у вас несколько вкладов в одном банке, они суммируются. Средства будут выплачены в течение 14 дней с момента отзыва лицензии.

2. **Кредит**: Кредиты не застрахованы. Если банк проходит санацию, условия кредитования могут измениться, но сам долг остается. При отзыве лицензии кредитные обязательства переходят к новому банку или АСВ, но условия могут быть пересмотрены.

3. **Взаимозачет**: В некоторых случаях возможен взаимозачет, когда сумма вклада может быть учтена при погашении кредита. Однако это зависит от решений АСВ или нового банка.

Для точного ответа необходимо знать конкретные условия санации или отзыва лицензии, а также детали ваших вкладов и кредитов. Рекомендуется обратиться в АСВ или новый банк для получения актуальной информации."
379,Как определяется доходность по векселю по сравнению с ценой лота на аукционе замороженных активов?,"Для определения доходности по векселю и сравнения её с ценой лота на аукционе замороженных активов необходимо учитывать несколько факторов.

1. **Доходность векселя**:
   - Вексель представляет собой долговое обязательство, по которому выплачивается процентный доход.
   - Доходность векселя определяется как отношение годового процентного дохода к номинальной стоимости векселя.
   - Формула доходности: \( \text{Доходность} = \frac{\text{Годовой доход}}{\text{Номинальная стоимость}} \times 100\% \).

2. **Цена лота на аукционе замороженных активов**:
   - Цена лота на аукционе определяется на основе спроса и предложения.
   - В случае замороженных активов цена может быть ниже рыночной стоимости из-за рисков, связанных с такими активами.

3. **Сравнение**:
   - Для сравнения доходности векселя и цены лота на аукционе необходимо перевести обе величины в сопоставимые единицы.
   - Например, можно сравнить годовую доходность векселя с годовой доходностью, которую можно получить от покупки лота на аукционе.

Если у вас есть конкретные данные по векселю и лоту на аукционе, можно провести более точный расчет и сравнение."
380,"Какой налог можно платить со сдачи жилья вместо НДФЛ, чем его ставки отличаются от подоходного налога?","Для физических лиц, сдающих жилье в аренду, есть несколько вариантов налогообложения, кроме НДФЛ (налога на доходы физических лиц). Рассмотрим основные из них:

1. **Патентная система налогообложения (ПСН)**:
   - **Ставка**: 6% от потенциально возможного дохода (устанавливается региональными властями).
   - **Особенности**: Патент можно приобрести на срок от 1 месяца до 1 года. Налог рассчитывается исходя из предполагаемого дохода, а не фактического.
   - **Плюсы**: Простота расчета и уплаты, отсутствие необходимости вести сложную отчетность.
   - **Минусы**: Не подходит, если фактический доход значительно ниже потенциального.

2. **Упрощенная система налогообложения (УСН)**:
   - **Ставки**:
     - 6% с доходов (УСН ""Доходы"").
     - 15% с разницы между доходами и расходами (УСН ""Доходы минус расходы"").
   - **Особенности**: Требуется ведение учета доходов и расходов, а также сдача отчетности.
   - **Плюсы**: Возможность учета расходов (в случае УСН ""Доходы минус расходы""), что может снизить налоговую нагрузку.
   - **Минусы**: Более сложная отчетность по сравнению с ПСН.

3. **Налог на профессиональный доход (НПД, самозанятость)**:
   - **Ставки**:
     - 4% для доходов от физических лиц.
     - 6% для доходов от юридических лиц и индивидуальных предпринимателей.
   - **Особенности**: Подходит для тех, кто получает доход от сдачи жилья и не ведет другой предпринимательской деятельности.
   - **Плюсы**: Низкие ставки, простота учета и уплаты налога.
   - **Минусы**: Ограничения по максимальному доходу (в 2023 году — 2,4 млн рублей в год).

**Сравнение с НДФЛ**:
- **НДФЛ**: 13% от дохода (для резидентов РФ).
- **ПСН**: 6% от потенциального дохода.
- **УСН**: 6% или 15% (в зависимости от объекта налогообложения).
- **НПД**: 4% или 6% (в зависимости от типа клиента).

Выбор системы налогообложения зависит от ваших доходов, расходов и предпочтений в ведении учета. Рекомендуется проконсультироваться с налоговым консультантом для выбора оптимального варианта."
381,Что делать при первых признаках невозможности вовремя платить по кредиту?,"При первых признаках невозможности вовремя платить по кредиту следует действовать следующим образом:

1. **Свяжитесь с банком**: Как можно скорее сообщите о сложившейся ситуации в банк, где вы взяли кредит. Объясните причины задержки платежа и уточните, какие варианты решения проблемы доступны.

2. **Предложите реструктуризацию**: Банк может предложить реструктуризацию кредита, что позволит изменить условия платежей (например, увеличить срок кредита или уменьшить ежемесячный платеж).

3. **Уточните условия кредитного договора**: Внимательно изучите условия вашего кредитного договора, особенно пункты, касающиеся просрочек и штрафов. Это поможет вам понять, какие последствия могут возникнуть и как их избежать.

4. **Попробуйте получить отсрочку**: В некоторых случаях банк может предоставить отсрочку платежа на определенный период, что даст вам время для стабилизации финансового положения.

5. **Используйте другие источники дохода**: Попробуйте найти временные источники дохода или сэкономить на текущих расходах, чтобы покрыть кредитный платеж.

6. **Не игнорируйте проблему**: Важно не игнорировать проблему и не надеяться, что ситуация разрешится сама собой. Чем раньше вы начнете действовать, тем больше у вас шансов найти приемлемое решение.

Если вы не можете самостоятельно решить проблему, обратитесь за консультацией к финансовому консультанту или в организацию, предоставляющую бесплатную юридическую помощь."
382,Как начать подготовку к пассивному доходу к конкретной дате?,"Для подготовки к пассивному доходу к конкретной дате необходимо следовать нескольким ключевым шагам:

1. **Определение целей и сроков**:
   - Установите конкретную сумму пассивного дохода, которую вы хотите получать.
   - Определите дату, к которой вы хотите достичь этой цели.

2. **Анализ текущего финансового положения**:
   - Оцените свои текущие доходы и расходы.
   - Определите, сколько средств вы можете инвестировать ежемесячно.

3. **Выбор инструментов для инвестирования**:
   - Рассмотрите различные варианты инвестирования, такие как облигации, акции, недвижимость, депозиты и другие финансовые инструменты.
   - Оцените риски и доходность каждого из них.

4. **Создание инвестиционного плана**:
   - Разработайте план, который включает в себя регулярные инвестиции и диверсификацию портфеля.
   - Учтите налоговые аспекты и возможные комиссии.

5. **Реализация плана**:
   - Начните инвестировать в выбранные инструменты.
   - Регулярно отслеживайте и корректируйте свой инвестиционный портфель.

6. **Мониторинг и корректировка**:
   - Периодически пересматривайте свой план и вносите изменения в зависимости от изменения рыночных условий и ваших финансовых целей.

Если у вас есть конкретные вопросы по инвестиционным инструментам или стратегиям, пожалуйста, уточните, и я постараюсь помочь более детально."
383,В какой срок после ДТП подают документы страховщику при европротоколе?,При использовании европротокола документы необходимо подать страховщику в течение 5 рабочих дней с момента ДТП. Это условие установлено законодательством для сохранения права на страховую выплату.
384,Как проходит принудительная конвертация депозитарных расписок в акции при блокировке обмена?,"Принудительная конвертация депозитарных расписок (ADR) в акции происходит в случае, если эмитент или депозитарий принимает решение о прекращении программы ADR. В таком случае держатели расписок обязаны обменять их на акции.

Процесс конвертации обычно включает следующие этапы:

1. **Уведомление**: Эмитент или депозитарий информирует держателей ADR о предстоящей конвертации. В уведомлении указываются сроки и условия обмена.

2. **Блокировка обмена**: Если обмен не происходит в установленные сроки, депозитарий может заблокировать операции с ADR. Это означает, что держатели не смогут продать или перевести свои расписки до завершения конвертации.

3. **Конвертация**: После истечения срока для добровольного обмена депозитарий автоматически конвертирует ADR в акции. Количество акций, полученных в результате конвертации, определяется в соответствии с условиями программы ADR.

4. **Зачисление акций**: Акции зачисляются на счет держателя ADR в депозитарии. Дальнейшие операции с акциями проводятся в соответствии с правилами депозитария и биржи, на которой они торгуются.

Если у вас есть конкретные вопросы по вашей ситуации, рекомендую обратиться в депозитарий или к брокеру, через которого вы приобрели ADR."
385,Какие данные банковской карты нужны мошенникам?,"Мошенникам могут понадобиться следующие данные вашей банковской карты:

- Номер карты
- Срок действия карты (месяц и год)
- CVV-код (трехзначный код на обратной стороне карты)
- Имя держателя карты

Важно никогда не сообщать эти данные третьим лицам и не вводить их на подозрительных сайтах. Если у вас есть подозрения о мошеннических действиях, обратитесь в банк для блокировки карты."
386,"Почему при последствиях ДТП владельцу удобнее иметь каско, а не полагаться на одно ОСАГО?","При ДТП каско выгоднее ОСАГО по нескольким причинам:

1. **Полное покрытие ущерба**: Каско компенсирует ущерб независимо от виновника аварии, в то время как ОСАГО покрывает ущерб только потерпевшей стороне, если виновник застрахован.

2. **Более высокая сумма выплаты**: Каско обычно предусматривает более высокую сумму страховой выплаты по сравнению с ОСАГО, что позволяет полностью восстановить автомобиль.

3. **Дополнительные риски**: Каско покрывает ущерб от угона, пожара, стихийных бедствий и других рисков, которые не входят в ОСАГО.

4. **Быстрое восстановление**: Страховые компании, предлагающие каско, часто имеют собственные сервисы для ремонта, что ускоряет процесс восстановления автомобиля.

5. **Защита от недобросовестных водителей**: Если виновник ДТП не застрахован или скрылся с места аварии, каско все равно компенсирует ущерб, в то время как ОСАГО в таких случаях может не помочь.

Таким образом, каско обеспечивает более надежную защиту и комфорт для владельца автомобиля в случае ДТП."
387,"Вправе ли кредитор подать в суд за просрочку, если мобилизованному уже одобрили кредитные каникулы?","Для ответа на ваш вопрос необходимо учитывать несколько факторов:

1. **Кредитные каникулы**: Если мобилизованному гражданину уже одобрены кредитные каникулы, это означает, что на период действия каникул он освобождается от обязательств по погашению кредита. В этот период кредитор не вправе требовать выплаты основного долга, процентов и штрафов.

2. **Просрочка**: Если просрочка возникла до одобрения кредитных каникул, кредитор может подать в суд за нарушение обязательств. Однако, если просрочка возникла после одобрения каникул, кредитор не вправе подавать в суд, так как на этот период действует мораторий на взыскание задолженности.

3. **Законодательство**: В России действуют специальные законы, регулирующие вопросы кредитных каникул для мобилизованных граждан. Эти законы защищают заемщиков от претензий кредиторов на период действия каникул.

Таким образом, если кредитные каникулы уже одобрены, кредитор не вправе подавать в суд за просрочку, возникшую в период действия каникул. Однако, если просрочка возникла до их одобрения, кредитор может подать в суд."
388,"Учитывают ли при расчете НДФЛ проценты по счетам с процентом на остаток, например по текущему счету?","Нет, проценты, начисленные на остаток по текущему счету, не облагаются НДФЛ. Налог на доходы физических лиц (НДФЛ) в России не взимается с процентных доходов по текущим счетам, если процентная ставка не превышает ключевую ставку Центрального банка Российской Федерации, увеличенную на 5 процентных пунктов. Если ставка по счету выше этого значения, то начисленные проценты облагаются НДФЛ по ставке 35%."
389,Как корректно сравнить доходность НПФ с результатами управляющих компаний СФР с учетом комиссий?,"Для корректного сравнения доходности негосударственных пенсионных фондов (НПФ) с результатами управляющих компаний, работающих с средствами пенсионных накоплений (СФР), необходимо учитывать несколько ключевых аспектов:

1. **Структура комиссий**:
   - У НПФ комиссии могут включать взносы на управление, страхование и другие расходы. Эти комиссии могут быть фиксированными или процентными.
   - У управляющих компаний СФР комиссии также могут быть различными, включая комиссии за управление и другие расходы.

2. **Сроки инвестирования**:
   - Доходность НПФ и управляющих компаний может значительно различаться в зависимости от срока инвестирования. Длительные периоды инвестирования могут сглаживать колебания доходности.

3. **Риск и стратегия инвестирования**:
   - НПФ и управляющие компании могут использовать разные стратегии инвестирования, что влияет на уровень риска и доходность. Например, НПФ могут инвестировать в более консервативные активы, тогда как управляющие компании могут использовать более агрессивные стратегии.

4. **Инфляция и реальная доходность**:
   - Важно учитывать инфляцию при сравнении доходности. Реальная доходность (с учетом инфляции) может дать более точное представление о результатах инвестирования.

5. **Транспарентность и отчетность**:
   - Сравнивайте доходность на основе официальной отчетности, предоставляемой НПФ и управляющими компаниями. Это поможет избежать искажений из-за различных методов расчета.

Для более точного сравнения рекомендуется использовать данные за несколько лет, чтобы учесть колебания на рынке и долгосрочные тенденции."
390,Какие ограничения на досрочный выход описаны для векселя по сравнению с поданной заявкой на аукцион замороженных активов?,"Для ответа на ваш вопрос требуется больше информации о конкретных условиях векселя и аукциона замороженных активов, так как ограничения могут значительно различаться в зависимости от типа векселя, его эмитента, условий выпуска и конкретных правил аукциона.

В общем случае, векселя могут иметь следующие ограничения на досрочный выход:
1. **Штрафные санкции**: Возможны штрафы или пени за досрочный выход.
2. **Ограничения по сроку**: Некоторые векселя могут иметь минимальный срок владения.
3. **Условия продажи**: Возможны ограничения на продажу векселя до определенной даты.

Для аукциона замороженных активов ограничения также могут включать:
1. **Минимальный срок участия**: Участники могут быть обязаны держать активы определенное время.
2. **Ограничения на продажу**: Возможны ограничения на продажу активов, приобретенных на аукционе.

Для точного ответа необходимо знать конкретные условия вашего векселя и аукциона. Рекомендую обратиться в банк или к специалисту, который может предоставить детальную информацию по вашему случаю."
391,Какие шаги помогут не переплатить при выборе ипотеки по аналогии с борьбой с импульсивными покупками?,"Для того чтобы не переплатить при выборе ипотеки, можно применить аналогичные принципы, которые помогают избежать импульсивных покупок:

1. **Сравнение предложений**: Как и при выборе товара, сравните условия ипотеки в разных банках. Обратите внимание на процентные ставки, сроки кредитования, комиссии и дополнительные условия.

2. **Планирование бюджета**: Определите, какую сумму вы можете позволить себе ежемесячно выплачивать по ипотеке. Это поможет избежать переплат и финансовых трудностей в будущем.

3. **Изучение условий**: Внимательно изучите все условия кредитного договора, включая штрафы за досрочное погашение, страховки и другие скрытые платежи.

4. **Консультация с экспертом**: Проконсультируйтесь с кредитным специалистом или финансовым консультантом, чтобы понять все нюансы и выбрать наиболее выгодное предложение.

5. **Отложенное решение**: Не принимайте решение сразу. Дайте себе время на обдумывание и сравнение предложений, чтобы избежать импульсивного выбора.

Эти шаги помогут вам сделать осознанный выбор и минимизировать переплаты при оформлении ипотеки."
392,"Как организовать ребенку карманные деньги на карте так, чтобы родитель видел его траты?","Для организации карманных денег на карте с контролем расходов ребенка можно воспользоваться следующими вариантами:

1. **Детская карта с родительским контролем**:
   - Многие банки предлагают карты для детей с возможностью родительского контроля. Родитель может открыть карту на имя ребенка и управлять ею через свое мобильное приложение.
   - В приложении можно устанавливать лимиты на расходы, отслеживать транзакции и получать уведомления о тратах.

2. **Дополнительная карта к счету родителя**:
   - Некоторые банки позволяют выпускать дополнительные карты к основному счету родителя. Родитель может контролировать расходы через свое приложение или интернет-банк.
   - Можно устанавливать лимиты на расходы и получать уведомления о транзакциях.

3. **Специальные приложения для управления карманными деньгами**:
   - Существуют приложения, которые позволяют родителям переводить деньги на карту ребенка и отслеживать его расходы. Например, приложения типа ""Копилка"" или ""Деньги детям"".

4. **Установка лимитов и уведомлений**:
   - В мобильном приложении банка можно настроить уведомления о транзакциях, чтобы родитель сразу знал о любых расходах.
   - Можно установить лимиты на суточные или месячные расходы, чтобы контролировать траты ребенка.

Для более точного ответа уточните, в каком банке у вас открыт счет, и я помогу подобрать оптимальный вариант."
393,"Что безопаснее для сохранности активов при проблемах у посредника: брокер или доверительный управляющий, и почему?","Для оценки безопасности сохранности активов при проблемах у посредника необходимо сравнить два варианта: брокер и доверительный управляющий.

1. **Брокер**:
   - Активы клиента хранятся на брокерском счете, который обычно застрахован.
   - Клиент сохраняет контроль над своими активами и может в любой момент их продать или вывести.
   - В случае проблем у брокера активы клиента защищены за счет страхования и регулирования.

2. **Доверительный управляющий**:
   - Активы передаются в управление доверительному управляющему, который действует в интересах клиента.
   - Клиент теряет прямой контроль над активами, так как управление переходит к управляющему.
   - В случае проблем у доверительного управляющего активы могут быть защищены за счет договорных обязательств и регулирования, но степень защиты может быть ниже, чем у брокера.

**Вывод**:
Брокерский счет обычно считается более безопасным вариантом для сохранности активов, так как клиент сохраняет контроль над своими активами и они защищены за счет страхования и регулирования. Доверительное управление может быть менее безопасным, так как клиент теряет прямой контроль над активами."
394,Почему не стоит инвестировать последние деньги либо занимать на биржу?,"Инвестирование последних денег или занятые средства на бирже не рекомендуется по нескольким причинам:

1. **Высокий риск потерь**: Биржевые инвестиции всегда связаны с риском. Если вы вложите последние деньги, вы рискуете остаться без средств на жизненно важные нужды.

2. **Психологическое давление**: Инвестирование заемных средств создает дополнительное давление. Это может привести к принятию нерациональных решений из-за страха потерять деньги.

3. **Отсутствие финансовой подушки**: Последние деньги обычно составляют финансовую подушку безопасности. Их инвестирование может лишить вас возможности покрыть неожиданные расходы.

4. **Потенциальные долги**: Если инвестиции окажутся убыточными, вы можете столкнуться с долгами, которые придется возвращать.

Рекомендуется инвестировать только те средства, потеря которых не нанесет значительного ущерба вашему финансовому положению."
395,"Когда безопаснее переводить пенсионные накопления в новый НПФ, если ориентироваться на надежные фонды по рейтингу?","Для перевода пенсионных накоплений в новый НПФ, ориентируясь на надежные фонды по рейтингу, важно учитывать несколько факторов:

1. **Рейтинг и надежность НПФ**: Проверьте актуальные рейтинги НПФ, которые публикуются независимыми агентствами. Это поможет выбрать фонд с высокой надежностью и стабильностью.

2. **Финансовые показатели**: Оцените финансовые результаты НПФ за последние годы. Это включает доходность, размер активов под управлением и уровень риска.

3. **Репутация и отзывы**: Изучите отзывы клиентов и экспертов о выбранном НПФ. Это поможет понять, насколько фонд надежен и прозрачен в своей работе.

4. **Условия перевода**: Уточните условия перевода пенсионных накоплений в выбранный НПФ. Некоторые фонды могут предлагать более выгодные условия для новых клиентов.

5. **Сроки и процедуры**: Ознакомьтесь с процедурой перевода и сроками, чтобы избежать задержек и проблем в будущем.

6. **Консультация с экспертом**: Перед переводом рекомендуется проконсультироваться с финансовым консультантом или специалистом по пенсионным накоплениям.

Важно помнить, что перевод пенсионных накоплений — это серьезный шаг, который требует тщательного анализа и взвешенного решения."
396,Каковы сроки подачи заявлений при ликвидации МФО по сравнению с обращением за возмещением при отзыве лицензии у НПФ?,"Для ответа на ваш вопрос требуется больше информации, так как сроки подачи заявлений при ликвидации микрофинансовых организаций (МФО) и обращения за возмещением при отзыве лицензии у негосударственных пенсионных фондов (НПФ) регулируются разными нормативными актами и могут различаться в зависимости от конкретных обстоятельств.

Пожалуйста, уточните, какие именно сроки вас интересуют, или предоставьте дополнительные детали, чтобы я мог дать более точный ответ."
397,Почему платеж через терминал может зависнуть при отзыве лицензии у банка‑посредника?,"Платеж через терминал может зависнуть при отзыве лицензии у банка-посредника по нескольким причинам:

1. **Технические сбои**: Отзыв лицензии может привести к временному отключению систем банка-посредника, что вызывает зависание транзакций.

2. **Блокировка операций**: Банк-посредник может временно заблокировать все операции, включая платежи через терминалы, для предотвращения несанкционированных действий.

3. **Обновление данных**: Система терминалов может требовать обновления данных о банке-посреднике, что временно приостанавливает обработку платежей.

4. **Проблемы с коммуникацией**: Терминалы могут терять связь с серверами банка-посредника, что приводит к зависанию транзакций.

Если у вас возникли проблемы с платежом, рекомендуется обратиться в службу поддержки вашего банка для получения актуальной информации и помощи."
398,Почему рискованно работать через иностранного форекс-дилера без российской лицензии?,"Работа с иностранным форекс-дилером без российской лицензии сопряжена с рядом рисков:

1. **Отсутствие регулирования**: Российские регуляторы не контролируют деятельность таких дилеров, что увеличивает риск мошенничества или невыполнения обязательств.

2. **Отсутствие защиты инвесторов**: В случае споров или проблем с выводом средств клиенты не смогут обратиться в российские суды или регуляторы для защиты своих прав.

3. **Валютные риски**: Перевод средств за границу и обратно может сопровождаться дополнительными комиссиями и рисками, связанными с колебаниями курса валют.

4. **Технические и юридические сложности**: Возможны проблемы с доступом к счету, блокировкой средств или изменением условий сотрудничества без предупреждения.

5. **Отсутствие гарантий**: Российские дилеры, имеющие лицензию, обязаны соблюдать определенные стандарты и гарантии, которые отсутствуют у иностранных компаний без лицензии.

Рекомендуется выбирать дилеров, имеющих лицензию Центрального банка Российской Федерации, чтобы минимизировать риски."
399,Куда жаловаться при нарушении прав со стороны брокера или форекс‑дилера?,"При нарушении прав со стороны брокера или форекс-дилера вы можете обратиться в следующие инстанции:

1. **Финансовый уполномоченный** – это независимый арбитражный центр, который рассматривает споры между клиентами и финансовыми организациями, включая брокеров и форекс-дилеров. Обратиться можно через сайт Финансового уполномоченного.

2. **Центральный банк Российской Федерации (Банк России)** – регулятор финансового рынка, который контролирует деятельность брокеров и форекс-дилеров. Жалобу можно подать через официальный сайт ЦБ РФ.

3. **Саморегулируемые организации (СРО)** – если брокер или форекс-дилер является членом СРО, можно обратиться в эту организацию для разрешения спора.

4. **Судебные органы** – если другие способы не помогли, можно подать иск в суд.

Рекомендуется сохранить все документы, подтверждающие нарушение прав, и обратиться в соответствующие инстанции в установленном порядке."
400,Распространяется ли самозапрет на POS‑микрозаймы?,"Самозапрет на получение микрозаймов распространяется на все виды займов, включая POS-микрозаймы. Это означает, что если клиент включил себя в реестр самозапрета, он не сможет оформить ни один микрозайм, в том числе и через POS-терминалы.

Если у вас есть дополнительные вопросы по этой теме, пожалуйста, уточните их."
401,Почему внеплановый платеж лучше делать в дату планового взноса?,"Внеплановый платеж лучше делать в дату планового взноса по нескольким причинам:

1. **Снижение общей суммы переплаты**: Внеплановый платеж в дату планового взноса позволяет уменьшить основной долг, что снижает сумму начисленных процентов в будущем.

2. **Удобство учета**: Погашение в дату планового взноса упрощает учет платежей и позволяет избежать путаницы в графике погашения.

3. **Соблюдение условий кредитного договора**: Некоторые кредитные договоры могут предусматривать определенные условия для внеплановых платежей, и их выполнение в дату планового взноса помогает избежать возможных штрафов или пеней.

4. **Контроль за кредитом**: Регулярные платежи в установленные даты помогают лучше контролировать кредитную нагрузку и избегать просрочек.

Если у вас есть дополнительные вопросы по кредитным продуктам, пожалуйста, уточните их."
402,"Какие инструменты, в отличие от банковских вкладов, не покрываются государственной системой страхования?","В отличие от банковских вкладов, следующие инструменты не покрываются государственной системой страхования:

1. **Облигации** (государственные, корпоративные, муниципальные).
2. **Акции** и другие ценные бумаги.
3. **Депозитные сертификаты**.
4. **Паи инвестиционных фондов** (ПИФы).
5. **Страховые полисы** (кроме некоторых видов страхования, например, страхования вкладов).
6. **Дерivative инструменты** (опционы, фьючерсы, свопы).
7. **Криптовалюты** и другие цифровые активы.

Эти инструменты могут приносить более высокую доходность, но они не защищены государством в случае банкротства эмитента или других рисков."
403,По каким причинам оператор кошелька или банк блокируют операции?,"Оператор кошелька или банк могут блокировать операции по нескольким причинам:

1. **Подозрительная активность**: Если система обнаруживает необычные или подозрительные операции, это может быть признаком мошенничества. В таком случае операция блокируется для защиты средств клиента.

2. **Недостаточно средств**: Если на счете или в кошельке недостаточно средств для выполнения операции, банк или оператор может заблокировать транзакцию.

3. **Ошибка в реквизитах**: Неправильно указанные реквизиты получателя могут привести к блокировке операции. Это делается для предотвращения ошибок при переводе средств.

4. **Нарушение условий использования**: Если клиент нарушает условия договора или политику безопасности, операции могут быть заблокированы.

5. **Технические сбои**: Иногда блокировка происходит из-за технических проблем на стороне банка или оператора кошелька.

6. **Запрос правоохранительных органов**: В некоторых случаях операции могут быть заблокированы по запросу правоохранительных органов или судебных решений.

Если операция была заблокирована, рекомендуется обратиться в службу поддержки банка или оператора кошелька для уточнения причин и решения проблемы."
404,Когда СТО вправе требовать доплату при ремонте по ОСАГО?,"Согласно законодательству, станция технического обслуживания (СТО) не вправе требовать доплату при ремонте по ОСАГО, если:

1. Ущерб полностью покрывается страховой выплатой.
2. Ремонт выполняется в соответствии с утверждённым страховой компанией перечнем работ и запчастей.

Однако, если клиент хочет использовать более дорогие запчасти или дополнительные услуги, не входящие в страховой тариф, то он должен оплатить разницу самостоятельно. В этом случае СТО вправе требовать доплату за дополнительные работы или запчасти, которые не покрываются страховкой.

Если у вас есть конкретный случай, уточните детали, и я помогу разобраться."
405,Как авторы советуют усиливать команду за счет подбора людей?,"Для усиления команды за счет подбора людей авторы рекомендуют:

1. **Определять потребности команды**: Перед тем как начать подбор, важно четко понять, какие навыки и компетенции необходимы для достижения целей команды.

2. **Искать кандидатов с нужными качествами**: При подборе персонала следует обращать внимание не только на профессиональные навыки, но и на личностные качества, которые соответствуют культуре и ценностям компании.

3. **Использовать разнообразные каналы поиска**: Для привлечения кандидатов можно использовать различные платформы, включая специализированные сайты по поиску работы, социальные сети, рекомендации сотрудников и партнеров.

4. **Проводить тщательный отбор**: На этапе собеседований важно оценивать не только опыт и знания кандидата, но и его мотивацию, способность к обучению и адаптации.

5. **Интегрировать новых сотрудников**: После найма необходимо обеспечить эффективную адаптацию новых членов команды, чтобы они быстро влились в коллектив и начали приносить пользу.

Эти шаги помогут создать сильную и сплоченную команду, способную достигать поставленных целей."
406,"Можно ли отменить перевод через СБП, как это соотносится с необратимостью транзакций в блокчейне?","Перевод через Систему быстрых платежей (СБП) можно отменить в течение определенного времени, обычно в течение нескольких часов после совершения перевода. Это возможно, если получатель еще не получил деньги или не использовал их.

В отличие от этого, транзакции в блокчейне, как правило, необратимы. После подтверждения транзакции в блокчейне ее нельзя отменить или изменить. Это одна из ключевых особенностей блокчейна, обеспечивающая его безопасность и прозрачность.

Таким образом, СБП и блокчейн имеют разные подходы к обратимости транзакций."
407,Чем отличается защита денег инвесторов МФО от гарантий по добровольным пенсиям в НПФ?,"Чтобы ответить на ваш вопрос, мне нужно уточнить несколько моментов. В России защита денег инвесторов МФО (микрофинансовых организаций) и гарантии по добровольным пенсиям в НПФ (негосударственных пенсионных фондах) регулируются разными механизмами. Давайте разберёмся по порядку.

1. **Защита денег инвесторов МФО**:
   - В России микрофинансовые организации (МФО) не являются банками, и их деятельность регулируется Федеральным законом ""О микрофинансовой деятельности и микрофинансовых организациях"".
   - Средства, размещённые в МФО, не застрахованы Агентством по страхованию вкладов (АСВ), в отличие от вкладов в банках.
   - Инвесторы МФО несут риски, связанные с финансовой устойчивостью и платёжеспособностью МФО. В случае банкротства МФО, инвесторы могут потерять свои средства.

2. **Гарантии по добровольным пенсиям в НПФ**:
   - Добровольные пенсионные накопления в НПФ защищены государством. В случае банкротства НПФ, средства пенсионных накоплений переходят под управление другого НПФ или возвращаются гражданам.
   - Гарантирующим органом выступает Агентство по страхованию вкладов (АСВ), которое обеспечивает защиту пенсионных накоплений в рамках установленных законом лимитов.

Таким образом, основное отличие заключается в уровне защиты: средства в МФО не застрахованы, тогда как пенсионные накопления в НПФ защищены государством через АСВ."
408,"Российские облигации у санкционного брокера доступны, какие бумаги для новичка самые надежные?","Для начинающих инвесторов, особенно в условиях санкций, важно выбирать облигации с высокой надежностью и стабильностью. В России такие облигации обычно выпускаются государством или крупными, устойчивыми компаниями.

1. **Государственные облигации (ОФЗ)**:
   - ОФЗ (облигации федерального займа) считаются одними из самых надежных, так как их выпускает государство.
   - Они имеют разные сроки погашения и купонные ставки, что позволяет выбрать подходящий вариант.
   - ОФЗ обычно менее волатильны по сравнению с корпоративными облигациями.

2. **Облигации крупных государственных компаний**:
   - Облигации таких компаний, как ""Газпром"", ""Роснефть"", ""Сбербанк"" и другие, также могут быть надежным выбором.
   - Эти компании имеют стабильный доход и хорошую репутацию, что снижает риски для инвесторов.

3. **Облигации с высоким рейтингом**:
   - Выбирайте облигации с высоким рейтингом надежности, которые оцениваются международными или российскими рейтинговыми агентствами.
   - Чем выше рейтинг, тем ниже риск дефолта.

4. **Краткосрочные облигации**:
   - Для новичков могут быть более подходящими облигации с коротким сроком погашения, так как они менее подвержены колебаниям рыночных условий.

Важно помнить, что даже самые надежные облигации могут быть подвержены рискам, особенно в условиях санкций. Поэтому перед инвестированием рекомендуется проконсультироваться с финансовым консультантом и внимательно изучить условия выпуска облигаций."
409,Кто платит НДФЛ по доходам от депозитарных расписок против дивидендов по акциям?,"Налог на доходы физических лиц (НДФЛ) по доходам от депозитарных расписок и дивидендов по акциям платится следующим образом:

1. **Дивиденды по акциям**: НДФЛ удерживается и перечисляется в бюджет налоговым агентом (например, брокером или депозитарием), который выплачивает дивиденды. Ставка НДФЛ составляет 13% для резидентов РФ и 15% для нерезидентов.

2. **Доходы от депозитарных расписок**: Если депозитарные расписки приносят доход (например, в виде дивидендов или процентов), то НДФЛ также удерживается налоговым агентом. Ставка НДФЛ аналогична ставке по дивидендам: 13% для резидентов и 15% для нерезидентов.

Таким образом, в обоих случаях налог удерживается и перечисляется в бюджет налоговым агентом, а не самим вкладчиком или инвестором."
410,Как снизить риск потери ценных бумаг при проблемах у посредника?,"Для снижения риска потери ценных бумаг при проблемах у посредника рекомендуется:

1. **Диверсификация посредников**: Распределите свои ценные бумаги между несколькими брокерскими компаниями. Это снизит риск потери всех активов в случае проблем у одного посредника.

2. **Регулярный мониторинг**: Следите за финансовым состоянием и репутацией вашего брокера. Используйте официальные источники и рейтинги для оценки надежности посредника.

3. **Использование надежных брокеров**: Выбирайте посредников с хорошей репутацией, лицензией и страхованием вкладов. Например, крупные банки и брокерские компании с долгосрочной историей на рынке.

4. **Регулярное подтверждение прав**: Периодически проверяйте, что ваши ценные бумаги зарегистрированы на ваше имя. Это можно сделать через личный кабинет или обратившись в службу поддержки брокера.

5. **Использование депозитария**: Переведите ценные бумаги в депозитарий, который работает независимо от брокера. Это обеспечит дополнительную защиту ваших активов.

6. **Страхование**: Убедитесь, что ваш брокер предлагает страхование ценных бумаг. Это может частично компенсировать убытки в случае проблем.

7. **Регулярное обновление контактных данных**: Убедитесь, что ваши контактные данные в брокерской компании актуальны. Это поможет вам своевременно получать важную информацию и уведомления.

Если у вас возникли сомнения в надежности вашего посредника, рекомендуется перевести ценные бумаги в другую, более надежную брокерскую компанию."
411,"Как банки увеличивают количество денег в экономике, что при этом угрожает ценам?","Банки увеличивают количество денег в экономике через несколько механизмов:

1. **Кредитование**: Банки выдают кредиты физическим и юридическим лицам, что увеличивает денежную массу в экономике. Когда клиент получает кредит, он может потратить эти деньги, что приводит к увеличению денежного обращения.

2. **Мультипликатор денег**: Банки создают деньги через мультипликатор денег. Когда клиент вносит депозит, банк может выдавать кредиты в размере, превышающем этот депозит, что увеличивает денежную массу.

3. **Покупка активов**: Центральные банки могут покупать активы, такие как облигации, что также увеличивает количество денег в экономике.

**Угрозы ценам**:
Увеличение денежной массы может привести к инфляции, если денежная масса растет быстрее, чем реальный объем производства товаров и услуг. Это приводит к росту цен, так как спрос на товары и услуги превышает предложение."
412,Когда уместно рефинансировать кредит: при появлении ребенка либо перед Новым годом?,"Рефинансирование кредита уместно в следующих случаях:

1. **При появлении ребенка**: Это может быть хорошим поводом для рефинансирования, так как появление ребенка часто связано с изменением финансовых обстоятельств. Возможно, у вас появились дополнительные расходы, и вы хотите снизить ежемесячную нагрузку по кредиту. Также, некоторые банки предлагают специальные программы рефинансирования для семей с детьми, которые могут включать льготные условия.

2. **Перед Новым годом**: Рефинансирование перед Новым годом может быть уместным, если вы планируете крупные расходы в преддверии праздников и хотите снизить текущую кредитную нагрузку. Однако стоит учитывать, что в конце года банки могут быть заняты, и процесс рефинансирования может занять больше времени.

Важно учитывать, что рефинансирование кредита имеет смысл, если новые условия кредита более выгодны, чем текущие. Это может быть снижение процентной ставки, увеличение срока кредитования или изменение валюты кредита. Также стоит учитывать комиссии и другие скрытые платежи, которые могут быть связаны с рефинансированием."
413,"Каков лимит страхового возмещения по вкладам, когда доступна выплата до 10 млн рублей?","Лимит страхового возмещения по вкладам в банках, входящих в систему страхования вкладов, составляет 10 миллионов рублей. Это означает, что в случае отзыва лицензии у банка или его банкротства, вкладчику будет выплачено возмещение в размере до 10 миллионов рублей, включая проценты.

Если у вас есть вклады в нескольких банках, то страхование действует на каждый вклад отдельно. То есть, если у вас есть вклады на сумму 5 миллионов рублей в одном банке и 6 миллионов рублей в другом, то в случае отзыва лицензии у обоих банков, вы получите страховое возмещение в размере 5 миллионов рублей по первому вкладу и 6 миллионов рублей по второму.

Важно отметить, что страхование вкладов действует только в случае отзыва лицензии у банка или его банкротства. Если банк просто испытывает временные финансовые трудности, но продолжает работать, то страхование вкладов не применяется.

Также стоит учитывать, что страхование вкладов не распространяется на средства, размещенные на счетах индивидуальных предпринимателей, а также на средства, размещенные на счетах юридических лиц."
414,Как выгодно использовать распродажи при подготовке к школе или к Новому году?,"Для выгодного использования распродаж при подготовке к школе или Новому году следует придерживаться нескольких ключевых принципов:

1. **Планирование и список покупок**:
   - Составьте список необходимых вещей заранее. Это поможет избежать импульсных покупок и сфокусироваться на действительно нужных вещах.
   - Определите приоритеты: что необходимо купить в первую очередь, а что можно отложить.

2. **Сравнение цен и поиск скидок**:
   - Следите за акциями и распродажами в различных магазинах. Используйте онлайн-платформы и приложения для сравнения цен.
   - Подпишитесь на рассылки магазинов, чтобы быть в курсе актуальных скидок и спецпредложений.

3. **Оплата безналичным способом**:
   - Используйте банковские карты, которые дают кэшбэк или бонусные баллы за покупки. Это позволит сэкономить дополнительные средства.
   - Следите за специальными предложениями от банков, такими как кэшбэк на покупки в определенных магазинах или категориях товаров.

4. **Покупка в кредит или рассрочку**:
   - Если у вас есть возможность воспользоваться беспроцентной рассрочкой или кредитом, это может быть выгодным вариантом для крупных покупок.
   - Уточняйте условия кредитования и рассрочки, чтобы избежать скрытых комиссий и процентов.

5. **Покупка подарков заранее**:
   - Для Нового года можно начать покупку подарков заранее, чтобы успеть воспользоваться распродажами и выбрать лучшие варианты.
   - Следите за сезонными акциями и распродажами, которые часто проводятся перед праздниками.

6. **Использование бонусных программ и скидочных карт**:
   - Зарегистрируйтесь в бонусных программах магазинов, где планируете делать покупки. Это может дать дополнительные скидки и бонусы.
   - Используйте скидочные карты и купоны, которые можно найти в интернете или получить в магазинах.

Следуя этим принципам, вы сможете максимально эффективно использовать распродажи и сэкономить на подготовке к школе или Новому году."
415,"Что делать, если в полисе ОСАГО указан неправильный КБМ, и когда начнут действовать исправления?","Для исправления неправильного КБМ в полисе ОСАГО необходимо обратиться в страховую компанию, где был оформлен полис. Страховая компания проведет проверку и внесет исправления в базу данных Российского союза автостраховщиков (РСА).

Исправления вступят в силу с даты обращения в страховую компанию. Однако, если исправления были внесены в течение срока действия полиса, то они будут действовать с момента внесения изменений.

Если исправления были внесены после окончания срока действия полиса, то они будут действовать с момента оформления нового полиса ОСАГО.

Важно отметить, что исправление КБМ не влияет на стоимость полиса ОСАГО, если исправление было сделано в течение срока действия полиса. Если исправление было сделано после окончания срока действия полиса, то стоимость нового полиса будет рассчитана с учетом исправленного КБМ."
416,"Как распознать обман, когда обещают компенсации за прошлые потери?","Чтобы распознать обман при обещании компенсаций за прошлые потери, обратите внимание на следующие моменты:

1. **Неофициальные предложения**: Если вам предлагают компенсацию через неофициальные каналы (соцсети, мессенджеры, незнакомые сайты), это должно насторожить.

2. **Требование предоплаты**: Мошенники часто просят оплатить ""комиссию"" или ""страховку"" перед выплатой компенсации. Банк никогда не требует предоплаты за компенсацию.

3. **Срочность**: Мошенники создают ощущение срочности, чтобы вы не задумывались о подозрительных деталях. Например, ""Спешите, компенсация выплачивается только до такого-то числа"".

4. **Отсутствие официальных документов**: Если вам не предоставляют официальные документы (договор, письмо от банка), это признак мошенничества.

5. **Непроверенные контакты**: Проверьте контакты, по которым вам предлагают связаться. Официальные контакты банка всегда доступны на его сайте.

Если вы столкнулись с подозрительным предложением, лучше обратиться напрямую в банк для уточнения информации."
417,"Какой кредитный рейтинг должен иметь МФО для долгосрочных вложений с учетом того, что такие инвестиции не страхуются государством?","Для долгосрочных вложений в микрофинансовые организации (МФО) важно учитывать их кредитный рейтинг, так как такие инвестиции не страхуются государством. Обычно, для долгосрочных инвестиций в МФО рекомендуется выбирать организации с высоким кредитным рейтингом, который указывает на их финансовую устойчивость и способность выполнять обязательства.

В России кредитные рейтинги МФО могут быть выставлены такими агентствами, как ""Эксперт РА"", ""АКРА"" или ""НРА"". Для долгосрочных вложений желательно выбирать МФО с рейтингом не ниже ""BBB-"" по национальной шкале, что соответствует умеренному уровню кредитного риска.

Однако, важно помнить, что даже высокий рейтинг не гарантирует полной безопасности инвестиций. Перед вложением средств необходимо тщательно изучить финансовую отчетность МФО, ее бизнес-модель и рыночные условия."
418,"Какие ограничения на досрочный выход из сделки указаны для векселя, а также для участия в аукционе заблокированных активов?","Для векселя:
1. Досрочный выход из сделки с векселем возможен только в случае согласия обеих сторон (векселедателя и векселедержателя).
2. Если вексель уже уступлен (передан третьему лицу), досрочный выход может быть ограничен условиями уступки.

Для участия в аукционе заблокированных активов:
1. Участие в аукционе возможно только после получения разрешения от банка или другого уполномоченного органа, который блокировал активы.
2. Банк может установить дополнительные ограничения на участие в аукционе, такие как минимальная сумма ставки или требования к участникам.

Если у вас есть конкретные условия вашего векселя или аукциона, рекомендуется уточнить их в договоре или у вашего банковского консультанта."
419,"Попадают ли деньги в доверительном управлении, на брокерском счете и в структурном депозите под страхование вкладов?","Деньги, находящиеся в доверительном управлении, на брокерском счете и в структурном депозите, не попадают под страхование вкладов. Страхование вкладов распространяется только на средства, размещенные на банковских счетах и вкладах, открытых в банках, которые являются участниками системы страхования вкладов."
420,Как госпоручительство помогает оформить заем?,"Госпоручительство — это форма поручительства, при которой поручителем выступает государственный орган или организация, гарантирующая выполнение обязательств заемщика перед банком. Это может значительно повысить шансы на одобрение кредита, так как снижает риски для банка.

Для оформления займа с госпоручительством необходимо:

1. **Подобрать программу**: Уточнить у банка, какие кредитные программы поддерживают госпоручительство.
2. **Собрать документы**: Обычно требуются документы, подтверждающие право на госпоручительство, а также стандартный пакет документов для кредита (паспорт, справка о доходах и т.д.).
3. **Подать заявку**: Обратиться в банк с заявлением на кредит и документами, подтверждающими госпоручительство.
4. **Ожидать одобрения**: Банк рассмотрит заявку и примет решение на основе предоставленных документов и условий госпоручительства.

Если у вас есть конкретная программа или банк, в котором вы планируете оформить заем, уточните эту информацию, чтобы получить более детальные рекомендации."
421,Как мошенники получают данные банковских карт через поддельные сайты?,"Мошенники создают сайты, которые визуально похожи на официальные сайты банков или платежных систем. Они могут использовать похожие доменные имена, логотипы и дизайн, чтобы ввести пользователей в заблуждение.

Когда пользователь вводит данные своей банковской карты на таком сайте, мошенники получают доступ к этой информации. Они могут использовать её для совершения несанкционированных платежей или снятия денег с карты.

Для защиты от таких мошеннических действий рекомендуется:
1. Проверять URL-адрес сайта перед вводом данных.
2. Использовать только официальные сайты банков и платежных систем.
3. Не переходить по подозрительным ссылкам, полученным через электронную почту или сообщения.
4. Включить двухфакторную аутентификацию для дополнительной защиты.

Если вы подозреваете, что стали жертвой мошенничества, немедленно свяжитесь с вашим банком."
422,Как удостовериться в легальности кредитора перед заявкой?,"Для проверки легальности кредитора перед подачей заявки на кредит рекомендуется выполнить следующие шаги:

1. **Проверка лицензии**: Убедитесь, что кредитор имеет действующую лицензию на предоставление финансовых услуг. В России лицензии выдаются Центральным банком РФ. Информацию о лицензии можно найти на официальном сайте кредитора или на сайте ЦБ РФ.

2. **Репутация и отзывы**: Изучите отзывы о кредиторе на независимых платформах, таких как банки.ру, отзовик, фламп.ру. Обратите внимание на количество положительных и отрицательных отзывов, а также на конкретные жалобы клиентов.

3. **Официальный сайт и контактная информация**: Проверьте, есть ли у кредитора официальный сайт с указанием юридического адреса, контактных телефонов и электронной почты. Наличие такой информации повышает доверие к кредитору.

4. **Условия кредитования**: Внимательно изучите условия кредитования, включая процентные ставки, скрытые комиссии и штрафы за просрочку. Легальные кредиторы всегда предоставляют полную и прозрачную информацию о своих условиях.

5. **Регистрация в государственных реестрах**: Проверьте, зарегистрирован ли кредитор в государственных реестрах, таких как ЕГРЮЛ (Единый государственный реестр юридических лиц) или ЕГРИП (Единый государственный реестр индивидуальных предпринимателей).

6. **Консультация с юристом**: Если у вас есть сомнения, вы можете проконсультироваться с юристом, который поможет оценить легальность кредитора и условия кредитования.

Если у вас есть конкретный кредитор, о котором вы хотите узнать больше, предоставьте его название, и я постараюсь помочь с дополнительной информацией."
423,Покроет ли страховка ответственности кражу из банковской ячейки?,"Для ответа на этот вопрос необходимо уточнить несколько моментов:

1. **Условия договора страхования**. Покрытие кражи из банковской ячейки зависит от конкретных условий вашего договора страхования. Обычно, страховка ответственности может включать покрытие убытков, связанных с кражей, но это нужно уточнять в вашем договоре.

2. **Тип страховки**. Если у вас страховка ответственности, то она может покрывать убытки, причиненные третьим лицам, но не всегда ваши собственные убытки. Для покрытия кражи из ячейки может потребоваться отдельная страховка имущества или страхование от кражи.

3. **Документы и доказательства**. Для получения страховой выплаты вам потребуется предоставить документы, подтверждающие факт кражи, такие как заявление в полицию и акты инвентаризации.

Рекомендую обратиться в вашу страховую компанию и уточнить условия вашего договора. Если у вас есть доступ к онлайн-банку или мобильному приложению, там может быть информация о ваших страховых продуктах. Также можно позвонить в колл-центр вашего банка или страховой компании для получения более точной информации."
424,Как избежать потерь при онлайн‑покупках вне официальных магазинов?,"Чтобы избежать потерь при онлайн-покупках вне официальных магазинов, следуйте этим рекомендациям:

1. **Проверяйте репутацию продавца**:
   - Изучите отзывы о продавце на независимых платформах.
   - Обратите внимание на даты отзывов: свежие отзывы важнее старых.

2. **Используйте защищенные способы оплаты**:
   - Оплата через платежные системы с защитой покупателя (например, PayPal, Apple Pay, Google Pay).
   - Используйте виртуальные карты или карты с ограниченным лимитом.

3. **Требования к продавцу**:
   - Продавец должен предоставить вам все данные о товаре, включая фото, описание, гарантии и условия возврата.
   - Продавец должен предоставить вам все данные о товаре, включая фото, описание, гарантии и условия возврата.

4. **Проверяйте условия доставки и возврата**:
   - Убедитесь, что условия доставки и возврата четко прописаны.
   - Уточните, кто несет расходы на доставку и возврат.

5. **Будьте осторожны с предложениями, которые кажутся слишком хорошими, чтобы быть правдой**:
   - Если цена значительно ниже рыночной, это может быть признаком мошенничества.

6. **Используйте защищенные сайты**:
   - Покупайте только на сайтах с HTTPS-протоколом.
   - Проверяйте наличие контактной информации и политики конфиденциальности.

7. **Сохраняйте все подтверждения покупки**:
   - Сохраняйте чеки, квитанции и переписку с продавцом.

Если вы столкнулись с мошенничеством, немедленно свяжитесь с банком для блокировки платежа и обратитесь в правоохранительные органы."
425,Что может покупать неквалифицированный инвестор без тестов с учетом ограничений на иностранные бумаги?,"Неквалифицированный инвестор без прохождения тестов может приобретать следующие финансовые инструменты:

1. **Облигации российских эмитентов**:
   - Государственные облигации (ОФЗ).
   - Корпоративные облигации, включенные в ломбардный список Банка России.
   - Облигации субъектов РФ и муниципальные облигации.

2. **Акции российских компаний**:
   - Акции, включенные в котировальные списки бирж (например, Московской биржи).
   - Акции, не включенные в котировальные списки, но доступные для свободного обращения.

3. **Другие инструменты**:
   - Депозиты и вклады в российских банках.
   - Паи инвестиционных фондов (ПИФы), если они соответствуют требованиям для неквалифицированных инвесторов.
   - Ипотечные сертификаты участия (ИСУ).

**Ограничения на иностранные бумаги**:
Неквалифицированный инвестор не может приобретать иностранные ценные бумаги, если они не включены в специальные списки, разрешенные для таких инвесторов. В большинстве случаев доступ к иностранным активам ограничен или требует прохождения тестирования на квалификацию."
426,Зачем сравнивать условия разных банков или сервисов перед крупной тратой?,"Сравнение условий разных банков или сервисов перед крупной тратой позволяет выбрать наиболее выгодные условия, которые могут включать:

1. **Процентные ставки**: Разные банки могут предлагать различные ставки по кредитам или вкладам, что напрямую влияет на стоимость заимствования или доходность.

2. **Комиссии и скрытые платежи**: Некоторые банки могут взимать дополнительные комиссии, которые не сразу бросаются в глаза, но существенно увеличивают общую стоимость услуги.

3. **Сроки и условия**: Разные банки могут предлагать различные сроки кредитования или вкладов, а также разные условия досрочного погашения или пополнения.

4. **Дополнительные услуги**: Некоторые банки предлагают дополнительные услуги, такие как страхование, бонусы или кэшбэк, которые могут быть полезны в зависимости от ваших потребностей.

5. **Репутация и отзывы**: Важно учитывать репутацию банка и отзывы других клиентов, чтобы избежать возможных проблем в будущем.

Сравнение этих условий помогает сделать осознанный выбор и минимизировать финансовые риски."
427,"Как избежать лишних платных сервисов при микрозайме, а также в какой срок можно от них отказаться после подписания?","Чтобы избежать лишних платных сервисов при оформлении микрозайма, внимательно читайте договор и отказывайтесь от дополнительных услуг на этапе подписания. Обычно это можно сделать, поставив галочку в соответствующем поле или написав отказ от услуг в заявлении.

Что касается отказа от платных сервисов после подписания договора, то сроки и условия зависят от конкретного микрофинансового организации (МФО). В большинстве случаев отказ возможен в течение 5–14 дней с момента заключения договора. Однако конкретные условия должны быть прописаны в договоре.

Рекомендую уточнить условия отказа от дополнительных услуг у вашего кредитора, обратившись в службу поддержки или изучив договор более детально."
428,Как отличается период охлаждения по кредитным страховкам от сроков возврата ИСЖ или НСЖ на небольшую сумму?,"Период охлаждения по кредитным страховкам и сроки возврата ИСЖ (имущественного страхования жилья) или НСЖ (накопления страхования жизни) на небольшую сумму различаются по следующим параметрам:

1. **Период охлаждения по кредитным страховкам**:
   - Обычно составляет 5–14 дней с момента заключения договора.
   - В течение этого периода клиент может отказаться от страховки и вернуть уплаченную сумму.
   - Возврат осуществляется в полном объеме или с удержанием небольшой комиссии.

2. **Сроки возврата ИСЖ или НСЖ**:
   - Для ИСЖ и НСЖ период охлаждения может быть аналогичным (5–14 дней).
   - Однако, если клиент обращается за возвратом после окончания периода охлаждения, условия возврата могут быть более строгими.
   - Возврат может быть частичным или с учетом начисленных процентов и комиссий.

Таким образом, основное отличие заключается в том, что период охлаждения по кредитным страховкам обычно более гибкий и позволяет вернуть полную сумму, тогда как для ИСЖ и НСЖ условия возврата могут быть более сложными после окончания периода охлаждения."
429,Какой налоговый режим выбрать ИП для минимальной отчетности с учетом риска личным имуществом?,"Для выбора налогового режима с минимальной отчетностью и учетом риска личным имуществом, ИП стоит рассмотреть следующие варианты:

1. **Упрощенная система налогообложения (УСН)**:
   - **УСН 6%** (доходы): Минимальная отчетность, но налоговая нагрузка выше.
   - **УСН 15%** (доходы минус расходы): Более сложная отчетность, но возможна оптимизация налога за счет расходов.

2. **Патентная система налогообложения (ПСН)**:
   - Минимальная отчетность, но ограниченный перечень видов деятельности. Налог фиксированный, что упрощает расчеты.

3. **Налог на профессиональный доход (НПД)**:
   - Самый простой вариант с минимальной отчетностью, но ограниченный лимитом дохода (2,4 млн рублей в год). Риск личного имущества минимален, так как налоговый режим не требует ведения полного бухгалтерского учета.

**Риск личного имущества**:
- При УСН и ПСН ИП отвечает по обязательствам всем своим имуществом, включая личное.
- При НПД риск личного имущества минимален, так как налоговый режим не требует ведения полного бухгалтерского учета и не предполагает значительных обязательств.

Рекомендуется проконсультироваться с налоговым консультантом для выбора оптимального режима с учетом специфики вашего бизнеса."
430,Учитывается ли доход по обезличенным металлическим счетам при расчёте НДФЛ по вкладам?,"Доход по обезличенным металлическим счетам не учитывается при расчёте НДФЛ по вкладам. Налог на доходы физических лиц (НДФЛ) в России применяется к доходам от вкладов в банках, но не распространяется на операции с металлическими счетами."
431,Как правильно проверять подлинность банкнот при расчетах наличными с последующим обращением при сомнениях?,"Для проверки подлинности банкнот при расчетах наличными и дальнейшего обращения при сомнениях следуйте этим шагам:

1. **Визуальный осмотр**:
   - Проверьте водяные знаки, микротекст, защитные нити и другие элементы безопасности, характерные для конкретной банкноты.
   - Убедитесь, что банкнота имеет правильный цвет, четкость печати и отсутствие признаков подделки.

2. **Тактильный контроль**:
   - Оцените текстуру банкноты. Подлинные банкноты имеют специфическую фактуру, которую сложно воспроизвести при подделке.

3. **Использование ультрафиолетовой лампы**:
   - Подлинные банкноты имеют уникальные защитные элементы, видимые под ультрафиолетовым светом.

4. **Проверка с помощью специальных устройств**:
   - В банках и других финансовых учреждениях используются устройства для проверки подлинности банкнот, такие как детекторы банкнот.

5. **Обращение в банк**:
   - Если у вас есть сомнения в подлинности банкноты, обратитесь в ближайшее отделение банка. Банковские сотрудники имеют специальные инструменты и знания для проверки подлинности банкнот.
   - В случае подтверждения подделки, банк примет меры для ее изъятия и дальнейшего расследования.

6. **Соблюдение процедур**:
   - Следуйте внутренним инструкциям вашего банка или организации по обработке подозрительных банкнот.

Если у вас возникли сомнения в подлинности банкноты, не принимайте ее и обратитесь за помощью к специалистам."
432,"Почему сделки на бирже безопаснее, чем внебиржевые?","Сделки на бирже считаются более безопасными по нескольким причинам:

1. **Регулирование и прозрачность**: Биржевые сделки проходят под контролем регулирующих органов, что обеспечивает прозрачность и снижает риски мошенничества.

2. **Гарантийные фонды**: Биржи имеют гарантийные фонды, которые защищают участников рынка от неисполнения обязательств контрагентами.

3. **Клиринговые палаты**: Биржевые сделки проходят через клиринговые палаты, которые гарантируют исполнение обязательств по сделкам.

4. **Ликвидность**: Биржевые рынки более ликвидны, что позволяет быстрее и легче заключать сделки и выходить из них.

5. **Защита прав инвесторов**: Биржи предоставляют механизмы защиты прав инвесторов, включая арбитраж и разрешение споров.

Внебиржевые сделки, напротив, могут быть менее прозрачными и более рискованными, так как не всегда подпадают под строгий контроль регуляторов и не имеют гарантий исполнения обязательств."
433,Как различаются лимиты возмещения по банковским вкладам по сравнению с добровольной пенсией в НПФ?,"Лимиты возмещения по банковским вкладам и добровольной пенсии в НПФ различаются следующим образом:

1. **Банковские вклады**:
   - В России вклады в банках страхуются Агентством по страхованию вкладов (АСВ) на сумму до 1,4 миллиона рублей. Это означает, что если банк обанкротится, вкладчик получит возмещение в размере до 1,4 миллиона рублей.
   - Страхование вкладов распространяется на все виды вкладов, включая срочные, до востребования, валютные и т.д.

2. **Добровольная пенсия в НПФ**:
   - В случае с НПФ (негосударственным пенсионным фондом) возмещение средств зависит от условий договора и законодательства. Обычно средства в НПФ не подлежат страхованию в том же объеме, что и банковские вклады.
   - В случае банкротства НПФ средства участников могут быть переданы в другой фонд или возвращены в соответствии с законодательством, но гарантии и лимиты возмещения могут быть иными.

Таким образом, основное различие заключается в том, что банковские вклады имеют четко установленный лимит страхования, тогда как средства в НПФ защищены иными механизмами, которые могут не предоставлять такой же уровень гарантии."
434,Почему страховка дороже при оплате через кредит?,"Страховка может быть дороже при оплате через кредит по нескольким причинам:

1. **Комиссия банка**: Банк может взимать дополнительную комиссию за услуги, связанные с оформлением кредита, что увеличивает общую стоимость страховки.

2. **Срок кредита**: Чем дольше срок кредита, тем выше стоимость страховки, так как страховая компания учитывает более длительный период риска.

3. **Процентная ставка**: Если страховка привязана к кредиту, то процентная ставка по кредиту может влиять на стоимость страховки.

4. **Дополнительные услуги**: При оформлении кредита могут быть включены дополнительные страховые услуги, которые увеличивают общую стоимость.

Для более точного ответа уточните, о каком виде страховки идет речь (например, страхование жизни, здоровья, имущества и т.д.)."
435,Какой предел льготной части кредита действует при совмещении «ипотеки от застройщика» с господдержкой?,"Для кредита с господдержкой, совмещенного с ""ипотекой от застройщика"", предел льготной части кредита составляет 60% от стоимости жилья. Это означает, что 60% суммы кредита могут быть предоставлены по льготной ставке, а оставшиеся 40% — по обычной ставке.

Если у вас есть дополнительные вопросы по ипотеке или другим банковским продуктам, пожалуйста, уточните их."
436,"Как учесть страховые платежи при планировании бюджета семьи, когда страховка на жилье обязательна?","Для учета страховых платежей при планировании бюджета семьи, когда страховка на жилье обязательна, следует учитывать несколько ключевых моментов:

1. **Регулярность платежей**: Определите, как часто необходимо вносить страховые платежи (ежемесячно, ежеквартально, раз в год) и зафиксируйте эти даты в бюджете.

2. **Сумма платежей**: Уточните точную сумму страховых платежей и включите их в ежемесячные или ежеквартальные расходы. Если платежи ежегодные, разделите их на 12 месяцев и распределите по бюджету.

3. **Дополнительные расходы**: Учтите возможные дополнительные расходы, связанные со страховкой, такие как комиссии или штрафы за просрочку платежей.

4. **Гибкость бюджета**: Оставьте небольшой запас в бюджете на случай изменения условий страховки или увеличения страховых платежей.

5. **Автоматизация платежей**: Если возможно, настройте автоматическое списание страховых платежей со счета, чтобы избежать пропусков и штрафов.

6. **Сравнение предложений**: Периодически сравнивайте условия страховки с предложениями других компаний, чтобы убедиться, что вы получаете наиболее выгодные условия.

Таким образом, включение страховых платежей в бюджет поможет избежать финансовых сюрпризов и обеспечит стабильность семейного бюджета."
437,"Почему кредитные рейтинги важны для облигаций, доступных неквалифицированным инвесторам?","Кредитные рейтинги важны для облигаций, доступных неквалифицированным инвесторам, по нескольким причинам:

1. **Оценка надежности эмитента**: Рейтинги показывают, насколько надежен эмитент облигаций. Чем выше рейтинг, тем ниже риск дефолта.

2. **Оценка риска**: Рейтинги помогают инвесторам оценить риск инвестирования. Облигации с высоким рейтингом считаются более безопасными, а с низким рейтингом — более рискованными.

3. **Сравнение облигаций**: Рейтинги позволяют сравнивать облигации разных эмитентов и выбирать наиболее подходящие для инвестиций.

4. **Определение доходности**: Рейтинги влияют на доходность облигаций. Облигации с низким рейтингом обычно предлагают более высокую доходность, чтобы компенсировать повышенный риск.

5. **Регуляторные требования**: В некоторых случаях регуляторы требуют, чтобы облигации, доступные неквалифицированным инвесторам, имели определенный рейтинг, чтобы защитить инвесторов от излишних рисков.

Таким образом, кредитные рейтинги помогают инвесторам принимать обоснованные решения и минимизировать риски при инвестировании в облигации."
438,Чем отличается отмена операции через сервис «второй руки» от возврата ошибочного перевода?,"Отмена операции через сервис «второй руки» и возврат ошибочного перевода — это разные процедуры, которые применяются в разных ситуациях.

1. **Отмена операции через сервис «второй руки»**:
   - Это процедура, которая позволяет отменить операцию, если она еще не была обработана банком.
   - Обычно используется для отмены платежей, которые были отправлены по ошибке, но еще не прошли окончательную обработку.
   - Процедура может быть инициирована как отправителем, так и получателем платежа.

2. **Возврат ошибочного перевода**:
   - Это процедура, которая применяется, когда перевод уже был обработан и деньги поступили на счет получателя.
   - Возврат может быть инициирован только отправителем платежа.
   - Процедура возврата может занять больше времени и требует подтверждения от получателя.

Таким образом, основное отличие заключается в стадии обработки платежа: отмена через сервис «второй руки» применяется до обработки, а возврат — после."
439,Как правильно проводить расчеты при продаже ипотечной квартиры?,"Для расчета при продаже ипотечной квартиры необходимо учитывать несколько ключевых моментов:

1. **Погашение ипотеки**: Сначала нужно полностью погасить ипотечный кредит. Для этого банк выдает справку о остатке долга, который необходимо закрыть перед продажей.

2. **Оценка стоимости квартиры**: Определите рыночную стоимость квартиры. Это поможет понять, сколько средств останется после погашения кредита.

3. **Расчет оставшейся суммы**: После погашения ипотеки оставшаяся сумма от продажи квартиры будет принадлежать владельцу. Например, если квартира стоит 5 миллионов рублей, а остаток по ипотеке составляет 3 миллиона рублей, то после продажи у вас останется 2 миллиона рублей.

4. **Налоги и комиссии**: Учтите, что при продаже недвижимости могут взиматься налоги и комиссии. Например, налог на доходы физических лиц (НДФЛ) может составлять 13% от суммы продажи, если квартира была в собственности менее 3 лет.

5. **Согласование с банком**: В некоторых случаях банк может потребовать согласования сделки. Уточните в вашем банке, требуется ли это.

Если у вас есть дополнительные вопросы по ипотеке или продаже недвижимости, пожалуйста, уточните их."
440,"Почему доходность накопительной части государственной пенсии невысока, а займы вне банка обычно обходятся дороже?","Доходность накопительной части государственной пенсии невысока, так как она формируется за счет инвестирования средств в консервативные активы, такие как государственные облигации. Это обеспечивает низкий, но стабильный доход, минимизируя риски потерь.

Займы вне банка обычно обходятся дороже, потому что они связаны с более высокими рисками для кредитора. Внебанковские кредиторы, такие как микрофинансовые организации, компенсируют эти риски более высокими процентными ставками. Кроме того, у таких займов часто отсутствует строгий контроль и регулирование, что также влияет на стоимость кредита."
441,"Какие шаги нужно сделать после несанкционированного списания с карты, включая сроки обращения?","1. **Блокировка карты**:
   - Немедленно заблокируйте карту через мобильное приложение банка, интернет-банкинг или по телефону горячей линии. Это предотвратит дальнейшие несанкционированные операции.

2. **Обращение в банк**:
   - Свяжитесь с банком в течение 3 рабочих дней с момента обнаружения несанкционированного списания. Это важно для соблюдения сроков, установленных законодательством.

3. **Подача заявления**:
   - Подготовьте письменное заявление о несанкционированном списании. В заявлении укажите дату, сумму и реквизиты операции. Приложите копии документов, подтверждающих ваши слова (например, выписку по счету).

4. **Расследование банком**:
   - Банк проведет расследование в течение 30 дней. В этот период могут быть запрошены дополнительные документы или информация.

5. **Возврат средств**:
   - Если списание признается несанкционированным, банк обязан вернуть средства на ваш счет. Срок возврата обычно составляет до 10 рабочих дней с момента завершения расследования.

6. **Дополнительные меры**:
   - Смените PIN-код и пароли доступа к интернет-банкингу. Убедитесь, что ваша карта не была дублирована или скопирована.

Если у вас есть дополнительные вопросы или требуется помощь, обратитесь в банк для получения более детальной информации."
442,В каких случаях есть смысл обращаться в суд при ошибочном переводе либо участии в пирамиде?,"Обращаться в суд при ошибочном переводе или участии в финансовой пирамиде имеет смысл в следующих случаях:

1. **Ошибочный перевод**:
   - Если вы перевели деньги на чужой счет по ошибке и не можете вернуть их через банк или платежную систему.
   - Если банк или платежная система отказываются помочь в возврате средств, несмотря на предоставленные доказательства ошибки.

2. **Участие в финансовой пирамиде**:
   - Если вы стали жертвой финансовой пирамиды и не можете вернуть свои деньги через другие законные способы.
   - Если организаторы пирамиды скрываются или отказываются возвращать средства.

В обоих случаях суд может помочь взыскать деньги с виновной стороны, если будут предоставлены достаточные доказательства. Однако перед обращением в суд рекомендуется проконсультироваться с юристом и собрать все необходимые документы."
443,Что безопаснее для сохранности активов — доверительное управление или брокерское обслуживание?,"Для оценки безопасности доверительного управления и брокерского обслуживания необходимо учитывать несколько ключевых аспектов:

1. **Доверительное управление**:
   - Активы клиента передаются в управление профессиональному управляющему.
   - Управляющий действует в рамках договора, который определяет стратегию и ограничения.
   - Клиент не имеет прямого контроля над сделками, но может отслеживать деятельность управляющего.
   - Риски связаны с возможными ошибками или недобросовестными действиями управляющего.

2. **Брокерское обслуживание**:
   - Клиент самостоятельно принимает решения о покупке и продаже активов.
   - Брокер выполняет поручения клиента, но не управляет активами.
   - Клиент имеет полный контроль над своими активами и сделками.
   - Риски связаны с возможными ошибками клиента или недобросовестными действиями брокера.

**Вывод**:
- **Доверительное управление** может быть безопаснее для тех, кто не имеет опыта или времени для самостоятельного управления активами, так как профессиональный управляющий следит за рынком и принимает решения.
- **Брокерское обслуживание** подходит для опытных инвесторов, которые хотят иметь полный контроль над своими активами и принимать решения самостоятельно.

В обоих случаях важно выбирать надежных партнеров и внимательно изучать условия договора."
444,Как кредитные каникулы отражаются на кредитной истории с учетом новых сроков хранения записей?,"Кредитные каникулы отражаются в кредитной истории как период, в течение которого заемщик временно не выполнял обязательства по кредиту. С 1 января 2021 года срок хранения информации о кредитных каникулах в кредитной истории составляет 3 года. Это означает, что после окончания кредитных каникул и возобновления платежей информация о них будет храниться в кредитной истории в течение 3 лет. При этом, если заемщик своевременно возобновит платежи после окончания кредитных каникул, это не должно негативно повлиять на его кредитную историю. Однако, если заемщик не возобновит платежи или будет нарушать график платежей после окончания кредитных каникул, это может негативно отразиться на его кредитной истории."
445,Зачем в бизнес-плане заранее прописывать действия на случай ухудшения условий?,"Прописывание действий на случай ухудшения условий в бизнес-плане важно по нескольким причинам:

1. **Гибкость и адаптивность**: Это позволяет бизнесу быстро реагировать на изменения внешней среды, минимизируя риски и потери.

2. **Планирование ресурсов**: Заранее продуманные меры помогают эффективно распределять ресурсы, включая финансы, персонал и время.

3. **Уверенность инвесторов и кредиторов**: Наличие четкого плана действий на случай кризиса повышает доверие инвесторов и кредиторов, так как демонстрирует готовность бизнеса к возможным трудностям.

4. **Снижение стресса и неопределенности**: Четкий план действий помогает снизить уровень стресса среди руководства и сотрудников, так как они знают, что делать в случае ухудшения условий.

5. **Сохранение репутации**: Готовность к кризисам помогает сохранить репутацию компании и доверие клиентов.

Таким образом, прописывание действий на случай ухудшения условий в бизнес-плане является важным элементом стратегического управления и риск-менеджмента."
446,Какие первые шаги сделать при мошенническом списании с карты?,"1. **Блокировка карты**: Немедленно позвоните в банк и заблокируйте карту, чтобы предотвратить дальнейшие списания. Это можно сделать через круглосуточную службу поддержки банка.

2. **Обращение в банк**: Напишите заявление в банк о мошенническом списании. Банк проведет расследование и примет меры для возврата средств, если подтвердится факт мошенничества.

3. **Сбор доказательств**: Сохраните все чеки, выписки и другие документы, которые могут подтвердить факт мошеннического списания. Это поможет в процессе расследования.

4. **Обращение в полицию**: Если сумма списания значительная, обратитесь в полицию для возбуждения уголовного дела. Это может ускорить процесс возврата средств.

5. **Мониторинг счетов**: Регулярно проверяйте свои счета и транзакции, чтобы своевременно обнаруживать любые подозрительные операции.

6. **Смена паролей и ПИН-кодов**: Измените пароли и ПИН-коды на всех своих счетах и картах, чтобы предотвратить повторные мошеннические действия.

Если у вас есть дополнительные вопросы или нужна помощь, обратитесь в банк для получения более подробной информации."
447,Как меняется порядок ответственности созаемщика против поручителя при смерти участника СВО?,"Для ответа на ваш вопрос необходимо уточнить несколько моментов, так как порядок ответственности созаемщика и поручителя может зависеть от условий кредитного договора и законодательства.

1. **Созаемщик**: Если созаемщик является участников СВО и умирает, его долг по кредиту переходит к другим созаемщикам в соответствии с условиями договора. Обычно, если кредит оформлен на нескольких созаемщиков, они несут солидарную ответственность, то есть банк может требовать погашения долга от любого из них в полном объеме.

2. **Поручитель**: Поручитель также несет солидарную ответственность с заемщиком. В случае смерти заемщика, поручитель обязан погасить долг перед банком, если это предусмотрено договором поручительства.

Однако, в случае смерти участника СВО, могут применяться особые условия, предусмотренные законодательством или внутренними политиками банка. Например, некоторые банки могут предоставлять отсрочку или реструктуризацию кредита для созаемщиков или поручителей.

Для точного ответа на ваш вопрос необходимо знать условия конкретного кредитного договора и договоров поручительства, а также действующее законодательство. Рекомендую обратиться в банк, где был оформлен кредит, для получения точной информации."
448,Как созаемщик влияет на условия ипотеки по сравнению с поручителем?,"Созаемщик и поручитель влияют на условия ипотеки по-разному:

1. **Созаемщик**:
   - **Ответственность**: Созаемщик несет равную с основным заемщиком ответственность по кредиту. В случае невыплаты основным заемщиком, банк вправе требовать погашения долга от созаемщика.
   - **Доход**: Доход созаемщика учитывается при расчете максимальной суммы кредита. Это может увеличить сумму, на которую вы можете рассчитывать.
   - **Проверка**: Созаемщик проходит такую же проверку, как и основной заемщик, включая проверку кредитной истории и платежеспособности.

2. **Поручитель**:
   - **Ответственность**: Поручитель отвечает за кредит только в случае, если основной заемщик не выполняет свои обязательства. Поручитель привлекается к ответственности только после того, как основной заемщик не погасил долг.
   - **Доход**: Доход поручителя может быть учтен банком для увеличения суммы кредита, но это не всегда гарантировано.
   - **Проверка**: Поручитель также проходит проверку, но его доход и кредитная история могут влиять на условия кредита менее значительно, чем у созаемщика.

Таким образом, созаемщик оказывает большее влияние на условия ипотеки, так как его доход и кредитная история напрямую влияют на сумму кредита и процентную ставку. Поручитель же выступает как дополнительная гарантия, но его влияние на условия кредита менее значимо."
449,Почему многие страны перешли к инфляционному таргетированию и какую цель по инфляции выбрал Банк России?,"Инфляционное таргетирование (инфляционное таргетирование) - это политика, при которой центральный банк страны объявляет целевой уровень инфляции и проводит денежно-кредитную политику, направленную на достижение этого уровня.

Многие страны перешли к инфляционному таргетированию, потому что эта политика имеет несколько преимуществ:

1. Повышение прозрачности денежно-кредитной политики. Центральный банк объявляет целевой уровень инфляции, и это позволяет участникам рынка лучше понимать, какую политику проводит банк, и как она может повлиять на экономику.
2. Увеличение предсказуемости инфляции. Инфляционное таргетирование помогает снизить неопределенность в отношении будущего уровня инфляции, что способствует более стабильному экономическому росту.
3. Снижение инфляционных ожиданий. Когда центральный банк объявляет целевой уровень инфляции, это помогает снизить инфляционные ожидания участников рынка, что, в свою очередь, способствует снижению фактического уровня инфляции.

Банк России выбрал цель по инфляции в 4% годовых. Этот уровень был выбран с учетом нескольких факторов, включая исторический уровень инфляции в России, уровень инфляции в других странах, а также экономические и социальные условия в России."
450,Как зафиксировать курс валюты для будущей закупки без покупки валюты сразу?,"Для фиксации курса валюты на будущую дату без немедленной покупки можно использовать инструмент ""Форвардный валютный контракт"".

Форвардный контракт позволяет зафиксировать курс валюты на определенную дату в будущем. Это позволяет защититься от возможных колебаний курса и планировать бюджет заранее.

Для заключения форвардного контракта необходимо обратиться в банк, где вам помогут оформить сделку. Условия и комиссии могут варьироваться в зависимости от банка и суммы сделки.

Также можно рассмотреть вариант использования валютных опционов, которые дают право, но не обязывают, купить валюту по зафиксированному курсу в будущем. Это более гибкий инструмент, но он может быть дороже, чем форвардный контракт."
451,Когда крупнейшие банки предоставят доступ к цифровому рублю по сравнению со статусом подключения банков к СБП?,"Для ответа на ваш вопрос требуется больше информации, так как статус подключения банков к Системе быстрых платежей (СБП) и доступ к цифровому рублю могут различаться в зависимости от конкретного банка и этапа внедрения.

1. **СБП (Система быстрых платежей)**:
   - СБП уже активно используется многими банками в России. Большинство крупных банков подключены к этой системе, и она позволяет осуществлять мгновенные переводы между клиентами разных банков.
   - Подключение банков к СБП происходит постепенно, и на данный момент большинство крупных банков уже имеют доступ к этой системе.

2. **Цифровой рубль**:
   - Цифровой рубль находится на этапе пилотного внедрения. Банк России и несколько банков-участников проводят тестирование этой технологии.
   - Точные сроки массового внедрения цифрового рубля пока не объявлены, но ожидается, что доступ к нему будет предоставлен постепенно, начиная с крупных банков.

Если у вас есть конкретный банк, который вас интересует, я могу предоставить более точную информацию. Также рекомендую следить за официальными заявлениями Банка России и вашего банка для получения актуальных данных."
452,Как работает период охлаждения для допуслуг к кредитам по сравнению с полисами ИСЖ?,"Период охлаждения для дополнительных услуг к кредитам и для полисов ИСЖ (ипотечное страхование жилья) может отличаться, так как регулируется разными нормативными актами.

1. **Период охлаждения для дополнительных услуг к кредитам**:
   - Обычно составляет 14 дней с момента заключения договора.
   - В течение этого периода клиент может отказаться от услуги без объяснения причин и без штрафов.
   - Возврат средств производится в соответствии с условиями договора.

2. **Период охлаждения для полисов ИСЖ**:
   - Также составляет 14 дней с момента заключения договора страхования.
   - В течение этого периода клиент может отказаться от страхового полиса без объяснения причин и без штрафов.
   - Возврат страховой премии производится пропорционально неистекшему сроку страхования.

Если у вас есть конкретные условия по вашему кредиту или полису, рекомендуется уточнить их в договоре или обратиться в банк для получения точной информации."
453,Чем отличаются по риску и доходности банковский вклад и инвестиции в ценные бумаги для пассивного дохода?,"Для сравнения банковского вклада и инвестиций в ценные бумаги с точки зрения риска и доходности рассмотрим каждый инструмент отдельно.

**Банковский вклад:**
- **Риск:** Банковские вклады считаются одним из самых безопасных инструментов. Вклады до 1,4 млн рублей застрахованы АСВ (Агентство по страхованию вкладов).
- **Доходность:** Доходность вкладов обычно ниже, чем у других инвестиционных инструментов. Она фиксирована и зависит от ставки, установленной банком. В среднем, ставки по вкладам составляют от 3% до 7% годовых.

**Инвестиции в ценные бумаги:**
- **Риск:** Инвестиции в ценные бумаги (акции, облигации, фонды) имеют более высокий риск по сравнению с банковскими вкладами. Риск зависит от типа ценных бумаг и рыночных условий. Например, акции могут приносить высокую доходность, но и иметь высокий риск.
- **Доходность:** Доходность инвестиций в ценные бумаги может быть значительно выше, чем по банковским вкладам. Однако она не гарантирована и зависит от рыночных условий. Например, акции могут приносить доход в виде дивидендов и роста стоимости, а облигации — купонные выплаты и разницу между ценой покупки и погашения.

**Вывод:**
Банковские вклады подходят для консервативных инвесторов, которые хотят сохранить свои средства с минимальным риском. Инвестиции в ценные бумаги могут приносить более высокую доходность, но требуют готовности к более высокому риску."
454,Кто не сможет получить социальный налоговый вычет?,"Социальный налоговый вычет не могут получить следующие категории граждан:

1. **Неработающие граждане**, которые не имеют официального дохода, облагаемого НДФЛ.
2. **Индивидуальные предприниматели (ИП)**, работающие на специальных налоговых режимах (УСН, ЕНВД, ПСН), так как они не платят НДФЛ.
3. **Граждане, чей доход не облагается НДФЛ** (например, пенсионеры, получающие только пенсию).
4. **Граждане, которые уже использовали весь лимит социального вычета** (например, за лечение, обучение или другие социальные расходы).

Если у вас есть дополнительные вопросы по налоговым вычетам, задавайте их."
455,"Почему пенсионеры, а также бывшие жертвы пирамид становятся мишенью повторных афер?","Пенсионеры и бывшие жертвы финансовых пирамид часто становятся мишенью повторных афер по нескольким причинам:

1. **Доверие и наивность**: Пенсионеры могут быть более доверчивыми и менее осведомленными о современных финансовых схемах. Они могут верить в обещания высоких доходов и легко поддаваться на уговоры.

2. **Финансовая неграмотность**: Многие пенсионеры не имеют достаточных знаний о финансовых инструментах и механизмах работы рынка, что делает их уязвимыми для мошеннических схем.

3. **Одиночество и желание общения**: Пенсионеры часто испытывают потребность в общении и поддержке, что может быть использовано мошенниками для манипуляции.

4. **Опыт предыдущих афер**: Бывшие жертвы пирамид могут быть более склонны к повторным аферам, так как они уже имели опыт участия в подобных схемах и могут верить в возможность быстрого обогащения.

5. **Психологическая уязвимость**: Люди, которые уже попали в аферу, могут испытывать чувство вины или стыда, что делает их более подверженными манипуляциям.

Для защиты от повторных афер важно повышать финансовую грамотность, быть бдительными и не доверять слишком легко обещаниям высоких доходов."
456,Как распознать фишинговый сайт при оплате онлайн?,"Фишинговые сайты часто имитируют легитимные ресурсы, чтобы украсть личные данные. Вот несколько признаков, которые помогут их распознать:

1. **Необычный URL**: Проверьте адрес сайта в строке браузера. Фишинговые сайты часто используют похожие, но неверные домены (например, `bank-example.com` вместо `bank-example.ru`).

2. **Отсутствие HTTPS**: Легитимные сайты используют протокол HTTPS (в адресной строке будет значок замка). Если его нет, это повод насторожиться.

3. **Некорректный дизайн**: Фишинговые сайты могут иметь ошибки в дизайне, орфографические ошибки или несоответствия в логотипах и стиле.

4. **Срочные уведомления**: Мошенники часто создают ощущение срочности, требуя немедленной оплаты или ввода данных.

5. **Подозрительные ссылки**: Проверяйте ссылки перед переходом. Фишинговые сайты могут перенаправлять на поддельные страницы.

6. **Запросы личных данных**: Легитимные банки и сервисы никогда не запрашивают пароли, CVV-коды или SMS-коды через электронную почту или сообщения.

Если у вас есть сомнения, лучше связаться с банком через официальные каналы поддержки."
457,"Как оспорить кредит, оформленный мошенниками на мое имя?","Для оспаривания кредита, оформленного мошенниками, необходимо выполнить следующие шаги:

1. **Обратитесь в банк**: Напишите заявление в банк, где был оформлен кредит, с требованием признать сделку недействительной. Укажите, что вы не давали согласия на оформление кредита.

2. **Подайте заявление в полицию**: Обратитесь в полицию с заявлением о мошенничестве. Вам выдадут талон-уведомление, который нужно предоставить в банк.

3. **Соберите доказательства**: Подготовьте все документы, подтверждающие, что вы не оформляли кредит. Это могут быть свидетельские показания, записи с камер наблюдения, данные о вашем местонахождении в момент оформления кредита и т.д.

4. **Обратитесь в суд**: Если банк отказывается признавать сделку недействительной, подайте иск в суд. Суд может признать кредитный договор недействительным, если будет доказано, что он был оформлен без вашего согласия.

5. **Обратитесь в кредитные бюро**: После признания сделки недействительной, запросите в кредитных бюро исправление вашей кредитной истории.

Важно действовать быстро, чтобы минимизировать возможные последствия для вашей кредитной истории и финансового состояния."
458,Почему при санкциях против брокера с депозитарной лицензией замораживаются иностранные активы клиентов?,"При санкциях против брокера с депозитарной лицензией иностранные активы клиентов могут замораживаться по нескольким причинам:

1. **Соблюдение международных санкционных режимов**: Банки и брокеры обязаны соблюдать санкции, введенные международными организациями или отдельными странами. Это включает в себя замораживание активов, принадлежащих санкционированным лицам или организациям.

2. **Риски для финансовой системы**: Замораживание активов позволяет предотвратить их использование в целях, противоречащих санкциям, и минимизировать риски для финансовой системы.

3. **Защита интересов клиентов**: В некоторых случаях замораживание активов может быть мерой для защиты интересов клиентов, чтобы предотвратить их потерю или незаконное использование.

4. **Требования регуляторов**: Центральные банки и другие финансовые регуляторы могут требовать от брокеров и депозитариев принимать меры по замораживанию активов в рамках санкционного режима.

Если у вас есть дополнительные вопросы по этой теме, пожалуйста, уточните их."
459,"Как действовать, если сомневаетесь в легальности финансовой организации?","Если у вас есть сомнения в легальности финансовой организации, рекомендую следовать следующим шагам:

1. **Проверьте лицензию**: Убедитесь, что у организации есть действующая лицензия от Центрального банка Российской Федерации. Лицензию можно проверить на официальном сайте ЦБ РФ.

2. **Изучите репутацию**: Проверьте отзывы о компании в интернете, на специализированных форумах и сайтах. Обратите внимание на негативные отзывы и жалобы.

3. **Официальный сайт**: Проверьте, есть ли у организации официальный сайт, и соответствует ли информация на сайте реальности.

4. **Контактная информация**: Убедитесь, что у организации есть реальные контактные данные, включая адрес, телефон и электронную почту.

5. **Обратитесь в регуляторы**: Если у вас остаются сомнения, вы можете обратиться в Центральный банк РФ или Роспотребнадзор для получения дополнительной информации.

Если у вас есть конкретные вопросы по банковским продуктам или услугам, я готов помочь."
460,Закроет ли банк карту или счет автоматически после полного погашения кредита?,"Банк не закрывает карту или счет автоматически после полного погашения кредита. Обычно клиент должен обратиться в банк с заявлением о закрытии карты или счета, если он больше не планирует ими пользоваться. Это связано с тем, что карта или счет могут быть полезны для других финансовых операций, и банк не имеет права закрывать их без согласия клиента."
461,Как узнать обо всех оформленных на вас кредитах?,"Для получения информации обо всех оформленных на вас кредитах, вы можете воспользоваться следующими способами:

1. **Банковские выписки**: Обратитесь в банки, где у вас есть кредиты, и запросите выписки по кредитным счетам. Это можно сделать через интернет-банкинг, мобильное приложение или посетив отделение банка.

2. **Бюро кредитных историй (БКИ)**: Вы имеете право бесплатно получить кредитную историю один раз в год. Для этого нужно обратиться в одно из БКИ (например, НБКИ, ОКБ, Эквифакс) и запросить отчет. В отчете будут указаны все ваши кредиты и кредитные обязательства.

3. **Госуслуги**: На портале ""Госуслуги"" можно запросить выписку из кредитной истории. Для этого необходимо иметь подтвержденную учетную запись.

4. **Центральный каталог кредитных историй (ЦККИ)**: Вы можете запросить выписку из ЦККИ, который содержит информацию обо всех ваших кредитных историях в различных БКИ.

Если у вас возникли трудности с получением информации, вы можете обратиться в службу поддержки вашего банка или в БКИ для получения дополнительной помощи."
462,Как соотносится автоматическое начисление налога на АУСН с порядком списания долгов со счетов ИП?,"Автоматическое начисление налога на АУСН и порядок списания долгов со счетов ИП регулируются разными нормативными актами и процедурами.

1. **Автоматическое начисление налога на АУСН**:
   - Налог на АУСН (упрощенная система налогообложения) рассчитывается на основе доходов и (или) доходов за вычетом расходов, в зависимости от выбранного объекта налогообложения.
   - Налоговая служба может автоматически начислять налог на основании данных, представленных в налоговой отчетности.
   - ИП обязаны самостоятельно подавать декларации и уплачивать налог в установленные сроки.

2. **Списание долгов со счетов ИП**:
   - Списание долгов со счетов ИП осуществляется в соответствии с законодательством о банкротстве и взыскании задолженности.
   - Банк может списывать средства со счета ИП в порядке, установленном договором банковского счета и законодательством.
   - В случае наличия задолженности перед банком или другими кредиторами, средства могут быть списаны в счет погашения долга.

Эти процессы не связаны напрямую, но оба регулируются законодательством и требуют соблюдения установленных правил и сроков."
463,"Какие принципы финансовой дисциплины помогают избежать перерасхода, долгов?","Финансовая дисциплина основана на нескольких ключевых принципах, которые помогают избежать перерасхода и накопления долгов:

1. **Планирование бюджета**: Регулярное составление и контроль бюджета позволяют отслеживать доходы и расходы, выявлять лишние траты и оптимизировать финансовые потоки.

2. **Создание финансовой подушки**: Накопление резервного фонда на 3-6 месяцев расходов помогает избежать долгов в случае непредвиденных обстоятельств.

3. **Приоритезация расходов**: Разделение расходов на необходимые и желаемые позволяет сосредоточиться на важных тратах и сократить излишние.

4. **Контроль кредитных обязательств**: Использование кредитов и займов только в крайних случаях и своевременное погашение долгов помогают избежать накопления задолженности.

5. **Инвестирование и сбережения**: Регулярное откладывание части дохода на инвестиции и сбережения способствует финансовой стабильности и росту капитала.

6. **Образование в области финансов**: Понимание основ финансовой грамотности помогает принимать осознанные решения и избегать финансовых ловушек.

Соблюдение этих принципов способствует формированию здоровой финансовой привычки и предотвращению перерасхода и долгов."
464,Какие признаки выдают телефонную мошенническую атаку?,"1. **Неожиданные звонки**: Мошенники часто звонят внезапно, представляясь сотрудниками банка, правоохранительных органов или других организаций.

2. **Создание срочности**: Они пытаются вызвать панику, говоря о блокировке карты, угрозе ареста счета или других серьезных последствиях, если вы не выполните их требования.

3. **Запрос личных данных**: Настоящие сотрудники банка никогда не будут спрашивать ваш пароль, CVV-код или SMS-код подтверждения по телефону.

4. **Необычные просьбы**: Например, просят перевести деньги на ""безопасный счет"" или установить удаленное управление над вашим компьютером.

5. **Непрофессиональное поведение**: Мошенники могут говорить нечетко, использовать неофициальный тон или делать паузы, чтобы ""проверить информацию"".

Если вы заметили хотя бы один из этих признаков, немедленно завершите звонок и свяжитесь с банком через официальные каналы."
465,Какие инструменты помогают сократить расходы на праздники?,"Для сокращения расходов на праздники можно использовать следующие инструменты:

1. **Бюджетное планирование**: Составьте список необходимых покупок и определите максимальную сумму, которую вы готовы потратить. Это поможет избежать импульсных покупок и контролировать расходы.

2. **Кэшбэк и бонусные программы**: Используйте банковские карты с кэшбэком или бонусными программами, которые возвращают часть средств за покупки. Это может значительно снизить общие расходы.

3. **Акции и скидки**: Следите за акциями и скидками в магазинах. Многие торговые сети предлагают специальные предложения перед праздниками.

4. **Подарочные сертификаты**: Подарите сертификаты на услуги или товары, которые можно приобрести со скидкой.

5. **Самодельные подарки**: Рассмотрите возможность изготовления подарков своими руками. Это не только сэкономит деньги, но и добавит личного шарма.

6. **Планирование заранее**: Начните подготовку к праздникам заранее, чтобы иметь время на поиск выгодных предложений и избежать последних минутных покупок по завышенным ценам.

Эти инструменты помогут вам сократить расходы и сделать праздники более экономичными."
466,"Какой реестр проверяют по МФО, а какой по коллекторскому агентству?","Для проверки микрофинансовых организаций (МФО) и коллекторских агентств используются разные реестры:

1. **Для МФО**:
   - **Реестр микрофинансовых организаций** (РМФО) — ведется Центральным банком Российской Федерации (Банком России). В этом реестре содержатся данные о всех зарегистрированных МФО, их лицензиях, финансовых показателях и другой важной информации.

2. **Для коллекторских агентств**:
   - **Реестр коллекторских агентств** — также ведется Банком России. В этом реестре содержатся данные о всех зарегистрированных коллекторских агентствах, их лицензиях, финансовых показателях и другой важной информации.

Оба реестра доступны на официальном сайте Банка России и предназначены для проверки легальности и надежности организаций, предоставляющих соответствующие услуги."
467,Как совмещать накопления на долгосрочные цели с контролем повседневных трат?,"Для совмещения накоплений на долгосрочные цели с контролем повседневных трат можно использовать несколько стратегий:

1. **Разделение средств**:
   - Откройте отдельный счет для накоплений. Это может быть вклад или брокерский счет. Так вы визуально и финансово отделите средства для долгосрочных целей от повседневных трат.
   - Используйте карту с лимитом, привязанную к основному счету, для текущих расходов. Это поможет контролировать траты и не затрагивать накопления.

2. **Автоматизация накоплений**:
   - Настройте автоматическое перечисление средств на счет накоплений. Например, каждый месяц после зачисления зарплаты на основной счет автоматически переводите определенную сумму на вклад или инвестиционный счет.
   - Используйте сервисы банка для автоматического инвестирования. Некоторые банки предлагают услуги, которые позволяют автоматически инвестировать часть дохода.

3. **Планирование бюджета**:
   - Составьте бюджет, в котором учтите все обязательные расходы (коммунальные платежи, кредиты и т.д.), а также сумму, которую вы планируете откладывать на долгосрочные цели.
   - Используйте мобильные приложения для учета расходов. Это поможет контролировать текущие траты и следить за выполнением бюджета.

4. **Контроль расходов**:
   - Анализируйте свои расходы регулярно. Это поможет выявить лишние траты и оптимизировать бюджет.
   - Используйте карты с кэшбэком или бонусами. Это позволит экономить на повседневных покупках и направлять сэкономленные средства на накопления.

5. **Гибкость и адаптация**:
   - Будьте готовы корректировать свои финансовые планы в зависимости от изменений в доходах или расходах.
   - Регулярно пересматривайте свои цели и стратегии накоплений, чтобы они оставались актуальными и достижимыми.

Совмещение накоплений с контролем повседневных трат требует дисциплины и планирования, но с правильным подходом это вполне достижимо."
468,Как защищены деньги на аккредитиве по сравнению со счетом эскроу при сделке в ипотеке?,"Для защиты денежных средств в ипотечной сделке используются разные механизмы в зависимости от выбранного инструмента.

**Аккредитив** – это банковская гарантия, при которой банк обязуется выплатить деньги продавцу только после выполнения определенных условий, указанных в договоре. Деньги остаются на счете банка до момента их перевода, что снижает риски мошенничества.

**Счет эскроу** – это специальный счет, на который залогодержатель (банк) переводит средства, а они остаются на этом счете до момента выполнения условий сделки. Деньги не принадлежат ни покупателю, ни продавцу, пока не будет подтверждено выполнение всех обязательств.

Таким образом, оба инструмента обеспечивают защиту средств, но аккредитив предполагает большее участие банка в контроле за выполнением условий сделки, а счет эскроу – более независимый механизм, где деньги блокируются до завершения всех этапов сделки."
469,Как снизить риск личных выплат при суброгации после ДТП?,"Суброгация — это право страховой компании требовать возмещения ущерба от лица, причинившего убытки. Чтобы снизить риск личных выплат при суброгации после ДТП, можно следовать следующим рекомендациям:

1. **Соблюдайте правила дорожного движения**: Это основной способ минимизировать риск ДТП и, соответственно, суброгации.

2. **Оформляйте полис ОСАГО**: Обязательное страхование гражданской ответственности защищает вас от финансовых потерь в случае ДТП.

3. **Используйте каско**: Если у вас есть каско, страховая компания может покрыть ущерб, даже если вы виновник ДТП.

4. **Соблюдайте условия страхового полиса**: Не нарушайте условия договора, чтобы избежать отказа в выплатах.

5. **Своевременно информируйте страховую компанию**: Сообщайте о ДТП в страховую компанию как можно скорее.

6. **Соблюдайте процедуру оформления ДТП**: Правильно оформляйте документы на месте происшествия, чтобы избежать споров.

7. **Используйте услуги независимых экспертов**: В случае споров с другой стороной или страховой компанией, привлекайте независимых экспертов для оценки ущерба.

Соблюдение этих рекомендаций поможет снизить риск личных выплат при суброгации после ДТП."
470,Доступна ли одновременная льгота на взносах вместе с льготой на доход по ИИС разных типов?,"Одновременное использование льготы на взносы и льготы на доход по ИИС разных типов не допускается. ИИС может быть либо типа А (льгота на взносы), либо типа Б (льгота на доход). Выбор типа ИИС осуществляется при открытии счета и не может быть изменен в дальнейшем."
471,Кто вправе запрашивать информацию о ценных бумагах умершего?,"Информацию о ценных бумагах умершего вправе запрашивать его наследники или законные представители, предоставив документы, подтверждающие их права. Это могут быть:

1. **Свидетельство о праве на наследство**, выданное нотариусом.
2. **Доверенность**, если запрос осуществляется через представителя.
3. **Документы, подтверждающие родственные связи** (например, свидетельство о рождении, браке и т.д.).

Для получения информации необходимо обратиться в банк или брокерскую компанию, где хранились ценные бумаги, с соответствующими документами."
472,Как отменить навязанную допуслугу к онлайн‑займу под 0%?,"Для отмены навязанной дополнительной услуги к онлайн-займу под 0% вам необходимо выполнить следующие шаги:

1. **Обратитесь в банк или организацию, где вы оформляли займ.** Это можно сделать через онлайн-банк, мобильное приложение, по телефону горячей линии или лично в отделении.

2. **Предоставьте информацию о займе и услуге.** Укажите номер договора, дату оформления и название навязанной услуги.

3. **Подайте заявление об отмене услуги.** В заявлении укажите причину отмены и просьбу вернуть средства, если они были списаны.

4. **Дождитесь ответа от банка.** Обычно решение принимается в течение нескольких рабочих дней.

Если банк отказывается отменить услугу или вернуть деньги, вы можете обратиться в финансовый омбудсман или в суд для защиты своих прав.

Если у вас есть дополнительные вопросы по данной теме, пожалуйста, уточните их."
473,Как избежать ущерба кредитной истории при риске просрочки по краткосрочному займу?,"Чтобы избежать ущерба кредитной истории при риске просрочки по краткосрочному займу, следует предпринять следующие шаги:

1. **Свяжитесь с кредитором**: Как только вы осознаете, что не сможете внести платеж в срок, немедленно свяжитесь с кредитором. Объясните ситуацию и попробуйте договориться о переносе даты платежа или о реструктуризации долга.

2. **Используйте кредитные каникулы**: Некоторые кредиторы предлагают кредитные каникулы, которые позволяют временно приостановить выплаты. Уточните у своего кредитора, доступна ли такая опция.

3. **Рефинансирование**: Если у вас есть возможность, рассмотрите вариант рефинансирования займа на более выгодных условиях. Это может снизить ежемесячную нагрузку и помочь избежать просрочки.

4. **Пополнение счета**: Если у вас есть возможность, внесите частичный платеж, чтобы показать кредитору, что вы пытаетесь выполнить свои обязательства.

5. **Консультация с финансовым консультантом**: В некоторых случаях может быть полезно обратиться к финансовому консультанту, который поможет найти оптимальное решение для вашей ситуации.

Важно помнить, что своевременное информирование кредитора и активные действия для решения проблемы могут значительно снизить негативные последствия для вашей кредитной истории."
474,"Кто контролирует работу брокеров, депозитариев и управляющих ПИФов?","В России деятельность брокеров, депозитариев и управляющих компаниями паевых инвестиционных фондов (ПИФов) контролируется несколькими регуляторами:

1. **Центральный банк Российской Федерации (Банк России)** - основной регулятор финансового рынка, который выдает лицензии, контролирует соблюдение законодательства и проводит надзор за деятельностью этих организаций.

2. **Федеральная служба по финансовым рынкам (ФСФР России)** - ранее выполняла функции регулирования и контроля, но в 2013 году ее функции были переданы Банку России.

3. **Саморегулируемые организации (СРО)** - объединяют участников рынка и также участвуют в контроле за их деятельностью, устанавливая дополнительные стандарты и правила.

Эти организации обеспечивают защиту интересов инвесторов и стабильность финансового рынка."
475,Как сочетать УСН с патентом при тестировании нового направления с учетом личного риска ИП?,"Для сочетания УСН и патента при тестировании нового направления бизнеса с учетом личного риска ИП, необходимо учитывать несколько ключевых моментов:

1. **Разделение видов деятельности**:
   - УСН и патентная система налогообложения (ПСН) могут применяться одновременно, но для разных видов деятельности.
   - Новое направление бизнеса должно быть четко обособлено от основной деятельности, чтобы избежать налоговых рисков.

2. **Учет доходов и расходов**:
   - Доходы и расходы по новому направлению, работающему на патенте, не включаются в налоговую базу по УСН.
   - Все расходы, связанные с патентной деятельностью, должны быть четко документированы и отделены от расходов по УСН.

3. **Личный риск ИП**:
   - При работе на патенте ИП несет личную ответственность по обязательствам, связанным с этим направлением.
   - Рекомендуется тщательно оценить финансовые риски и обеспечить достаточный резервный фонд для покрытия возможных убытков.

4. **Налоговые обязательства**:
   - По УСН налоговые платежи рассчитываются исходя из разницы между доходами и расходами (при объекте ""доходы минус расходы"") или от доходов (при объекте ""доходы"").
   - По патенту налог рассчитывается как фиксированный платеж, зависящий от потенциально возможного дохода по виду деятельности.

5. **Консультация с налоговым консультантом**:
   - Рекомендуется проконсультироваться с налоговым консультантом или бухгалтером для точного расчета налоговых обязательств и минимизации рисков.

Если у вас есть дополнительные вопросы по данной теме, пожалуйста, уточните их."
476,Какой способ контроля поможет вовремя заметить мошеннические списания по карте?,"Для контроля мошеннических списаний по карте можно использовать несколько способов:

1. **СМС-уведомления**: Подключите услугу SMS-информирования о всех операциях по карте. Это позволит вам сразу узнавать о любых списаниях.

2. **Мобильное приложение банка**: В приложении можно отслеживать все транзакции в режиме реального времени. Многие банки также отправляют push-уведомления о крупных или подозрительных операциях.

3. **Настройка лимитов**: Установите лимиты на операции по карте (например, дневной или месячный лимит на снятие наличных или безналичные платежи). Это поможет ограничить ущерб в случае мошенничества.

4. **Регулярный мониторинг**: Проверяйте выписки по карте хотя бы раз в неделю. Это позволит вовремя заметить подозрительные операции.

5. **Блокировка карты**: Если вы заметили мошенническую операцию, немедленно заблокируйте карту через мобильное приложение, интернет-банк или по телефону службы поддержки банка.

Если вы заметили подозрительную операцию, свяжитесь с банком для блокировки карты и оспаривания списания."
477,В каких ситуациях возможно упрощенное внесудебное банкротство должника?,"Упрощенное внесудебное банкротство возможно в следующих ситуациях:

1. **Отсутствие активов**: У должника нет имущества, которое можно реализовать для погашения долгов.
2. **Невозможность погашения долгов**: Должник не может погасить долги в течение 3 месяцев с момента их возникновения.
3. **Отсутствие споров о долгах**: Нет судебных споров о признании долгов.
4. **Согласие кредиторов**: Кредиторы согласны на проведение упрощенной процедуры банкротства.

Если у вас есть дополнительные вопросы по банкротству, пожалуйста, уточните их."
478,Как проверить легальность ломбарда либо брокера?,"Для проверки легальности ломбарда или брокера можно воспользоваться следующими методами:

1. **Проверка лицензии**:
   - **Ломбард**: Убедитесь, что у ломбарда есть лицензия на осуществление ломбардной деятельности. Лицензию можно проверить на сайте Центрального банка Российской Федерации или на сайте Федеральной налоговой службы (ФНС).
   - **Брокер**: Проверьте, есть ли у брокера лицензия на осуществление брокерской деятельности. Лицензию можно проверить на сайте Центрального банка Российской Федерации или на сайте саморегулируемой организации (СРО), к которой принадлежит брокер.

2. **Проверка репутации**:
   - Проверьте отзывы о ломбарде или брокере на независимых платформах, таких как Отзовик, Яндекс.Отзывы, Google Отзывы и другие.
   - Убедитесь, что у компании нет судебных разбирательств или негативных публикаций в СМИ.

3. **Проверка регистрации**:
   - Убедитесь, что ломбард или брокер зарегистрированы в Едином государственном реестре юридических лиц (ЕГРЮЛ) или Едином государственном реестре индивидуальных предпринимателей (ЕГРИП). Информацию можно найти на сайте ФНС.

4. **Проверка контактной информации**:
   - Убедитесь, что у компании есть официальный сайт, телефон и адрес, по которому можно связаться. Проверьте, соответствует ли указанная информация реальности.

5. **Проверка условий сотрудничества**:
   - Внимательно изучите договор, который предлагает ломбард или брокер. Убедитесь, что все условия прозрачны и не содержат скрытых комиссий или невыгодных условий.

Если у вас возникли сомнения в легальности ломбарда или брокера, лучше воздержаться от сотрудничества и обратиться в другой, проверенный организацией."
479,Как соотносится переплата по займам под 0% при просрочке с законным лимитом по краткосрочным кредитам?,"Для ответа на ваш вопрос необходимо уточнить несколько моментов:

1. **Переплата по займам под 0% при просрочке**: Обычно займы под 0% предполагают отсутствие процентов за пользование кредитом, но при просрочке платежа могут начисляться штрафы или пени. Эти суммы могут быть значительными и существенно увеличить общую стоимость займа.

2. **Законный лимит по краткосрочным кредитам**: В России действуют ограничения на максимальную сумму процентов и штрафов по кредитам. Согласно статье 334 Гражданского кодекса РФ, общая сумма процентов, штрафов и других платежей не может превышать двойную сумму кредита (200% от суммы займа).

Таким образом, если у вас есть заем под 0% и вы допустили просрочку, то переплата (штрафы, пени) не должна превышать 200% от суммы займа. Если банк или МФО пытается взыскать больше, это нарушение закона, и вы можете обратиться в суд или в Роспотребнадзор для защиты своих прав.

Если у вас есть конкретные цифры по вашему займу, вы можете рассчитать, не превышает ли переплата законный лимит."
480,"Как поступить, если пришло сообщение об ошибочном переводе с просьбой вернуть деньги?","Если вы получили сообщение об ошибочном переводе, важно действовать осторожно. Вот шаги, которые следует предпринять:

1. **Проверьте информацию**: Убедитесь, что сообщение действительно от отправителя. Проверьте номер телефона, email или другие контактные данные.

2. **Не спешите возвращать деньги**: Если вы не уверены в подлинности сообщения, не переводите деньги обратно. Мошенники часто используют такие уловки.

3. **Свяжитесь с банком**: Обратитесь в службу поддержки вашего банка. Опишите ситуацию и уточните, как правильно действовать в вашем случае.

4. **Проверьте транзакцию**: В личном кабинете или мобильном приложении банка проверьте историю переводов. Убедитесь, что перевод действительно был ошибочным.

5. **Не предоставляйте личные данные**: Никогда не сообщайте пароли, CVV-коды или другие конфиденциальные данные.

Если у вас есть дополнительные вопросы или сомнения, лучше обратиться напрямую в банк для получения профессиональной консультации."
481,Как безопасно оформить ОСАГО онлайн через финансовую платформу?,"Для оформления ОСАГО онлайн через финансовую платформу банка следуйте этим шагам:

1. **Авторизация**: Войдите в личный кабинет на сайте или в мобильном приложении банка.
2. **Выбор услуги**: Найдите раздел ""Страхование"" или ""ОСАГО"" и выберите опцию ""Оформить полис"".
3. **Заполнение данных**: Введите необходимые данные о транспортном средстве и владельце (ПТС, СТС, паспортные данные, водительские права).
4. **Выбор тарифа**: Ознакомьтесь с предложенными тарифами и выберите подходящий.
5. **Оплата**: Подтвердите заказ и оплатите полис через доступные способы (карта, электронные деньги и т.д.).
6. **Получение полиса**: После оплаты полис будет отправлен на вашу электронную почту или станет доступен в личном кабинете.

Убедитесь, что все данные введены корректно, чтобы избежать проблем при использовании полиса."
482,Нужно ли банку считать ПДН при оформлении кредитных каникул для мобилизованного?,"Для оформления кредитных каникул мобилизованным гражданам банк не обязан считать потенциальный доход заемщика (ПДН). Это связано с тем, что кредитные каникулы предоставляются на основании федерального закона, который гарантирует право на отсрочку платежей без дополнительных проверок дохода.

Если у вас есть дополнительные вопросы по кредитным каникулам или другим банковским продуктам, задавайте их."
483,Какие онлайн‑сервисы МСП помогут на старте: где сделать бизнес‑план и где подать заявку на льготную поддержку?,"Для старта бизнеса и получения льготной поддержки можно воспользоваться следующими онлайн-сервисами:

1. **Создание бизнес-плана**:
   - **СберБизнес**: На сайте СберБанка есть сервис для создания бизнес-плана. Он поможет структурировать идею, рассчитать финансовые показатели и подготовить документы для подачи заявки на кредит или грант.
   - **Фонд содействия инновациям**: Предоставляет шаблоны и инструменты для разработки бизнес-планов, особенно для инновационных проектов.

2. **Подача заявки на льготную поддержку**:
   - **Мой бизнес**: Портал поддержки малого и среднего предпринимательства, где можно найти информацию о различных программах поддержки, включая субсидии, гранты и льготные кредиты.
   - **Корпорация МСП**: На сайте Корпорации можно подать заявку на льготные кредиты, гарантии и другие виды поддержки для малого и среднего бизнеса.
   - **Региональные порталы поддержки бизнеса**: Многие регионы имеют свои онлайн-сервисы для подачи заявок на льготную поддержку. Например, в Москве это портал ""Московский предприниматель"".

Эти сервисы помогут вам на старте бизнеса и при получении необходимой поддержки."
484,Как изменился размер соцвычета на спорт в 2024 по сравнению с 2022?,"В 2024 году размер социального налогового вычета на спорт остался без изменений по сравнению с 2022 годом. Вычет предоставляется в размере 13% от суммы, потраченной на фитнес, секции и другие спортивные услуги, но не более 120 тысяч рублей в год. Таким образом, максимальная сумма вычета составляет 15 600 рублей (13% от 120 000 рублей)."
485,"Что стоит сделать перед оформлением ипотеки, чтобы учесть обязательные расходы по кредиту?","Перед оформлением ипотеки важно учесть несколько обязательных расходов, чтобы избежать неожиданных затрат. Вот основные шаги:

1. **Оценка стоимости недвижимости**: Банк может потребовать независимую оценку стоимости приобретаемого жилья. Это может быть как за счет заемщика, так и за счет банка, но в последнем случае стоимость оценки будет включена в общую сумму кредита.

2. **Страхование**: Обязательное страхование залогового имущества (недвижимости) на весь срок кредита. Также может потребоваться страхование жизни и здоровья заемщика, хотя это не всегда обязательно, но может повлиять на условия кредитования.

3. **Оплата услуг нотариуса**: Если требуется нотариальное заверение сделки, это также повлечет за собой дополнительные расходы.

4. **Регистрация права собственности**: Оплата государственной пошлины за регистрацию права собственности на недвижимость в Росреестре.

5. **Комиссии банка**: Уточните у банка, какие комиссии взимаются за оформление ипотеки, например, за рассмотрение заявки, за ведение счета и т.д.

6. **Первоначальный взнос**: Убедитесь, что у вас есть достаточная сумма для первоначального взноса, который обычно составляет от 10% до 30% от стоимости недвижимости.

7. **Проверка кредитной истории**: Перед подачей заявки проверьте свою кредитную историю, чтобы избежать возможных проблем с одобрением кредита.

Учитывая эти расходы, вы сможете более точно спланировать свои финансы и избежать неожиданных затрат."
486,"Где проверять легальность банков, страховщиков, платежных агрегаторов?","Для проверки легальности банков, страховщиков и платежных агрегаторов в России можно воспользоваться следующими ресурсами:

1. **Центральный банк Российской Федерации (Банк России)**:
   - Официальный сайт: [cbr.ru](https://www.cbr.ru)
   - Раздел ""Финансовые организации"" содержит актуальные списки лицензированных банков, страховых компаний и платежных систем.

2. **Федеральная служба по финансовым рынкам (ФСФР)**:
   - Официальный сайт: [fcsm.ru](https://www.fcsm.ru)
   - Здесь можно найти информацию о лицензированных страховых компаниях и других финансовых организациях.

3. **Единый государственный реестр юридических лиц (ЕГРЮЛ)**:
   - Официальный сайт: [egrul.nalog.ru](https://egrul.nalog.ru)
   - Позволяет проверить регистрационные данные и статус юридического лица.

4. **Сайт Федеральной налоговой службы (ФНС России)**:
   - Официальный сайт: [nalog.ru](https://www.nalog.ru)
   - В разделе ""Риски бизнеса: проверь себя и контрагента"" можно проверить информацию о компаниях.

5. **Сайт Федеральной службы по финансовым рынкам (ФСФР)**:
   - Официальный сайт: [fcsm.ru](https://www.fcsm.ru)
   - Здесь можно найти информацию о лицензированных страховых компаниях и других финансовых организациях.

Эти ресурсы помогут вам убедиться в легальности и надежности финансовых организаций."
487,Чем отличается вклад от инвестиций по защите средств?,"Вклады и инвестиции различаются по уровню защиты средств.

1. **Вклад**:
   - Вклад в банке защищен системой страхования вкладов (например, в России до 1,4 млн рублей).
   - Средства на вкладе находятся под гарантией государства.
   - Доходность вкладов обычно ниже, чем у инвестиций, но риски минимальны.

2. **Инвестиции**:
   - Инвестиции не защищены системой страхования вкладов.
   - Риски зависят от типа инвестиций (акции, облигации, фонды и т.д.).
   - Доходность может быть выше, но есть риск потери части или всех средств.

Таким образом, вклад обеспечивает более высокую степень защиты средств, тогда как инвестиции могут принести больше дохода, но с большими рисками."
488,Нужно ли заемщику менять платежи при санации банка либо при отзыве лицензии?,"При санации банка или отзыве лицензии заемщику не нужно самостоятельно менять платежи. В таких ситуациях банк или временная администрация обязаны уведомить клиентов о дальнейших действиях.

1. **Санация банка**:
   - Банк продолжает работать, но под контролем регулятора.
   - Платежи по кредитам остаются прежними, изменения вносятся только по решению банка или регулятора.
   - Заемщик должен следить за официальными уведомлениями.

2. **Отзыв лицензии**:
   - Банк прекращает свою деятельность.
   - Временная администрация или новый банк-правопреемник должны уведомить заемщиков о дальнейших действиях.
   - Платежи могут быть переведены на счет нового банка или временной администрации.

Если у вас есть конкретные вопросы по вашей ситуации, лучше обратиться в банк или временную администрацию для получения точной информации."
489,Как учитывать инфляцию в семейном финансовом плане?,"Для учета инфляции в семейном финансовом плане следует придерживаться следующих шагов:

1. **Оценка текущей инфляции**: Определите текущий уровень инфляции в вашем регионе. Это можно сделать, изучив официальные статистические данные или используя онлайн-калькуляторы инфляции.

2. **Анализ расходов**: Разделите свои расходы на категории (продукты, коммунальные услуги, транспорт и т.д.) и оцените, какие из них наиболее подвержены инфляции.

3. **Корректировка доходов**: Учитывайте, что ваши доходы должны расти не менее, чем на уровень инфляции, чтобы поддерживать тот же уровень жизни. Если доходы не растут, рассмотрите возможность поиска дополнительных источников дохода.

4. **Инвестиции**: Включите в финансовый план инвестиции в активы, которые могут защитить от инфляции, такие как недвижимость, акции компаний с устойчивым ростом или облигации с плавающим купоном.

5. **Резервный фонд**: Создайте резервный фонд, который будет покрывать не менее 3-6 месяцев ваших расходов. Это поможет вам справиться с неожиданными финансовыми трудностями, вызванными инфляцией.

6. **Регулярный пересмотр плана**: Пересматривайте свой финансовый план не реже одного раза в год, чтобы учитывать изменения в уровне инфляции и ваших финансовых целях.

Если у вас есть конкретные вопросы по инвестициям или управлению финансами, обратитесь к финансовому консультанту."
490,Почему банковский вклад безопаснее инвестиций в ПИФы?,"Банковский вклад считается более безопасным по нескольким причинам:

1. **Гарантии государства**: Вклады в банках, которые являются участниками системы страхования вкладов, застрахованы на сумму до 1,4 миллиона рублей. Это означает, что даже в случае банкротства банка, вкладчик получит свои деньги в пределах этой суммы.

2. **Стабильность доходности**: Процентная ставка по вкладу фиксируется на момент заключения договора и не изменяется в течение всего срока действия вклада. Это позволяет точно знать, какой доход будет получен.

3. **Низкий риск**: Банковские вклады относятся к низкорискованным инструментам. В отличие от инвестиций в ПИФы, где доходность зависит от рыночных условий и может как увеличиваться, так и уменьшаться, вклад обеспечивает стабильный и предсказуемый доход.

4. **Доступность**: Вклады доступны для большинства граждан, так как не требуют значительных начальных вложений и сложных знаний о рынке.

В то же время, инвестиции в ПИФы могут приносить более высокую доходность, но они связаны с более высокими рисками, так как зависят от динамики фондового рынка."
491,Какие ПИФы подходят для краткосрочной стратегии?,"Для краткосрочной стратегии инвестирования в ПИФы (паевые инвестиционные фонды) подходят фонды с высокой ликвидностью и низкой волатильностью. Обычно это фонды, инвестирующие в:

1. **Облигации** - фонды, которые вкладывают в облигации с коротким сроком погашения (до 1 года). Они менее подвержены колебаниям процентных ставок и обеспечивают стабильный доход.
2. **Деньги** - фонды денежного рынка, которые инвестируют в краткосрочные финансовые инструменты (депозиты, коммерческие бумаги, векселя). Они обеспечивают высокую ликвидность и низкий риск.
3. **Смешанные фонды** - фонды, которые инвестируют как в облигации, так и в акции, но с акцентом на облигации. Они могут предложить более высокий доход, чем фонды денежного рынка, но с немного более высоким риском.

Важно учитывать, что краткосрочные инвестиции в ПИФы могут быть менее прибыльными по сравнению с долгосрочными, но они обеспечивают большую безопасность и ликвидность."
492,В чем различие условий вычетов по ИИС-1/ИИС-2?,"ИИС-1 (тип А) и ИИС-2 (тип Б) — это два типа индивидуальных инвестиционных счетов, которые различаются условиями налоговых вычетов.

**ИИС-1 (тип А):**
- Налоговый вычет на взнос: 13% от суммы внесенных средств (максимально 52 000 рублей в год, при условии, что сумма взноса не превышает 1 млн рублей в год).
- Налоговый вычет на доход: не предоставляется.
- Срок действия: 3 года с момента открытия счета.
- Возможность снятия средств: только после истечения срока действия счета (3 года).

**ИИС-2 (тип Б):**
- Налоговый вычет на взнос: не предоставляется.
- Налоговый вычет на доход: освобождение от налога на доход (13%) при закрытии счета.
- Срок действия: 3 года с момента открытия счета.
- Возможность снятия средств: в любой момент, но налоговый вычет на доход предоставляется только после истечения срока действия счета (3 года).

Таким образом, основное различие заключается в том, что ИИС-1 предоставляет налоговый вычет на взнос, а ИИС-2 — на доход."
493,Какие страховки реально обязательны по закону?,"В России обязательными страховками по закону являются:

1. **ОСАГО** (Обязательное страхование автогражданской ответственности) – для владельцев транспортных средств.
2. **ОМС** (Обязательное медицинское страхование) – для всех граждан РФ.
3. **Страхование от несчастных случаев на производстве и профессиональных заболеваний** – для работодателей в отношении своих сотрудников.
4. **Ипотечное страхование** (если ипотека оформлена с 2019 года) – страхование жизни и здоровья заемщика, а также страхование недвижимости.

Эти виды страхования регулируются законодательством и обязательны для определенных категорий граждан или организаций."
494,"Где монеты зачислят без комиссии, а где пополнение обойдется дороже?","Для получения точного ответа на ваш вопрос, мне необходимо больше информации о конкретных условиях вашего банка или платежной системы. Обычно комиссии за пополнение счетов зависят от следующих факторов:

1. **Тип операции**: Пополнение через банковский перевод, карту, электронные платежные системы и т.д.
2. **Страна и валюта**: Пополнение в национальной валюте обычно дешевле, чем в иностранной.
3. **Условия банка или платежной системы**: Некоторые банки и платежные системы предлагают бесплатные переводы для своих клиентов, а другие могут взимать комиссию.

Если у вас есть конкретный банк или платежная система, уточните их условия, и я постараюсь помочь более детально."
495,Как проверить страховую компанию перед покупкой автостраховки?,"Для проверки страховой компании перед покупкой автостраховки рекомендуется выполнить следующие шаги:

1. **Проверка лицензии**: Убедитесь, что у компании есть действующая лицензия на осуществление страховой деятельности. Это можно сделать на сайте Центрального банка РФ или на сайте страховой компании.

2. **Репутация и отзывы**: Изучите отзывы клиентов на независимых платформах, таких как Отзовик, Фламп, Яндекс.Маркет и другие. Обратите внимание на общий тон отзывов и частоту жалоб.

3. **Финансовая устойчивость**: Проверьте финансовые показатели компании, такие как размер уставного капитала, прибыль, резервы. Эта информация также доступна на сайте Центрального банка РФ.

4. **Условия страхования**: Внимательно изучите условия договора, включая франшизу, ограничения, исключения и процедуру выплат. Сравните предложения нескольких компаний.

5. **Сроки выплат**: Уточните, насколько быстро компания осуществляет выплаты по страховым случаям. Это можно узнать из отзывов или напрямую у представителей компании.

6. **Сервис и поддержка**: Оцените качество обслуживания клиентов, наличие круглосуточной поддержки, удобство оформления документов и другие аспекты сервиса.

Если у вас есть дополнительные вопросы, связанные с банковскими услугами, пожалуйста, уточните их."
496,В каких случаях банк обязан вернуть клиенту деньги при мошенническом переводе и при несанкционированной операции по карте?,"Банк обязан вернуть клиенту деньги в следующих случаях:

1. **Мошеннический перевод**:
   - Если клиент не давал согласие на перевод и доказал, что операция была совершена без его ведома (например, через взлом аккаунта или фишинг).
   - Если перевод был осуществлён с нарушением правил безопасности, установленных банком, и клиент не несёт ответственности за это нарушение.

2. **Несанкционированная операция по карте**:
   - Если операция была совершена без согласия клиента (например, кража или копирование данных карты).
   - Если клиент своевременно уведомил банк о потере или краже карты, и операции были совершены после этого уведомления.

Важно: Клиент должен как можно скорее сообщить банку о мошеннической операции или несанкционированном списании, чтобы увеличить шансы на возврат средств."
497,В каких случаях банк вправе приостанавливать операции бизнеса?,"Банк вправе приостанавливать операции бизнеса в следующих случаях:

1. **Подозрение в мошенничестве или отмывании денег**: Если банк обнаруживает подозрительные операции, которые могут быть связаны с мошенническими схемами или отмыванием денег, он может приостановить операции до выяснения обстоятельств.

2. **Несоответствие требованиям законодательства**: Если операции клиента не соответствуют требованиям законодательства или внутренним нормам банка, банк может приостановить их выполнение.

3. **Недостаточность средств на счете**: Если на счете клиента недостаточно средств для выполнения операции, банк может приостановить операцию до пополнения счета.

4. **Технические сбои или ошибки**: В случае технических проблем или ошибок в системе банка, операции могут быть приостановлены до устранения неполадок.

5. **Решение суда или регулятора**: Если банк получил решение суда или регулятора о приостановлении операций, он обязан выполнить это требование.

6. **Нарушение условий договора**: Если клиент нарушает условия договора с банком, например, не предоставляет необходимые документы или нарушает сроки, банк может приостановить операции.

Если у вас возникли вопросы по конкретной ситуации, рекомендую обратиться в службу поддержки вашего банка для получения более детальной информации."
498,Чем защита денег на банковских счетах отличается от вложений в НСЖ при проблемах у организации?,"Защита денег на банковских счетах и вложений в негосударственные пенсионные фонды (НСЖ) при проблемах у организации различается следующим образом:

1. **Банковские счета**:
   - **Страхование вкладов**: В России вклады физических лиц в банках страхуются Агентством по страхованию вкладов (АСВ) на сумму до 1,4 млн рублей. Это означает, что даже если банк обанкротится, вкладчик получит свои деньги в пределах этой суммы.
   - **Гарантии для юридических лиц**: Для юридических лиц и индивидуальных предпринимателей (ИП) страхование вкладов не действует. В случае проблем у банка средства могут быть потеряны.

2. **Негосударственные пенсионные фонды (НСЖ)**:
   - **Защита средств**: Вложения в НСЖ не страхуются АСВ. В случае проблем у НПФ средства участников могут быть защищены только в рамках законодательства о негосударственном пенсионном обеспечении.
   - **Гарантии**: В России действует система гарантирования средств участников НПФ, но она менее надежна, чем страхование вкладов в банках. В случае банкротства НПФ средства участников могут быть переданы в другой фонд или возвращены в рамках процедуры банкротства.

Таким образом, защита средств на банковских счетах для физических лиц более надежна, чем вложения в НСЖ, особенно в случае проблем у организации."
499,Что проверяют банки по бизнес-плану по сравнению с краудинвестингом?,"Для ответа на ваш вопрос, мне нужно больше информации о том, что именно вы имеете в виду под ""проверкой бизнес-плана"" в контексте банков и краудинвестинга. Пожалуйста, уточните, какие аспекты вас интересуют: финансовые показатели, риски, стратегия развития и т.д. Это поможет мне дать более точный и полезный ответ.

Если у вас есть конкретный текст или статья, которую вы хотите, чтобы я проанализировал, пожалуйста, предоставьте её."
500,Чем отличается банковское финансирование с госгарантией от краудлендинга?,"Банковское финансирование с госгарантией и краудлендинг — это два разных способа привлечения денежных средств, которые имеют существенные различия.

**Банковское финансирование с госгарантией:**
- Предоставляется банком, но под гарантию государства.
- Обычно имеет более низкие процентные ставки по сравнению с обычными кредитами.
- Требует строгого соблюдения условий и предоставления залогового обеспечения.
- Процесс получения кредита может быть длительным и включать множество проверок.
- Подходит для крупных проектов и бизнеса с устойчивой финансовой историей.

**Краудлендинг:**
- Это коллективное финансирование, при котором деньги привлекаются от большого числа людей через специализированные платформы.
- Обычно не требует залогового обеспечения и строгих проверок.
- Процентные ставки могут быть выше, чем у банковских кредитов.
- Подходит для стартапов, малых проектов и бизнеса, который не может получить традиционное финансирование.
- Процесс привлечения средств может быть быстрее, но зависит от популярности проекта и доверия инвесторов.

Таким образом, банковское финансирование с госгарантией более надежно и подходит для крупных проектов, тогда как краудлендинг — это гибкий инструмент для привлечения средств, особенно для малых и средних бизнесов."
