ID вопроса,Вопрос,Ответы на вопрос
1,Как просрочка по «беспроцентному» займу скажется на переплате/ПСК?,"Просрочка по «беспроцентному» займу может повлиять на переплату и ПСК (потребительский кредитный счет) следующим образом:

1. **Штрафы и пени**: Даже если заем беспроцентный, за просрочку могут начисляться штрафы или пени. Это увеличит общую сумму, которую нужно вернуть.

2. **Ухудшение кредитной истории**: Просрочка может быть отражена в вашей кредитной истории, что негативно скажется на вашей кредитной репутации. Это может повлиять на возможность получения кредитов в будущем.

3. **Изменение условий кредитования**: В некоторых случаях банк может изменить условия кредитования, например, установить процентную ставку за просрочку.

4. **ПСК**: Если просрочка повлияет на вашу кредитную историю, это может отразиться на ПСК, так как он рассчитывается на основе вашей кредитной истории и текущих обязательств.

Для более точного ответа уточните, о каком именно займе идет речь, и какие условия прописаны в договоре."
2,"Как действовать вкладчику при отзыве лицензии, учитывая лимит безопасной суммы?","При отзыве лицензии у банка вкладчикам следует действовать следующим образом:

1. **Определите сумму страхового возмещения**: В соответствии с законодательством, страховое возмещение по вкладам составляет до 1,4 миллиона рублей. Это значит, что если у вас на счетах сумма до этой величины, вы получите её в полном объеме.

2. **Подайте заявление на выплату**: Обратитесь в Агентство по страхованию вкладов (АСВ) или в банк-агент, который назначит АСВ для выплат. Вам нужно будет предоставить паспорт и документы, подтверждающие вклад.

3. **Получите страховое возмещение**: АСВ обычно выплачивает страховку в течение нескольких дней после подачи заявления. Вы можете получить деньги наличными или на другой счет в другом банке.

4. **Дальнейшие действия с остатком**: Если сумма вашего вклада превышает 1,4 миллиона рублей, остаток средств будет включен в конкурсную массу банка. Вы сможете претендовать на часть средств после завершения процедуры банкротства, но это может занять значительное время.

5. **Следите за информацией**: Регулярно проверяйте официальные источники, такие как сайт АСВ или Центрального банка, чтобы быть в курсе всех изменений и процедур.

Если у вас есть вопросы по конкретным деталям, лучше обратиться напрямую в АСВ или в банк-агент, который назначен для выплат."
3,Как действовать при оспаривании незаконной продажи долга с учетом установленных сроков ответа на претензии?,"При оспаривании незаконной продажи долга важно действовать в рамках установленных законом сроков. Вот пошаговый алгоритм действий:

1. **Проверка законности продажи долга**:
   - Убедитесь, что продажа долга соответствует законодательству. Например, в России это регулируется Гражданским кодексом и Федеральным законом ""О банках и банковской деятельности"".

2. **Анализ документов**:
   - Запросите у коллекторского агентства или нового кредитора документы, подтверждающие законность передачи долга. Это может быть договор уступки права требования, уведомление о передаче долга и другие документы.

3. **Направление претензии**:
   - Если вы обнаружили нарушения, направьте претензию коллекторскому агентству или новому кредитору. В претензии укажите на незаконность действий и потребуйте прекратить взыскание долга.

4. **Сроки ответа на претензию**:
   - Согласно законодательству, ответ на претензию должен быть предоставлен в разумный срок, обычно это 30 дней с момента получения претензии. Если ответ не поступил или он не удовлетворителен, вы можете обратиться в суд.

5. **Обращение в суд**:
   - Если претензия не была удовлетворена, вы можете подать иск в суд. В иске укажите на незаконность продажи долга и потребуйте признать сделку недействительной.

6. **Консультация с юристом**:
   - Рекомендуется проконсультироваться с юристом, специализирующимся на долговых спорах, чтобы правильно составить претензию и исковое заявление.

Важно соблюдать все сроки и требования законодательства, чтобы защитить свои права."
4,Как изменился лимит социального вычета на спорт по сравнению с 2022 годом?,"В 2023 году лимит социального вычета на спорт увеличился. Если в 2022 году он составлял 120 тысяч рублей, то с 2023 года он вырос до 156 тысяч рублей. Это означает, что вы можете вернуть до 156 тысяч рублей, потраченных на спорт, при условии, что у вас есть подтверждающие документы и вы соответствуете другим требованиям для получения социального вычета."
5,Чем отличаются сроки обращения за наследством по закону от сроков для налогового имущественного вычета?,"Ошибка при обработке: Error code: 429 - {'error': {'message': ""No deployments available for selected model, Try again in 5 seconds. Passed model=openrouter/mistralai/mistral-small-3.2-24b-instruct. pre-call-checks=False, cooldown_list=['5a974fd4-816e-429d-a928-c954d4891e78']"", 'type': 'None', 'param': 'None', 'code': '429'}}"
6,Почему при высокой долговой нагрузке банк может отказать в новом кредите?,"Банк может отказать в новом кредите при высокой долговой нагрузке, потому что это увеличивает риски невыполнения обязательств. Высокая долговая нагрузка означает, что у заемщика уже есть значительные финансовые обязательства, и дополнительный кредит может усугубить его финансовое положение. Банк оценивает платежеспособность заемщика и его способность выплачивать новые кредиты вместе с уже существующими обязательствами. Если долговая нагрузка слишком высока, банк может посчитать, что риски слишком велики, и отказать в предоставлении нового кредита."
7,Что сделать первым делом при обнаружении мошеннического списания с карты?,"Первым делом при обнаружении мошеннического списания с карты необходимо:

1. Немедленно заблокировать карту, позвонив в службу поддержки банка или через мобильное приложение.
2. Сообщить банку о мошеннической операции, предоставив все доступные детали транзакции.
3. Обратиться в полицию и написать заявление о мошенничестве, приложив все подтверждающие документы.
4. Сохранить все доказательства мошенничества, включая выписки по счету и переписку с мошенниками, если таковая имеется.

Банк рассмотрит вашу заявку и примет решение о возврате средств в соответствии с внутренними правилами и законодательством."
8,"Куда обращаться, если заемные деньги ушли мошенникам?","Если заемные деньги ушли мошенникам, необходимо незамедлительно обратиться в банк, где был оформлен кредит. Сообщите о происшествии в службу безопасности банка и предоставьте все возможные доказательства мошенничества. Также следует подать заявление в полицию и обратиться в банк для блокировки счета или карты, с которых были списаны средства."
9,Как с помощью госгарантий повысить шанс одобрения и какую долю кредита они покрывают?,"Государственные гарантии могут значительно повысить шанс одобрения кредита, так как они снижают риски для банка. Банк видит, что в случае невозврата кредита, часть средств будет возмещена государством.

Доля кредита, которую покрывают госгарантии, зависит от программы и условий. Обычно это может быть от 50% до 80% от суммы кредита. Точные условия и процент покрытия нужно уточнять в конкретной программе поддержки, которую вы выбрали."
10,Почему вклад безопаснее инвестиций в ценные бумаги?,"Вклад в банке считается более безопасным по сравнению с инвестициями в ценные бумаги по нескольким причинам:

1. Гарантии государства. Вклады в банках, которые являются участниками системы страхования вкладов, застрахованы. Это означает, что в случае отзыва лицензии у банка вкладчики могут получить возмещение до определенной суммы.

2. Стабильность доходности. По вкладу доходность обычно фиксированная и известна заранее. В случае с ценными бумагами доходность может колебаться в зависимости от рыночных условий.

3. Меньший риск потери средств. Ценные бумаги подвержены рыночным рискам, таким как колебания курсов, изменение процентных ставок и другие факторы. Вклад же, как правило, не подвержен таким рискам.

4. Простота управления. Вклад не требует активного управления и мониторинга, в отличие от ценных бумаг, которые могут требовать постоянного внимания и анализа.

Однако важно помнить, что даже вклад имеет свои риски, такие как инфляционные риски, риски изменения процентных ставок и другие. Поэтому перед выбором любого финансового инструмента необходимо тщательно анализировать все возможные риски и преимущества."
11,"Каковы сроки блокировки перевода, а также решения финомбудсмена?","Сроки блокировки перевода зависят от обстоятельств и могут варьироваться. Обычно банк блокирует перевод на срок до 30 дней для проверки. Решение финансового омбудсмена может занять от 30 до 90 дней, в зависимости от сложности дела. Точные сроки могут быть уточнены у вашего банка или в финансовом омбудсмене."
12,Почему иностранные депозитарные расписки и многие ETF могут быть заблокированы и кому они доступны?,"Иностранные депозитарные расписки (ADR) и многие ETF могут быть заблокированы для российских инвесторов из-за санкционных ограничений, введенных в отношении российских банков и брокеров. Это связано с тем, что иностранные компании и регуляторы могут ограничивать доступ к своим финансовым инструментам для резидентов России.

Доступ к таким инструментам может быть ограничен для физических лиц и юридических лиц, зарегистрированных в России. В некоторых случаях доступ может быть предоставлен только через определенных брокеров или через специальные программы, которые позволяют обходить санкционные ограничения.

Если у вас есть конкретные вопросы по доступности определенных инструментов, рекомендуется обратиться к вашему брокеру или в службу поддержки банка для получения актуальной информации."
13,Какие приемы помогут сократить импульсные покупки?,"Для сокращения импульсных покупок можно использовать следующие приемы:

1. Составьте список необходимых покупок и придерживайтесь его. Это поможет избежать спонтанных приобретений.
2. Установите лимит на сумму, которую вы готовы потратить в течение определенного периода.
3. Делайте паузу перед покупкой. Подумайте, действительно ли вам нужна эта вещь, и отложите покупку на несколько дней.
4. Используйте наличные вместо карт. Это поможет визуализировать траты и контролировать бюджет.
5. Избегайте покупок в состоянии стресса или эмоционального подъема.
6. Анализируйте свои траты. Регулярно проверяйте, на что уходят ваши деньги, и корректируйте свои привычки.

Эти приемы помогут вам более осознанно подходить к покупкам и сократить импульсные траты."
14,Чем отличаются госгарантии по деньгам на эскроу от гарантий по накоплениям в НПФ?,"Госгарантии по деньгам на эскроу и гарантии по накоплениям в НПФ различаются по нескольким ключевым аспектам:

1. **Цель и назначение**:
   - Госгарантии по деньгам на эскроу обычно предоставляются для обеспечения исполнения обязательств по сделкам, например, при покупке недвижимости. Средства хранятся на специальном счете до выполнения условий сделки.
   - Гарантии по накоплениям в НПФ направлены на формирование пенсионных накоплений. Средства вносятся на индивидуальный счет застрахованного лица и инвестируются в различные активы.

2. **Управление средствами**:
   - Деньги на эскроу счете управляются банком или другим финансовым учреждением и блокируются до момента выполнения условий сделки.
   - Средства в НПФ управляются управляющей компанией (УК) и инвестируются в соответствии с инвестиционной декларацией НПФ.

3. **Гарантии и страхование**:
   - Госгарантии по деньгам на эскроу могут предоставляться государством или банком, что обеспечивает дополнительную защиту средств.
   - Гарантии по накоплениям в НПФ обеспечиваются государством через систему гарантирования прав застрахованных лиц. В случае банкротства НПФ средства застрахованных лиц переходят под управление другого НПФ.

4. **Доступ к средствам**:
   - Средства на эскроу счете становятся доступными только после выполнения условий сделки, указанных в договоре.
   - Средства в НПФ становятся доступными при достижении пенсионного возраста или в других случаях, предусмотренных законодательством (например, при инвалидности).

Таким образом, основное отличие заключается в цели использования средств и механизме их управления."
15,Как распознать мошенников при возврате денег за отмененный рейс?,"Для распознавания мошенников при возврате денег за отмененный рейс следует придерживаться нескольких ключевых принципов:

1. **Официальные каналы связи**: Все уведомления и инструкции по возврату средств должны поступать только через официальные каналы авиакомпании или банка. Если вам приходит сообщение или звонок от неизвестного номера с просьбой предоставить личные данные или перевести деньги, это может быть мошенническая схема.

2. **Проверка информации**: Уточняйте информацию о возврате средств через официальный сайт авиакомпании или по номеру горячей линии, указанному на билете. Не переходите по ссылкам из подозрительных сообщений.

3. **Безопасность личных данных**: Никогда не сообщайте свои пароли, коды из SMS или другие конфиденциальные данные третьим лицам. Банк и авиакомпания никогда не запрашивают такую информацию через телефон или электронную почту.

4. **Внимание к деталям**: Мошенники часто используют поддельные сайты и письма, которые внешне похожи на официальные. Внимательно проверяйте адреса электронной почты, URL-адреса сайтов и другие детали.

Если у вас возникли сомнения, лучше обратиться напрямую в службу поддержки авиакомпании или банка для уточнения информации."
16,Какие документы подойдут для подтверждения дохода при заявке на кредит?,"Для подтверждения дохода при заявке на кредит в банке могут потребоваться следующие документы:

1. Справка о доходах по форме банка или справка 2-НДФЛ. Это основной документ, подтверждающий ваш официальный доход.
2. Копия трудовой книжки или трудового договора. Эти документы подтверждают вашу занятость и стаж работы.
3. Выписка с банковского счета или выписка по кредитной карте. Эти документы могут подтвердить ваш доход, если у вас есть регулярные поступления на счет.
4. Налоговая декларация. Этот документ может потребоваться, если вы являетесь индивидуальным предпринимателем или получаете доход от предпринимательской деятельности.
5. Другие документы, подтверждающие доход. Например, договор аренды, если вы сдаете недвижимость, или договор подряда, если вы работаете по договору подряда.

Точный перечень документов может варьироваться в зависимости от банка и типа кредита. Рекомендуется уточнить список требуемых документов у менеджера банка, в который вы подаете заявку."
17,Зачем частному клиенту следить за рейтингом страховщика на фоне возможной приостановки лицензии?,"Частному клиенту важно следить за рейтингом страховщика, чтобы оценить его финансовую устойчивость и надежность. Если у страховой компании есть риск приостановки лицензии, это может означать проблемы с платежеспособностью. В таком случае клиент может столкнуться с задержками или невозможностью получения страховых выплат. Следить за рейтингом помогает своевременно принять меры, такие как смена страховщика или пересмотр условий договора."
18,Чем для вкладчика отличается санация от отзыва лицензии?,"Санация и отзыв лицензии — это разные процедуры, которые могут применяться к банку в зависимости от его финансового состояния.

Санация — это процедура финансового оздоровления банка, которая проводится с целью восстановления его платежеспособности. В рамках санации могут быть привлечены дополнительные инвестиции, изменена структура управления, проведены другие меры, направленные на улучшение финансового состояния банка. Вкладчики при санации продолжают получать проценты по вкладам, и их средства остаются в безопасности.

Отзыв лицензии — это более серьезная мера, которая применяется в случае, если банк не может восстановить свою платежеспособность. В этом случае банк признается несостоятельным, и его деятельность прекращается. Вкладчики могут получить свои средства через процедуру страхования вкладов, но процесс может занять некоторое время.

Таким образом, основное отличие заключается в том, что санация направлена на восстановление банка, а отзыв лицензии — на его ликвидацию. Для вкладчиков санация обычно менее рискованна, так как их средства остаются в безопасности, в то время как при отзыве лицензии возможны задержки в возврате вкладов."
19,Какие лимиты действуют на выплаты клиентам МФО по сравнению с гарантиями для клиентов НПФ?,"Для ответа на ваш вопрос требуется уточнение, так как МФО (микрофинансовые организации) и НПФ (негосударственные пенсионные фонды) регулируются разными нормативными актами и имеют разные механизмы выплат и гарантий.

МФО предоставляют заемщикам кредиты и микрозаймы, и их деятельность регулируется законом ""О микрофинансовой деятельности и микрофинансовых организациях"". Лимиты на выплаты по займам устанавливаются самими МФО в соответствии с их внутренними политиками и требованиями регуляторов.

НПФ, в свою очередь, занимаются формированием и выплатой пенсий. Их деятельность регулируется законом ""О негосударственных пенсионных фондах"". Гарантии для клиентов НПФ могут включать страхование вкладов и другие меры защиты, установленные законодательством.

Если у вас есть конкретные вопросы о лимитах или гарантиях в рамках деятельности МФО или НПФ, пожалуйста, уточните их, и я постараюсь дать более точный ответ."
20,Какие банковские инструменты подходят для безопасных расчетов и для возврата денег при споре?,"Для безопасных расчетов и возврата денег при споре в банке обычно используются следующие инструменты:

1. Банковские карты (Visa, Mastercard, МИР). Они позволяют проводить платежи с возможностью оспорить транзакцию в случае спорных ситуаций. Возврат средств возможен в течение определенного срока, обычно до 180 дней.

2. Электронные деньги. Некоторые электронные платежные системы также предоставляют возможность возврата средств при споре, но условия и сроки могут отличаться.

3. Банковские переводы. В случае спорных ситуаций с переводом можно обратиться в банк для разбирательства, но процесс может быть более сложным и длительным.

4. Аккредитивы. Это инструмент, при котором банк гарантирует оплату по сделке при выполнении определенных условий. В случае спора аккредитив может быть использован для возврата средств.

5. Инкассо. Это услуга банка по инкассации денежных средств, которая может быть использована для безопасных расчетов.

Для более подробной информации о конкретных условиях и процедурах возврата средств рекомендуется обратиться в ваш банк или изучить договор на обслуживание."
21,Как безопасно настроить автоплатеж?,"Для настройки автоплатежа в банке выполните следующие шаги:

1. Войдите в интернет-банк или мобильное приложение.
2. Перейдите в раздел ""Автоплатежи"" или ""Шаблоны платежей"".
3. Выберите ""Создать новый автоплатеж"".
4. Укажите получателя платежа (номер счета или карты, ИНН и другие реквизиты).
5. Введите сумму платежа и валюту.
6. Установите периодичность платежа (ежемесячно, ежеквартально и т.д.).
7. Выберите дату списания средств.
8. Подтвердите создание автоплатежа с помощью SMS-кода или другого метода аутентификации.

Для безопасности рекомендуется:
- Регулярно проверять настройки автоплатежей.
- Использовать только проверенные реквизиты получателей.
- Не оставлять большие суммы на счетах, с которых проводятся автоплатежи.
- Включить уведомления о проведении платежей."
22,Как мошенники крадут реквизиты при оплате онлайн?,"Мошенники могут красть реквизиты при оплате онлайн различными способами. Вот основные методы:

1. Фишинг: Мошенники создают поддельные сайты или страницы, которые выглядят как официальные, и просят ввести реквизиты для оплаты. Пользователь, не заметив подмены, вводит данные, которые попадают к злоумышленникам.

2. Вредоносное ПО: Злоумышленники могут распространять вирусы, которые автоматически считывают введенные данные, включая реквизиты, и отправляют их мошенникам.

3. Подмена реквизитов: В некоторых случаях мошенники могут подменять реквизиты в процессе оплаты, например, через вредоносные расширения для браузеров.

4. Социальная инженерия: Мошенники могут звонить или писать от имени банка или магазина, прося подтвердить реквизиты или предоставить их для ""проверки"".

Для защиты от таких действий рекомендуется:
- Проверять адрес сайта перед вводом данных.
- Использовать только официальные приложения и сайты.
- Не переходить по подозрительным ссылкам.
- Не предоставлять реквизиты по телефону или через мессенджеры.
- Использовать двухфакторную аутентификацию.
- Регулярно обновлять антивирусное ПО."
23,"Чем отличаются ОСАГО, каско, ДСАГО по выплатам?","ОСАГО (Обязательное страхование автогражданской ответственности) покрывает ущерб, причиненный третьим лицам. Выплаты по ОСАГО идут на возмещение вреда здоровью или имуществу потерпевших.

КАСКО (Комплексное автомобильное страхование) страхует сам автомобиль от угона, ущерба, повреждений. Выплаты по КАСКО идут на ремонт или компенсацию стоимости автомобиля.

ДСАГО (Добровольное страхование автогражданской ответственности) дополняет ОСАГО, увеличивая лимиты выплат и расширяя список покрываемых рисков. Выплаты по ДСАГО идут на возмещение ущерба, превышающего лимиты ОСАГО."
24,Какие базовые меры кибербезопасности соблюдать при онлайн‑оплате услуг?,"Для безопасной онлайн-оплаты услуг рекомендуется соблюдать следующие меры:

1. Используйте только официальные сайты и приложения проверенных компаний.
2. Проверяйте адресную строку сайта на наличие значка замка и начала адреса с ""https://"".
3. Не передавайте данные карты через мессенджеры, электронную почту или по телефону.
4. Используйте сложные пароли и не сохраняйте их в браузере.
5. Включите двухфакторную аутентификацию, если это поддерживается.
6. Регулярно обновляйте антивирусное ПО и операционную систему.
7. Не вводите данные карты на подозрительных сайтах, даже если они предлагают выгодные условия.
8. Следите за операциями по карте через мобильное приложение банка и оперативно реагируйте на подозрительные транзакции.

Если у вас возникли подозрения о безопасности операции, лучше отложите платеж и свяжитесь с банком для уточнения."
25,Зачем и в каких случаях инвесторам нужно проходить тестирование перед сделками с облигациями и при маржинальной торговле?,"Тестирование инвесторов проводится для оценки их финансовой грамотности, уровня риска и понимания принципов работы финансовых инструментов. Это помогает защитить инвесторов от непреднамеренных потерь и обеспечивает соответствие их знаний и опыта уровню риска выбранных инструментов.

В случае с облигациями тестирование может быть необходимо для оценки понимания инвестором рисков, связанных с изменением процентных ставок, кредитным риском эмитента и другими факторами, влияющими на доходность облигаций.

При маржинальной торговле тестирование важно для оценки понимания инвестором принципов работы с кредитным плечом, рисков потерь, превышающих первоначальный вклад, и механизмов маржинальных вызовов. Это помогает избежать ситуаций, когда инвестор не осознает полной меры риска и может понести значительные убытки.

Таким образом, тестирование направлено на повышение осведомленности инвесторов и минимизацию рисков, связанных с их инвестиционными решениями."
26,Можно ли продать ипотечную квартиру при разводе без суда?,"Продажа ипотечной квартиры при разводе без суда возможна, но требует согласования с банком и соблюдения определенных условий.

Во-первых, необходимо получить согласие банка на продажу. Банк может потребовать досрочного погашения кредита или согласовать условия продажи.

Во-вторых, если квартира находится в залоге у банка, то продажа возможна только с разрешения банка. Банк может потребовать, чтобы новый покупатель взял на себя обязательства по кредиту или чтобы кредит был полностью погашен.

В-третьих, если квартира была приобретена в браке, то она является совместным имуществом. Для продажи без суда необходимо нотариально заверенное соглашение между супругами о разделе имущества.

В-четвертых, если один из супругов не согласен на продажу, то без суда обойтись не получится. В этом случае потребуется обратиться в суд для разрешения спора.

Таким образом, продажа ипотечной квартиры при разводе без суда возможна, но требует согласования с банком и соблюдения всех юридических формальностей."
27,Как изменится доступ неквалифицированного инвестора к иностранным акциям на российских биржах с 2025 года?,"С 2025 года доступ неквалифицированных инвесторов к иностранным акциям на российских биржах будет ограничен. Это связано с изменениями в законодательстве, направленными на защиту интересов местных инвесторов и снижение рисков, связанных с вложениями в зарубежные активы. В частности, неквалифицированные инвесторы смогут приобретать иностранные акции только через специальные инвестиционные инструменты, такие как ETF (биржевые фонды), которые будут соответствовать определенным требованиям и стандартам.

Эти меры направлены на повышение прозрачности и безопасности инвестиций, а также на снижение волатильности на российском рынке. Однако, для квалифицированных инвесторов доступ к иностранным акциям останется открытым, но с дополнительными требованиями к уровню знаний и опыта."
28,Зачем добавлять золото в портфель в период нестабильности рынка?,"Золото часто добавляют в инвестиционный портфель в периоды нестабильности рынка по нескольким причинам:

1. Защита от инфляции: Золото традиционно считается надежным средством сохранения капитала в условиях инфляции, так как его стоимость обычно растет в периоды роста цен.

2. Диверсификация: Золото имеет низкую корреляцию с другими активами, такими как акции и облигации. Это означает, что его цена может двигаться независимо от других активов, что помогает снизить общую волатильность портфеля.

3. Ликвидность: Золото является высоколиквидным активом, что позволяет быстро конвертировать его в наличные средства при необходимости.

4. Убежище в периоды кризисов: В периоды экономической или политической нестабильности инвесторы часто обращаются к золоту как к безопасному активу, что может способствовать росту его цены.

Таким образом, добавление золота в портфель может помочь снизить риски и повысить устойчивость инвестиций в условиях нестабильности рынка."
29,Чем отличаются кредитные каникулы от внесудебного банкротства?,"Кредитные каникулы и внесудебное банкротство — это два разных механизма, которые помогают заемщикам в сложных финансовых ситуациях, но они имеют существенные различия.

Кредитные каникулы — это временное отсрочка платежей по кредиту. В период кредитных каникул заемщик не обязан вносить платежи по кредиту, но проценты могут продолжать начисляться. После окончания периода кредитных каникул заемщик должен возобновить выплаты по кредиту в соответствии с графиком платежей. Кредитные каникулы могут быть предоставлены банком по заявлению заемщика, если у него возникли временные финансовые трудности.

Внесудебное банкротство — это процедура, которая позволяет физическим лицам признать себя банкротами без обращения в суд. В рамках внесудебного банкротства заемщик может договориться с кредиторами о списании части долга или о реструктуризации задолженности. Внесудебное банкротство может быть использовано только в том случае, если у заемщика нет имущества, которое может быть реализовано для погашения долгов, и его доход недостаточен для выполнения обязательств.

Таким образом, кредитные каникулы — это временная мера, которая позволяет заемщику временно приостановить выплаты по кредиту, тогда как внесудебное банкротство — это процедура, которая позволяет заемщику списать часть долга или реструктуризировать задолженность."
30,"Какие гранты доступны начинающему предпринимателю, а какие налоговые каникулы предусмотрены?","Гранты и налоговые каникулы для начинающих предпринимателей могут варьироваться в зависимости от региона и конкретных программ. Вот основные варианты:

1. Гранты:
   - Гранты от государственных и частных фондов.
   - Программы поддержки малого и среднего бизнеса.
   - Конкурсы и грантовые программы для стартапов.

2. Налоговые каникулы:
   - Льготные налоговые режимы для новых ИП и малого бизнеса.
   - Снижение налоговой нагрузки в первые годы работы.
   - Региональные программы поддержки.

Для получения точной информации рекомендуется обратиться в местные органы власти или центры поддержки предпринимательства."
31,"Чем отличаются ипотечные каникулы от кредитных, допускаются ли они при уже допущенной просрочке?","Ипотечные каникулы и кредитные каникулы — это разные программы, но обе направлены на временное облегчение финансового бремени заемщика.

Ипотечные каникулы предоставляются только по ипотечным кредитам. Они могут включать в себя отсрочку по выплате основного долга, процентов или обоих компонентов. Условия ипотечных каникул могут быть различными в зависимости от банка и программы.

Кредитные каникулы могут предоставляться по различным видам кредитов, включая потребительские, автокредиты и другие. Они также могут включать отсрочку по выплате основного долга, процентов или обоих компонентов.

Что касается просрочки, то в большинстве случаев ипотечные и кредитные каникулы могут быть предоставлены даже при уже допущенной просрочке. Однако это зависит от конкретных условий банка и программы. Обычно банк рассматривает каждый случай индивидуально и принимает решение на основе финансового состояния заемщика.

Для получения более точной информации рекомендуется обратиться в ваш банк и уточнить условия предоставления каникул."
32,Как определить официальный сайт финансовой организации по признакам в поиске?,"Чтобы определить официальный сайт финансовой организации, обратите внимание на следующие признаки:

1. **Доменное имя**: Официальные сайты часто используют домены первого уровня, такие как .ru, .com, .org, а также специализированные домены, такие как .bank, .finance. Например, сайт банка может выглядеть как bankname.ru или bankname.com.

2. **Наличие SSL-сертификата**: Официальные сайты обычно имеют защищенное соединение, что обозначается префиксом HTTPS в адресной строке и значком замка. Это указывает на то, что данные, передаваемые между вашим браузером и сайтом, зашифрованы.

3. **Контактная информация**: На официальном сайте должна быть указана полная контактная информация, включая адрес, телефон, email и, возможно, чат для связи с поддержкой.

4. **Лицензии и реквизиты**: Финансовые организации обязаны размещать информацию о своих лицензиях, реквизитах и регуляторах. Например, банки указывают номер лицензии Центрального банка Российской Федерации.

5. **Дизайн и содержание**: Официальные сайты обычно имеют профессиональный дизайн, четкую структуру и актуальную информацию о продуктах и услугах.

6. **Отсутствие ошибок**: Официальные сайты редко содержат орфографические и грамматические ошибки, а также технические сбои.

7. **Наличие официальных документов**: На сайте должны быть доступны документы, такие как устав, правила и условия, политики конфиденциальности и другие регуляторные документы.

Если у вас есть сомнения относительно подлинности сайта, вы можете проверить информацию на сайте Центрального банка Российской Федерации или других регуляторных органах."
33,Чем различается ответственность по долгам ИП по сравнению с ООО?,"Ответственность по долгам индивидуального предпринимателя (ИП) и общества с ограниченной ответственностью (ООО) различается следующим образом:

1. **ИП**:
   - ИП отвечает по обязательствам всем своим имуществом, которое принадлежит ему на праве собственности, как используемое в предпринимательской деятельности, так и личное.
   - Кредиторы могут взыскать долги ИП за счет его личного имущества, включая недвижимость, автомобили, счета в банках и другие активы.

2. **ООО**:
   - Участники ООО не отвечают по обязательствам общества, то есть их личная ответственность ограничена размером их вкладов в уставный капитал.
   - Кредиторы могут взыскать долги ООО только за счет имущества общества, а не за счет личного имущества его участников.

Таким образом, основное различие заключается в степени ответственности: ИП несет полную ответственность всем своим имуществом, в то время как участники ООО несут ограниченную ответственность."
34,Что общего в последствиях просрочки по микрозайму и по займу через инвестиционную платформу?,"Просрочка по микрозайму и по займу через инвестиционную платформу имеет несколько общих последствий:

1. Начисление штрафов и пеней. Обе организации могут начислять дополнительные проценты за просрочку, что увеличивает общую сумму долга.

2. Ухудшение кредитной истории. Просрочки могут быть отражены в кредитных бюро, что негативно скажется на возможности получения кредитов в будущем.

3. Возможность судебных разбирательств. В случае значительной просрочки обе организации могут обратиться в суд для взыскания долга.

4. Ограничение доступа к новым займам. Просрочки могут привести к отказу в предоставлении новых займов или кредитов.

5. Возможность передачи долга коллекторским агентствам. Обе организации могут передать долг коллекторам для взыскания.

Если у вас есть конкретные вопросы по вашей ситуации, рекомендую обратиться в банк или организацию, где вы взяли заем, для получения более детальной информации."
35,Как безопасно оплатить покупку онлайн?,"Для безопасной оплаты покупок онлайн рекомендуется использовать следующие методы:

1. **Банковские карты с 3D-Secure**: Это технология дополнительной аутентификации, которая требует подтверждения операции через SMS или мобильное приложение банка. Большинство современных карт поддерживают эту функцию.

2. **Электронные кошельки**: Сервисы вроде PayPal, Яндекс.Деньги или Qiwi позволяют оплачивать покупки без прямого использования данных карты. Это снижает риск утечки информации.

3. **Интернет-банкинг**: Многие банки предлагают безопасные системы оплаты через личный кабинет. Например, Сбербанк Онлайн, Тинькофф Журнал и другие.

4. **Предоплаченные карты**: Виртуальные карты или карты с ограниченным лимитом могут использоваться для одноразовых платежей.

5. **Проверка сайта**: Перед оплатой убедитесь, что сайт использует защищенное соединение (URL начинается с https://) и имеет положительные отзывы.

6. **Использование одноразовых кодов**: Некоторые банки предлагают сервисы для генерации одноразовых кодов для каждой транзакции.

Если у вас возникли сомнения по поводу безопасности конкретного метода оплаты, лучше уточнить у своего банка или использовать официальные каналы поддержки."
36,Как снизить риск при онлайн‑покупках к школе?,"Для снижения рисков при онлайн-покупках к школе рекомендуется следовать нескольким простым правилам:

1. Покупайте на проверенных сайтах. Выбирайте известные интернет-магазины с хорошей репутацией и отзывами.
2. Используйте безопасные способы оплаты. Лучше всего подходят банковские карты с функцией 3D-Secure, электронные кошельки или системы онлайн-платежей.
3. Проверяйте адрес сайта. Убедитесь, что вы находитесь на официальном сайте магазина, а не на поддельной копии.
4. Не вводите лишние данные. Не указывайте лишнюю информацию, которая не требуется для оформления заказа.
5. Используйте виртуальные карты. Некоторые банки предлагают виртуальные карты с ограниченным лимитом, которые можно использовать для онлайн-покупок.
6. Следите за акциями и скидками. Некоторые магазины предлагают скидки при оплате через определенные системы или банки.
7. Проверяйте условия возврата. Убедитесь, что у магазина есть четкие условия возврата товара, если он не соответствует описанию.

Соблюдение этих правил поможет снизить риски при онлайн-покупках и сделать процесс более безопасным."
37,"Что произойдет с ипотекой при разводе, если один из супругов перестанет платить?","При разводе ипотека, оформленная на обоих супругов, остается общим долгом. Если один из супругов перестанет платить, банк вправе требовать погашения задолженности от другого супруга. В этом случае рекомендуется:

1. Обратиться в банк и уточнить условия договора.
2. Попробовать договориться с бывшим супругом о продолжении платежей.
3. В случае невозможности договориться, обратиться в суд для перераспределения обязательств.

Банк может инициировать процедуру взыскания задолженности, включая обращение в суд и реализацию залогового имущества, если платежи не будут производиться."
38,Когда обращаться с жалобой в Банк России?,"Обращаться в Банк России с жалобой следует в следующих случаях:

1. Если вы не получили ответа от банка на свою претензию в течение 30 дней.
2. Если банк отказал вам в удовлетворении ваших требований, и вы считаете, что это решение несправедливо.
3. Если вы столкнулись с нарушением ваших прав, связанных с банковским обслуживанием, и банк не предпринимает действий для устранения нарушений.

Перед обращением в Банк России рекомендуется сначала направить претензию в сам банк, чтобы дать ему возможность разрешить ситуацию самостоятельно."
39,Чем самозапрет на кредиты отличается от услуг кредитных брокеров?,"Самозапрет на кредиты — это добровольное ограничение, которое клиент накладывает на себя, чтобы не брать новые кредиты. Обычно это делается через банк или кредитное бюро, и такая мера помогает контролировать свои финансы и избежать перекредитования.

Кредитные брокеры, в свою очередь, — это посредники между клиентом и банками. Они помогают подобрать кредитные продукты, которые подходят под конкретные потребности клиента, и могут ускорить процесс получения кредита. Однако их услуги обычно платные, и они не ограничивают клиента в получении новых кредитов, а наоборот, помогают их оформить.

Таким образом, самозапрет на кредиты — это инструмент для контроля своих финансов, а услуги кредитных брокеров — это помощь в получении кредита."
40,Когда наследник вправе рассчитывать на повышенное страховое возмещение по средствам из наследства с учетом требований к оформлению прав?,"Для получения повышенного страхового возмещения по средствам из наследства необходимо соблюсти несколько условий:

1. Наследник должен быть признан законным наследником по завещанию или по закону.
2. Средства должны быть застрахованы в соответствии с условиями страхового договора.
3. Наследник должен предоставить все необходимые документы для оформления прав на наследство, включая свидетельство о праве на наследство, выданное нотариусом.
4. Страховой случай должен быть подтвержден документально и соответствовать условиям страхового договора.

Повышенное страховое возмещение может быть выплачено, если это предусмотрено условиями страхового договора и если наследник соответствует всем требованиям страховой компании."
41,Зачем нужны обновления системы вместе с антивирусом для защиты от фишинга?,"Обновления системы и антивируса важны для защиты от фишинга по нескольким причинам:

1. **Исправление уязвимостей**: Обновления операционной системы и антивирусного ПО закрывают уязвимости, которые могут быть использованы злоумышленниками для атаки.

2. **Защита от новых угроз**: Антивирусные базы данных регулярно обновляются, чтобы включать информацию о новых вирусах и фишинговых атаках.

3. **Улучшение безопасности**: Обновления могут включать новые механизмы защиты, которые делают систему более устойчивой к атакам.

4. **Совместимость**: Обновления обеспечивают совместимость с последними версиями программного обеспечения, что также повышает безопасность.

Если у вас есть дополнительные вопросы по безопасности, связанные с банковскими операциями, пожалуйста, уточните."
42,Как меняется роль Банка России в защите интересов клиентов при реорганизации НПФ по сравнению с его мандатом по контролю инфляции?,"Роль Банка России в защите интересов клиентов при реорганизации НПФ и его мандат по контролю инфляции различаются по направленности и инструментам.

При реорганизации НПФ Банк России выступает как регулятор, обеспечивающий защиту прав и интересов клиентов. Он контролирует процесс реорганизации, проверяет финансовую устойчивость и надежность новых управляющих компаний, а также следит за соблюдением законодательства. Цель — минимизировать риски для вкладчиков и пенсионеров.

В то же время, мандат по контролю инфляции предполагает регулирование денежно-кредитной политики. Банк России использует инструменты, такие как ключевая ставка, для поддержания стабильности цен и обеспечения устойчивого экономического роста. Это косвенно влияет на доходность инвестиций, включая пенсионные накопления, но не направлено непосредственно на защиту интересов клиентов НПФ.

Таким образом, в первом случае Банк России действует как гарант стабильности пенсионной системы, а во втором — как регулятор макроэкономических процессов."
43,В каких законных случаях пенсионные накопления оказываются в другом фонде без вашего согласия?,"Пенсионные накопления могут быть переведены в другой фонд без вашего согласия в следующих законных случаях:

1. Ликвидация пенсионного фонда. Если ваш пенсионный фонд прекращает свою деятельность, ваши накопления будут переведены в другой фонд, который выберет Пенсионный фонд России (ПФР).

2. Отзыв лицензии у пенсионного фонда. Если у вашего пенсионного фонда отзывают лицензию, ваши накопления также будут переведены в другой фонд.

3. Решение Пенсионного фонда России. ПФР может принять решение о переводе ваших накоплений в другой фонд, если текущий фонд нарушает законодательство или не выполняет свои обязательства.

4. Отсутствие выбора пенсионного фонда. Если вы не выбрали пенсионный фонд самостоятельно, ваши накопления будут направлены в ПФР или в негосударственный пенсионный фонд (НПФ), с которым у ПФР есть соглашение.

В этих случаях вы будете уведомлены о переводе накоплений, и у вас будет возможность выбрать другой фонд, если вы не согласны с решением."
44,Что делать при звонке «из банка» с тревожными новостями о счете?,"При получении звонка с тревожными новостями о счете из банка, следуйте этим шагам:

1. **Не паникуйте и не давайте личную информацию**. Настоящий банк никогда не будет требовать пароли, CVV-коды, SMS-коды или другие конфиденциальные данные по телефону.

2. **Попросите назвать ваше имя и номер счета**. Если звонящий не может предоставить эту информацию, это может быть признаком мошенничества.

3. **Перезвоните в банк по официальному номеру**. Найдите номер на официальном сайте банка или на обратной стороне вашей карты. Уточните информацию у оператора.

4. **Проверьте последние транзакции**. Если у вас есть доступ к онлайн-банкингу, проверьте историю операций. Если вы заметили подозрительные транзакции, немедленно заблокируйте карту.

5. **Обратитесь в службу безопасности банка**. Если вы подозреваете мошенничество, сообщите об этом в службу безопасности банка.

Если у вас есть подозрения, что звонок является мошенническим, не предоставляйте никакую информацию и завершите разговор."
45,Что делать при СМС о блокировке банковской карты?,"При получении СМС о блокировке банковской карты следует действовать следующим образом:

1. Не паникуйте и не предпринимайте поспешных действий.
2. Проверьте информацию, позвонив в службу поддержки банка по официальному номеру, указанному на сайте или на обратной стороне карты.
3. Уточните причину блокировки и следуйте инструкциям оператора.
4. Если блокировка произошла по ошибке, оператор поможет разблокировать карту.
5. Если карта была заблокирована по подозрительным операциям, возможно, потребуется подтвердить их законность или заменить карту.

Важно: Никогда не сообщайте посторонним лицам коды из СМС или другую конфиденциальную информацию."
46,Кому доступен залог до продажи: жильцам ипотечной квартиры против владельца автомобиля в автоломбарде?,"Залог до продажи доступен владельцам автомобиля в автоломбарде, но не жильцам ипотечной квартиры. В случае ипотеки залоговое имущество (квартира) остается в залоге у банка до полного погашения кредита, и его продажа без согласования с банком невозможна. В автоломбарде же залоговое имущество (автомобиль) может быть продано для погашения задолженности, если заемщик не выполняет свои обязательства."
47,"Как узнать, в каких БКИ хранится моя кредитная история, чтобы посмотреть свой индивидуальный рейтинг?","Чтобы узнать, в каких бюро кредитных историй (БКИ) хранится ваша кредитная история, вы можете воспользоваться несколькими способами:

1. **Официальный запрос в Центральный каталог кредитных историй (ЦККИ)**. Это бесплатно, и вы можете сделать это один раз в год. Для этого нужно обратиться в банк, где у вас есть кредит или вклад, или напрямую в БКИ. Вам выдадут список БКИ, где хранится ваша кредитная история.

2. **Запрос через банк**. Многие банки предоставляют услугу получения кредитной истории через интернет-банк или мобильное приложение. Например, в Сбербанке это можно сделать в разделе ""Кредиты"" или ""Финансы"".

3. **Прямое обращение в БКИ**. Вы можете обратиться напрямую в БКИ, такие как Национальное бюро кредитных историй (НБКИ), Объединённое кредитное бюро (ОКБ) или Русский стандарт. Для этого нужно заполнить заявление и предоставить паспорт.

Важно помнить, что кредитный рейтинг может отличаться в разных БКИ, так как они могут использовать разные методы расчета."
48,Какие меры нужны для безопасных онлайн-платежей с детской карты?,"Для безопасных онлайн-платежей с детской карты рекомендуется:

1. Установить лимиты на операции. Это поможет контролировать расходы и минимизировать возможные убытки в случае несанкционированного доступа.
2. Использовать двухфакторную аутентификацию. Это добавит дополнительный уровень безопасности при подтверждении платежей.
3. Регулярно проверять историю транзакций. Это позволит своевременно заметить и заблокировать подозрительные операции.
4. Объяснить ребенку основные правила безопасности в интернете. Это поможет избежать мошеннических схем и случайных платежей.
5. Использовать только проверенные и надежные сайты для совершения покупок. Это снизит риск попадания на фишинговые ресурсы.

Если у вас возникли дополнительные вопросы по безопасности или работе с картой, обратитесь в службу поддержки банка."
49,Какие действуют лимиты: сколько возмещает АСВ по дополнительной пенсии и какие максимальные суммы обычно выдают МФО?,"Для ответа на ваш вопрос необходимо разделить его на две части.

1. Возмещение АСВ по дополнительной пенсии:
Агентство по страхованию вкладов (АСВ) возмещает вкладчикам банков, у которых отозвана лицензия, сумму вкладов, включая проценты, в размере до 1,4 миллиона рублей. Это касается и вкладов, связанных с дополнительной пенсией, если они были размещены на счетах в банке. Важно отметить, что возмещение выплачивается в пределах установленного лимита, и дополнительные пенсионные накопления не имеют отдельного повышенного лимита.

2. Максимальные суммы, выдаваемые МФО:
Микрофинансовые организации (МФО) предоставляют займы на различных условиях, и максимальные суммы могут значительно различаться в зависимости от политики конкретной МФО, платежеспособности заемщика и других факторов. Обычно микрофинансовые организации выдают займы на суммы от нескольких тысяч до нескольких сотен тысяч рублей. Точные лимиты и условия необходимо уточнять непосредственно в выбранной МФО, так как они могут варьироваться."
50,Как по-разному обращаются со штрафами и пенями при ипотечных каникулах и при судебном банкротстве?,"При ипотечных каникулах и судебном банкротстве штрафы и пени обрабатываются по-разному.

При ипотечных каникулах:
- Штрафы и пени могут быть приостановлены на срок каникул.
- Это означает, что их начисление временно прекращается, но они не списываются.
- После окончания каникул начисление штрафов и пеней возобновляется.

При судебном банкротстве:
- Штрафы и пени могут быть включены в реестр требований кредиторов.
- Их удовлетворение происходит в порядке очередности, установленной законом.
- В некоторых случаях штрафы и пени могут быть списаны, если это предусмотрено решением суда.

Для точного ответа необходимо учитывать конкретные условия договора и законодательные нормы, действующие на момент обращения."
51,"Как проходят расчеты при продаже квартиры, находящейся в залоге у банка?","При продаже квартиры, находящейся в залоге у банка, расчеты проходят следующим образом:

1. Согласование сделки с банком. Продавец должен получить разрешение банка на продажу заложенного имущества. Банк может потребовать предоставить информацию о покупателе и условиях сделки.

2. Оценка квартиры. Банк может провести независимую оценку квартиры, чтобы определить ее рыночную стоимость. Это необходимо для того, чтобы банк мог получить свою задолженность в полном объеме.

3. Подписание договора купли-продажи. Договор должен содержать условия, согласованные с банком. В частности, в договоре должно быть указано, что средства от продажи квартиры будут перечислены на счет банка для погашения задолженности.

4. Перечисление средств. После подписания договора и получения средств от покупателя, они переводятся на счет банка. Банк списывает с этих средств сумму, необходимую для погашения задолженности по кредиту, а оставшуюся сумму перечисляет продавцу.

5. Снятие обременения. После полного погашения задолженности банк снимает обременение с квартиры, и новый владелец получает право собственности на недвижимость.

Важно отметить, что конкретные условия и порядок расчетов могут варьироваться в зависимости от условий кредитного договора и политики банка. Рекомендуется заранее уточнить все детали у вашего кредитного менеджера или в отделении банка."
52,"Каков общий лимит вычета на взносы при сочетании ИИС‑3, ПДС, доппенсии?","Для расчета общего лимита вычета при сочетании ИИС-3, пенсионных накоплений (ПДС) и дополнительных пенсионных накоплений (доппенсии) необходимо учитывать несколько факторов.

1. ИИС-3: Налоговый вычет по ИИС-3 составляет 13% от суммы внесенных средств, но не более 120 000 рублей в год. Это означает, что максимальная сумма, на которую можно получить вычет, составляет 924 000 рублей в год (120 000 / 0,13).

2. ПДС: Взносы на пенсионные накопления (ПДС) также могут быть учтены при расчете налогового вычета. Однако, если вы уже используете ИИС-3, то вычет по ПДС может быть ограничен.

3. Доппенсия: Взносы на дополнительные пенсионные накопления (доппенсия) также могут быть учтены при расчете налогового вычета, но с учетом ограничений, связанных с использованием ИИС-3 и ПДС.

Общий лимит вычета при сочетании этих инструментов зависит от конкретных условий и может быть рассчитан индивидуально. Рекомендуется обратиться к налоговому консультанту или в банк для получения точной информации."
53,Когда кредитор сможет продать залог: автомобиль в автоломбарде против ипотечной квартиры?,"Для продажи заложенного имущества кредитор должен соблюсти определенные условия и процедуры, которые зависят от типа залога.

В случае с автоломбардом:
- Кредитор может продать заложенный автомобиль, если заемщик нарушает условия договора (например, не вносит платежи).
- Обычно в договоре автоломбарда указывается, что автомобиль переходит в собственность кредитора при нарушении условий.
- Продажа может произойти быстро, так как процедура менее строгая по сравнению с ипотекой.

В случае с ипотечной квартирой:
- Кредитор может инициировать продажу заложенной квартиры только после судебного решения.
- Это происходит, если заемщик систематически нарушает условия ипотечного договора (например, не вносит платежи).
- Процедура более длительная и строгая, так как требует судебного разбирательства и соблюдения всех юридических норм.

Таким образом, продажа заложенного автомобиля в автоломбарде может произойти быстрее, чем продажа ипотечной квартиры, из-за различий в процедурах и требованиях."
54,"На что смотреть при покупке полиса ДМС, чтобы не ошибиться?","При выборе полиса добровольного медицинского страхования (ДМС) важно обратить внимание на несколько ключевых аспектов:

1. **Страховые случаи**: Уточните, какие медицинские услуги покрываются полисом. Обычно это амбулаторное и стационарное лечение, стоматология, диагностика, но могут быть и дополнительные услуги.

2. **Страховые суммы**: Определите, какая сумма выделяется на лечение в год. Это может быть фиксированная сумма или лимит на определенные виды услуг.

3. **Сроки действия**: Проверьте, на какой период действует полис. Обычно это год, но могут быть и другие варианты.

4. **Сеть медицинских учреждений**: Узнайте, в каких клиниках и больницах можно получить медицинскую помощь по полису. Важно, чтобы в списке были удобные и проверенные учреждения.

5. **Франшиза и копейки**: Обратите внимание на наличие франшизы (суммы, которую вы оплачиваете самостоятельно) и копейки (процент от суммы лечения, который вы оплачиваете).

6. **Исключения и ограничения**: Внимательно изучите, какие услуги и случаи не покрываются полисом. Например, хронические заболевания, косметические процедуры и другие.

7. **Сроки ожидания**: Уточните, есть ли период ожидания перед началом действия полиса. Например, некоторые полисы начинают действовать только через 30 дней после оформления.

8. **Стоимость и условия оплаты**: Сравните стоимость полиса у разных страховых компаний и условия оплаты. Учтите, что дешевые полисы могут иметь ограниченный перечень услуг.

9. **Отзывы и репутация страховой компании**: Проверьте отзывы о страховой компании и ее репутацию на рынке. Это поможет избежать проблем при использовании полиса.

10. **Дополнительные услуги**: Некоторые полисы"
55,"Где по умолчанию хранятся пенсионные накопления, допускается ли перевод между СФР и НПФ?","Пенсионные накопления по умолчанию хранятся в Пенсионном фонде России (ПФР). Да, допускается перевод средств между Счетом формирования пенсионных накоплений (СФР) в ПФР и негосударственным пенсионным фондом (НПФ). Для этого необходимо подать соответствующее заявление в ПФР или НПФ."
56,Почему обещания кредитного брокера «гарантируем кредит» не заслуживают доверия?,"Обещания кредитного брокера «гарантируем кредит» не заслуживают доверия по нескольким причинам:

Во-первых, банки принимают решение о выдаче кредита на основе строгих критериев, таких как кредитная история, уровень дохода, наличие залога и других факторов. Брокер не может гарантировать одобрение кредита, так как это зависит от банка.

Во-вторых, такие обещания могут быть признаком мошенничества. Недобросовестные брокеры могут требовать предоплату за свои услуги или собирать личные данные клиентов с целью их использования в преступных целях.

В-третьих, гарантии могут быть просто маркетинговым ходом для привлечения клиентов. Реальные брокеры всегда честно говорят о шансах на получение кредита и не дают ложных обещаний.

Если вам нужна помощь в получении кредита, лучше обратиться напрямую в банк или к проверенному брокеру с хорошей репутацией."
57,Какими способами пополнить карту безналичной валютой и можно ли затем снять эти деньги в иностранной наличности?,"Для пополнения карты безналичной валютой можно использовать следующие способы:

1. Перевод с другого счета в иностранной валюте.
2. Пополнение через банковское приложение или интернет-банкинг.
3. Обмен валют через банк или обменные пункты, которые сотрудничают с банком.

Что касается снятия наличных в иностранной валюте, то это зависит от условий вашего банка. Обычно, если карта поддерживает снятие наличных в иностранной валюте, то вы можете сделать это в банкоматах, которые поддерживают эту функцию. Однако, могут быть комиссии и лимиты на такие операции. Рекомендуется уточнить условия у вашего банка."
58,"Какие действия нужны, чтобы получить выплату после ДТП по европротоколу, включая необходимые доказательства?","Для получения выплаты по европротоколу после ДТП необходимо выполнить следующие шаги:

1. Заполните извещение о ДТП. Это можно сделать на месте аварии или в течение 5 дней после неё. В извещении укажите все обстоятельства происшествия, повреждения и контактные данные участников.

2. Соберите доказательства. К ним относятся:
   - Фотоснимки места ДТП, повреждений транспортных средств и других объектов.
   - Видеозаписи, если они есть.
   - Свидетельские показания, если есть свидетели.

3. Подайте заявление о страховой выплате. Это можно сделать в страховую компанию, где застрахован ваш автомобиль, или в компанию, где застрахован автомобиль виновника ДТП, если вы являетесь потерпевшим.

4. Предоставьте все необходимые документы. К ним относятся:
   - Извещение о ДТП.
   - Копия паспорта.
   - Копия водительского удостоверения.
   - Копия свидетельства о регистрации транспортного средства.
   - Копия полиса ОСАГО.
   - Документы, подтверждающие право собственности на транспортное средство, если вы не являетесь его владельцем.
   - Документы, подтверждающие факт и размер ущерба (например, акт осмотра транспортного средства, сметы на ремонт).

5. Дождитесь решения страховой компании. Страховая компания должна рассмотреть ваше заявление и принять решение о выплате в течение 20 дней с момента подачи заявления.

6. Получите выплату. Если страховая компания приняла положительное решение, вы получите выплату в размере, установленном полисом ОСАГО."
59,Что будет с авто в залоге по автокредиту при просрочке либо после смерти заемщика?,"При просрочке платежей по автокредиту банк может начать процедуру взыскания залогового имущества. Это может включать уведомления, штрафы, пени и, в конечном итоге, изъятие автомобиля для покрытия задолженности.

В случае смерти заемщика, дальнейшие действия зависят от условий кредитного договора и наличия страховки. Если кредит был застрахован, страховая компания может погасить задолженность. Если страховки нет, наследники могут либо погасить кредит, либо продать автомобиль для покрытия долга. В некоторых случаях банк может предложить реструктуризацию кредита для наследников."
60,Как различается защита денег при отзыве лицензии у банка: депозит против счета эскроу?,"Защита денег при отзыве лицензии у банка различается для депозитов и счетов эскроу следующим образом:

1. Депозит:
- В случае отзыва лицензии у банка средства клиентов, размещенные на депозитах, подлежат возмещению в рамках системы страхования вкладов.
- Максимальная сумма возмещения составляет 1,4 миллиона рублей.
- Возмещение производится в течение 14 дней с момента отзыва лицензии.

2. Счет эскроу:
- Счета эскроу предназначены для хранения денежных средств в рамках сделок, где требуется независимый контроль.
- В случае отзыва лицензии у банка средства на счетах эскроу также подлежат возмещению, но порядок и сроки могут отличаться.
- Возмещение средств с эскроу-счетов может занять больше времени, так как требуется дополнительная проверка и подтверждение прав на средства.

Важно отметить, что в обоих случаях средства клиентов защищены, но порядок и сроки возмещения могут различаться."
61,Как официальные данные об инфляции можно использовать при решении: брать ипотеку или разместить деньги на вкладе?,"Официальные данные об инфляции можно использовать для анализа и сравнения процентных ставок по ипотеке и вкладам. Вот как это можно сделать:

1. **Ипотека**:
   - Если инфляция высокая, то реальная стоимость кредита (с учетом инфляции) может снижаться. Это значит, что сумма, которую вы вернете банку в будущем, будет иметь меньшую покупательную способность.
   - Если инфляция растет, то процентные ставки по ипотеке могут увеличиваться, что сделает кредит дороже.

2. **Вклады**:
   - Если инфляция высокая, то процентная ставка по вкладу должна быть выше инфляции, чтобы ваши сбережения не теряли в реальной стоимости.
   - Если инфляция низкая, то даже невысокая процентная ставка по вкладу может быть выгодной, так как ваши сбережения будут расти быстрее, чем падает покупательная способность денег.

Таким образом, официальные данные об инфляции помогают оценить, насколько выгодно брать ипотеку или размещать деньги на вкладе в текущих экономических условиях."
62,"Как неквалу получить доступ к ETF зарубежных рынков, а также к паям ЗПИФов?","Для получения доступа к ETF зарубежных рынков и паям ЗПИФов (закрытых паевых инвестиционных фондов) неквалифицированному инвестору (неквалу) необходимо выполнить несколько шагов.

1. **Открытие брокерского счета:**
   - Неквал может открыть брокерский счет в банке или брокерской компании, которая предоставляет доступ к зарубежным рынкам.
   - Для этого потребуется заполнить анкету, предоставить паспорт и подтвердить источник доходов.

2. **Доступ к ETF:**
   - После открытия счета неквал может приобрести ETF, торгуемые на зарубежных биржах.
   - Для этого нужно выбрать подходящий ETF, который соответствует инвестиционным целям и риск-профилю.
   - Покупка ETF осуществляется через торговую платформу брокера.

3. **Доступ к паям ЗПИФов:**
   - Для инвестирования в ЗПИФы неквал должен выбрать фонд, который соответствует его инвестиционным целям.
   - Паи ЗПИФов можно приобрести через управляющую компанию фонда или через брокерскую компанию, которая предоставляет доступ к таким фондам.
   - Процесс покупки паев может включать заполнение дополнительных документов и согласий.

4. **Ограничения для неквалифицированных инвесторов:**
   - Неквалифицированные инвесторы могут столкнуться с ограничениями по доступным инструментам и стратегиям.
   - Некоторые зарубежные ETF и ЗПИФы могут быть недоступны для неквалифицированных инвесторов из-за регуляторных ограничений.

5. **Консультация с специалистом:**
   - Рекомендуется проконсультироваться с финансовым консультантом или специалистом банка для выбора подходящих инструментов и стратегий инвестирования.

Если у вас есть конкретные вопросы по открытию счета или выбору инструментов, вы можете обратиться в банк или к брокеру"
63,Совместима ли компенсация 450 000 ₽ по ипотеке для третьего ребенка с имущественным налоговым вычетом?,"Для ответа на ваш вопрос, давайте разберёмся в деталях.

Компенсация 450 000 ₽ по ипотеке для третьего ребенка и имущественный налоговый вычет — это два разных механизма поддержки, и они могут быть совместимы.

Компенсация 450 000 ₽ по ипотеке для семей с третьим ребенком предоставляется в рамках господдержки и не является налоговым вычетом. Она выплачивается из федерального бюджета и не влияет на налоговые льготы.

Имущественный налоговый вычет при покупке жилья предоставляется в соответствии с Налоговым кодексом РФ. Он позволяет вернуть часть уплаченного НДФЛ (13%) от суммы, потраченной на покупку жилья, в пределах установленного лимита (2 млн ₽ для жилья и 3 млн ₽ для земельного участка).

Таким образом, компенсация 450 000 ₽ по ипотеке и имущественный налоговый вычет могут быть использованы одновременно, так как они относятся к разным видам поддержки. Однако важно учитывать, что компенсация уменьшает сумму, которую можно учесть при расчете имущественного вычета, так как вычет предоставляется только с фактически уплаченных средств.

Для более точного расчета и уточнения деталей рекомендуется обратиться в налоговую инспекцию или к специалисту по налогам."
64,Какие приемы помогают сократить импульсивные траты?,"Для сокращения импульсивных трат можно использовать несколько приемов:

1. Составление бюджета. Это поможет вам контролировать свои расходы и понимать, на что именно уходят деньги.

2. Использование наличных денег вместо карт. Наличные деньги психологически воспринимаются как более ценные, что может снизить желание тратить их на импульсные покупки.

3. Установка финансовых целей. Четкие цели, такие как накопление на отпуск или покупку жилья, могут мотивировать вас откладывать деньги вместо импульсивных трат.

4. Отложение покупки на 24 часа. Перед покупкой дайте себе время подумать, действительно ли вам это нужно.

5. Использование приложений для контроля расходов. Они помогают отслеживать траты и анализировать свои финансовые привычки.

6. Ограничение доступа к кредитным средствам. Это может снизить вероятность импульсивных трат в кредит.

7. Планирование покупок заранее. Составьте список необходимых покупок и придерживайтесь его.

Эти приемы помогут вам лучше контролировать свои финансы и избегать ненужных трат."
65,"Зачем финансовая подушка безопасности нужна семье так же, как зрелому бизнесу?","Финансовая подушка безопасности необходима семье по тем же причинам, что и зрелому бизнесу, для обеспечения стабильности и защиты от непредвиденных расходов. Она позволяет покрыть внезапные траты, такие как медицинские услуги, ремонт автомобиля или потери работы, без необходимости брать кредиты или занимать деньги. Это помогает избежать финансовых трудностей и поддерживать стабильный уровень жизни."
66,Чем отличаются государственные гарантии для денег на эскроу при покупке новостройки и для банковского вклада?,"Государственные гарантии для денег на эскроу при покупке новостройки и для банковского вклада различаются по своей природе и целям.

Для денег на эскроу при покупке новостройки государственные гарантии обеспечивают защиту средств покупателя. Эти средства хранятся на специальном эскроу-счете до момента передачи квартиры. В случае, если застройщик не выполнит свои обязательства, государство гарантирует возврат средств или завершение строительства.

Для банковского вклада государственные гарантии обеспечивают защиту вкладов физических лиц. В России, например, действует система страхования вкладов, которая гарантирует возврат средств до определенной суммы (например, до 1,4 миллиона рублей) в случае отзыва лицензии у банка.

Таким образом, гарантии для эскроу-счетов направлены на защиту сделок с недвижимостью, а гарантии для вкладов — на защиту сбережений граждан."
67,Как безопаснее настроить оплату частями в онлайн‑магазине?,"Для безопасной оплаты частями в онлайн-магазине рекомендуется использовать следующие меры:

Во-первых, выбирайте проверенные и надежные платежные системы, которые предлагают услугу оплаты в рассрочку. Это могут быть такие сервисы, как ""Сбербанк Рассрочка"", ""Тинькофф Рассрочка"" или другие аналогичные.

Во-вторых, всегда проверяйте, что сайт онлайн-магазина использует защищенное соединение. Это можно определить по наличию значка замка в адресной строке браузера и по тому, что адрес сайта начинается с ""https://"".

В-третьих, не передавайте свои данные для оплаты напрямую на сайт магазина. Лучше использовать виртуальную карту или платежный сервис, который создаст временный номер карты для оплаты.

В-четвертых, всегда проверяйте сумму платежа и условия рассрочки перед подтверждением оплаты. Убедитесь, что вы понимаете все условия и комиссии, связанные с оплатой частями.

В-пятых, сохраняйте все чеки и подтверждения платежей. Это поможет вам в случае спорных ситуаций или ошибок в оплате.

Следуя этим рекомендациям, вы сможете безопасно использовать оплату частями в онлайн-магазинах."
68,"Какие льготы предусмотрены по программе долгосрочных сбережений, включая размер вычета на взносы?","По программе долгосрочных сбережений предусмотрены следующие льготы:

1. Налоговый вычет на взносы: максимальный размер вычета составляет 120 000 рублей в год. Это означает, что вы можете вернуть 13% от суммы взносов, но не более 15 600 рублей в год (13% от 120 000 рублей).

2. Налоговый вычет на доходы: если вы получаете доходы от инвестирования в рамках программы, вы можете получить налоговый вычет в размере 3 миллионов рублей. Это означает, что вы можете вернуть 13% от суммы доходов, но не более 390 000 рублей (13% от 3 миллионов рублей).

3. Освобождение от налога на доходы: доходы, полученные от инвестирования в рамках программы, освобождаются от налога на доходы физических лиц (НДФЛ), если средства находятся на счете не менее 5 лет.

Эти льготы позволяют клиентам получать дополнительные преимущества при долгосрочном инвестировании."
69,Какие лимиты действуют для бесплатных переводов по СБП по сравнению с кэшаутом?,"Для бесплатных переводов по СБП (Системе быстрых платежей) и кэшаута (вывода наличных через банкоматы или кассы других банков) действуют разные лимиты.

1. **Переводы по СБП**:
   - Обычно лимит на бесплатный перевод в день составляет 100 000 рублей.
   - Лимит может варьироваться в зависимости от банка и тарифного плана клиента.

2. **Кэшаут**:
   - Лимиты на вывод наличных через банкоматы или кассы других банков также зависят от банка и тарифного плана.
   - Обычно лимит на кэшаут в день составляет 50 000 рублей, но может быть и выше или ниже в зависимости от условий банка.

Для точной информации о лимитах рекомендуется обратиться в ваш банк или изучить тарифы на официальном сайте банка."
70,Как проходит расчет через счет эскроу при долевом строительстве?,"При долевом строительстве расчет через счет эскроу проходит следующим образом:

1. Деньги дольщика застрахованы и находятся на специальном счете эскроу до момента сдачи объекта в эксплуатацию.
2. Средства перечисляются на счет застройщика только после того, как объект будет введен в эксплуатацию и получено разрешение на ввод в эксплуатацию.
3. Деньги дольщика перечисляются на счет застройщика только после того, как объект будет введен в эксплуатацию и получено разрешение на ввод в эксплуатацию.
4. Если застройщик не выполнит свои обязательства, деньги дольщика будут возвращены.
5. Счет эскроу открывается в банке, который выступает в роли эскроу-агента.
6. Деньги дольщика застрахованы и находятся на специальном счете эскроу до момента сдачи объекта в эксплуатацию.
7. Средства перечисляются на счет застройщика только после того, как объект будет введен в эксплуатацию и получено разрешение на ввод в эксплуатацию.
8. Если застройщик не выполнит свои обязательства, деньги дольщика будут возвращены."
71,Кто контролирует профессиональных участников фондового рынка?,"Профессиональных участников фондового рынка контролируют регуляторные органы, такие как Центральный банк Российской Федерации (Банк России) и Федеральная служба по финансовым рынкам (ФСФР). Эти органы осуществляют надзор за деятельностью участников рынка, включая брокеров, дилеров, управляющих компаний и других профессиональных игроков. Они проверяют соблюдение законодательства, требований к финансовой устойчивости, прозрачности операций и защите интересов инвесторов."
72,"На какой срок разумно вкладываться в драгоценные металлы для сохранения сбережений, чтобы вписать это в финансовый план?","Для сохранения сбережений в драгоценных металлах разумный срок вложений зависит от ваших финансовых целей и уровня риска, который вы готовы принять. Драгоценные металлы, такие как золото и серебро, часто рассматриваются как инструмент для хеджирования от инфляции и волатильности на финансовых рынках.

Если ваша цель — сохранение капитала, то срок вложений может быть достаточно длительным, например, от 5 до 10 лет. Это позволит вам переждать возможные колебания цен на металлы и получить стабильный доход.

Однако, если вы хотите получить более быструю прибыль, то срок вложений может быть короче, но при этом риски будут выше. В любом случае, перед инвестированием в драгоценные металлы рекомендуется проконсультироваться с финансовым консультантом, чтобы выбрать оптимальный срок и стратегию вложений."
73,При каких условиях мобилизованный ИП может перейти на НПД?,"Для перехода на налог на профессиональный доход (НПД) мобилизованный индивидуальный предприниматель (ИП) должен соответствовать следующим условиям:

1. Отсутствие работников, с которыми заключены трудовые договоры.
2. Доходы за предыдущий налоговый период не превышают 2,4 миллиона рублей.
3. Вид деятельности, которым занимается ИП, должен быть включен в перечень допустимых для НПД.

Если эти условия соблюдаются, ИП может подать заявление о переходе на НПД через личный кабинет на сайте налоговой службы или с помощью мобильного приложения ""Мой налог""."
74,"Кому доступен банковский вклад, а кому положен имущественный вычет при покупке жилья?","Банковский вклад доступен всем физическим лицам, которые соответствуют требованиям банка, например, возрастным ограничениям и наличию документов, подтверждающих личность. Имущественный вычет при покупке жилья положен налоговым резидентам Российской Федерации, которые приобрели жилье и не использовали ранее право на такой вычет. Для получения вычета необходимо соответствовать определенным условиям, таким как наличие налогового резидентства, отсутствие использования вычета ранее и наличие документов, подтверждающих покупку жилья."
75,Какие документы подтверждают ваши права по онлайн-сделке на маркетплейсе в отличие от случая утери векселя?,"Для подтверждения прав по онлайн-сделке на маркетплейсе обычно используются электронные документы, такие как:

1. Электронные письма, подтверждающие заказ и оплату.
2. Счета-фактуры или квитанции, выданные маркетплейсом.
3. История транзакций в личном кабинете на сайте маркетплейса.
4. Электронные договоры, заключенные между вами и продавцом.

В случае утери векселя, подтверждением прав могут служить:

1. Дубликат векселя, выданный эмитентом.
2. Нотариально заверенная копия векселя.
3. Судебное решение о признании права собственности на вексель.

Если у вас есть дополнительные вопросы, связанные с банком, пожалуйста, задайте их."
76,"Кто контролирует МФО, а кто — коллекторов?","Микрофинансовые организации (МФО) и коллекторские агентства регулируются разными органами.

МФО контролируются Центральным банком Российской Федерации (Банком России). Банк России выдает лицензии, устанавливает требования к деятельности и контролирует соблюдение законодательства.

Коллекторские агентства контролируются Федеральной службой судебных приставов (ФССП) и Федеральной службой по финансовым рынкам (ФСФР). ФССП контролирует исполнение решений судов, а ФСФР регулирует деятельность коллекторских агентств, выдает лицензии и контролирует соблюдение законодательства.

Если у вас есть дополнительные вопросы по регулированию МФО или коллекторских агентств, обращайтесь."
77,"Что стоит внимательно проверить в договоре, если вы оформляете НПО в НПФ и если берете заем?","При оформлении негосударственного пенсионного обеспечения (НПО) в негосударственном пенсионном фонде (НПФ) и при получении займа важно внимательно проверить следующие моменты в договоре:

1. Условия начисления и выплаты пенсионных накоплений. Убедитесь, что условия соответствуют вашим ожиданиям и что вы понимаете, как будут формироваться ваши пенсионные накопления.

2. Размер и порядок уплаты страховых взносов. Проверьте, какие суммы и как часто вы будете вносить, а также есть ли возможность изменения этих условий.

3. Условия досрочного расторжения договора. Узнайте, в каких случаях вы можете расторгнуть договор и какие последствия это может иметь.

4. Условия выплаты пенсии. Обратите внимание на порядок и сроки выплаты пенсии, а также на возможные ограничения.

5. Условия наследования пенсионных накоплений. Уточните, что произойдет с вашими накоплениями в случае вашей смерти.

6. Комиссии и другие платежи. Проверьте, какие комиссии взимаются фондом и как они влияют на ваши накопления.

7. Ответственность сторон. Убедитесь, что договор четко определяет права и обязанности обеих сторон.

При получении займа важно проверить:

1. Процентную ставку и условия ее изменения. Уточните, как часто и при каких условиях может изменяться ставка.

2. Сроки возврата займа. Проверьте, какие сроки установлены для возврата займа и какие последствия могут быть в случае просрочки.

3. Штрафные санкции за нарушение условий договора. Узнайте, какие штрафы могут быть применены в случае нарушения условий договора.

4. Обязанности заемщика и кредитора. Убедитесь, что договор четко определяет права и обязанности обеих сторон.

5. Условия досрочного погашения займа. Проверьте"
78,Как начисляются проценты и штрафы во время кредитных каникул по санкциям и по мобилизации?,"Проценты и штрафы во время кредитных каникул зависят от оснований их предоставления.

1. Кредитные каникулы по санкциям:
   - Проценты продолжают начисляться на основной долг.
   - Штрафы и пени не начисляются.
   - После окончания кредитных каникул начисленные проценты присоединяются к основному долгу, и платежи рассчитываются заново.

2. Кредитные каникулы по мобилизации:
   - Проценты не начисляются.
   - Штрафы и пени не начисляются.
   - После окончания кредитных каникул платежи рассчитываются исходя из оставшегося срока кредита и основного долга."
79,"Почему внебиржевые сделки рискованнее, чем торговля на бирже?","Внебиржевые сделки считаются более рискованными по нескольким причинам:

1. Отсутствие гаранта сделки. На бирже гарантом сделки выступает сама биржа, которая обеспечивает выполнение обязательств сторонами. Вне биржи такой гарантии нет, и риск неисполнения обязательств одной из сторон значительно выше.

2. Отсутствие прозрачности. На бирже цены и объемы сделок публикуются, что позволяет участникам рынка принимать обоснованные решения. Вне биржи информация о сделках не публикуется, что увеличивает риск манипуляций и недобросовестных действий.

3. Отсутствие единых правил. На бирже действуют четкие правила торговли, которые регулируют поведение участников рынка. Вне биржи правила могут устанавливаться сторонами сделки, что увеличивает риск недобросовестных действий.

4. Отсутствие ликвидности. На бирже всегда есть покупатели и продавцы, что обеспечивает ликвидность рынка. Вне биржи ликвидность может быть значительно ниже, что увеличивает риск невыполнения обязательств и потерь.

5. Отсутствие контроля. На бирже сделки контролируются регуляторами, что снижает риск мошенничества. Вне биржи контроль минимален, что увеличивает риск недобросовестных действий."
80,Как проверить полис ОСАГО через НСИС?,"Для проверки полиса ОСАГО через Национальную систему идентификации страховых событий (НСИС) выполните следующие шаги:

1. Перейдите на официальный сайт НСИС или используйте мобильное приложение.
2. Введите номер полиса ОСАГО, серию и номер водительского удостоверения, а также номер свидетельства о регистрации транспортного средства.
3. Нажмите на кнопку ""Проверить"".
4. Система предоставит информацию о статусе полиса, включая сроки действия, ограничения и другие важные данные.

Если у вас возникли трудности, обратитесь в страховую компанию, выдавшую полис, или в службу поддержки НСИС."
81,Есть ли госгарантия возврата средств при крахе брокера либо при исключении МФО из реестра?,"Государственная гарантия возврата средств при крахе брокера или исключении микрофинансовой организации (МФО) из реестра зависит от конкретных обстоятельств и законодательства.

1. Для брокеров: В России действует система страхования вкладов, но она распространяется только на банковские вклады. Брокерские счета не подпадают под эту систему. Однако, если брокер является членом Компенсационного фонда, то в случае его банкротства клиенты могут получить компенсацию из этого фонда. Размер компенсации и условия ее получения зависят от правил фонда.

2. Для МФО: Если МФО исключена из реестра, это может означать, что она больше не имеет права на ведение деятельности. В этом случае клиенты могут столкнуться с проблемами возврата средств. Государственная гарантия возврата средств в таких случаях обычно отсутствует, и клиентам приходится обращаться в суд для взыскания долгов.

Рекомендуется внимательно изучать условия договора с брокером или МФО и уточнять у них наличие гарантийных механизмов."
82,"Что происходит дальше, если должник отказывается от общения с коллекторами?","Если должник отказывается от общения с коллекторами, то дальнейшие действия зависят от политики коллекторского агентства и законодательства. Обычно коллекторы продолжают попытки связаться с должником через другие каналы, такие как письма, электронные сообщения или звонки на разные номера телефонов. В некоторых случаях коллекторы могут обратиться в суд для взыскания долга.

Важно помнить, что коллекторы обязаны соблюдать закон о защите прав потребителей и не могут применять незаконные методы взыскания долга. Если должник считает, что его права нарушены, он может обратиться в соответствующие органы для защиты своих интересов."
83,Какие инструменты подойдут для консервативного накопления на срок от трех лет и с чего лучше начинать инвестору‑новичку?,"Для консервативного накопления на срок от трех лет подойдут следующие инструменты:

1. Банковские вклады. Это самый простой и надежный способ. Процентная ставка по вкладам обычно выше, чем по счетам до востребования, и вы можете выбрать срок, который вам подходит. Однако доходность по вкладам может быть ниже, чем по другим инструментам.

2. Облигации. Облигации — это долговые обязательства, которые выпускают компании или государство. Они обычно приносят более высокую доходность, чем вклады, но и риск выше. Облигации можно покупать как на первичном, так и на вторичном рынке.

3. Государственные облигации. Это наиболее надежный вид облигаций, так как их выпускает государство. Они обычно приносят более низкую доходность, чем корпоративные облигации, но и риск ниже.

4. ПИФы и ETF. Паевые инвестиционные фонды (ПИФы) и биржевые фонды (ETF) позволяют инвестировать в портфель активов, что снижает риски. Однако доходность может быть ниже, чем при прямом инвестировании в отдельные активы.

Для инвестора-новичка лучше всего начать с банковских вкладов или государственных облигаций. Это позволит вам понять основы инвестирования и постепенно перейти к более сложным инструментам. Также важно помнить, что любые инвестиции связаны с рисками, и перед началом инвестирования стоит проконсультироваться с финансовым консультантом."
84,"Что делать, если пришло сообщение о блокировке карты с просьбой перезвонить по незнакомому номеру?","Если вы получили сообщение о блокировке карты с просьбой перезвонить по незнакомому номеру, не перезванивайте по этому номеру. Это может быть попытка мошенничества.

Вместо этого, свяжитесь с банком через официальные каналы связи. Например, позвоните на горячую линию банка, указанную на официальном сайте или на обратной стороне вашей карты. Также можно обратиться в ближайшее отделение банка.

Если карта действительно заблокирована, банк сообщит вам об этом и объяснит причину. Если сообщение оказалось мошенническим, банк также сможет предоставить рекомендации по защите ваших данных."
85,Как меняется выплата по ОСАГО при европротоколе в зависимости от фотофиксации либо разногласий?,"При оформлении ДТП по европротоколу выплата по ОСАГО может меняться в зависимости от наличия фотофиксации или разногласий между участниками аварии.

Если ДТП зафиксировано с помощью фото- или видеосъемки, это упрощает процесс оценки ущерба и может ускорить выплату. В таком случае страховая компания может принять решение о выплате на основании предоставленных фото- и видеоматериалов без дополнительной экспертизы.

В случае разногласий между участниками ДТП, например, по вопросам вины или оценки ущерба, процесс рассмотрения заявки на выплату может затянуться. Страховая компания может потребовать дополнительных доказательств или провести независимую экспертизу, что может повлиять на сроки и размер выплаты.

Таким образом, фотофиксация ДТП может положительно повлиять на скорость и размер выплаты, тогда как разногласия между участниками могут замедлить процесс и повлиять на итоговую сумму компенсации."
86,Почему заявления о страховке в МФО не гарантируют возврат вложений?,"Заявления о страховке в микрофинансовых организациях (МФО) не гарантируют возврат вложений по нескольким причинам:

1. **Отсутствие государственной гарантии**: В отличие от банков, МФО не имеют государственных гарантий на возврат вложений. Банки, например, могут участвовать в системе страхования вкладов, а МФО — нет.

2. **Риск несостоятельности**: МФО могут столкнуться с финансовыми трудностями или банкротством, что приведет к потере вложенных средств.

3. **Отсутствие прозрачности**: МФО могут не предоставлять полной информации о своих финансовых показателях и рисках, что увеличивает вероятность потери вложений.

4. **Высокие риски**: МФО часто работают с заемщиками, имеющими низкий кредитный рейтинг, что увеличивает риск невозврата кредитов и, как следствие, может привести к финансовым проблемам у самой МФО.

5. **Отсутствие регулирования**: МФО могут не подчиняться строгим регуляторным требованиям, что увеличивает риски для инвесторов.

Если у вас есть дополнительные вопросы по банковским продуктам или услугам, пожалуйста, задавайте."
87,"Чем отличаются госгарантии для вкладов, пенсионных накоплений в НПФ, полисов НСЖ по защите суммы?","Госгарантии для вкладов, пенсионных накоплений в НПФ и полисов НСЖ различаются по механизмам защиты и условиям.

1. Вклады: Госгарантии на вклады в банках обеспечиваются Агентством по страхованию вкладов (АСВ). Максимальная сумма возмещения составляет 1,4 миллиона рублей на одного вкладчика в одном банке. Это означает, что если банк обанкротится, вкладчик получит свои средства в пределах этой суммы.

2. Пенсионные накопления в НПФ: Пенсионные накопления в негосударственных пенсионных фондах (НПФ) защищены государством через механизм гарантирования пенсионных накоплений. В случае банкротства НПФ или других проблем, пенсионные накопления переходят под управление другого НПФ или возвращаются в Пенсионный фонд России (ПФР). Однако конкретные суммы и условия могут варьироваться в зависимости от ситуации.

3. Полисы НСЖ: Накопления по договорам негосударственного страхования жизни (НСЖ) защищены государством через механизм гарантирования. В случае банкротства страховой компании, выплаты по договорам НСЖ гарантируются до определенной суммы. Однако конкретные условия и суммы могут отличаться в зависимости от страховой компании и договора.

Таким образом, госгарантии для вкладов, пенсионных накоплений и полисов НСЖ обеспечивают защиту средств вкладчиков, но механизмы и условия этой защиты могут различаться."
88,"В каких случаях выгоднее созаемщик, а не поручитель, для снижения ставки либо увеличения суммы?","Для снижения ставки или увеличения суммы кредита созаемщик может быть выгоднее поручителя в следующих случаях:

1. Если созаемщик имеет более высокий доход или лучшую кредитную историю, чем основной заемщик. В этом случае банк может предложить более выгодные условия, так как риски по кредиту снижаются.

2. Если созаемщик является совладельцем залогового имущества. В этом случае банк может быть более лояльным к условиям кредитования, так как в случае невыполнения обязательств залоговое имущество может быть реализовано для покрытия долга.

3. Если созаемщик имеет стабильный доход и хорошую кредитную историю, это может повысить доверие банка к заемщику и, как следствие, снизить ставку или увеличить сумму кредита.

Однако, окончательное решение о выгодности созаемщика или поручителя зависит от конкретных условий банка и индивидуальных обстоятельств заемщика. Рекомендуется проконсультироваться с кредитным специалистом для получения более точной информации."
89,"Как работают структурные облигации, привязанные к цене золота?","Структурные облигации, привязанные к цене золота, представляют собой сложные финансовые инструменты, которые сочетают в себе элементы долгового обязательства и производных финансовых инструментов. Их работа основана на нескольких ключевых принципах:

1. **Базовый актив**: В данном случае базовым активом является цена золота. Это означает, что доходность облигации будет зависеть от изменения цены на золото.

2. **Структура выплат**: Обычно такие облигации имеют фиксированный купонный доход, который выплачивается регулярно, а также возможную дополнительную выплату, зависящую от изменения цены золота.

3. **Условия погашения**: При погашении облигации инвестор может получить номинальную стоимость облигации плюс дополнительную выплату, если цена золота выросла. Если цена золота упала, инвестор может получить только номинальную стоимость или даже меньше, в зависимости от условий выпуска.

4. **Риски**: Инвесторы должны учитывать риски, связанные с колебаниями цены золота, а также с кредитным риском эмитента облигации.

5. **Сроки и условия**: Сроки погашения и условия выплат могут варьироваться в зависимости от конкретного выпуска облигации.

Для более точного понимания работы конкретной структурной облигации необходимо изучить условия ее выпуска, которые обычно содержатся в проспекте эмиссии."
90,Почему инвестиции в себя считаются выгодными?,"Инвестиции в себя считаются выгодными по нескольким причинам:

Во-первых, повышение квалификации и развитие навыков увеличивает вашу конкурентоспособность на рынке труда. Это может привести к более высокой заработной плате и лучшим карьерным возможностям.

Во-вторых, инвестиции в здоровье и физическую форму способствуют улучшению качества жизни и снижению затрат на медицинское обслуживание в будущем.

В-третьих, развитие личных качеств, таких как коммуникативные навыки и лидерские качества, может открыть новые возможности для профессионального и личного роста.

Наконец, инвестиции в себя могут привести к повышению самооценки и уверенности в себе, что также положительно сказывается на всех сферах жизни."
91,Чем отличается остановка операции от блокировки счета по 115‑ФЗ?,"Остановка операции и блокировка счета по 115-ФЗ — это разные процедуры, которые применяются в разных ситуациях.

Остановка операции означает приостановку выполнения конкретной транзакции. Это может произойти по различным причинам, например, из-за подозрительной активности, несоответствия данных или технических проблем. Остановка операции не влияет на доступность счета в целом, и клиент может продолжать пользоваться своими средствами, за исключением остановленной транзакции.

Блокировка счета по 115-ФЗ, с другой стороны, означает полное ограничение доступа к счету. Это происходит в случае, если банк или финансовый орган обнаруживает подозрительную деятельность, связанную с отмыванием денег или финансированием терроризма. Блокировка счета может быть временной или постоянной, в зависимости от обстоятельств. В этом случае клиент не может совершать никакие операции со счетом до разрешения ситуации.

Таким образом, основное отличие заключается в том, что остановка операции затрагивает только конкретную транзакцию, тогда как блокировка счета по 115-ФЗ ограничивает доступ ко всему счету."
92,"Почему за наличную валюту стоит идти в банк, а не к брокеру?","Наличную валюту лучше покупать в банке, а не у брокера, по нескольким причинам:

1. Надежность и безопасность. Банки работают в рамках законодательства и обеспечивают защиту средств клиентов. Брокеры могут предлагать более выгодные курсы, но их деятельность менее регулируется.

2. Удобство. Банки предлагают широкий выбор валют и услуг по обмену, а также возможность получить наличные сразу после операции.

3. Комиссии и прозрачность. Банки обычно имеют четкую структуру комиссий, что позволяет клиентам заранее рассчитать стоимость операции. У брокеров комиссии могут быть скрытыми или неочевидными.

4. Доверие. Банки имеют многолетнюю репутацию и проверенные механизмы работы с клиентами, что снижает риски мошенничества.

Если вам нужно обменять валюту, лучше обратиться в банк, где вы являетесь клиентом, так как это может дать дополнительные преимущества, такие как льготные условия или бонусы."
93,Как отличаются кредитные каникулы для мобилизованных ИП от каникул для МСП из санкционных отраслей?,"Кредитные каникулы для мобилизованных индивидуальных предпринимателей (ИП) и для малого и среднего бизнеса (МСП) из санкционных отраслей имеют различия в условиях и основаниях предоставления.

Для мобилизованных ИП кредитные каникулы предоставляются в связи с их участием в специальной военной операции. Это означает, что они могут приостановить выплаты по кредитам на определенный срок без начисления штрафов и пеней.

Для МСП из санкционных отраслей кредитные каникулы могут быть предоставлены в связи с особыми экономическими условиями, вызванными санкциями. В этом случае условия и сроки каникул могут быть определены индивидуально в зависимости от ситуации и согласованы с банком.

Таким образом, основное отличие заключается в причинах предоставления кредитных каникул и в условиях их применения."
94,Почему при возврате денег за страховку сумма бывает меньше из‑за комиссий посредников?,"При возврате страховой премии могут удерживаться комиссии посредников, если они участвовали в оформлении страхового полиса. Это связано с тем, что посредники (агенты, брокеры, страховые компании) могут взимать плату за свои услуги. Эти комиссии могут быть заранее оговорены в договоре страхования. Также, если страховка была оформлена через банк, то банк может удерживать свою комиссию за услуги по оформлению и обслуживанию страхового полиса. В результате, сумма возврата может быть меньше из-за этих удержаний."
95,Чем отличаются гранты от льготных кредитов по обязательствам по возврату средств?,"Гранты и льготные кредиты отличаются по следующим ключевым параметрам:

1. Возврат средств:
   - Гранты не требуют возврата средств. Это безвозмездная помощь, предоставляемая на определенные цели.
   - Льготные кредиты, несмотря на льготные условия, требуют обязательного возврата средств в установленные сроки.

2. Условия предоставления:
   - Гранты обычно предоставляются на конкурсной основе и требуют строгого отчета о целевом использовании средств.
   - Льготные кредиты предоставляются на основе кредитного договора с определенными условиями, такими как процентная ставка, срок возврата и другие финансовые обязательства.

3. Цели использования:
   - Гранты часто направлены на поддержку социальных, научных, образовательных или культурных проектов.
   - Льготные кредиты могут предоставляться для различных целей, включая развитие бизнеса, покупку жилья или другие инвестиционные проекты.

Таким образом, основное отличие заключается в обязательствах по возврату средств и условиях предоставления."
96,Чем факторинг отличается от банковского кредита по обеспечению?,"Факторинг и банковский кредит отличаются по обеспечению следующим образом:

1. **Факторинг**:
   - Обеспечением выступают дебиторская задолженность компании.
   - Банк (фактор) покупает дебиторскую задолженность компании и предоставляет ей деньги на основе этой задолженности.
   - Риск неоплаты дебитором может лежать на факторе, если это регрессный факторинг, или на клиенте, если это безрегрессный факторинг.

2. **Банковский кредит**:
   - Обеспечением могут выступать различные активы, такие как недвижимость, оборудование, ценные бумаги, гарантии третьих лиц и другие.
   - Банк предоставляет кредит под залог этих активов.
   - Риск неоплаты кредита лежит на заемщике, а банк имеет право на реализацию заложенного имущества в случае невыполнения обязательств.

Таким образом, основное отличие заключается в том, что факторинг основывается на дебиторской задолженности, тогда как банковский кредит может быть обеспечен различными активами."
97,"Какую роль играет Агентство по страхованию вкладов в защите вкладчиков банков, а также клиентов страховщиков?","Агентство по страхованию вкладов (АСВ) играет ключевую роль в защите интересов вкладчиков и клиентов страховщиков. Основные функции АСВ включают:

1. Страхование вкладов физических лиц в банках. В случае отзыва лицензии у банка АСВ выплачивает вкладчикам компенсацию до 1,4 миллиона рублей.

2. Страхование страховых резервов страховых компаний. Если у страховой компании возникают финансовые трудности, АСВ может выплатить страховые возмещения по договорам страхования.

3. Ликвидация банков и страховых компаний. АСВ осуществляет процедуры банкротства и ликвидации финансовых организаций, обеспечивая защиту прав кредиторов.

4. Информационная поддержка. АСВ предоставляет информацию о состоянии страхования вкладов и страховых резервов, а также о процедурах выплат компенсаций.

Таким образом, АСВ обеспечивает стабильность финансовой системы и защиту прав вкладчиков и страхователей."
98,Как налогообложение дохода сотрудников на УСН соотносится с пределом удержаний при взыскании долгов?,"Налогообложение дохода сотрудников на УСН (упрощенной системе налогообложения) и предел удержаний при взыскании долгов регулируются разными нормативными актами и не имеют прямой связи.

1. Налогообложение дохода сотрудников на УСН:
   - При УСН ""Доходы"" налог составляет 6% от суммы доходов.
   - При УСН ""Доходы минус расходы"" налог составляет 15% от разницы между доходами и расходами.
   - Страховые взносы и НДФЛ с зарплаты сотрудников уплачиваются отдельно.

2. Предел удержаний при взыскании долгов:
   - Согласно статье 248 Трудового кодекса РФ, размер удержаний из заработной платы работника не может превышать 20% при взыскании долгов по исполнительным документам.
   - В исключительных случаях (алименты, возмещение вреда, причиненного умышленным преступлением) размер удержаний может быть увеличен до 50% или 70%.

Эти два аспекта регулируются разными нормативными актами и не влияют друг на друга."
99,Защищены ли деньги на счете эскроу при покупке строящегося жилья?,"Да, деньги на счете эскроу при покупке строящегося жилья защищены. Счет эскроу — это специальный счет, на который покупатель перечисляет средства для оплаты жилья, но эти деньги не поступают напрямую застройщику. Они хранятся на счете до тех пор, пока не будут выполнены все условия договора, например, завершение строительства и передача квартиры покупателю. Это снижает риски для покупателя, так как деньги остаются в безопасности до момента, когда жилье будет готово."
100,Какие меры снижают риск кражи денег при расчетах на сайтах объявлений?,"Для снижения риска кражи денег при расчетах на сайтах объявлений рекомендуется:

1. Использовать защищенные способы оплаты, такие как электронные кошельки, банковские переводы или специализированные сервисы, которые обеспечивают защиту сделки.
2. Проверять репутацию продавца или покупателя, изучать отзывы и историю сделок.
3. Использовать систему защиты платежей, предлагаемую сайтом объявлений, если таковая имеется.
4. Не передавать деньги до получения товара или подтверждения услуги.
5. Использовать двухфакторную аутентификацию для доступа к своим финансовым аккаунтам.
6. Будьте бдительны и не передавайте конфиденциальную информацию, такую как пароли или коды подтверждения.

Если у вас возникли подозрения о мошенничестве, немедленно свяжитесь с поддержкой сайта объявлений и вашим банком."
101,Почему неквалифицированным инвесторам сейчас рискованно покупать иностранные бумаги через российских посредников?,"Неквалифицированным инвесторам рискованно покупать иностранные бумаги через российских посредников по нескольким причинам:

Во-первых, из-за санкций и ограничений, введенных против российских финансовых институтов, операции с иностранными ценными бумагами могут быть приостановлены или заблокированы. Это может привести к невозможности продать активы или вывести средства.

Во-вторых, российские посредники могут столкнуться с техническими сложностями при работе с зарубежными биржами и депозитариями. Это может привести к задержкам в исполнении сделок или потере доступа к активам.

В-третьих, неквалифицированные инвесторы могут не иметь достаточного опыта и знаний для оценки рисков, связанных с инвестированием в иностранные активы. Это может привести к принятию неверных решений и значительным финансовым потерям.

В-четвертых, изменения в законодательстве и регулировании могут повлиять на условия инвестирования. Например, могут быть введены дополнительные ограничения или требования к транзакциям с иностранными ценными бумагами.

В-пятых, курсовые риски. Из-за колебаний курса валют стоимость иностранных активов может значительно изменяться, что также увеличивает риски для инвесторов.

Поэтому перед принятием решения о покупке иностранных ценных бумаг через российских посредников неквалифицированным инвесторам рекомендуется тщательно оценить все возможные риски и, при необходимости, проконсультироваться с профессиональными финансовыми консультантами."
102,Сколько максимально вернут по соцвычету и по взносам на ИИС при ставке НДФЛ 22%,"Максимальная сумма социального налогового вычета составляет 120 000 рублей в год. Это означает, что вы можете вернуть до 26 400 рублей (120 000 рублей * 22%).

Что касается индивидуального инвестиционного счета (ИИС), то максимальная сумма налогового вычета также составляет 120 000 рублей в год. Таким образом, вы можете вернуть до 26 400 рублей (120 000 рублей * 22%).

Важно отметить, что эти вычеты не суммируются. Вы можете воспользоваться либо социальным налоговым вычетом, либо вычетом по ИИС в течение одного налогового периода."
103,Можно ли без потерь забрать деньги из НСЖ или ИСЖ после покупки полиса?,"Нет, нельзя. После покупки полиса НСЖ (Накопительное страхование жизни) или ИСЖ (Инвестиционное страхование жизни) забрать деньги без потерь не получится. В первые годы действия договора страхования при досрочном расторжении вы получите сумму, значительно меньшую внесенной. Это связано с тем, что часть средств уходит на оплату страховых рисков и комиссий.

С каждым годом сумма возврата увеличивается, но полный возврат внесенных средств возможен только после окончания срока действия договора. Уточнить условия возврата средств можно в договоре страхования или у страховщика."
104,За счет чего банки обеспечивают выплаты кешбэка?,"Банки обеспечивают выплаты кешбэка за счет нескольких источников:

1. Комиссии от торговых точек. Банки получают комиссию от магазинов и сервисов за проведение транзакций по картам. Часть этой комиссии идет на выплату кешбэка клиентам.

2. Проценты по кредитам. Банки зарабатывают на разнице между процентными ставками по кредитам и депозитам. Часть этой прибыли может направляться на кешбэк.

3. Снижение других доходов. Иногда банки компенсируют кешбэк за счет снижения других доходов, например, уменьшая комиссии за обслуживание карт или другие услуги.

4. Партнерские программы. Банки могут получать доход от партнеров, привлекающих клиентов через кешбэк-программы.

Таким образом, кешбэк для клиентов — это часть маркетинговой стратегии банка, направленной на привлечение и удержание клиентов."
105,"Когда разумнее выбрать микрозаем в МФО, а не льготный банковский кредит?","Микрозаем в микрофинансовой организации (МФО) может быть разумным выбором в следующих случаях:

1. Срочная необходимость в деньгах. Если вам нужны деньги срочно, а банковский кредит требует времени на рассмотрение заявки, МФО может предоставить заем быстрее.

2. Отсутствие возможности получить банковский кредит. Если у вас плохая кредитная история или недостаточный доход для получения банковского кредита, МФО может быть более доступной альтернативой.

3. Небольшая сумма займа. Если вам нужна небольшая сумма денег, МФО может предложить более гибкие условия, чем банк.

Однако важно помнить, что процентные ставки по микрозаемам в МФО обычно значительно выше, чем по банковским кредитам. Поэтому перед принятием решения стоит тщательно взвесить все ""за"" и ""против""."
106,Чем отличается лимит пополнений ИИС-1/2 от лимита суммы взносов для вычета по ИИС-3?,"Лимит пополнений ИИС-1 и ИИС-2 ограничивает количество операций по внесению средств на счет в течение года. Для ИИС-1 и ИИС-2 этот лимит составляет 12 пополнений в год.

Лимит суммы взносов для вычета по ИИС-3 ограничивает общую сумму средств, которую можно внести на счет в течение года для получения налогового вычета. Этот лимит составляет 1 миллион рублей в год.

Таким образом, основное отличие заключается в том, что для ИИС-1 и ИИС-2 ограничено количество пополнений, а для ИИС-3 ограничена сумма взносов для получения вычета."
107,Как распределение накоплений между несколькими НПФ влияет на размер гарантированной защиты?,"Распределение накоплений между несколькими негосударственными пенсионными фондами (НПФ) не влияет на размер гарантированной защиты. Гарантированная защита пенсионных накоплений обеспечивается государством и регулируется законодательством. Она распространяется на все средства, переданные в НПФ, независимо от их количества.

Гарантированная защита включает:
1. Возврат средств в случае банкротства НПФ.
2. Обеспечение выплат пенсионных накоплений в соответствии с условиями договора.

Таким образом, распределение накоплений между несколькими НПФ не изменяет размер гарантированной защиты, так как она обеспечивается государством на общих основаниях."
108,Как подтверждается подписание онлайн-кредита?,"Подписание онлайн-кредита подтверждается с помощью электронной подписи или SMS-кода, который приходит на телефон клиента. После ввода кода сделка считается завершенной, и кредитные средства могут быть переведены на указанный счет."
109,"Если бизнес не проходит по условиям льготного кредитования, какой инструмент позволит профинансировать оборудование на спецусловиях?","Для финансирования оборудования на специальных условиях, если бизнес не подходит под льготное кредитование, можно рассмотреть следующие инструменты:

1. **Лизинг**: Это долгосрочная аренда оборудования с последующим выкупом. Лизинговые платежи могут быть ниже, чем кредитные, и часто предлагаются на более выгодных условиях.

2. **Факторинг**: Если у бизнеса есть дебиторская задолженность, факторинг позволяет получить финансирование под эти долги. Это может быть полезно для покрытия текущих расходов, включая покупку оборудования.

3. **Торговый кредит**: Некоторые поставщики оборудования предлагают отсрочку платежа или рассрочку, что может быть выгоднее банковского кредита.

4. **Кредитные линии**: Банки могут предложить кредитные линии под залог имущества или других активов, что может быть более гибким вариантом.

5. **Государственные программы поддержки**: Некоторые регионы или отраслевые ассоциации предлагают субсидии или гарантии по кредитам для бизнеса, что может снизить процентную ставку.

Для более точного ответа уточните, какие именно условия льготного кредитования не подходят вашему бизнесу."
110,Как проверить СМС о «пополнении счета» на подлинность?,"Для проверки подлинности СМС о пополнении счета можно воспользоваться следующими способами:

1. **Проверьте отправителя**: Официальные сообщения от банка обычно приходят с короткого номера или специального адреса, который указан в вашем договоре или на сайте банка.

2. **Сравните информацию**: Убедитесь, что сумма и реквизиты в СМС совпадают с теми, которые вы ожидаете. Если есть сомнения, свяжитесь с банком через официальные каналы.

3. **Используйте мобильное приложение или интернет-банк**: Войдите в ваш личный кабинет и проверьте историю операций. Если пополнение действительно было, оно отобразится там.

4. **Не переходите по ссылкам**: Если в СМС есть ссылка, не переходите по ней, особенно если она выглядит подозрительно. Официальные банки не просят переходить по ссылкам в СМС для подтверждения операций.

5. **Свяжитесь с банком**: Если у вас есть сомнения, позвоните в службу поддержки банка по официальному номеру, указанному на сайте или в вашем договоре.

Если у вас есть дополнительные вопросы, связанные с банковскими операциями, задавайте их."
111,"Какой минимальный срок держать ИИС разных типов, чтобы сохранить право на налоговые льготы?","Для получения налоговых льгот по индивидуальному инвестиционному счету (ИИС) необходимо соблюдать определенные условия по сроку владения счетом.

Для ИИС типа А (льгота по налогу на доходы от операций с ценными бумагами) минимальный срок владения счетом составляет 3 года. Если вы закрываете счет раньше этого срока, вы теряете право на налоговые льготы.

Для ИИС типа Б (льгота на вычет на взносы) минимальный срок владения счетом также составляет 3 года. Если вы снимаете средства со счета раньше этого срока, вы теряете право на налоговый вычет.

Таким образом, независимо от типа ИИС, минимальный срок владения счетом для сохранения права на налоговые льготы составляет 3 года."
112,"Как проверить, что финансовый посредник или платформа действует легально, и куда жаловаться при проблемах с инвестиционной платформой?","Для проверки легальности финансового посредника или инвестиционной платформы следует выполнить несколько шагов:

1. Проверьте наличие лицензии. В России финансовые посредники и инвестиционные платформы должны иметь лицензию от Центрального банка Российской Федерации (ЦБ РФ). Лицензию можно проверить на официальном сайте ЦБ РФ в разделе ""Реестр лицензий"".

2. Проверьте информацию о компании. На сайте компании должна быть размещена информация о ее регистрации, включая юридический адрес, ИНН, ОГРН и другие реквизиты. Также можно проверить информацию о компании в Едином государственном реестре юридических лиц (ЕГРЮЛ) на сайте Федеральной налоговой службы (ФНС).

3. Проверьте отзывы и репутацию. Перед началом сотрудничества с финансовым посредником или инвестиционной платформой рекомендуется изучить отзывы о компании в интернете, а также проверить ее репутацию на специализированных форумах и сайтах.

4. Проверьте условия сотрудничества. Внимательно изучите договор и условия сотрудничества с компанией. Убедитесь, что все условия вам понятны и не содержат скрытых комиссий или других невыгодных условий.

Если у вас возникли проблемы с инвестиционной платформой, вы можете обратиться в следующие инстанции:

1. В службу поддержки компании. Первым шагом при возникновении проблем с инвестиционной платформой должно быть обращение в службу поддержки компании. Возможно, проблема может быть решена на этом этапе.

2. В финансовую омбудсман. Если проблема не была решена на этапе обращения в службу поддержки компании, вы можете обратиться в финансовую омбудсман. Финансовый омбудсмен рассматривает жалобы на финансовые организации и помогает клиентам и компаниям прийти к соглашению.

3. В Центральный банк Российской Федерации (ЦБ РФ). Если проблема не была решена на предыдущих этапах, вы можете обратиться в ЦБ РФ."
113,Как банки получают госданные при онлайн-заявке на ипотеку?,"Банки получают государственные данные при онлайн-заявке на ипотеку через интеграцию с государственными информационными системами. Например, банк может запросить данные о доходах физического лица через систему Госуслуг или налоговую службу. Также банк может запросить данные о недвижимости через Росреестр. Банк может запросить данные о кредитной истории через бюро кредитных историй. Банк может запросить данные о пенсионных накоплениях через Пенсионный фонд. Банк может запросить данные о военной ипотеке через Министерство обороны. Банк может запросить данные о социальных выплатах через органы социальной защиты. Банк может запросить данные о субсидиях через Министерство финансов. Банк может запросить данные о налогах через налоговую службу. Банк может запросить данные о судебных решениях через судебные органы. Банк может запросить данные о регистрации через органы регистрационного учета. Банк может запросить данные о водительских правах через органы внутренних дел. Банк может запросить данные о медицинских полисах через органы здравоохранения. Банк может запросить данные о страховых полисах через органы страхования. Банк может запросить данные о трудовой деятельности через органы занятости. Банк может запросить данные о военной службе через органы военной службы. Банк может запросить данные о военной пенсии через органы военной пенсии. Банк может запросить данные о военной ипотеке через органы военной ипотеки. Банк может запросить данные о военной ипотеке через органы военной ипотеки. Банк может запросить данные о военной ипотеке через органы военной ипотеки. Банк может запросить данные о военной ипотеке через органы военной ипотеки. Банк может запросить данные о военной ипотеке через органы военной ипотеки. Банк может запросить данные о военной ипотеке через органы военной ипотеки. Банк может запросить данные о военной ипотеке через органы военной ипотеки. Банк может запросить данные о воен"
114,Что произойдет с долгом при продаже залога дешевле задолженности: в автоломбарде против ипотеки?,"При продаже залога дешевле задолженности в автоломбарде и при ипотеке последствия будут различаться.

В автоломбарде:
Если залоговое имущество (автомобиль) продается дешевле суммы задолженности, клиент обязан выплатить разницу между суммой задолженности и вырученными от продажи средствами. Это означает, что клиент все равно должен будет погасить оставшуюся часть долга.

При ипотеке:
В случае продажи заложенного имущества (недвижимости) дешевле суммы задолженности, банк вправе требовать от заемщика погасить оставшуюся сумму долга. Однако, в некоторых случаях, если заемщик докажет, что продажа была проведена по рыночной цене, банк может списать долг полностью или частично. Это зависит от условий кредитного договора и законодательства.

Важно отметить, что конкретные последствия могут варьироваться в зависимости от условий договора и законодательства вашего региона. Рекомендуется проконсультироваться с юристом или представителем банка для получения точной информации."
115,Почему низкая ставка по кредиту не гарантирует выгоду при покупке квартиры либо оборудования?,"Низкая ставка по кредиту не всегда гарантирует выгоду по нескольким причинам:

1. **Скрытые комиссии и дополнительные платежи**. Иногда банки предлагают низкие ставки, но компенсируют это за счет дополнительных комиссий, страховок или других платежей, которые в итоге могут сделать кредит дороже.

2. **Условия кредитования**. Низкая ставка может быть доступна только при строгих условиях, например, при предоставлении залогового имущества, страховки или при условии высокого дохода заемщика.

3. **Срок кредита**. Чем дольше срок кредита, тем больше переплата, даже при низкой ставке. Иногда более короткий кредит с более высокой ставкой может быть выгоднее.

4. **Инфляция и изменение ставок**. Если ставка по кредиту фиксированная, то при высокой инфляции реальная стоимость кредита может снижаться. Однако если ставка плавающая, то при ее росте кредит может стать менее выгодным.

5. **Другие предложения на рынке**. Низкая ставка у одного банка не означает, что это лучшее предложение. Всегда стоит сравнивать условия разных банков и кредитных продуктов.

6. **Штрафы и пени**. Некоторые кредиты могут иметь жесткие условия по штрафам за просрочку платежей, что также может снизить выгоду от низкой ставки.

Перед оформлением кредита важно внимательно изучить все условия и рассчитать полную стоимость кредита, включая все возможные платежи и комиссии."
116,Почему не стоит отыгрываться на падающем рынке?,"Отвечать на вопрос на основе предоставленного контекста невозможно, так как он отсутствует. Пожалуйста, уточните, о каком рынке идет речь, и предоставьте дополнительную информацию, чтобы я мог дать точный ответ. Если вопрос не связан с банковскими услугами, пожалуйста, уточните, есть ли у вас вопрос, связанный с банком."
117,Зачем для вклада выбирать надежный банк в конце года?,"Надежный банк в конце года выбирают по нескольким причинам:

Во-первых, в конце года многие банки предлагают специальные условия по вкладам, такие как повышенные процентные ставки, бонусы или дополнительные акции. Надежные банки, как правило, предлагают более выгодные и стабильные условия.

Во-вторых, в конце года многие люди получают премии, бонусы или другие дополнительные доходы. Размещение этих средств на вклад в надежном банке позволяет сохранить и приумножить свои сбережения.

В-третьих, в конце года многие люди планируют свои финансы на следующий год. Размещение средств на вклад в надежном банке позволяет заранее спланировать свои финансовые обязательства и иметь стабильный доход в следующем году.

В-четвертых, в конце года многие люди задумываются о налоговых вычетах. Размещение средств на вклад в надежном банке позволяет получить налоговый вычет на проценты по вкладу, что позволяет сэкономить на налогах."
118,Что делать при подозрительных списаниях по карте?,"При обнаружении подозрительных списаний по карте необходимо незамедлительно предпринять следующие шаги:

1. **Блокировка карты**: Немедленно свяжитесь с банком и заблокируйте карту, чтобы предотвратить дальнейшие несанкционированные операции. Это можно сделать через мобильное приложение банка, звонок на горячую линию или через интернет-банк.

2. **Проверка операций**: Уточните у банка, какие именно операции были проведены, и подтвердите их подлинность. Если операции не были вами совершены, сообщите об этом банку.

3. **Подача заявления**: Обратитесь в банк с заявлением о несанкционированных списаниях. Банк проведет внутреннее расследование и примет меры для возврата средств, если они были списаны мошенническим путем.

4. **Смена реквизитов**: После блокировки карты и подачи заявления, запросите выпуск новой карты с другими реквизитами.

5. **Меры предосторожности**: В будущем следите за операциями по карте, используйте сложные пароли, не передавайте данные карты третьим лицам и регулярно проверяйте выписки по счету.

Если у вас есть дополнительные вопросы или требуется помощь, обратитесь в банк для получения более детальной информации."
119,"Последствия затяжной просрочки по ипотеке, оптимальная тактика до суда?","Последствия затяжной просрочки по ипотеке могут быть серьезными. Банк может начислить штрафы и пени, а также применить меры по взысканию задолженности, включая обращение в суд. В судебном порядке банк может взыскать задолженность, а также получить решение о выселении заемщика и продаже залогового имущества.

Оптимальная тактика до суда включает несколько шагов:

1. Свяжитесь с банком и объясните ситуацию. Возможно, банк предложит реструктуризацию долга или отсрочку платежей.
2. Попробуйте найти дополнительные источники дохода или уменьшить расходы, чтобы восстановить платежеспособность.
3. Если ситуация критична, обратитесь за помощью к кредитным консультантам или юристам, специализирующимся на ипотечных спорах.
4. Не игнорируйте уведомления от банка и судебные извещения. Это может усугубить ситуацию.

Важно действовать оперативно и не надеяться, что проблема решится сама собой."
120,Как повысить шансы на одобрение кредита без переплаты за ненужные услуги?,"Для повышения шансов на одобрение кредита без переплаты за ненужные услуги, следуйте этим рекомендациям:

1. Проверьте свою кредитную историю. Чем она лучше, тем выше шансы на одобрение кредита. Если есть просрочки, постарайтесь их закрыть.

2. Подготовьте все необходимые документы. Чем полнее пакет документов, тем выше шансы на одобрение кредита. Обычно требуются паспорт, справка о доходах, копия трудовой книжки и другие документы, подтверждающие вашу платежеспособность.

3. Выберите кредитный продукт, который соответствует вашим потребностям. Не берите кредит на больший срок, чем необходимо, и не берите кредит на больший сумму, чем необходимо.

4. Сравните условия кредитования в разных банках. Не берите кредит в первом попавшемся банке. Сравните процентные ставки, комиссии и другие условия кредитования.

5. Не берите кредит, если у вас нет стабильного дохода. Банки не одобряют кредиты людям, у которых нет стабильного дохода.

6. Не берите кредит, если у вас есть другие кредиты. Банки не одобряют кредиты людям, у которых есть другие кредиты.

7. Не берите кредит, если у вас есть просрочки по другим кредитам. Банки не одобряют кредиты людям, у которых есть просрочки по другим кредитам.

8. Не берите кредит, если у вас нет работы. Банки не одобряют кредиты людям, у которых нет работы.

9. Не берите кредит, если у вас нет прописки. Банки не одобряют кредиты людям, у которых нет прописки.

10. Не берите кредит, если у вас нет возраста. Банки не одобряют кредиты людям, у которых нет возраста.

11. Не берите кредит, если у вас нет гражданства. Банки не одобряют кредиты людям, у которых нет гражданства.

12. Не берите кредит, если у вас нет паспорта."
121,"Куда обращаться при заниженной выплате, если страховщик проходит санацию?","При заниженной выплате от страховщика, проходящего санацию, следует обращаться в несколько инстанций:

1. В саму страховую компанию. Напишите заявление с требованием пересмотреть размер выплаты. Укажите все обстоятельства дела и приложите документы, подтверждающие ваши требования.

2. В Банк России. Если страховая компания не реагирует или отказывает в пересмотре выплаты, можно подать жалобу в Центральный банк РФ. Банк России контролирует деятельность страховых компаний и может принять меры.

3. В суд. Если другие меры не помогли, можно подать иск в суд. Суд может обязать страховую компанию выплатить положенную сумму.

Также можно обратиться в общественные организации, занимающиеся защитой прав потребителей, для получения консультации и помощи."
122,Как оспорить списание по карте с учетом срока ответа банка?,"Для оспаривания списания по карте необходимо следовать определенным шагам. Срок ответа банка на вашу претензию обычно составляет 30 дней с момента подачи заявления. Вот основные этапы:

1. **Подача заявления**: Обратитесь в банк с заявлением об оспаривании операции. Это можно сделать через онлайн-банк, мобильное приложение или лично в отделении.

2. **Срок рассмотрения**: Банк обязан рассмотреть вашу претензию в течение 30 дней. В этот период банк проведет проверку и примет решение.

3. **Документальное подтверждение**: Приложите к заявлению все документы, которые могут подтвердить вашу позицию (чеки, квитанции, скриншоты и т.д.).

4. **Решение банка**: По истечении 30 дней банк примет решение. Если решение будет в вашу пользу, средства будут возвращены на карту.

5. **Апелляция**: Если решение не удовлетворило вас, вы можете обратиться в вышестоящие инстанции, такие как финансовый омбудсмен или суд.

Важно: Не забудьте сохранить все документы и подтверждения, связанные с оспариваемой операцией."
123,Почему полис ИСЖ не равен вкладу в контексте раздела при разводе?,"Полис инвестиционного страхования жизни (ИСЖ) и банковский вклад — это разные финансовые инструменты, и их разделение при разводе может отличаться. Вот основные причины:

1. **Природа инструментов**:
   - Вклад в банке — это депозит, который обычно делится поровну между супругами, если он был открыт в период брака.
   - ИСЖ — это страховой продукт, который может включать инвестиционную составляющую. В зависимости от условий договора, ИСЖ может быть разделен или нет.

2. **Условия договора**:
   - Если ИСЖ оформлен на одного из супругов, то его разделение зависит от условий договора. Некоторые страховые компании позволяют разделить полис, другие — нет.
   - Вклад, открытый на одного из супругов, также может быть разделен, но это зависит от решения суда или соглашения между супругами.

3. **Инвестиционная составляющая**:
   - ИСЖ может включать инвестиционные компоненты, которые могут расти или падать в зависимости от рыночных условий. Это делает его более сложным для разделения по сравнению с вкладом.

4. **Юридические аспекты**:
   - Вклады обычно рассматриваются как совместное имущество, если они были открыты в период брака.
   - ИСЖ может быть признан личным имуществом одного из супругов, если он был оформлен до брака или по условиям договора.

Для точного определения того, как будет разделен ИСЖ, необходимо обратиться к условиям договора и проконсультироваться с юристом."
124,Когда возможны повышенные выплаты по вкладам до 10 млн рублей?,"Повышенные выплаты по вкладам до 10 млн рублей возможны в следующих случаях:

1. Если вклад открыт в рамках специальной акции или программы, предлагающей повышенные процентные ставки.
2. Если вклад открыт на определенный срок, который соответствует условиям повышенных выплат.
3. Если вклад открыт в валюте, по которой банк предлагает повышенные ставки.
4. Если вклад открыт с использованием специальных условий, таких как капитализация процентов или автоматическое продление.

Для получения точной информации о текущих акциях и условиях повышенных выплат рекомендуется обратиться в ваш банк или посетить его официальный сайт."
125,Как подходить к выбору продавца на маркетплейсе либо кредитного брокера?,"Для выбора продавца на маркетплейсе или кредитного брокера важно учитывать несколько ключевых факторов:

1. **Репутация и отзывы**: Проверьте рейтинг и отзывы о продавце или брокере. Обратите внимание на количество положительных и отрицательных отзывов, а также на конкретные комментарии.

2. **Опыт и надежность**: Узнайте, как долго продавец или брокер работает на рынке. Наличие лицензий и сертификатов может быть дополнительным подтверждением надежности.

3. **Условия и тарифы**: Сравните условия сотрудничества, включая процентные ставки, комиссии и скрытые платежи. Убедитесь, что условия прозрачны и не содержат скрытых условий.

4. **Поддержка клиентов**: Оцените качество обслуживания и доступность поддержки. Наличие круглосуточной поддержки и быстрый ответ на запросы могут быть важными критериями.

5. **Отзывы и рекомендации**: Попросите рекомендации у знакомых или коллег, которые уже пользовались услугами данного продавца или брокера.

6. **Юридическая защита**: Убедитесь, что у продавца или брокера есть договор, который защищает ваши интересы и права.

Если у вас есть конкретные вопросы по выбору продавца или брокера, уточните их, и я постараюсь помочь более детально."
126,Почему высокий индивидуальный кредитный рейтинг не гарантирует одобрение кредита?,"Высокий индивидуальный кредитный рейтинг не гарантирует одобрение кредита по нескольким причинам.

Во-первых, банки учитывают не только кредитный рейтинг, но и другие факторы, такие как уровень дохода, текущие обязательства, история платежей, а также общая финансовая стабильность заемщика.

Во-вторых, банки могут иметь свои внутренние политики и критерии, которые могут отличаться от общепринятых стандартов. Например, банк может отказать в кредите, если заемщик имеет слишком высокий уровень задолженности по другим кредитам, даже если его кредитный рейтинг высокий.

В-третьих, банки могут учитывать дополнительные факторы, такие как цель кредита, срок кредитования, а также наличие обеспечения. Например, если заемщик хочет взять кредит на покупку недвижимости, банк может потребовать залог или страховку, что может повлиять на решение о выдаче кредита.

Наконец, банки могут отказать в кредите, если заемщик имеет негативную историю платежей, даже если его кредитный рейтинг высокий. Например, если заемщик имел просрочки по кредитам в прошлом, банк может отказать в кредите, даже если его текущий кредитный рейтинг высокий.

Таким образом, высокий индивидуальный кредитный рейтинг является важным фактором при рассмотрении заявки на кредит, но он не гарантирует одобрение кредита. Банки учитывают множество факторов при принятии решения о выдаче кредита, и каждый банк может иметь свои внутренние политики и критерии."
127,Какие меры заранее снижают риск кражи денег с карты в поездке и дома?,"Для снижения риска кражи денег с карты как в поездке, так и дома, рекомендуется соблюдать следующие меры предосторожности:

1. **Используйте виртуальные карты**: Виртуальные карты позволяют совершать покупки онлайн без раскрытия данных основной карты. Это снижает риск утечки информации.

2. **Настройте SMS-уведомления**: Подключите услугу SMS-уведомлений, чтобы оперативно получать информацию о всех транзакциях по карте. Это поможет быстро заметить подозрительные операции.

3. **Установите лимиты на операции**: Ограничьте суммы и количество операций по карте, чтобы минимизировать возможные потери в случае кражи.

4. **Используйте безопасные методы оплаты**: Предпочитайте оплату через проверенные платежные системы и сервисы, которые обеспечивают дополнительную защиту.

5. **Не храните PIN-код вместе с картой**: Никогда не записывайте PIN-код на карте или в телефоне. Запоминайте его или храните в надежном месте отдельно от карты.

6. **Используйте антивирусное ПО**: Установите надежное антивирусное программное обеспечение на ваши устройства, чтобы защитить их от вредоносных программ, которые могут украсть данные карты.

7. **Будьте осторожны при использовании публичного Wi-Fi**: Избегайте ввода данных карты на сайтах, которые не используют защищенное соединение (HTTPS), особенно в публичных сетях.

8. **Регулярно проверяйте выписки**: Проверяйте выписки по карте, чтобы своевременно обнаружить и заблокировать подозрительные операции.

9. **Используйте токенизацию**: Токенизация заменяет данные карты на уникальный токен, который используется для оплаты. Это снижает риск утечки информации.

10. **Будьте внимательны при использовании карты в незнаком"
128,Когда ФНС присылает готовое заявление на вычет без декларации,"ФНС может прислать готовое заявление на налоговый вычет без необходимости подачи декларации в следующих случаях:

1. Если у вас есть подтвержденные данные о доходах и расходах, которые соответствуют условиям для получения вычета, и они уже есть в базе ФНС.
2. Если вы получаете вычет через работодателя, и ваш работодатель уже предоставил все необходимые данные в налоговую службу.
3. Если вы получаете социальный или имущественный вычет, и ФНС имеет все необходимые документы для его оформления.

В таких случаях ФНС может самостоятельно сформировать заявление на вычет и отправить его вам для подтверждения. Однако, для получения точной информации, лучше обратиться напрямую в ФНС или на сайт налоговой службы."
129,Чем отличается порядок прекращения договоров при отказе страховщика от лицензии от ситуации с отзывом лицензии?,"Для ответа на ваш вопрос необходимо учитывать несколько ключевых аспектов, связанных с прекращением договоров страхования в зависимости от обстоятельств, при которых страховщик теряет лицензию.

1. **Отказ страховщика от лицензии**: В этом случае страховщик добровольно принимает решение прекратить свою деятельность. Обычно такой отказ сопровождается уведомлением клиентов и регуляторов заранее. В договорах страхования могут быть предусмотрены специальные условия, регулирующие порядок прекращения договоров в случае отказа от лицензии. Клиенты могут быть переведены на обслуживание к другому страховщику или им могут быть предложены альтернативные варианты.

2. **Отзыв лицензии**: Это принудительное действие, предпринятое регуляторными органами (например, Банком России) в случае нарушений со стороны страховщика. В этом случае договоры страхования могут быть прекращены или переданы другому страховщику в соответствии с законодательством. Клиенты обычно уведомляются о таких изменениях, и их права должны быть защищены в соответствии с действующими нормами.

Таким образом, основное отличие заключается в том, что отказ от лицензии — это добровольное действие страховщика, а отзыв лицензии — принудительное. В обоих случаях порядок прекращения договоров регулируется законодательством и условиями договоров, но процедуры могут иметь некоторые различия."
130,Куда обращаться с жалобой на страховщика в зависимости от вида нарушения?,"Для подачи жалобы на страховщика в зависимости от вида нарушения можно обратиться в следующие инстанции:

1. В страховую компанию: сначала стоит направить претензию в саму страховую компанию, указав суть нарушения и требования. Компания обязана рассмотреть претензию в течение 10 рабочих дней.

2. В Банк России: если страховая компания не ответила на претензию или ответ не удовлетворил, можно обратиться в Банк России. Жалобу можно подать через официальный сайт или направить письмо по почте.

3. В Роспотребнадзор: если нарушены права потребителей, можно обратиться в Роспотребнадзор. Жалобу можно подать через официальный сайт или направить письмо по почте.

4. В суд: если другие инстанции не помогли, можно подать иск в суд. Для этого потребуется собрать доказательства нарушения и составить исковое заявление.

5. В финансового уполномоченного: если спор связан с страховыми выплатами, можно обратиться к финансовому уполномоченному. Это бесплатная и внесудебная процедура урегулирования споров."
131,"Как узнать, в каких БКИ хранится моя кредитная история, и как бесплатно получить отчет?","Чтобы узнать, в каких бюро кредитных историй (БКИ) хранится ваша кредитная история, и получить отчет, выполните следующие шаги:

1. Обратитесь в банк, где у вас есть кредит или кредитная карта. Банк обязан предоставить информацию о том, в каких БКИ хранится ваша кредитная история.
2. Вы также можете запросить информацию о БКИ через Центральный каталог кредитных историй (ЦККИ). Для этого отправьте запрос в любое БКИ, и они обязаны предоставить вам информацию о других БКИ, где хранится ваша кредитная история.
3. После того как вы узнали, в каких БКИ хранится ваша кредитная история, вы можете запросить бесплатный отчет. Вы имеете право на один бесплатный запрос в год в каждое БКИ.
4. Запрос можно сделать через официальный сайт БКИ, отправив заявление с указанием ваших паспортных данных и контактной информации.
5. В некоторых случаях запрос можно сделать через банк, где у вас есть кредит или кредитная карта.

Если у вас есть дополнительные вопросы по кредитной истории, пожалуйста, уточните, и я постараюсь помочь."
132,Куда обращаться при споре со страховой?,"При споре со страховой компанией можно обратиться в несколько инстанций:

1. В саму страховую компанию. Начните с подачи официальной претензии в страховую компанию. Укажите в претензии все обстоятельства спора и приложите необходимые документы.

2. В финансовый омбудсмен. Если страховая компания не ответила на претензию или ответ вас не удовлетворил, можно обратиться к финансовому омбудсмену. Это бесплатная и независимая служба, которая помогает разрешать споры между клиентами и финансовыми организациями.

3. В суд. Если все предыдущие попытки не привели к решению спора, можно подать иск в суд. Для этого потребуется собрать все документы, подтверждающие ваши требования, и обратиться в суд по месту нахождения страховой компании или по месту вашего жительства.

Также можно обратиться в Банк России, если страховая компания нарушает ваши права. Банк России осуществляет надзор за страховыми компаниями и может принять меры в случае нарушений."
133,Что выбрать предпринимателю без залога при потребности в деньгах на короткий срок?,"Для предпринимателя без залога при необходимости в деньгах на короткий срок можно рассмотреть несколько вариантов:

1. Кредитная линия. Это возможность получить доступ к определенной сумме денег, которую можно использовать по мере необходимости. Проценты начисляются только на фактически использованную сумму. Кредитная линия может быть овердрафтной или револьверной.

2. Микрозайм. Это небольшой займ на короткий срок, который можно получить быстро и без залога. Однако процентные ставки по микрозаймам обычно выше, чем по традиционным кредитам.

3. Факторинг. Это продажа дебиторской задолженности банку или специализированной компании. Банк или компания выплачивает предпринимателю сумму, которая составляет часть от суммы задолженности, а остаток выплачивается после погашения задолженности клиентом.

4. Кредитная карта. Это пластиковая карта, которая позволяет получить доступ к кредитным средствам. Проценты начисляются только на использованную сумму. Кредитные карты могут быть как с лимитом, так и без него.

5. Кредит на развитие бизнеса. Это кредит, который предоставляется предпринимателю для развития его бизнеса. Кредит может быть предоставлен как на короткий, так и на длительный срок. Процентные ставки по таким кредитам обычно ниже, чем по микрозаймам.

Важно учитывать, что каждый из этих вариантов имеет свои особенности и условия, поэтому перед выбором необходимо внимательно изучить предложения различных банков и финансовых организаций."
134,Чем для вкладчика отличается санация от отзыва лицензии?,"Санация и отзыв лицензии — это разные процедуры, которые могут применяться к банку в зависимости от его финансового состояния.

Санация — это процедура финансового оздоровления банка, которая проводится с целью восстановления его платежеспособности. В рамках санации могут применяться различные меры, такие как реструктуризация долгов, привлечение новых инвесторов, изменение управления банком и другие. Вкладчики при санации продолжают получать проценты по вкладам, а их средства остаются в безопасности.

Отзыв лицензии — это более серьезная мера, которая применяется в случае, если банк не может восстановить свою платежеспособность. В этом случае банк признается несостоятельным, и его деятельность прекращается. Вкладчики могут потерять доступ к своим средствам на некоторое время, пока не будет назначена процедура страхования вкладов. В России вклады до 1,4 млн рублей застрахованы в АСВ (Агентство по страхованию вкладов).

Таким образом, основное отличие заключается в том, что санация направлена на восстановление банка, а отзыв лицензии — на его ликвидацию. Для вкладчиков санация обычно менее рискованна, так как их средства остаются в безопасности, в то время как при отзыве лицензии могут возникнуть временные трудности с доступом к вкладам."
135,В каких случаях банк компенсирует хищение средств?,"Банк может компенсировать хищение средств в следующих случаях:

1. Если хищение произошло по вине банка, например, из-за ошибки в системе или действий сотрудников.
2. Если клиент использовал сервисы банка, которые обеспечивают дополнительную защиту, например, страхование от мошенничества.
3. Если клиент своевременно сообщил о хищении и предоставил все необходимые документы для расследования.

Однако, в большинстве случаев, если хищение произошло из-за действий самого клиента, например, разглашение паролей или неосторожное использование карты, банк не несет ответственности за возмещение ущерба."
136,"Как убедиться, что письмо о школьной субсидии не от мошенников?","Чтобы убедиться, что письмо о школьной субсидии не от мошенников, обратите внимание на следующие моменты:

1. Проверьте отправителя. Официальные письма от банка обычно приходят с домена банка. Например, если вы клиент Сбербанка, письмо должно быть с домена sberbank.ru.

2. Проверьте содержание письма. В официальном письме не будет просьб перевести деньги, предоставить пароли, коды из SMS или другие личные данные.

3. Проверьте ссылки. Если в письме есть ссылки, наведите на них курсор, но не переходите. В адресной строке должна быть ссылка на сайт банка.

4. Проверьте орфографию и стиль. Официальные письма обычно написаны грамотно и без ошибок.

5. Если есть сомнения, не переходите по ссылкам и не открывайте вложения. Свяжитесь с банком напрямую через официальный сайт или по телефону, указанному на сайте банка.

Если письмо не вызывает доверия, лучше не рисковать и не переходить по ссылкам, не открывать вложения и не предоставлять личные данные."
137,Куда обращаться за выплатами: советские вклады против вкладов банка с отозванной лицензией?,"Для получения информации о выплатах по советским вкладам и вкладам в банках с отозванной лицензией, необходимо обращаться в разные организации.

1. Советские вклады:
Обращаться в банк, который является правопреемником Сбербанка СССР. Это ПАО Сбербанк. Официальный сайт: sberbank.ru

2. Вклады в банках с отозванной лицензией:
Обращаться в Агентство по страхованию вкладов (АСВ). Официальный сайт: asv.org.ru"
138,Что поможет новичку начать контролировать бюджет без сложных инструментов?,"Для начала контроля бюджета без сложных инструментов можно использовать простые и доступные методы:

1. Ведение записей расходов. Записывайте все свои расходы в блокнот или приложение на телефоне. Это поможет вам понять, на что уходят ваши деньги.

2. Разделение расходов на категории. Разделите свои расходы на основные категории, такие как еда, транспорт, развлечения и т.д. Это поможет вам увидеть, где можно сэкономить.

3. Составление плана расходов. На основе записей и категорий составьте план расходов на месяц. Это поможет вам контролировать свои траты и избежать лишних расходов.

4. Использование наличных денег. Попробуйте использовать наличные деньги для определенных категорий расходов. Это поможет вам лучше контролировать свои траты и избежать импульсных покупок.

5. Регулярный анализ расходов. Регулярно анализируйте свои расходы и сравнивайте их с планом. Это поможет вам понять, где вы можете сэкономить и как улучшить свой бюджет."
139,Какие инструменты снижения рисков для банков и инвесторов доступны через Корпорацию МСП?,"Через Корпорацию МСП доступны следующие инструменты снижения рисков для банков и инвесторов:

1. Гарантии по кредитам: Корпорация МСП предоставляет гарантии по кредитам, что снижает риски банков при выдаче кредитов малому и среднему бизнесу.

2. Поручительство: Корпорация может выступать поручителем по кредитам, что также снижает риски для банков.

3. Страхование: Корпорация МСП может предоставлять страховые услуги, которые покрывают риски, связанные с инвестициями в малый и средний бизнес.

4. Консультационные услуги: Корпорация предлагает консультационные услуги, которые помогают инвесторам и банкам оценивать риски и разрабатывать стратегии их снижения.

Эти инструменты позволяют снизить риски и повысить доступность финансирования для малого и среднего бизнеса."
140,"Как понять, потянете ли ежемесячный платеж по ипотеке?","Чтобы понять, потянете ли вы ежемесячный платеж по ипотеке, нужно учитывать несколько факторов:

1. Ваш доход: Оцените свой текущий доход и его стабильность. Обычно банки рекомендуют, чтобы ежемесячный платеж по ипотеке не превышал 30-40% от вашего дохода.

2. Расходы: Учтите все ваши текущие расходы, включая коммунальные платежи, кредиты, питание, транспорт и другие обязательные траты.

3. Накопления: Оцените свои сбережения. Они могут помочь в случае временных трудностей с платежами.

4. Процентная ставка и срок кредита: Чем ниже процентная ставка и чем короче срок кредита, тем меньше будет ежемесячный платеж.

5. Страховка: Учтите стоимость страховки, которая может быть обязательной при оформлении ипотеки.

Для более точного расчета можно использовать ипотечный калькулятор на сайте банка. Введите сумму кредита, срок и процентную ставку, чтобы увидеть примерный размер ежемесячного платежа."
141,Как распознать фишинговое письмо?,"Фишинговые письма часто имитируют официальные сообщения от банков, интернет-магазинов или других организаций. Вот несколько признаков, которые помогут их распознать:

1. Подозрительный адрес отправителя. Проверьте, от кого пришло письмо. Официальные письма от банка обычно приходят с домена банка, например, @sberbank.ru. Если адрес выглядит подозрительно, например, @sberbank-security.ru, это может быть фишинг.

2. Необычные ссылки. В фишинговых письмах часто содержатся ссылки, которые ведут на поддельные сайты. Перед переходом по ссылке проверьте её адрес. Наведите курсор на ссылку, и в нижней части окна браузера появится реальный адрес. Если он не совпадает с адресом банка, не переходите по ссылке.

3. Требуют срочных действий. Фишинговые письма часто содержат угрозы или призывы к срочным действиям, например, ""Ваш счёт будет заблокирован, если вы не подтвердите данные в течение 24 часов"". Официальные письма от банка не содержат таких угроз.

4. Просят ввести личные данные. Банк никогда не попросит вас ввести пароль, код из SMS или другие конфиденциальные данные через электронную почту. Если письмо содержит такую просьбу, это точно фишинг.

5. Ошибки в тексте. Фишинговые письма часто содержат орфографические и грамматические ошибки. Официальные письма от банка обычно написаны без ошибок.

Если вы получили подозрительное письмо, не переходите по ссылкам и не вводите свои данные. Лучше свяжитесь с банком через официальный сайт или по телефону, указанному на сайте, чтобы уточнить информацию."
142,Как проверить легальность кредитора перед оформлением займа?,"Для проверки легальности кредитора перед оформлением займа рекомендуется выполнить следующие шаги:

1. Проверьте наличие лицензии у кредитора. В России кредитные организации должны иметь лицензию Центрального банка Российской Федерации. Информацию о лицензии можно найти на официальном сайте Банка России или запросить у самого кредитора.

2. Проверьте репутацию кредитора. Ознакомьтесь с отзывами клиентов, информацией на форумах и в социальных сетях. Это поможет понять, насколько надежен кредитор и как он работает с клиентами.

3. Уточните информацию о кредитной организации в государственных реестрах. Например, в реестре микрофинансовых организаций на сайте Банка России.

4. Обратите внимание на условия кредитования. Легальные кредиторы обычно предоставляют прозрачные условия, без скрытых комиссий и нереалистично низких процентных ставок.

5. Проверьте контактную информацию кредитора. Легальные организации обычно имеют официальный сайт, адрес и телефон для связи.

Если у вас возникли сомнения в легальности кредитора, лучше отказаться от сотрудничества и выбрать проверенную кредитную организацию."
143,Какие ПИФы лучше подходят для долгосрочной стратегии инвестирования?,"Для долгосрочной стратегии инвестирования лучше всего подходят ПИФы, которые вкладывают средства в акции компаний с устойчивым ростом и стабильными дивидендами. Это могут быть фонды, ориентированные на:

1. Акции крупных компаний (blue chips) с устойчивым ростом.
2. Дивидендные акции компаний с высокой доходностью.
3. Фонды, инвестирующие в развивающиеся рынки с высоким потенциалом роста.

Также стоит обратить внимание на фонды, которые диверсифицируют свои инвестиции между различными отраслями и регионами, чтобы снизить риски. Важно выбирать фонды с хорошей репутацией и опытным управлением."
144,Почему при замене водительского удостоверения важно сообщить об этом страховщику по ОСАГО?,"При замене водительского удостоверения важно сообщить об этом страховщику по ОСАГО, чтобы информация в полисе соответствовала действительности. Это необходимо для следующих причин:

Во-первых, в полисе ОСАГО указаны данные водителей, допущенных к управлению транспортным средством. Если водительское удостоверение заменено, то данные в полисе должны быть обновлены. В противном случае, при проверке документов сотрудниками ГИБДД могут возникнуть вопросы.

Во-вторых, в случае ДТП, если данные в полисе не соответствуют действительности, страховая компания может отказать в выплате. Это связано с тем, что страховщик должен быть уверен в том, что все данные в полисе актуальны и соответствуют действительности.

В-третьих, обновление данных в полисе ОСАГО является обязанностью страхователя. В соответствии с правилами ОСАГО, страхователь обязан сообщать страховщику о любых изменениях, которые могут повлиять на условия страхования. В случае несообщения об изменении данных, страховая компания может расторгнуть договор страхования.

Таким образом, сообщение страховщику о замене водительского удостоверения является важным шагом для поддержания актуальности данных в полисе ОСАГО и предотвращения возможных проблем в будущем."
145,Как соотносится лимит суммы по кредитным каникулам для потребительских займов с максимальным размером кредита по семейной ипотеке?,"Для ответа на ваш вопрос требуется уточнение нескольких ключевых моментов.

1. **Лимит суммы по кредитным каникулам для потребительских займов**:
   Кредитные каникулы — это временная отсрочка по выплате кредита, которая может быть предоставлена заемщику в случае возникновения у него финансовых трудностей. Лимит суммы, на которую могут быть предоставлены кредитные каникулы, зависит от условий банка и законодательства. Обычно он не превышает определенный процент от суммы кредита или фиксированную сумму, установленную банком.

2. **Максимальный размер кредита по семейной ипотеке**:
   Максимальный размер кредита по семейной ипотеке зависит от условий банка, платежеспособности заемщика и других факторов. Обычно банки устанавливают лимиты на ипотечные кредиты, которые могут варьироваться в зависимости от программы и условий.

Для точного сравнения этих двух параметров необходимо знать конкретные условия вашего банка или программы кредитования. Рекомендую обратиться в ваш банк для получения актуальной информации."
146,"Зачем при размещении ценных бумаг нужны регистратор, а также депозитарий?","Регистратор и депозитарий играют важные роли при размещении ценных бумаг.

Регистратор ведет реестр владельцев ценных бумаг, фиксирует все изменения в их владении и обеспечивает учет прав на ценные бумаги. Это необходимо для прозрачности и надежности операций с ценными бумагами.

Депозитарий, в свою очередь, хранит ценные бумаги и обеспечивает их учет. Он также выполняет расчеты по операциям с ценными бумагами, что позволяет снизить риски и повысить эффективность сделок.

Таким образом, регистратор и депозитарий обеспечивают надежность и прозрачность операций с ценными бумагами, что является важным условием для привлечения инвесторов."
147,"Получает ли созаемщик право на имущество, купленное в кредит, без указания в договоре купли-продажи?","Созаемщик не получает право на имущество, купленное в кредит, если его имя не указано в договоре купли-продажи. Права на имущество определяются именно договором купли-продажи, а не кредитным договором. Если созаемщик не является совладельцем по договору купли-продажи, то он не имеет прав на это имущество."
148,Через кого частному инвестору доступны опционы либо фьючерсы на бирже?,"Частному инвестору доступны опционы и фьючерсы через брокерские компании, которые имеют лицензию на осуществление брокерской деятельности и являются участниками биржи, где торгуются эти инструменты. Для начала торговли инвестору необходимо открыть брокерский счет и заключить договор с брокером. Брокер предоставляет доступ к торговой платформе, через которую можно совершать сделки с опционами и фьючерсами."
149,Как сохранить прожиточный минимум при аресте счетов после решения суда?,"Для сохранения прожиточного минимума при аресте счетов после решения суда можно воспользоваться следующими мерами:

1. Обратитесь в суд с заявлением о выделении средств на прожиточный минимум. Суд может выделить вам сумму, необходимую для покрытия основных жизненных потребностей.

2. Обратитесь в банк, где у вас арестованы счета, и запросите информацию о возможности частичного снятия средств. Некоторые банки могут предоставить такую возможность при наличии соответствующего судебного решения.

3. Обратитесь в социальные службы для получения временной финансовой помощи. В некоторых случаях государство может предоставить поддержку гражданам, оказавшимся в сложной финансовой ситуации.

4. Если у вас есть имущество, которое не подлежит аресту, вы можете его продать или сдать в аренду для получения дополнительных средств.

Важно помнить, что все действия должны быть согласованы с судом и банком, чтобы избежать нарушения законодательства."
150,"Когда по оформленному кредиту можно не платить, несмотря на обязанность погашать долги?","В соответствии с законодательством Российской Федерации, существуют случаи, когда заемщик может приостановить или временно не выполнять обязательства по кредиту. Основные из них:

1. **Форс-мажорные обстоятельства**: Если заемщик не может выполнять свои обязательства по кредиту из-за чрезвычайных обстоятельств, таких как стихийные бедствия, военные действия или другие события, которые непосредственно повлияли на его финансовое положение.

2. **Болезнь или инвалидность**: В случае длительной болезни или признания заемщика инвалидом, он может обратиться в банк с заявлением о реструктуризации кредита или отсрочке платежей. Банк может пойти на уступки, если предоставить соответствующие медицинские документы.

3. **Утрата работы**: В случае потери работы заемщик может обратиться в банк с просьбой о реструктуризации кредита. Банк может предложить изменение графика платежей или снижение процентной ставки.

4. **Смерть заемщика**: В случае смерти заемщика обязательства по кредиту переходят к наследникам, но они могут быть освобождены от их выполнения, если кредит был застрахован.

5. **Судебные решения**: Если суд вынес решение о приостановке исполнения обязательств по кредиту, заемщик может временно не платить.

Важно отметить, что в каждом случае необходимо обратиться в банк и предоставить документы, подтверждающие обстоятельства, которые мешают выполнению обязательств. Банк может предложить различные варианты решения проблемы, включая реструктуризацию кредита, отсрочку платежей или изменение условий кредитования."
151,Как проверить легальность посредника для привлечения финансирования онлайн?,"Для проверки легальности посредника, который предлагает привлечение финансирования онлайн, рекомендуется выполнить следующие шаги:

1. Проверьте наличие лицензии у посредника. В России финансовые посредники должны иметь лицензию от Центрального банка Российской Федерации или другой уполномоченный орган.

2. Изучите отзывы и репутацию посредника. Проверьте информацию на независимых платформах, таких как отзывы клиентов, рейтинги и оценки.

3. Убедитесь, что посредник зарегистрирован в Едином государственном реестре юридических лиц (ЕГРЮЛ) или Едином государственном реестре индивидуальных предпринимателей (ЕГРИП).

4. Проверьте контактную информацию. Легальный посредник должен иметь официальный сайт, адрес, телефон и электронную почту.

5. Ознакомьтесь с условиями сотрудничества. Легальный посредник должен предоставлять прозрачные и понятные условия сотрудничества, включая информацию о комиссиях, сроках и рисках.

6. Проверьте, является ли посредник членом профессиональных ассоциаций или объединений. Это может быть дополнительным подтверждением его легальности.

Если у вас возникли сомнения в легальности посредника, рекомендуется обратиться в Центральный банк Российской Федерации или другие уполномоченные органы для получения дополнительной информации."
152,Чем отличается порог выручки для обязательного приема карт «Мир» от максимальной суммы «закупки с полки» по 223‑ФЗ?,"Порог выручки для обязательного приема карт «Мир» и максимальная сумма «закупки с полки» по 223-ФЗ регулируются разными нормативными актами и имеют разные цели.

1. **Порог выручки для обязательного приема карт «Мир»**:
   Это требование установлено Центральным банком РФ и касается всех юридических лиц и индивидуальных предпринимателей, которые принимают к оплате банковские карты. Если выручка компании превышает установленный порог, то организация обязана принимать к оплате карты национальной платежной системы «Мир». На 2023 год этот порог составляет 400 000 рублей в год. Это требование направлено на поддержку национальной платежной системы.

2. **Максимальная сумма «закупки с полки» по 223-ФЗ**:
   Федеральный закон № 223-ФЗ регулирует закупки у единственного поставщика (в том числе закупки с полки). Максимальная сумма такой закупки установлена и составляет 100 000 рублей. Это ограничение направлено на предотвращение злоупотреблений при закупках у единственного поставщика.

Таким образом, эти два показателя регулируются разными законами и имеют разные цели."
153,Какие проблемы с оплатой появились из‑за санкций?,"Из-за санкций могут возникнуть следующие проблемы с оплатой:

1. Ограничения на переводы в иностранные банки. Это может затруднить оплату за товары и услуги, предоставляемые иностранными компаниями.

2. Блокировка карт и счетов. В некоторых случаях карты или счета клиентов могут быть заблокированы из-за санкций.

3. Ограничения на использование международных платежных систем. Это может затруднить оплату за товары и услуги, предоставляемые иностранными компаниями.

4. Задержки в обработке платежей. Из-за санкций могут возникать задержки в обработке платежей, что может привести к задержкам в получении товаров и услуг.

5. Ограничения на использование иностранной валюты. Это может затруднить оплату за товары и услуги, предоставляемые иностранными компаниями.

Если у вас возникли проблемы с оплатой из-за санкций, рекомендуется обратиться в банк для получения более подробной информации и консультации."
154,Чем отличается имущественная ответственность ИП от ответственности учредителя ООО?,"Имущественная ответственность индивидуального предпринимателя (ИП) и учредителя общества с ограниченной ответственностью (ООО) имеет существенные различия.

ИП отвечает по своим обязательствам всем своим имуществом, как личным, так и используемым в предпринимательской деятельности. Это означает, что в случае долгов или других обязательств кредиторы могут претендовать на любое имущество ИП, включая его личные сбережения, недвижимость и другие активы.

В то же время, учредитель ООО несет ответственность по обязательствам общества только в пределах внесенного в уставный капитал. Это означает, что личные активы учредителя защищены от претензий кредиторов компании. Кредиторы могут претендовать только на имущество самого ООО, а не на личные активы его учредителей.

Таким образом, основное отличие заключается в степени защиты личного имущества: у ИП она отсутствует, а у учредителя ООО она присутствует."
155,Какие практики помогают сократить повседневные расходы при покупках?,"Для сокращения повседневных расходов при покупках можно использовать следующие практики:

1. Планирование бюджета: Составьте список необходимых покупок и придерживайтесь его. Это поможет избежать импульсных покупок.

2. Использование скидок и акций: Следите за акциями и скидками в магазинах, подписывайтесь на рассылки и используйте купоны.

3. Сравнение цен: Перед покупкой сравнивайте цены в разных магазинах, как офлайн, так и онлайн.

4. Оптовые покупки: Покупайте товары оптом, если они не портятся и вы часто их используете. Это может быть выгоднее.

5. Использование кэшбэка: Многие банки и сервисы предлагают кэшбэк за покупки по картам. Это позволяет вернуть часть потраченных средств.

6. Отказ от кредитов: По возможности избегайте покупок в кредит, так как проценты могут значительно увеличить итоговую сумму.

7. Использование мобильных приложений: Многие приложения помогают находить лучшие цены, отслеживать скидки и даже накапливать бонусы.

8. Покупка несезонных товаров: Покупайте товары вне сезона, когда они дешевле. Например, зимнюю одежду летом и наоборот.

Эти практики помогут вам экономить на повседневных покупках и рационально распоряжаться своими финансами."
156,"Какой месячный срок действует для отказа от допуслуг по кредиту, совпадающий со сроком безуведомительного погашения POS-кредита?","Для отказа от дополнительных услуг по кредиту действует срок 14 дней с момента заключения договора. Что касается безуведомительного погашения POS-кредита, то этот срок также составляет 14 дней. Таким образом, оба срока совпадают и составляют 14 дней."
157,"Чем лизинг полезен на старте бизнеса, а также на стадии роста?","Лизинг полезен на старте бизнеса, так как позволяет приобрести необходимое оборудование или транспорт без значительных первоначальных затрат. Это снижает финансовую нагрузку на компанию и позволяет сохранить оборотные средства для других нужд.

На стадии роста лизинг помогает обновлять оборудование и расширять производственные мощности без привлечения крупных кредитов. Это способствует развитию бизнеса и повышению его конкурентоспособности."
158,Какие базовые правила помогут защититься от финансовых мошенников?,"Для защиты от финансовых мошенников следует придерживаться нескольких базовых правил:

1. Никогда не сообщайте посторонним лицам пароли, коды доступа, CVV-коды карт и другие конфиденциальные данные. Банк никогда не запрашивает такую информацию по телефону, через сообщения или электронную почту.

2. Будьте внимательны при получении звонков, сообщений или писем с просьбой предоставить личные данные или подтвердить информацию. Мошенники часто маскируются под сотрудников банка или других организаций.

3. Используйте только официальные каналы связи с банком. Для проверки подлинности звонка или сообщения лучше перезвонить в банк по номеру, указанному на официальном сайте или на обратной стороне карты.

4. Регулярно проверяйте операции по своим счетам и картам. При обнаружении подозрительных транзакций немедленно блокируйте карту и обращайтесь в банк.

5. Устанавливайте сложные пароли и регулярно их меняйте. Используйте двухфакторную аутентификацию, если такая возможность предусмотрена.

6. Не переходите по подозрительным ссылкам в сообщениях и письмах. Мошенники могут создать фишинговые сайты, которые визуально похожи на официальные, но предназначены для кражи данных.

7. Будьте осторожны при использовании общедоступных Wi-Fi сетей. Они могут быть небезопасными, и злоумышленники могут перехватывать данные.

8. Не оставляйте карты и документы без присмотра. В случае утери или кражи немедленно блокируйте карты.

9. Используйте только официальные приложения банка и обновляйте их до последних версий.

10. Обучайте своих близких, особенно детей, основам финансовой безопасности."
159,Как проверить легальность посредника на рынке инвестиций?,"Для проверки легальности посредника на рынке инвестиций рекомендуется выполнить следующие шаги:

1. Проверьте наличие лицензии. Посредник должен иметь лицензию от регулирующего органа, например, Центрального банка или Федеральной службы по финансовым рынкам. Лицензия подтверждает, что компания имеет право осуществлять инвестиционную деятельность.

2. Проверьте репутацию посредника. Ознакомьтесь с отзывами клиентов, информацией на финансовых форумах и в СМИ. Это поможет понять, насколько надежен и прозрачен посредник.

3. Убедитесь в наличии официального сайта и контактных данных. Легальный посредник обычно имеет официальный сайт с подробной информацией о компании, ее услугах и контактными данными.

4. Проверьте, является ли посредник членом саморегулируемой организации (СРО). Членство в СРО также может быть дополнительным подтверждением легальности.

5. Обратитесь в регулирующие органы. Вы можете запросить информацию о посреднике в Центральном банке или других регулирующих органах, чтобы убедиться в его легальности.

Если у вас есть дополнительные вопросы по данной теме, пожалуйста, уточните их."
160,Можно ли через ИИС-3 инвестировать в золото с налоговой выгодой?,"Чтобы ответить на ваш вопрос, мне нужно уточнить несколько моментов.

Во-первых, ИИС-3 (индивидуальный инвестиционный счет с возможностью вычета) позволяет получить налоговый вычет на внесенные средства, но не дает налоговых льгот на доходы от инвестиций.

Во-вторых, инвестировать в золото через ИИС можно, но только в виде финансовых инструментов, таких как золотые акции, ETF на золото или фьючерсы. Прямое инвестирование в физическое золото через ИИС не допускается.

Таким образом, если вы инвестируете в золото через ИИС-3, вы сможете получить налоговый вычет на внесенные средства, но доходы от инвестиций в золото будут облагаться налогом в обычном порядке.

Если у вас есть конкретные инструменты для инвестирования в золото, которые вы рассматриваете, уточните их, и я смогу дать более точный ответ."
161,"Почему драгоценные металлы считаются защитой сбережений при высокой инфляции, но на коротком горизонте риск убытка велик?","Драгоценные металлы, такие как золото и серебро, традиционно считаются защитой сбережений при высокой инфляции по нескольким причинам:

1. **Сохранение стоимости**: Драгоценные металлы исторически сохраняют свою стоимость даже в периоды высокой инфляции. Это связано с их ограниченной добычей и стабильным спросом, что делает их надежным активом.

2. **Независимость от валют**: В отличие от денег, стоимость драгоценных металлов не зависит от курса национальных валют. Это делает их привлекательными в условиях девальвации или инфляции.

3. **Ликвидность**: Драгоценные металлы легко продать на мировых рынках, что обеспечивает их ликвидность.

Однако на коротком горизонте инвестирования в драгоценные металлы могут быть риски убытка:

1. **Волатильность цен**: Цены на драгоценные металлы могут значительно колебаться в короткие сроки под влиянием различных факторов, таких как экономические новости, политические события и изменения спроса.

2. **Комиссии и налоги**: При покупке и продаже драгоценных металлов могут взиматься комиссии, которые могут снизить общую доходность, особенно на коротком временном горизонте.

3. **Хранение и страховка**: Физическое хранение драгоценных металлов может потребовать дополнительных затрат на страховку и безопасность, что также может повлиять на общую доходность.

Таким образом, драгоценные металлы могут быть хорошей защитой сбережений на долгосрочной перспективе, но на коротком горизонте они могут быть подвержены значительным колебаниям цен и дополнительным затратам."
162,Как предпринимателю взять микрозаем на льготных условиях через госпрограмму — с ускоренным оформлением через цифровой профиль?,"Для получения микрозайма на льготных условиях через госпрограмму с ускоренным оформлением через цифровой профиль предпринимателю необходимо выполнить следующие шаги:

1. **Подготовка документов**:
   - Иметь действующий цифровой профиль в банке.
   - Подготовить документы, подтверждающие статус индивидуального предпринимателя (ИНН, ОГРНИП, выписка из ЕГРИП).
   - Подготовить бизнес-план или расчеты, подтверждающие целевое использование займа.

2. **Подача заявки**:
   - Обратиться в банк, участвующий в госпрограмме, через цифровой профиль.
   - Заполнить заявку на микрозайм, указав цель использования средств и необходимую сумму.

3. **Оценка заявки**:
   - Банк проведет оценку заявки, включая проверку цифрового профиля и предоставленных документов.
   - В случае положительного решения, банк предложит условия займа.

4. **Подписание договора**:
   - После согласования условий, предприниматель подписывает договор займа через цифровой профиль.

5. **Получение средств**:
   - Средства будут переведены на расчетный счет предпринимателя в соответствии с условиями договора.

Для более точной информации рекомендуется обратиться в банк, участвующий в госпрограмме, или на официальный сайт программы."
163,Как избежать штрафов по нескольким кредитам в период праздников?,"Чтобы избежать штрафов по кредитам в период праздников, важно заранее планировать платежи. Вот несколько рекомендаций:

1. Проверьте график платежей. Уточните даты платежей по всем кредитам, чтобы знать, когда именно нужно внести средства.

2. Установите автоплатежи. Это поможет избежать пропуска платежей, так как средства будут списываться автоматически.

3. Планируйте бюджет. Учитывайте все расходы, включая праздничные траты, и оставляйте средства для погашения кредитов.

4. Используйте мобильное приложение банка. В приложении можно быстро проверить остаток по кредиту и внести платеж.

5. Обратитесь в банк за реструктуризацией. Если возникли трудности с погашением, можно обсудить с банком возможность изменения графика платежей или других условий кредита.

Если у вас есть конкретные вопросы по вашим кредитам, лучше обратиться в банк для получения персонализированной информации."
164,Чем отличается снижение ставки в госпрограммах от «ипотеки от застройщика»?,"Снижение ставки в госпрограммах и ""ипотека от застройщика"" отличаются по нескольким ключевым параметрам:

1. Источник финансирования:
- Госпрограммы: Субсидируются государством, что позволяет снизить процентную ставку по кредиту.
- Ипотека от застройщика: Предоставляется застройщиком или банком, с которым у застройщика есть партнерское соглашение.

2. Условия участия:
- Госпрограммы: Обычно требуют соответствия определенным критериям, таким как возраст, доход, наличие детей и т.д.
- Ипотека от застройщика: Может быть доступна всем покупателям конкретного жилого комплекса, без строгих ограничений.

3. Сроки и ставки:
- Госпрограммы: Обычно предлагают более низкие ставки и длительные сроки кредитования.
- Ипотека от застройщика: Ставки могут быть ниже рыночных, но не всегда так выгодны, как в госпрограммах. Сроки могут быть ограничены.

4. Дополнительные условия:
- Госпрограммы: Могут включать дополнительные льготы, такие как материнский капитал, субсидии и т.д.
- Ипотека от застройщика: Может включать скидки на квартиру, рассрочку или другие бонусы от застройщика.

5. Процесс оформления:
- Госпрограммы: Требуют больше документов и могут иметь более длительный процесс оформления.
- Ипотека от застройщика: Обычно оформляется быстрее и проще, так как застройщик заинтересован в продаже квартир.

Если у вас есть конкретные вопросы по одной из программ, уточните, и я постараюсь дать более детальный ответ."
165,"Где в договоре искать ПСК по кредиту, что она означает?","ПСК (полная стоимость кредита) обычно указывается в разделе, где описываются условия кредитования, либо в разделе с расчетом процентной ставки. Это значение показывает полную стоимость кредита с учетом всех комиссий, страховок и других платежей, которые клиент обязан оплатить за весь срок кредита. ПСК позволяет сравнить предложения разных банков, так как учитывает все скрытые платежи."
166,Куда обращаться при споре по ИСЖ в отличие от претензий к инвестиционному советнику?,"При споре по индивидуальному инвестиционному счету (ИИС) с брокером или депозитарием необходимо обращаться в банк, где открыт счет, или к брокеру, через которого осуществлялись операции. Если спор не удается решить в досудебном порядке, можно подать жалобу в финансовый омбудсмен или в суд.

В случае претензий к инвестиционному советнику, если он действует от имени банка или брокера, жалобу можно подать в этот банк или брокерскую компанию. Если советник работает независимо, можно обратиться в саморегулируемую организацию (СРО), к которой он принадлежит, или в суд.

Для более точного ответа уточните, в каком именно банке или у какого брокера открыт ваш ИИС и кто является вашим инвестиционным советником."
167,Почему жертвы прошлых обманов часто становятся целью новых мошенников?,"Жертвы прошлых обманов часто становятся целью новых мошенников по нескольким причинам:

Во-первых, мошенники могут использовать информацию о предыдущих обманах для манипуляции. Они знают, что жертва уже сталкивалась с подобными ситуациями, и могут использовать это, чтобы вызвать чувство вины или страха, что делает жертву более уязвимой.

Во-вторых, жертвы прошлых обманов могут быть более доверчивыми или менее бдительными, так как они могут верить, что такие ситуации больше не повторятся, или они могут быть менее внимательными к предупреждающим знакам.

В-третьих, мошенники могут использовать тактику, основанную на предыдущих обманах, чтобы создать ложное чувство безопасности. Например, если жертва уже однажды попала в ловушку через фишинг, мошенники могут использовать похожие методы, чтобы заставить жертву думать, что это ""безопасно"".

Наконец, жертвы прошлых обманов могут быть более склонны к риску, так как они могут пытаться компенсировать свои предыдущие потери, что делает их более уязвимыми для новых мошеннических схем."
168,Чем отличается банковский вклад от имущественного налогового вычета?,"Банковский вклад и имущественный налоговый вычет — это разные финансовые инструменты, которые преследуют разные цели.

Банковский вклад — это сумма денег, которую клиент размещает в банке на определенный срок или без ограничения срока. Вклад может быть срочным или до востребования. По вкладу банк выплачивает проценты, которые могут быть фиксированными или переменными. Вклад защищен системой страхования вкладов, которая гарантирует возврат средств в случае отзыва лицензии у банка.

Имущественный налоговый вычет — это возврат части налога на доходы физических лиц (НДФЛ), который был уплачен при покупке недвижимости. Вычет предоставляется в размере фактически произведенных расходов на покупку жилья, но не более установленного лимита. Вычет можно получить только один раз в жизни, если не указано иное.

Таким образом, банковский вклад — это инструмент для размещения денежных средств и получения дохода в виде процентов, а имущественный налоговый вычет — это способ снизить налоговую нагрузку при покупке недвижимости."
169,Почему цена ОСАГО у страховщиков может отличаться в разы?,"Цена ОСАГО может отличаться у разных страховщиков по нескольким причинам:

1. Разные коэффициенты. Каждая страховая компания может применять свои коэффициенты при расчете стоимости полиса. Например, коэффициент бонус-малус, коэффициент по территории, коэффициент по мощности двигателя и другие.

2. Разные тарифы. Страховщики могут устанавливать свои тарифы в рамках, установленных Центральным банком РФ. Это означает, что одна компания может предложить более низкий тариф, чем другая.

3. Разные условия страхования. Некоторые страховые компании могут предлагать дополнительные услуги или условия, которые могут повлиять на стоимость полиса. Например, возможность оформления полиса онлайн, наличие франшизы, возможность выплаты страхового возмещения в течение определенного срока и другие.

4. Разные системы скидок. Некоторые страховые компании могут предлагать скидки за безубыточность, за оформление полиса на несколько лет, за использование определенных способов оплаты и другие.

5. Разные системы расчета рисков. Каждая страховая компания может использовать свои методы расчета рисков, что также может повлиять на стоимость полиса.

Важно отметить, что цена ОСАГО не должна быть единственным критерием при выборе страховщика. Также стоит обратить внимание на репутацию компании, отзывы клиентов, условия страхования и другие факторы."
170,Какие признаки выдают финансовую пирамиду в вакансиях с быстрым заработком?,"Финансовые пирамиды часто маскируются под легальные проекты, включая вакансии с быстрым заработком. Вот основные признаки, которые могут указать на финансовую пирамиду:

1. **Обещания высоких доходов без особых усилий**: Если вакансия обещает быстрый и высокий заработок без необходимости специальных навыков или значительных усилий, это должно насторожить.

2. **Необходимость привлечения новых участников**: В финансовых пирамидах часто требуется привлекать новых участников для получения дохода. Это может быть указано как ""партнерская программа"" или ""реферальная система"".

3. **Отсутствие четкого описания работы**: В вакансии может не быть конкретного описания обязанностей, а вместо этого акцент делается на легкости и прибыльности работы.

4. **Требование внесения денежных средств**: Если для начала работы требуется внести деньги (например, на обучение, покупку стартового пакета или внесение депозита), это может быть признаком пирамиды.

5. **Отсутствие информации о компании**: Вакансия может не содержать информации о компании, ее регистрации, контактах или реальных офисах. Также может отсутствовать информация о руководителях и их опыте.

6. **Отзывы и рекомендации**: Часто в таких вакансиях присутствуют подозрительно положительные отзывы, которые могут быть поддельными. Также могут быть рекомендации от уже участвующих в схеме людей.

7. **Сложности с выводом денег**: Если в вакансии упоминается, что вывод средств возможен только после достижения определенных условий или после привлечения определенного числа участников, это должно насторожить.

Если вы заметили хотя бы один из этих признаков, лучше воздержаться от сотрудничества с такой компанией и проверить ее легальность через официальные источники."
171,Какие действия заемщика приводят к ухудшению кредитной репутации по данным БКИ?,"Заемщик может ухудшить свою кредитную репутацию в Бюро кредитных историй (БКИ) следующими действиями:

1. Пропуск платежей по кредитам или займам. Даже однократная задержка платежа может негативно сказаться на кредитной истории.
2. Частые обращения за новыми кредитами или займами. Это может быть воспринято как признак финансовой нестабильности.
3. Превышение кредитного лимита по кредитным картам. Это указывает на то, что заемщик не может эффективно управлять своими финансами.
4. Наличие просроченных долгов или задолженностей, переданных коллекторским агентствам. Это серьезно ухудшает кредитную репутацию.
5. Частые изменения персональных данных, таких как адрес или место работы. Это может вызвать подозрения у кредиторов.
6. Наличие судебных решений или исполнительных производств по долгам. Это также негативно влияет на кредитную историю.

Важно помнить, что кредитная история формируется на протяжении всего периода кредитной активности заемщика, и любые негативные действия могут оставаться в ней на длительное время."
172,Как избежать ошибок при подписании кредитного договора?,"Для избежания ошибок при подписании кредитного договора следует придерживаться нескольких ключевых рекомендаций:

Во-первых, внимательно изучите все условия договора. Уделите особое внимание процентной ставке, сроку кредита, сумме ежемесячных платежей, штрафам за просрочку и другим важным деталям.

Во-вторых, уточните все непонятные моменты у кредитного специалиста. Не стесняйтесь задавать вопросы, если что-то неясно.

В-третьих, проверьте правильность заполнения всех данных в договоре. Убедитесь, что ваши личные данные, сумма кредита, сроки и другие параметры указаны верно.

В-четвертых, сохраните копию подписанного договора. Это поможет вам в будущем при возникновении спорных ситуаций.

В-пятых, не подписывайте договор, если вы не уверены в своих обязательствах или если условия вас не устраивают. Лучше отложить подписание и еще раз все обдумать.

Соблюдение этих рекомендаций поможет вам избежать ошибок и подписать кредитный договор на выгодных и понятных условиях."
173,Как облагаются проценты по вкладам с учетом страховой защиты вкладов?,"Проценты по вкладам, в том числе и с учетом страховой защиты, облагаются налогом на доходы физических лиц (НДФЛ) по ставке 13% для резидентов РФ и 30% для нерезидентов. Налоговая база определяется как сумма процентов, превышающая ставку, установленную Центральным банком РФ, увеличенную на 5 процентных пунктов. Если процентная ставка по вкладу не превышает этот порог, налог не взимается. Страховая защита вкладов не влияет на налогообложение процентов."
174,Чем отличается риск утраты активов при банкротстве доверительного управляющего по сравнению с брокером?,"Риск утраты активов при банкротстве доверительного управляющего и брокера имеет свои особенности.

При банкротстве доверительного управляющего клиенты могут столкнуться с риском утраты активов, так как доверительный управляющий действует от своего имени, но в интересах клиента. В случае банкротства управляющего активы клиентов могут быть включены в конкурсную массу и распределены среди кредиторов.

При банкротстве брокера ситуация несколько иная. Брокерские компании обычно работают через специальные депозитарии, где активы клиентов учитываются на отдельных счетах. В случае банкротства брокера активы клиентов, как правило, остаются в депозитарии и не включаются в конкурсную массу. Это снижает риск утраты активов для клиентов.

Таким образом, риск утраты активов при банкротстве доверительного управляющего выше, чем при банкротстве брокера, из-за различий в механизмах учета и хранения активов."
175,"Какие меры безопасности рекомендуются при онлайн-расчетах с картой, в том числе при использовании бонусных программ?","При онлайн-расчетах с картой рекомендуется соблюдать следующие меры безопасности:

1. Используйте только официальные сайты и приложения банка для проведения операций.
2. Не передавайте данные карты (номер, срок действия, CVV-код) по электронной почте или в чатах.
3. Регулярно проверяйте историю операций по карте в личном кабинете.
4. Включите уведомления о транзакциях через SMS или push-уведомления.
5. Используйте сложные пароли и не сохраняйте их в браузере.
6. При использовании бонусных программ убедитесь, что вы участвуете в них через официальные каналы банка.
7. Не переходите по подозрительным ссылкам, даже если они пришли от якобы представителей банка.
8. Установите лимиты на операции по карте, чтобы минимизировать возможные убытки.
9. Регулярно обновляйте антивирусное ПО на устройствах, с которых вы проводите операции.
10. В случае подозрительных операций или утери карты немедленно блокируйте её через личный кабинет или службу поддержки банка."
176,"Примут ли в банке ветхие иностранные купюры так же, как поврежденные рубли?","В банке могут принять ветхие иностранные купюры, но условия их обмена могут отличаться от поврежденных рублей. Обычно банки обменивают иностранную валюту в том состоянии, в котором она поступает в обращение в стране эмитента. Если купюра сильно повреждена, банк может отказать в обмене или предложить обмен по курсу, учитывающему степень повреждения.

Для точного ответа уточните, какую именно валюту вы хотите обменять, и опишите степень повреждения купюр."
177,Какие возрастные ограничения есть при накоплении на ребенка через вклад по сравнению с НСЖ?,"Возрастные ограничения при накоплении на ребенка через вклад и НСЖ (накопительное страхование жизни) могут отличаться.

Для вклада:
- Обычно нет строгих возрастных ограничений для открытия вклада на ребенка.
- Ребенок может быть указан в качестве выгодоприобретателя.
- Родитель или законный представитель открывает вклад от своего имени, а ребенок становится выгодоприобретателем.

Для НСЖ:
- Возрастные ограничения могут быть установлены страховой компанией.
- Обычно ребенок должен быть в возрасте от 0 до 14 лет на момент заключения договора.
- Максимальный возраст ребенка при заключении договора может быть ограничен (например, до 18 лет).

Для более точной информации рекомендуется уточнить условия у конкретного банка или страховой компании."
178,Как с 2025 года отличаются ставки НДФЛ по инвестиционным доходам от ставок по прочим доходам?,"С 2025 года ставки НДФЛ по инвестиционным доходам будут отличаться от ставок по прочим доходам следующим образом:

1. Инвестиционные доходы:
   - Доходы от продажи ценных бумаг, которые были в собственности менее 3 лет, будут облагаться по ставке 13%.
   - Доходы от продажи ценных бумаг, которые были в собственности 3 года и более, будут облагаться по ставке 0%.

2. Прочие доходы:
   - Доходы, не связанные с инвестициями, будут облагаться по ставке 13% (для резидентов РФ) или 15% (для нерезидентов РФ).

Таким образом, основное отличие заключается в том, что инвестиционные доходы могут быть освобождены от налогообложения, если ценные бумаги находились в собственности 3 года и более, в то время как прочие доходы продолжают облагаться по стандартным ставкам."
179,"Как подготовиться к выбору карты с кешбэком, чтобы получать максимальный возврат?","Для подготовки к выбору карты с кешбэком и получения максимального вознаграждения, следуйте этим шагам:

1. Определите свои основные категории расходов. Посмотрите, на что вы тратите больше всего: продукты, топливо, рестораны, путешествия и т.д. Это поможет вам выбрать карту с максимальным кешбэком именно по этим категориям.

2. Изучите условия различных карт. Сравните процентные ставки кешбэка, лимиты, комиссии и другие условия. Обратите внимание на карты, которые предлагают повышенный кешбэк в ваших основных категориях расходов.

3. Учитывайте дополнительные бонусы и акции. Некоторые карты предлагают дополнительные бонусы за регистрацию, первые покупки или участие в акциях. Это может значительно увеличить ваш общий кешбэк.

4. Оцените условия накопления и использования бонусов. Узнайте, как и когда вы можете получить кешбэк, есть ли сроки его использования, и какие ограничения могут быть.

5. Проверьте репутацию банка и отзывы о карте. Это поможет вам убедиться в надежности банка и избежать возможных проблем в будущем.

6. Рассмотрите возможность использования нескольких карт. Если ваши расходы распределены по разным категориям, возможно, выгоднее будет использовать несколько карт с разными условиями кешбэка.

7. Убедитесь, что вы понимаете все условия и ограничения. Внимательно прочитайте договор и условия использования карты, чтобы избежать неприятных сюрпризов.

8. Следите за изменениями в условиях. Банки могут менять условия кешбэка, поэтому регулярно проверяйте актуальную информацию на сайте банка или в мобильном приложении."
180,"Где получить бесплатную помощь, чтобы подготовиться к участию в госзакупках?","Для получения бесплатной помощи в подготовке к участию в госзакупках можно обратиться в следующие организации:

1. Центры поддержки предпринимательства. Они часто проводят бесплатные семинары, вебинары и консультации по теме госзакупок.
2. Министерство экономического развития. На официальном сайте министерства можно найти информацию о госзакупках, а также контакты для консультаций.
3. Федеральная контрактная система. На сайте можно найти раздел с обучающими материалами и вебинарами.
4. Торгово-промышленные палаты. Они также проводят обучающие мероприятия и консультации для предпринимателей.

Если у вас есть конкретные вопросы по госзакупкам, связанные с банковскими услугами, я готов на них ответить."
181,Чем опасна установка программ из непроверенных источников?,"Установка программ из непроверенных источников может быть опасна по нескольким причинам:

1. Вирусы и вредоносное ПО: Непроверенные источники могут содержать вирусы, трояны, шпионские программы и другие виды вредоносного ПО, которые могут повредить ваш компьютер, украсть личные данные или использовать его для мошеннических целей.

2. Уязвимости в безопасности: Программы из ненадежных источников могут содержать уязвимости, которые могут быть использованы злоумышленниками для доступа к вашей системе.

3. Мошенничество: Некоторые программы могут быть созданы для сбора личных данных, таких как пароли, номера кредитных карт и другая конфиденциальная информация.

4. Несовместимость: Программы из непроверенных источников могут не совмещаться с вашей операционной системой или другим программным обеспечением, что может привести к сбоям и ошибкам.

5. Отсутствие обновлений: Программы из ненадежных источников могут не получать регулярные обновления, что делает их уязвимыми для новых угроз.

Для защиты вашего компьютера и личных данных рекомендуется скачивать программы только из официальных и проверенных источников, таких как официальные сайты разработчиков или авторизованные магазины приложений."
182,Как открыть вклад дистанционно с учетом безопасности биометрии?,"Для открытия вклада дистанционно с использованием биометрии, следуйте этим шагам:

1. **Подготовка документов**: Убедитесь, что у вас есть паспорт и СНИЛС. Также может потребоваться ИНН.

2. **Регистрация в онлайн-банке**: Если у вас еще нет доступа к онлайн-банку, зарегистрируйтесь на сайте или в мобильном приложении вашего банка.

3. **Проверка биометрии**: Убедитесь, что ваши биометрические данные (голос или селфи) зарегистрированы в системе. Это можно сделать в банке или через специализированные сервисы, такие как ""Госуслуги"".

4. **Открытие вклада**: В разделе ""Вклады"" выберите подходящий продукт и заполните необходимые поля. Подтвердите операцию с помощью биометрии.

5. **Подтверждение**: После успешного подтверждения биометрией, вклад будет открыт, и вы сможете управлять им через онлайн-банк.

Если у вас возникнут трудности, обратитесь в службу поддержки вашего банка."
183,Какие меры принимает Банк России для защиты инвесторов в период санкций?,"Банк России принимает несколько мер для защиты инвесторов в условиях санкций:

1. Мониторинг и контроль за финансовыми рынками. Банк России следит за ситуацией на рынках и принимает меры для предотвращения резких колебаний курсов валют и цен на активы.

2. Поддержка ликвидности. Банк России обеспечивает достаточную ликвидность на финансовых рынках, чтобы инвесторы могли свободно покупать и продавать активы.

3. Информирование инвесторов. Банк России регулярно информирует инвесторов о текущей ситуации на рынках и возможных рисках, связанных с санкциями.

4. Развитие внутренних рынков. Банк России стимулирует развитие внутренних финансовых рынков, чтобы инвесторы могли диверсифицировать свои портфели и снизить риски, связанные с внешними факторами.

5. Сотрудничество с регуляторами других стран. Банк России сотрудничает с регуляторами других стран для минимизации негативного влияния санкций на финансовые рынки и инвесторов."
184,Какие налоговые льготы доступны по страхованию жизни?,"По страхованию жизни могут быть следующие налоговые льготы:

1. Налоговый вычет по НДФЛ при заключении договора страхования жизни. Максимальная сумма вычета составляет 120 000 рублей в год, а возвращается 13% от этой суммы, то есть 15 600 рублей.

2. Налоговый вычет по НДФЛ при выплате страховой суммы по договору страхования жизни. Если страховая сумма выплачивается в связи со смертью застрахованного лица, то налоговый вычет может быть предоставлен в размере 13% от суммы страховой выплаты, но не более 120 000 рублей.

3. Освобождение от налогообложения страховых выплат по договорам страхования жизни, заключенным на срок не менее 5 лет. В этом случае страховые выплаты не облагаются НДФЛ, если они не превышают размер страховой суммы, указанной в договоре.

4. Освобождение от налогообложения страховых выплат по договорам страхования жизни, заключенным в пользу несовершеннолетних детей. В этом случае страховые выплаты не облагаются НДФЛ, если они не превышают размер страховой суммы, указанной в договоре.

5. Освобождение от налогообложения страховых выплат по договорам страхования жизни, заключенным в связи с рождением ребенка. В этом случае страховые выплаты не облагаются НДФЛ, если они не превышают размер страховой суммы, указанной в договоре.

Для получения налоговых льгот необходимо соблюдать определенные условия, указанные в налоговом законодательстве."
185,Какие инструменты помогут паре прозрачно вести общие расходы?,"Для прозрачного ведения общих расходов паре могут помочь следующие инструменты:

1. Совместные банковские счета. Это специальные счета, которые открываются на двоих. Они позволяют обоим участникам видеть все операции, контролировать расходы и пополнения. Также можно настраивать уведомления о транзакциях.

2. Мобильные приложения для учета финансов. Существуют приложения, которые позволяют вести совместный бюджет, фиксировать расходы, планировать покупки и отслеживать общие цели. Примеры таких приложений: ""Деньги"", ""MoneyLove"", ""Семейный бюджет"".

3. Совместные карты. Некоторые банки предлагают карты, которые можно привязать к совместному счету. Это позволяет обоим участникам совершать покупки и контролировать расходы.

4. Финансовые советники. Если пара хочет более детально разобраться в своих финансах, можно обратиться к финансовому консультанту. Он поможет составить бюджет, распределить расходы и даст рекомендации по управлению общими финансами.

Важно выбирать инструменты, которые удобны обоим участникам пары, и регулярно обсуждать финансовые вопросы, чтобы избежать недопонимания."
186,Почему не стоит спешить с микрозаймом?,"Микрозаймы могут быть удобным решением в экстренных ситуациях, но они имеют несколько существенных недостатков, которые делают их не самым лучшим выбором.

Во-первых, микрозаймы обычно имеют очень высокие процентные ставки. Это означает, что вы можете заплатить значительно больше, чем изначально планировали, особенно если не вернете займ вовремя.

Во-вторых, микрозаймы часто требуют быстрого возврата, что может создать дополнительное финансовое напряжение. Если вы не сможете вернуть займ в срок, это может привести к накоплению штрафов и пеней, что только усугубит вашу финансовую ситуацию.

В-третьих, микрозаймы могут негативно повлиять на вашу кредитную историю. Если вы не сможете вовремя вернуть займ, это может быть отражено в вашей кредитной истории, что в будущем может затруднить получение других кредитов.

Поэтому перед тем как брать микрозайм, стоит тщательно оценить свою финансовую ситуацию и рассмотреть другие возможные варианты."
187,"Зачем перед вводом личных данных проверять подлинность сайта, а также источник установки приложения?","Проверка подлинности сайта и источника установки приложения перед вводом личных данных необходима для защиты от мошенничества. Это помогает убедиться, что вы взаимодействуете с официальным ресурсом банка, а не с поддельным сайтом или приложением. Мошенники часто создают копии сайтов и приложений, чтобы украсть личные данные и деньги. Проверка подлинности снижает риски, связанные с фишингом и другими видами киберпреступности."
188,Какие официальные каналы поддержки описаны для пострадавших от пандемии?,"Для получения информации и поддержки пострадавшим от пандемии можно воспользоваться следующими официальными каналами:

1. Официальный сайт банка, где обычно размещена актуальная информация о мерах поддержки.
2. Горячая линия банка, где можно получить консультацию по вопросам кредитования, реструктуризации и других мер поддержки.
3. Личный кабинет в интернет-банке, где могут быть доступны специальные предложения и услуги для клиентов, пострадавших от пандемии.
4. Официальные социальные сети банка, где также публикуются актуальные новости и информация о мерах поддержки.

Для более точной информации рекомендуется обратиться напрямую к банку через указанные каналы."
189,Чем различается рассрочка у туроператора по сравнению с рассрочкой у застройщика?,"Рассрочка у туроператора и у застройщика имеет несколько ключевых различий:

1. Сроки и условия:
- Туроператор обычно предлагает рассрочку на короткий срок, например, до даты вылета.
- Застройщик предлагает рассрочку на более длительный срок, который может составлять несколько лет до полного погашения стоимости недвижимости.

2. Объект рассрочки:
- У туроператора рассрочка предоставляется на оплату туристической поездки, включая авиабилеты, проживание, экскурсии и другие услуги.
- У застройщика рассрочка предоставляется на оплату недвижимости, включая квартиру, дом или участок земли.

3. Риски:
- При рассрочке у туроператора основным риском является отмена поездки или изменения в ее условиях.
- При рассрочке у застройщика основными рисками являются задержки в строительстве, изменение стоимости недвижимости или финансовая несостоятельность застройщика.

4. Процентные ставки и комиссии:
- Туроператоры могут взимать процентные ставки или комиссии за предоставление рассрочки, но они обычно ниже, чем у застройщиков.
- Застройщики могут предлагать рассрочку без процентов или с низкими процентными ставками, но могут взимать дополнительные комиссии за услуги.

5. Права и обязанности сторон:
- При рассрочке у туроператора права и обязанности сторон регулируются договором о предоставлении туристических услуг.
- При рассрочке у застройщика права и обязанности сторон регулируются договором долевого участия или договором купли-продажи недвижимости.

Важно внимательно изучать условия рассрочки и все документы перед заключением договора."
190,Почему оплата через мобильные платежные системы безопаснее ввода реквизитов карты на сайтах?,"Мобильные платежные системы, такие как Apple Pay, Google Pay, Samsung Pay и другие, обеспечивают более высокий уровень безопасности по нескольким причинам:

Во-первых, при оплате через мобильные платежные системы не передаются реальные реквизиты вашей карты. Вместо этого используется виртуальный номер карты или токен, который генерируется специально для каждой транзакции. Это означает, что даже если данные будут перехвачены, злоумышленники не смогут использовать их для мошеннических операций.

Во-вторых, мобильные платежные системы используют технологии биометрической аутентификации, такие как отпечаток пальца или распознавание лица. Это добавляет дополнительный уровень защиты, так как для подтверждения платежа требуется не только устройство, но и биометрические данные пользователя.

В-третьих, мобильные платежные системы часто интегрированы с банковскими приложениями, что позволяет использовать дополнительные меры безопасности, такие как одноразовые пароли или уведомления о транзакциях.

В-четвертых, мобильные платежные системы обычно поддерживают технологию токенизации, которая заменяет реальные данные карты на уникальные идентификаторы для каждой транзакции. Это снижает риск утечки данных и мошенничества.

В-пятых, мобильные платежные системы часто имеют более строгие требования к безопасности и регулярно обновляются для защиты от новых угроз. Это делает их более надежными по сравнению с традиционными методами ввода реквизитов карты на сайтах.

Таким образом, использование мобильных платежных систем значительно снижает риски, связанные с утечкой данных и мошенническими операциями, что делает их более безопасным способом оплаты."
191,Страхование крупного кредита при обычном обслуживании отличается от требований при рефинансировании?,"Да, требования к страхованию крупного кредита могут отличаться в зависимости от того, является ли это новым кредитом или рефинансированием.

При обычном обслуживании крупного кредита банк может требовать страхование залогового имущества (например, недвижимости или автомобиля) для защиты своих интересов в случае невозврата кредита. Это может включать страхование от пожара, кражи, повреждений и других рисков.

При рефинансировании кредита требования к страхованию могут быть менее строгими, так как залоговое имущество уже застраховано по предыдущему кредиту. Однако банк может потребовать обновления страхового полиса или проверки действующего страхования, чтобы убедиться, что оно соответствует новым условиям кредитования.

В некоторых случаях банк может предложить собственные страховые продукты или партнерские программы, которые могут быть обязательными или рекомендованными для клиентов. Это может включать страхование жизни, здоровья или потери работы, чтобы минимизировать риски невозврата кредита.

Важно уточнить конкретные требования у вашего банка, так как они могут варьироваться в зависимости от политики и условий кредитования."
192,Зачем учитывать риск развода при планировании ипотеки?,"Риск развода при планировании ипотеки важен, потому что это может существенно повлиять на финансовые обязательства и стабильность семьи. Вот несколько причин, почему это важно учитывать:

1. Совместные обязательства: Ипотека обычно оформляется на обоих супругов, и в случае развода оба остаются ответственными за выплаты. Это может усложнить финансовое положение каждого из них.

2. Раздел имущества: В случае развода ипотечное жилье может быть разделено между супругами. Это может привести к дополнительным расходам и юридическим процессам.

3. Финансовая стабильность: Развод может повлиять на доходы и расходы каждого из супругов, что может затруднить выплату ипотеки.

4. Страхование: Некоторые ипотечные программы требуют страхования жизни и здоровья заемщиков. В случае развода может потребоваться пересмотр страхового полиса.

5. Планирование будущего: Учет риска развода помогает лучше планировать финансовое будущее и минимизировать возможные негативные последствия.

Если у вас есть дополнительные вопросы по ипотеке или другим банковским продуктам, пожалуйста, задавайте."
193,"Где государство не обеспечивает защиту ваших денег: в ИСЖ, паевых фондах на брокерском счете или в жилищно‑накопительном кооперативе?","Государство не обеспечивает защиту ваших денег в следующих случаях:

1. В паевых фондах на брокерском счете. Деньги, инвестированные в паевые фонды, не застрахованы государством. Инвестиции в фонды связаны с рисками, и государство не гарантирует возврат вложенных средств.

2. В жилищно-накопительном кооперативе. Деньги, внесенные в жилищно-накопительный кооператив, также не подлежат государственной защите. В этом случае риски связаны с финансовой устойчивостью кооператива и его способностью выполнить обязательства перед членами.

Что касается ИСЖ (индивидуальный инвестиционный счет с учетом налоговых льгот), то здесь ситуация иная. Деньги на ИСЖ застрахованы государством в рамках системы страхования вкладов, но только в части, которая соответствует требованиям этой системы. Однако, важно учитывать, что инвестиции на ИСЖ связаны с рыночными рисками, и государство не гарантирует доходность или сохранность инвестиций."
194,Вернут ли деньги за ОСАГО при продаже автомобиля по сравнению со случаем отзыва лицензии у страховщика?,"В случае продажи автомобиля деньги за ОСАГО не возвращаются. Страховка действует до истечения срока действия полиса, и при продаже автомобиля страховой полис передается новому владельцу.

Если же у страховщика отозвана лицензия, то возврат страховой премии возможен. В этом случае необходимо обратиться в Российский союз автостраховщиков (РСА) для получения информации о процедуре возврата.

Если у вас есть дополнительные вопросы по данной теме, пожалуйста, уточните их."
195,"Как перейти к новому брокеру, если у вас ИИС-3?","Для перехода к новому брокеру с индивидуальным инвестиционным счетом типа 3 (ИИС-3) необходимо выполнить несколько шагов:

1. Открыть новый брокерский счет у другого брокера.
2. Заполнить заявление на перевод ИИС-3 к новому брокеру. Это можно сделать через личный кабинет на сайте или в мобильном приложении вашего текущего брокера.
3. Подписать заявление электронной подписью или отправить его в бумажном виде по почте.
4. Дождаться подтверждения перевода от вашего текущего брокера.
5. После подтверждения перевода все активы и средства будут переведены на новый брокерский счет.

Важно отметить, что перевод ИИС-3 возможен только один раз в год. Также необходимо учитывать, что при переводе ИИС-3 могут взиматься комиссии, которые зависят от условий вашего текущего и нового брокера."
196,Где проверить официальность сайта продавца ОСАГО?,"Для проверки официальности сайта продавца ОСАГО можно воспользоваться следующими способами:

1. Проверьте наличие сайта в реестре страховых компаний на сайте Банка России. Это официальный источник, где можно найти актуальную информацию о лицензированных страховых компаниях.

2. Убедитесь, что на сайте указаны все необходимые реквизиты страховой компании, включая лицензию на осуществление страховой деятельности.

3. Проверьте отзывы и репутацию компании в интернете. Это поможет понять, насколько надежен и официальный сайт продавца ОСАГО.

4. Обратите внимание на наличие сертификатов безопасности и защищенного соединения (HTTPS) на сайте. Это важный признак официального и безопасного ресурса.

Если у вас возникли сомнения в официальности сайта, лучше обратиться в страховую компанию напрямую или воспользоваться услугами проверенных агрегаторов страховых услуг."
197,Как отличается доступ к деньгам в ИСЖ по сравнению с продажей паев биржевых фондов?,"Доступ к деньгам в ИСЖ (индивидуальный инвестиционный счет с учетом налоговых льгот) и при продаже паев биржевых фондов имеет несколько ключевых различий.

1. **Сроки доступа**:
   - В ИСЖ средства можно вывести только по истечении срока действия счета (3 или 5 лет), если вы хотите сохранить налоговые льготы. Ранний вывод возможен, но с потерей льгот.
   - При продаже паев биржевых фондов доступ к деньгам обычно осуществляется быстрее, так как средства поступают на счет в течение нескольких дней после продажи паев.

2. **Налогообложение**:
   - В ИСЖ налоговые льготы применяются только при соблюдении условий (срок действия счета и отсутствие досрочного вывода).
   - При продаже паев биржевых фондов налог на доходы (13%) уплачивается в соответствии с законодательством, если паи были в собственности менее 3 лет.

3. **Гибкость**:
   - ИСЖ предполагает долгосрочное инвестирование с ограниченной возможностью досрочного вывода средств.
   - Продажа паев биржевых фондов позволяет более гибко управлять своими инвестициями, включая возможность быстрого доступа к средствам.

Если у вас есть дополнительные вопросы по ИСЖ или биржевым фондам, пожалуйста, уточните."
198,Как закон ограничивает штрафы за просрочку по кредитной карте по сравнению с микрозаймом?,"Штрафы за просрочку по кредитной карте и микрозайму регулируются разными законами и имеют разные ограничения.

Для кредитных карт штрафы ограничены законом ""О потребительском кредите"" и не могут превышать 20% годовых от суммы просроченной задолженности. Также банк не может начислять штрафы за просрочку, если сумма задолженности менее 1000 рублей.

Для микрозаймов штрафы регулируются законом ""О микрофинансовой деятельности и микрофинансовых организациях"". Максимальный размер штрафа за просрочку не может превышать 0,8% от суммы просроченной задолженности в день. Также микрофинансовые организации не могут начислять штрафы за просрочку, если сумма задолженности менее 500 рублей.

Таким образом, штрафы за просрочку по кредитной карте могут быть выше, чем по микрозайму, но они начисляются реже и имеют более высокий порог для начисления."
199,Как проверить легальность финансовой компании перед переводом денег?,"Для проверки легальности финансовой компании перед переводом денег рекомендую следовать нескольким шагам:

1. Проверьте наличие компании в реестре Центрального банка Российской Федерации. На сайте ЦБ РФ есть раздел с реестром финансовых организаций, где можно убедиться, что компания имеет лицензию на осуществление финансовых операций.

2. Убедитесь, что у компании есть официальный сайт с контактными данными, адресом и информацией о лицензиях. Проверьте, есть ли у компании офисы в вашем городе или регионе.

3. Проверьте отзывы о компании в интернете. Это могут быть отзывы на форумах, в соцсетях или на специализированных сайтах. Обратите внимание на негативные отзывы и жалобы.

4. Проверьте, зарегистрирована ли компания в Едином государственном реестре юридических лиц (ЕГРЮЛ). Это можно сделать на сайте Федеральной налоговой службы.

5. Проверьте, есть ли у компании страницы в социальных сетях и как часто они обновляются. Это может быть признаком активности компании.

6. Проверьте, есть ли у компании официальные документы, такие как устав, лицензии, сертификаты. Эти документы должны быть доступны на сайте компании или по запросу.

7. Проверьте, есть ли у компании партнеры и клиенты. Это может быть признаком надежности компании.

Если у вас есть сомнения в легальности компании, лучше воздержаться от перевода денег и обратиться за консультацией в банк или в правоохранительные органы."
200,"Как оспорить ошибку в кредитной истории, появившуюся после передачи долга новым кредитором?","Для оспаривания ошибки в кредитной истории, возникшей после передачи долга новому кредитору, следуйте этим шагам:

1. **Проверьте кредитную историю**: Получите актуальную выписку из кредитного бюро (например, НБКИ, ОКБ), чтобы подтвердить наличие ошибки.

2. **Соберите доказательства**: Найдите документы, подтверждающие правильность ваших данных (договоры, квитанции об оплате, переписку с кредитором).

3. **Напишите заявление**: Составьте заявление в кредитное бюро с просьбой исправить ошибку. Укажите конкретные неточности и приложите доказательства.

4. **Обратитесь к кредитору**: Напишите заявление новому кредитору с требованием исправить данные. Укажите, что ошибка влияет на вашу кредитную историю.

5. **Ждите ответа**: Кредитное бюро и кредитор обязаны рассмотреть ваше заявление в течение 30 дней и уведомить вас о результатах.

Если ошибка не исправлена, вы можете обратиться в суд или в Роспотребнадзор для защиты своих прав."
201,"Как оформить возврат части расходов на обучение в виде налогового вычета, включая сроки поступления денег?","Для оформления налогового вычета на обучение необходимо выполнить несколько шагов.

Во-первых, убедитесь, что обучение соответствует требованиям для получения вычета. Обычно это обучение в образовательных учреждениях, имеющих лицензию, а также дополнительное образование.

Во-вторых, соберите необходимые документы. Это могут быть договор с образовательным учреждением, квитанции об оплате, справка о доходах (форма 2-НДФЛ) и другие документы, подтверждающие расходы.

Затем подайте декларацию 3-НДФЛ в налоговую инспекцию. Это можно сделать лично, через представителя или онлайн на сайте ФНС.

Сроки возврата средств зависят от способа подачи документов. Если вы подаете документы лично, то возврат может занять от 3 до 4 месяцев. Если вы подаете документы через представителя, сроки могут быть немного длиннее.

После проверки документов налоговая инспекция примет решение о возврате средств. Деньги будут перечислены на ваш банковский счет, указанный в заявлении.

Если у вас есть дополнительные вопросы по налоговым вычетам, вы можете обратиться в налоговую инспекцию или к специалистам по налогам."
202,"Чем BNPL отличается от кредитной карты по источнику средств, срокам беспроцентного периода?","BNPL (Buy Now, Pay Later) и кредитная карта различаются по нескольким ключевым параметрам.

1. Источник средств:
- BNPL: Средства предоставляются специальной компанией или банком, который предлагает услугу BNPL. Это может быть отдельный сервис, а не банковский продукт.
- Кредитная карта: Средства предоставляются банком, который выпустил карту. Это классический банковский продукт.

2. Сроки беспроцентного периода:
- BNPL: Обычно предлагает короткий беспроцентный период, например, 14, 30 или 60 дней. В некоторых случаях может быть разделение платежа на несколько частей без процентов.
- Кредитная карта: Обычно предлагает более длительный беспроцентный период, например, 30-60 дней. В некоторых случаях может быть льготный период до 100 дней.

Важно отметить, что условия могут варьироваться в зависимости от конкретного продукта и банка."
203,"Как поступить, если в полисе ОСАГО применен неверный КБМ?","Если в полисе ОСАГО указан неверный коэффициент бонус-малус (КБМ), необходимо обратиться в страховую компанию, где был оформлен полис. Для этого можно воспользоваться следующими шагами:

1. **Свяжитесь со страховой компанией**: Обратитесь в службу поддержки клиентов или к вашему страховому агенту. Укажите, что в полисе ОСАГО указан неверный КБМ.

2. **Предоставьте доказательства**: Подготовьте документы, подтверждающие правильный КБМ. Это может быть предыдущий полис ОСАГО, выписка из базы данных Российского союза автостраховщиков (РСА) или другие документы, подтверждающие ваш стаж вождения без аварий.

3. **Напишите заявление**: Составьте заявление о неверном указании КБМ с просьбой исправить ошибку. В заявлении укажите правильный КБМ и приложите подтверждающие документы.

4. **Дождитесь ответа**: Страховая компания должна рассмотреть ваше заявление и, при подтверждении ошибки, внести исправления в полис. В некоторых случаях может потребоваться перерасчет страховой премии.

5. **Обратитесь в РСА**: Если страховая компания отказывается исправлять ошибку, вы можете обратиться в Российский союз автостраховщиков (РСА) для проверки и уточнения вашего КБМ.

Если у вас возникнут трудности, вы можете обратиться в банк, где был оформлен кредит, для получения дополнительной информации или помощи."
204,В чем разница между кешбэком и чарджбэком?,"Кешбэк и чарджбэк — это разные механизмы, связанные с банковскими картами, но они выполняют разные функции.

Кешбэк — это возврат части средств за покупки, совершенные по карте. Обычно кешбэк выплачивается в процентах от суммы покупки и может быть фиксированным или варьироваться в зависимости от категории товаров или услуг.

Чарджбэк — это процедура возврата денежных средств, которые были списаны с карты незаконно или ошибочно. Чарджбэк инициируется держателем карты и требует подтверждения факта мошенничества или ошибки. В случае успешного чарджбэка банк возвращает средства на счет клиента.

Таким образом, кешбэк — это бонусная программа, а чарджбэк — это механизм защиты от мошеннических операций."
205,"Где в договоре должна быть указана полная стоимость кредита, что помогает отличить легального кредитора от черного?","Ошибка при обработке: Error code: 429 - {'error': {'message': ""No deployments available for selected model, Try again in 5 seconds. Passed model=openrouter/mistralai/mistral-small-3.2-24b-instruct. pre-call-checks=False, cooldown_list=['5a974fd4-816e-429d-a928-c954d4891e78']"", 'type': 'None', 'param': 'None', 'code': '429'}}"
206,Какие финансовые продукты не покрывает система страхования вкладов?,"Система страхования вкладов в России, действующая через Агентство по страхованию вкладов (АСВ), не покрывает следующие финансовые продукты:

1. Средства на счетах и вкладах, открытых в небанковских кредитных организациях (НКО), не участвующих в системе страхования.
2. Средства, размещенные на счетах и вкладах в иностранной валюте, если они открыты в банках, не имеющих лицензии на работу с иностранной валютой.
3. Средства, размещенные на счетах и вкладах, открытых в банках, которые были лишены лицензии до 2004 года.
4. Средства, размещенные на счетах и вкладах, открытых в банках, которые были лишены лицензии по решению суда.
5. Средства, размещенные на счетах и вкладах, открытых в банках, которые были лишены лицензии в связи с их банкротством.
6. Средства, размещенные на счетах и вкладах, открытых в банках, которые были лишены лицензии в связи с их реорганизацией или ликвидацией.
7. Средства, размещенные на счетах и вкладах, открытых в банках, которые были лишены лицензии в связи с их слиянием или присоединением к другому банку.
8. Средства, размещенные на счетах и вкладах, открытых в банках, которые были лишены лицензии в связи с их участием в процедуре финансового оздоровления.
9. Средства, размещенные на счетах и вкладах, открытых в банках, которые были лишены лицензии в связи с их участием в процедуре санкционированного банкротства.
10. Средства, размещенные на счетах и вкладах, открытых в банках, которые были лишены лицензии в связи с их участием в процедуре добровольной ликвидации.

Также не покрываются средства, размещенные на сче"
207,Зачем проверять членство МФО в СРО перед оформлением займа?,"Проверка членства микрофинансовой организации (МФО) в саморегулируемой организации (СРО) перед оформлением займа важна по нескольким причинам:

Во-первых, это гарантия того, что МФО соблюдает установленные правила и нормы. Членство в СРО означает, что организация прошла проверку и соответствует требованиям, что снижает риски для заемщика.

Во-вторых, СРО может выступать в качестве посредника в случае споров между МФО и заемщиком. Это дополнительная защита для клиента.

В-третьих, членство в СРО часто является признаком надежности и прозрачности работы МФО. Это может быть важным критерием при выборе организации для получения займа."
208,В каких ситуациях могут запретить выезд из России из‑за долгов?,"Запрет на выезд из России из-за долгов может быть наложен в следующих ситуациях:

1. Неисполнение обязательств по кредитам или займам. Если у вас есть задолженность по кредитам, займам или другим финансовым обязательствам, и вы не выполняете свои обязательства по их погашению, банк или другая кредитная организация может обратиться в суд для взыскания долга. Если суд вынесет решение о взыскании долга, и вы не выполните его в установленный срок, судебные приставы могут наложить на вас запрет на выезд из России.

2. Неуплата налогов или других обязательных платежей. Если у вас есть задолженность по налогам, страховым взносам или другим обязательным платежам, налоговые органы могут обратиться в суд для взыскания долга. Если суд вынесет решение о взыскании долга, и вы не выполните его в установленный срок, судебные приставы могут наложить на вас запрет на выезд из России.

3. Неисполнение обязательств по алиментам. Если у вас есть задолженность по алиментам, и вы не выполняете свои обязательства по их уплате, судебные приставы могут наложить на вас запрет на выезд из России.

4. Неисполнение обязательств по договорам аренды или ипотеки. Если у вас есть задолженность по договорам аренды или ипотеки, и вы не выполняете свои обязательства по их погашению, арендодатель или кредитная организация может обратиться в суд для взыскания долга. Если суд вынесет решение о взыскании долга, и вы не выполните его в установленный срок, судебные приставы могут наложить на вас запрет на выезд из России.

5. Неисполнение обязательств по договорам поставки товаров или услуг. Если у вас есть задолженность по договорам поставки товаров или услуг, и вы не выполняете свои обязательства по их оплате, поставщик или испол"
209,"Почему рискованно сообщать коды из СМС в сценарии «задержалась посылка», а также показывать банковскую карту на видеособеседовании?","Сообщение кодов из СМС и демонстрация банковской карты на видеособеседовании рискованны по следующим причинам:

1. Коды из СМС, особенно те, которые приходят от банка, могут быть одноразовыми паролями или кодами подтверждения для различных операций. Если злоумышленник получит доступ к таким кодам, он сможет совершить операции от вашего имени, например, перевести деньги или изменить настройки вашего счета.

2. Банковская карта содержит важную информацию, такую как номер карты, срок действия и CVV-код. Если злоумышленник получит доступ к этой информации, он сможет использовать её для совершения покупок или снятия денег с вашего счета.

3. В сценарии «задержалась посылка» злоумышленники могут использовать социальную инженерию, чтобы получить от вас коды из СМС. Они могут представиться сотрудниками банка или курьерской службы и попросить вас подтвердить код для «разблокировки» посылки или «подтверждения доставки».

4. На видеособеседовании злоумышленники могут попросить вас показать банковскую карту для «проверки платежеспособности» или других целей. В реальности они могут использовать эту информацию для мошеннических действий.

В любом случае, никогда не сообщайте коды из СМС и не показывайте банковскую карту посторонним лицам, даже если они представляются сотрудниками банка или другой организации. Банк никогда не будет просить вас предоставить такие данные через видеосвязь или другие неофициальные каналы связи."
210,Почему свежая регистрация компании повышает риск для соискателя или инвестора?,"Свежая регистрация компании может повышать риск для соискателя или инвестора по нескольким причинам:

1. Отсутствие истории: У новой компании нет финансовой истории, что затрудняет оценку её стабильности и перспектив. Инвесторы и соискатели предпочитают компании с проверенной репутацией и стабильными показателями.

2. Неопределённость: Новые компании часто находятся в стадии поиска своей ниши и модели бизнеса. Это может привести к нестабильности и повышенным рискам.

3. Финансовая нестабильность: Молодые компании могут испытывать трудности с привлечением финансирования и поддержанием ликвидности, что увеличивает риски для инвесторов и сотрудников.

4. Отсутствие клиентской базы: Новые компании могут не иметь устоявшейся клиентской базы, что делает их уязвимыми к изменениям на рынке.

5. Юридические и регуляторные риски: Новые компании могут сталкиваться с дополнительными юридическими и регуляторными рисками, связанными с их деятельностью.

Для снижения этих рисков инвесторы и соискатели могут требовать дополнительных гарантий или проводить более тщательный анализ компании перед принятием решений."
211,Какие ограничения по счетам предусмотрены для налоговых вычетов по ПДС с учетом сроков выплат?,"Для получения налогового вычета по профессиональному налоговому вычету (ПДС) существуют определенные ограничения, связанные со сроками выплат и счетами. Вот основные из них:

1. **Сроки выплат**: Налоговый вычет можно получить только за тот период, в котором были фактически произведены расходы. Это означает, что вы должны предоставить документы, подтверждающие расходы, в том же налоговом периоде, в котором они были оплачены.

2. **Счета**: Расходы должны быть оплачены с банковского счета, открытого на ваше имя. Наличные расходы могут быть приняты к вычету только при наличии соответствующих документов, подтверждающих их целевое использование.

3. **Документальное подтверждение**: Все расходы должны быть подтверждены документами, такими как чеки, квитанции, счета-фактуры и другие платежные документы. Эти документы должны содержать информацию о дате, сумме и назначении расходов.

4. **Сроки подачи заявления**: Заявление на налоговый вычет должно быть подано в налоговую инспекцию в течение трех лет с момента возникновения права на вычет. Это означает, что вы можете подать заявление за текущий год, а также за два предыдущих года.

Если у вас есть дополнительные вопросы по налоговым вычетам или другим банковским услугам, пожалуйста, уточните их, и я постараюсь помочь."
212,Когда требуется тестирование клиента для ИСЖ в отличие от покупки отдельных ETF?,"Тестирование клиента для ИСЖ (индивидуального страхового счета с накопительной пенсией) требуется в случаях, когда сумма взносов превышает установленные лимиты, установленные законодательством. В отличие от покупки отдельных ETF (фондов биржевых паев), где тестирование клиента обычно не требуется, так как ETF являются инструментами инвестирования и не связаны с пенсионными накоплениями.

Для ИСЖ тестирование клиента проводится для оценки его финансовой устойчивости и способности выполнять обязательства по взносам. Это связано с тем, что ИСЖ предполагает долгосрочные обязательства и накопления для пенсии, и банк или страховая компания должны убедиться в надежности клиента.

В случае с ETF тестирование не требуется, так как инвестиции в ETF не связаны с долгосрочными обязательствами и могут быть осуществлены без строгой проверки финансового состояния клиента."
213,"Где удобнее хранить «подушку безопасности», если нужен мгновенный доступ к деньгам?","Для хранения ""подушки безопасности"" с мгновенным доступом к деньгам удобнее всего использовать следующие инструменты:

1. **Сберегательный счет в банке**. Это один из самых простых и доступных способов. Средства на счете можно снять в любой момент через банкомат, терминал или мобильное приложение. Кроме того, на остаток по счету может начисляться процент, хотя он обычно невысокий.

2. **Дебетовая карта**. Деньги на карте доступны для снятия в банкоматах или для оплаты покупок. Это удобно, так как карту можно всегда носить с собой.

3. **Срочный вклад с возможностью частичного снятия**. Некоторые банки предлагают вклады, которые позволяют снимать часть средств без потери процентов. Это хороший вариант, если вы хотите получить немного больше процентов, но при этом иметь доступ к части средств.

4. **Электронные кошельки**. Средства в электронных кошельках также доступны для мгновенного использования. Их можно переводить на карты, использовать для оплаты онлайн-покупок и других операций.

Важно выбирать инструменты, которые предлагают высокую степень защиты и удобство использования. Также стоит учитывать, что средства на счетах и картах в банках застрахованы в рамках системы страхования вкладов."
214,Как получить инвествычет через посредника при продаже бумаг?,"Для получения инвестиционного вычета через посредника при продаже ценных бумаг необходимо выполнить следующие шаги:

1. Убедитесь, что вы соответствуете условиям для получения инвестиционного вычета. Например, вы должны быть налоговым резидентом Российской Федерации и иметь доход, облагаемый НДФЛ по ставке 13%.

2. Перед продажей ценных бумаг уведомьте своего брокера о намерении получить инвестиционный вычет. Это можно сделать через личный кабинет или по телефону.

3. После продажи ценных бумаг брокер должен предоставить вам налоговый вычет. Обычно это делается в виде налогового вычета на доходы от продажи ценных бумаг.

4. Если брокер не предоставляет налоговый вычет, вы можете обратиться в налоговую инспекцию для получения вычета. Для этого вам потребуется предоставить налоговую декларацию и документы, подтверждающие ваши расходы на покупку ценных бумаг.

5. Если вы продали ценные бумаги через посредника, убедитесь, что он предоставляет все необходимые документы для получения налогового вычета. Например, вы должны получить налоговую декларацию от посредника, подтверждающую ваши расходы на покупку ценных бумаг.

6. Если у вас возникли вопросы или проблемы с получением налогового вычета, обратитесь в налоговую инспекцию или к своему брокеру для получения дополнительной информации."
215,Где проверить легальность МФО перед оформлением «нуля»?,"Для проверки легальности микрофинансовой организации (МФО) перед оформлением займа можно воспользоваться следующими способами:

1. Официальный сайт Центрального банка Российской Федерации. На сайте ЦБ РФ есть реестр микрофинансовых организаций, где можно проверить, зарегистрирована ли МФО и имеет ли она лицензию на осуществление финансовой деятельности.

2. Единый государственный реестр юридических лиц (ЕГРЮЛ). На сайте Федеральной налоговой службы (ФНС) можно проверить информацию о регистрации МФО и ее юридическом статусе.

3. Отзывы и рейтинги. Перед оформлением займа стоит изучить отзывы о МФО на специализированных сайтах и форумах. Это поможет понять, насколько надежна и прозрачна работа организации.

4. Контактная информация. Легальная МФО должна иметь официальный адрес, телефон и электронную почту, по которым можно связаться для получения дополнительной информации.

5. Условия договора. Перед подписанием договора важно внимательно изучить все условия, включая процентную ставку, сроки возврата и штрафные санкции. Легальная МФО должна предоставлять полную и понятную информацию о своих услугах.

Если у вас возникли сомнения в легальности МФО, лучше отказаться от сотрудничества и обратиться в другую организацию."
216,Как снизить риск оспаривания сделки при покупке вторичного жилья?,"Для снижения риска оспаривания сделки при покупке вторичного жилья рекомендуется:

1. Проверить юридическую чистоту объекта недвижимости. Это включает проверку прав собственности, отсутствие обременений, арестов, залогов и других ограничений.
2. Убедиться, что продавец имеет право на продажу жилья. Это можно сделать, запросив у продавца документы, подтверждающие его право собственности.
3. Проверить историю сделок с объектом недвижимости. Это поможет выявить возможные проблемы, связанные с предыдущими владельцами.
4. Использовать услуги профессиональных риелторов и юристов. Они помогут провести необходимые проверки и оформить документы правильно.
5. Заключить договор купли-продажи в соответствии с законодательством. Это поможет избежать споров в будущем.
6. Провести сделку через банк или нотариуса. Это добавит дополнительную защиту и снизит риск мошенничества.

Если у вас есть дополнительные вопросы по данной теме, пожалуйста, уточните их."
217,Где получить выписку о состоянии пенсионных накоплений?,"Выписку о состоянии пенсионных накоплений можно получить несколькими способами:

1. Через личный кабинет на сайте Пенсионного фонда России (ПФР) или на сайте вашего негосударственного пенсионного фонда (НПФ), если вы перевели свои накопления в НПФ.
2. Через мобильное приложение ПФР или вашего НПФ.
3. Обратившись лично в отделение ПФР или НПФ.
4. Через банк, если у вас есть договор с банком на управление пенсионными накоплениями.

Для получения выписки может потребоваться подтверждение личности, например, паспорт."
218,Чем отличаются переводы по номеру телефона через СБП от платежей по реквизитам с номером 30101?,"Переводы по номеру телефона через СБП (Система быстрых платежей) и платежи по реквизитам с номером 30101 имеют несколько ключевых различий:

1. **Скорость и удобство**:
   - Переводы через СБП осуществляются мгновенно и требуют только номера телефона получателя.
   - Платежи по реквизитам с номером 30101 могут занимать больше времени, так как требуют указания полных реквизитов получателя (например, ИНН, БИК, номер счета).

2. **Комиссия**:
   - Переводы через СБП обычно бесплатны или имеют минимальную комиссию.
   - Платежи по реквизитам могут облагаться комиссией, особенно если перевод осуществляется в другой банк.

3. **Ограничения**:
   - Переводы через СБП могут иметь лимиты на сумму и количество переводов в день.
   - Платежи по реквизитам могут не иметь таких жестких лимитов, но требуют больше данных для выполнения.

4. **Назначение**:
   - СБП предназначен для быстрых и удобных переводов между физическими лицами.
   - Платежи по реквизитам чаще используются для переводов между юридическими лицами или для оплаты услуг и товаров.

Если у вас есть дополнительные вопросы по этой теме, пожалуйста, уточните."
219,Чем накопительное страхование жизни отличается от инвестиционного с точки зрения гарантии дохода?,"Накопительное страхование жизни и инвестиционное страхование жизни различаются по уровню гарантии дохода.

Накопительное страхование жизни обычно предоставляет гарантированный доход, который заранее определен в условиях договора. Это означает, что клиент знает заранее, какую сумму он получит в конце срока страхования, независимо от рыночных колебаний.

Инвестиционное страхование жизни, с другой стороны, не гарантирует фиксированный доход. Доходность зависит от результатов инвестиций, которые могут варьироваться в зависимости от рыночных условий. В этом случае клиент может получить доход выше, чем при накопительном страховании, но также рискует получить меньший доход или даже убыток.

Таким образом, накопительное страхование жизни обеспечивает большую стабильность и предсказуемость дохода, тогда как инвестиционное страхование жизни предлагает потенциально более высокую доходность, но с большим риском."
220,"Какие требования к страхованию залога при ипотеке, включая последствия перерыва в полисе?","Требования к страхованию залога при ипотеке обычно включают обязательное страхование недвижимости, которая выступает в качестве залога. Это страхование защищает интересы банка в случае повреждения или уничтожения заложенного имущества.

Последствия перерыва в страховом полисе могут быть следующими:
1. Банк имеет право потребовать от заемщика возместить ущерб, причиненный залоговому имуществу, в случае его повреждения или уничтожения.
2. Банк может потребовать от заемщика заключить новый договор страхования или возобновить действующий полис.
3. В случае длительного перерыва в страховании банк может применить штрафные санкции, предусмотренные договором ипотечного кредитования.
4. В крайних случаях банк может потребовать досрочного погашения кредита.

Для более точной информации рекомендуется обратиться в ваш банк или изучить условия вашего ипотечного договора."
221,Как проверить легальность сервиса для кошелька по сравнению с финансовым маркетплейсом?,"Для проверки легальности сервиса для кошелька по сравнению с финансовым маркетплейсом, рекомендуется обратить внимание на следующие аспекты:

1. Лицензия: Убедитесь, что сервис имеет соответствующую лицензию от Центрального банка или другого регулятора, который регулирует финансовые услуги. Это можно проверить на официальном сайте регулятора.

2. Репутация: Проверьте отзывы и репутацию сервиса. Это можно сделать на специализированных сайтах, форумах или через поиск в интернете.

3. Условия использования: Внимательно изучите условия использования сервиса. Легальные сервисы обычно предоставляют прозрачные и понятные условия.

4. Контакты: Убедитесь, что сервис предоставляет реальные контактные данные, включая адрес, телефон и электронную почту.

5. Безопасность: Проверьте, какие меры безопасности применяются сервисом для защиты данных и средств клиентов.

6. Сравнение с маркетплейсом: Финансовый маркетплейс, как правило, агрегирует различные финансовые услуги и продукты, включая кошельки, кредиты, инвестиции и т.д. Убедитесь, что сервис кошелька соответствует тем же стандартам безопасности и регулирования, что и маркетплейс.

Если у вас возникли сомнения в легальности сервиса, лучше воздержаться от использования его услуг и обратиться за консультацией в банк или к профессиональному финансовому консультанту."
222,"Какие платежи лучше проводить с расчетного счета, чтобы снизить риск блокировки?","Для снижения риска блокировки расчетного счета рекомендуется проводить следующие платежи:

1. Платежи, связанные с основной деятельностью компании, такие как оплата товаров и услуг у поставщиков, арендные платежи, заработная плата сотрудникам.
2. Платежи в бюджет, включая налоги, страховые взносы и другие обязательные платежи.
3. Платежи, связанные с возвратом кредитов и процентов по кредитам.
4. Платежи, связанные с оплатой услуг банка, таких как обслуживание счета, комиссии за проведение операций.

Избегайте проведения платежей, которые могут быть расценены как подозрительные или связанные с отмыванием денег, такие как частые переводы на частные счета, переводы на счета в офшорных зонах, а также крупные переводы без обоснования."
223,Где проверить легальность финансовой организации перед вложением денег?,"Для проверки легальности финансовой организации перед вложением денег рекомендуется выполнить следующие шаги:

1. Проверьте наличие лицензии у организации. Лицензия должна быть выдана регулирующим органом, например, Центральным банком Российской Федерации. Лицензию можно проверить на официальном сайте регулятора.

2. Изучите репутацию организации. Проверьте отзывы клиентов, информацию в СМИ, а также данные на специализированных финансовых порталах.

3. Ознакомьтесь с финансовой отчетностью организации. Это поможет оценить ее стабильность и надежность.

4. Убедитесь, что организация зарегистрирована в соответствующих реестрах. Например, в реестре микрофинансовых организаций или реестре управляющих компаний.

5. Проверьте, есть ли у организации членство в саморегулируемых организациях. Это дополнительный показатель ее надежности.

Если у вас возникли сомнения в легальности организации, лучше воздержаться от вложений или проконсультироваться с профессиональным финансовым консультантом."
224,"Каков минимальный срок «периода охлаждения» для обычных добровольных страховок, полисов, оформленных через банк вместе с кредитом, а также для договоров инвестиционного или накопительного страхования жизни?","Минимальный срок «периода охлаждения» для добровольных страховок, оформленных через банк вместе с кредитом, составляет 14 календарных дней. Для договоров инвестиционного или накопительного страхования жизни этот срок также составляет 14 календарных дней."
225,Куда жаловаться при нарушениях со стороны НПФ или страхового посредника?,"При нарушениях со стороны негосударственного пенсионного фонда (НПФ) или страхового посредника можно обратиться в следующие инстанции:

1. **Центральный банк Российской Федерации (Банк России)** - регулирует деятельность НПФ и страховых компаний. Можно подать жалобу через официальный сайт или горячую линию.

2. **Федеральная антимонопольная служба (ФАС)** - если нарушения связаны с недобросовестной конкуренцией или нарушением прав потребителей.

3. **Роспотребнадзор** - если нарушения связаны с нарушением прав потребителей.

4. **Федеральная служба по финансовым рынкам (ФСФР)** - если нарушения связаны с деятельностью страховых компаний.

5. **Судебные органы** - если другие инстанции не помогли, можно подать иск в суд.

Перед подачей жалобы рекомендуется собрать все документы, подтверждающие нарушения, и обратиться за консультацией в соответствующие органы."
226,Как ДСАГО влияет на необходимость доплаты виновником при крупном ущербе?,"ДСАГО (договор страхования автогражданской ответственности) не влияет на необходимость доплаты виновником при крупном ущербе. В случае ДТП виновник обязан возместить ущерб потерпевшему в рамках лимитов, установленных договором ОСАГО. Если сумма ущерба превышает лимит страховой выплаты, виновник должен возместить разницу из своих средств.

Если у виновника заключен договор ДСАГО (добровольное страхование автогражданской ответственности), то страховая компания выплатит сумму ущерба, превышающую лимит ОСАГО, в пределах лимитов ДСАГО. В этом случае виновнику не нужно доплачивать из своих средств.

Если у виновника нет ДСАГО, то он обязан возместить ущерб сверх лимита ОСАГО из своих средств."
227,Какие ограничения действуют для неквалифицированных инвесторов при покупке акций и паев закрытых ПИФов?,"Для неквалифицированных инвесторов действуют следующие ограничения при покупке акций и паев закрытых ПИФов:

1. **Минимальный срок владения**: Для акций и паев закрытых ПИФов минимальный срок владения составляет 6 месяцев. Это означает, что инвестор не может продать свои акции или паи раньше указанного срока.

2. **Ограничение на сумму инвестиций**: Неквалифицированные инвесторы могут инвестировать в закрытые ПИФы и акции не более 600 тысяч рублей в год. Это ограничение установлено для защиты инвесторов от значительных финансовых рисков.

3. **Ограничение на количество сделок**: В течение года неквалифицированный инвестор может совершить не более 10 сделок по покупке акций и паев закрытых ПИФов.

Эти ограничения направлены на защиту интересов неквалифицированных инвесторов и минимизацию рисков при инвестировании в сложные финансовые инструменты."
228,Чем отличается ДСАГО от каско по объекту защиты?,"ДСАГО (Добровольное страхование автогражданской ответственности) и каско — это два разных вида страхования автомобиля, которые отличаются по объекту защиты.

ДСАГО защищает вас от финансовой ответственности перед третьими лицами в случае причинения вреда их имуществу или здоровью. То есть, если вы виновник ДТП, ДСАГО покрывает ущерб, который вы нанесли другим участникам дорожного движения.

Каско, в свою очередь, защищает сам автомобиль от ущерба, угона или хищения. То есть, если ваш автомобиль пострадал в ДТП, был угнан или поврежден по другим причинам, каско покрывает ремонт или возмещает его стоимость.

Таким образом, основное отличие заключается в том, что ДСАГО защищает вашу ответственность перед другими, а каско — ваш автомобиль."
229,Чем отличается ответственность эмитента по облигациям от акций?,"Ответственность эмитента по облигациям и акциям различается следующим образом:

1. Облигации:
- Эмитент облигаций обязан выплатить держателям облигаций купонный доход в установленные сроки.
- По окончании срока действия облигации эмитент обязан выплатить номинальную стоимость облигации.
- В случае банкротства эмитента держатели облигаций имеют приоритет перед акционерами при распределении активов.

2. Акции:
- Эмитент акций (компания) не гарантирует выплату дивидендов, так как дивиденды зависят от прибыли компании и решения совета директоров.
- Акционеры не имеют приоритета при распределении активов в случае банкротства компании.
- Акционеры обладают правом голоса на собраниях и могут влиять на управление компанией.

Таким образом, облигации предоставляют держателям более высокую степень защиты и гарантий, тогда как акции связаны с более высокими рисками, но и потенциально более высокой доходностью."
230,Как меняется лимит возмещения по ремонту авто при европротоколе без фотофиксации по сравнению с оформлением через ГИБДД?,"При оформлении ДТП по европротоколу без фотофиксации лимит возмещения обычно ниже, чем при оформлении через ГИБДД. В России, например, лимит по европротоколу составляет 100 000 рублей, тогда как при оформлении через ГИБДД лимит может быть выше и зависит от условий страхового полиса и законодательства.

Для точного ответа уточните страну и страховую компанию, так как лимиты могут различаться."
231,Как обезопасить себя на случай утери векселя?,"Для защиты от утери векселя рекомендуется следующее:

1. Храните вексель в надежном месте, например, в сейфе или банковской ячейке.
2. Сделайте копию векселя и храните ее отдельно от оригинала.
3. Зарегистрируйте вексель в реестре, если такая возможность предусмотрена.
4. Используйте услуги банка для хранения ценных бумаг, если это возможно.
5. Оформите страховку на случай утери или повреждения векселя.

Если вексель утерян, немедленно сообщите об этом в банк и другим заинтересованным сторонам."
232,"Кто защищает клиентов при проблемах банка, а кто при отзыве лицензии у страховщика?","При проблемах банка клиентов защищает Агентство по страхованию вкладов (АСВ). Оно гарантирует возврат вкладов физических лиц в размере до 1,4 миллиона рублей, включая проценты.

При отзыве лицензии у страховщика клиентов защищает Российский союз автостраховщиков (РСА) или Российский союз страховщиков (РСС), в зависимости от вида страхования. Например, при отзыве лицензии у страховой компании, занимающейся ОСАГО, возмещение ущерба гарантирует РСА."
233,Где надежнее сохранить деньги при отзыве лицензии банка: в векселе или при расчетах через банковскую ячейку?,"Для сохранения денег при отзыве лицензии банка важно учитывать несколько факторов.

Вексель - это ценная бумага, которая подтверждает обязательство векселедателя выплатить указанную сумму векселедержателю. В случае отзыва лицензии у банка, вексель может быть менее надежным, так как его исполнение зависит от финансового состояния векселедателя.

Банковская ячейка - это аренда сейфа в банке для хранения ценностей. В случае отзыва лицензии у банка, доступ к ячейке может быть ограничен, но сам банк не имеет права изымать или использовать средства, хранящиеся в ячейке.

Таким образом, банковская ячейка может быть более надежным вариантом для хранения денег при отзыве лицензии у банка, так как средства в ячейке не являются активом банка и не подлежат изъятию. Однако, важно учитывать, что доступ к ячейке может быть ограничен в случае отзыва лицензии, и необходимо заранее предусмотреть возможность доступа к ячейке в таких ситуациях."
234,"Как при разводе делят жилье и долг по семейной ипотеке, если взнос был из маткапитала","При разводе жилье и долг по семейной ипотеке делятся в соответствии с законодательством Российской Федерации. Если взнос был сделан из средств материнского капитала, это может повлиять на процесс раздела.

1. **Раздел жилья**: Жилое помещение, приобретенное с использованием материнского капитала, является общим имуществом супругов. Однако, средства материнского капитала направлены на улучшение жилищных условий семьи, поэтому при разводе учитываются интересы всех членов семьи, включая детей. В этом случае суд может выделить доли каждому из супругов и детям.

2. **Раздел долга**: Долг по ипотеке также делится между супругами. Обычно он делится поровну, если иное не предусмотрено брачным договором. Однако, если один из супругов не может выплачивать свою часть долга, суд может принять решение о пересмотре условий раздела.

Важно отметить, что конкретные решения зависят от обстоятельств каждого случая и могут быть приняты только в судебном порядке. Рекомендуется обратиться к юристу для получения более детальной консультации."
235,"Какие госгарантии предусмотрены для средств пайщиков КПК, а также для взносов в ЖНК?","Государственные гарантии для средств пайщиков кооперативов и взносов в жилищные накопительные кооперативы (ЖНК) могут различаться в зависимости от законодательства и конкретных условий.

Для средств пайщиков кредитных потребительских кооперативов (КПК) государственные гарантии обычно не предусмотрены. Это связано с тем, что КПК являются небанковскими организациями, и их деятельность регулируется отдельными нормативными актами.

Что касается жилищных накопительных кооперативов (ЖНК), то здесь также нет прямых государственных гарантий на взносы пайщиков. Однако, в некоторых случаях, государство может поддерживать ЖНК через различные программы субсидирования или льготного кредитования.

Для более точной информации рекомендуется обратиться в местные органы власти или в организацию, которая регулирует деятельность кооперативов в вашем регионе."
236,Когда имеет смысл жаловаться в Банк России по проблеме с финансовой организацией?,"Жаловаться в Банк России имеет смысл, если:

1. Финансовая организация нарушила ваши права.
2. Вы уже обращались в саму организацию, но проблема не была решена.
3. Ответ финансовой организации вас не удовлетворил или не поступил вовсе.
4. Вы столкнулись с нарушением законодательства в сфере финансовых услуг.

Банк России рассматривает жалобы на банки, микрофинансовые организации, страховые компании, негосударственные пенсионные фонды и другие финансовые организации."
237,Что использовать для покрытия неожиданных трат?,"Для покрытия неожиданных трат можно использовать несколько инструментов, в зависимости от вашей ситуации и предпочтений.

Во-первых, это может быть накопленный резервный фонд. Рекомендуется иметь накопления, которые покрывают расходы на 3-6 месяцев. Это поможет избежать долгов и финансовых трудностей.

Во-вторых, можно воспользоваться кредитной картой с льготным периодом. В этом случае вы сможете отложить оплату на срок до 50-60 дней без начисления процентов. Однако важно помнить, что если сумма не будет погашена в льготный период, начнут начисляться проценты.

Также можно рассмотреть вариант овердрафта по текущему счету. Это кредитная линия, которая позволяет снимать средства со счета сверх имеющегося остатка. Овердрафт обычно имеет более низкую процентную ставку по сравнению с кредитными картами, но его размер и условия зависят от вашего банка и кредитной истории.

Наконец, можно воспользоваться потребительским кредитом. Это более долгосрочный вариант, но он может быть полезен для покрытия крупных неожиданных расходов. Важно внимательно изучить условия кредита, включая процентную ставку, сроки погашения и возможные штрафы за досрочное погашение.

Выбор инструмента зависит от суммы неожиданных трат, ваших финансовых возможностей и предпочтений."
238,Почему переводы через СБП по номеру телефона упрощают межбанковские расчеты?,"Переводы через Систему быстрых платежей (СБП) по номеру телефона упрощают межбанковские расчеты по нескольким причинам:

1. Упрощение процесса перевода. Клиенту не нужно знать реквизиты получателя, достаточно знать его номер телефона. Это делает переводы быстрыми и удобными.

2. Ускорение обработки платежей. Переводы через СБП осуществляются в реальном времени, что позволяет получателю сразу получить средства.

3. Снижение нагрузки на банковские системы. Использование номера телефона вместо реквизитов уменьшает количество ошибок при вводе данных и снижает нагрузку на банковские системы.

4. Повышение доступности услуги. СБП доступна для клиентов большинства банков, что делает переводы между разными банками более доступными и удобными.

5. Безопасность. Система обеспечивает высокий уровень безопасности, что снижает риски мошенничества и ошибок при переводе."
239,"Куда подавать заявку на продажу заблокированных активов, находящихся в паях ПИФа, с учетом доступности управляющих компаний на финансовых маркетплейсах?","Для продажи заблокированных активов, находящихся в паях ПИФа, необходимо обратиться в управляющую компанию (УК), которая управляет данным ПИФом. На финансовых маркетплейсах доступны различные управляющие компании, и вы можете выбрать ту, которая управляет вашим ПИФом.

Обратите внимание, что процедура продажи заблокированных активов может отличаться в зависимости от условий конкретного ПИФа и требований управляющей компании. Рекомендуется уточнить детали у вашей УК.

Если у вас есть доступ к личному кабинету на маркетплейсе, вы можете подать заявку через него. В противном случае, свяжитесь с управляющей компанией напрямую по телефону или через официальный сайт."
240,Можно ли торговать на бирже без брокера?,"Торговля на бирже без брокера невозможна. Брокер выступает посредником между инвестором и биржей, обеспечивая выполнение сделок и доступ к торговой платформе. Без брокера физическое лицо не может напрямую заключать сделки на бирже."
241,"Как разместить подушку безопасности, чтобы она была защищена и без сюрпризов по условиям?","Для размещения подушки безопасности с учетом защиты и прозрачности условий рекомендуется рассмотреть несколько вариантов:

1. Срочный вклад. Это один из самых простых и надежных способов размещения средств. Вы можете выбрать срок и процентную ставку, которые вам подходят. Средства будут доступны по окончании срока вклада, а проценты будут начисляться регулярно.

2. Инвестиционный счет. Это более гибкий вариант, который позволяет инвестировать в различные активы, такие как акции, облигации и фонды. Вы можете выбрать уровень риска, который вам подходит, и управлять своими инвестициями самостоятельно или с помощью профессионального управляющего.

3. Депозитный сертификат. Это ценная бумага, которая подтверждает факт размещения средств на депозите. Вы можете выбрать срок и процентную ставку, а также получить возможность продать сертификат на вторичном рынке, если вам понадобятся средства до окончания срока.

Важно учитывать, что каждый из этих вариантов имеет свои особенности и риски. Рекомендуется внимательно изучить условия и проконсультироваться с специалистом перед принятием решения."
242,Как многодетной семье сократить расходы на музеи во время отдыха?,"Для сокращения расходов на посещение музеев многодетной семье можно воспользоваться следующими способами:

1. **Бесплатные дни**: Многие музеи предоставляют бесплатный вход в определенные дни недели или месяца. Например, в Москве бесплатные дни в музеях обычно бывают по последней среде месяца или в первый понедельник месяца.

2. **Скидки и льготы**: Многодетные семьи могут воспользоваться льготами, предоставляемыми государством или самими музеями. Например, в некоторых музеях дети до определенного возраста могут входить бесплатно, а родители получают скидку.

3. **Семейные билеты**: Некоторые музеи предлагают семейные билеты, которые дешевле, чем покупка отдельных билетов для каждого члена семьи.

4. **Акции и спецпредложения**: Следите за акциями и спецпредложениями, которые могут быть доступны на официальных сайтах музеев или через партнерские программы.

5. **Групповые экскурсии**: Организуйте посещение музея с другими семьями. Групповые экскурсии часто обходятся дешевле.

6. **Онлайн-билеты**: Покупка билетов онлайн может быть выгоднее, так как иногда предоставляются скидки за раннее бронирование.

Если у вас есть конкретный музей, который вы планируете посетить, уточните информацию о льготах и акциях на его официальном сайте или по телефону."
243,Почему повторяются финансовые пузыри?,"Финансовые пузыри повторяются по нескольким причинам:

1. Человеческая психология: Люди склонны к чрезмерной оптимистичности и следованию за толпой. Это приводит к переоценке активов и созданию пузырей.

2. Легкость кредитования: Когда кредиты доступны и дешевы, это стимулирует инвестиции и рост цен на активы, что может привести к пузырю.

3. Спекуляции: Инвесторы могут начинать покупать активы не для их реальной стоимости, а в надежде на дальнейший рост цен, что усугубляет пузырь.

4. Регуляторные провалы: Иногда регуляторы не замечают или не могут предотвратить формирование пузырей, что позволяет им расти.

5. Цикличность экономики: Экономические циклы включают в себя периоды роста и спада, и пузыри часто формируются в периоды экономического подъема.

Эти факторы в совокупности создают условия для повторного возникновения финансовых пузырей."
244,Как технологии меняют финансовые услуги по мнению авторов подборок?,"Авторы подборок отмечают, что технологии значительно трансформируют финансовые услуги, делая их более доступными, удобными и персонализированными. Внедрение цифровых решений, таких как мобильные приложения, искусственный интеллект и блокчейн, позволяет клиентам получать услуги в режиме реального времени, снижает операционные издержки для банков и повышает безопасность транзакций. Кроме того, технологии способствуют развитию новых финансовых продуктов и услуг, таких как криптовалюты и децентрализованные финансы (DeFi), что расширяет возможности для инвесторов и потребителей."
245,Куда обращаться при споре со страховщиком по ИСЖ и по ОСАГО?,"При споре со страховщиком по ИСЖ (ипотечному страхованию жилья) или ОСАГО (обязательному страхованию автогражданской ответственности) можно обратиться в следующие инстанции:

1. В страховую компанию: сначала попробуйте решить вопрос напрямую с вашим страховщиком. Обратитесь в службу поддержки или к вашему страховому агенту.

2. В Центр финансовых расследований (ЦФР) Банка России: если страховая компания не реагирует на ваши обращения или отказывает в выплате, вы можете подать жалобу в ЦФР. Это можно сделать через официальный сайт Банка России.

3. В суд: если другие способы не помогли, вы можете подать иск в суд. Для этого вам потребуется собрать все документы, подтверждающие ваши претензии, и обратиться в суд по месту нахождения страховой компании или по месту вашего жительства.

4. В Российский союз автостраховщиков (РСА): если спор связан с ОСАГО, вы можете обратиться в РСА. Эта организация помогает разрешать споры между страхователями и страховыми компаниями.

Перед обращением в любую из этих инстанций рекомендуется проконсультироваться с юристом, чтобы понять все нюансы вашего случая и подготовить необходимые документы."
246,"Какой уровень ПДН считается безопасным, а что происходит при превышении 50%?","ПДН (процентное соотношение задолженности к доходу) — это показатель, который помогает оценить финансовую нагрузку на клиента. В банковской практике считается безопасным уровень ПДН до 40%. При превышении этого уровня банк может отказать в выдаче кредита или предложить более строгие условия.

Если ПДН превышает 50%, это может привести к следующим последствиям:
1. Банк может отказать в выдаче нового кредита.
2. У клиента могут возникнуть трудности с погашением текущих кредитов.
3. В некоторых случаях банк может пересмотреть условия кредитного договора, например, увеличить процентную ставку или уменьшить срок кредита.

Для точного определения уровня ПДН и его влияния на вашу кредитную историю рекомендуется обратиться в банк или использовать кредитный калькулятор."
247,"Что делать при мошеннических автоплатежах, как снизить риск повторения?","При обнаружении мошеннических автоплатежей необходимо сразу же обратиться в банк, чтобы заблокировать подозричные платежи. Для снижения риска повторения таких ситуаций рекомендуется:

1. Регулярно проверять историю платежей в личном кабинете или мобильном приложении банка.
2. Установить лимиты на автоплатежи, чтобы ограничить сумму и количество операций.
3. Отключить автоплатежи, которые не используются или вызывают подозрения.
4. Использовать двухфакторную аутентификацию для подтверждения платежей.
5. Регулярно обновлять пароли и не использовать одни и те же пароли для разных сервисов.
6. Внимательно изучать условия подписок и автоплатежей перед их активацией.

Если у вас возникли подозрения о мошеннических действиях, немедленно свяжитесь с банком для получения дальнейших инструкций."
248,Когда вступят в силу изменения в ОСАГО после подачи заявления?,"Изменения в ОСАГО вступают в силу в течение 5 рабочих дней после подачи заявления в страховую компанию. Этот срок установлен законодательством и применяется ко всем изменениям, связанным с полисом ОСАГО, включая изменение данных владельца, транспортного средства или других условий страхования."
249,Почему новичку опасно спекулировать деривативами?,"Спекулировать деривативами опасно для новичков по нескольким причинам:

1. Высокий риск. Деривативы могут привести к значительным финансовым потерям, особенно если у новичков нет достаточного опыта и знаний.

2. Сложность инструментов. Деривативы — это сложные финансовые инструменты, которые требуют глубокого понимания рынка, механизмов работы и рисков.

3. Рыночная волатильность. Деривативы часто связаны с высокой волатильностью, что может привести к резким изменениям цен и убыткам.

4. Плечо. Многие деривативы используют кредитное плечо, что увеличивает как потенциальную прибыль, так и потенциальные убытки.

5. Отсутствие ликвидности. Некоторые деривативы могут быть малоликвидными, что затрудняет их продажу по выгодной цене.

6. Эмоциональные решения. Новички могут принимать импульсивные решения, основанные на эмоциях, а не на анализе.

Рекомендуется сначала изучить основы работы с деривативами, получить опыт на демо-счетах и проконсультироваться с финансовыми экспертами перед началом торговли."
250,Как корректно учесть территориальный коэффициент при покупке ОСАГО онлайн?,"Для учета территориального коэффициента при покупке ОСАГО онлайн необходимо следовать нескольким шагам:

1. **Выбор региона**: При оформлении полиса в онлайн-сервисе банка или страховой компании укажите регион, в котором будет зарегистрировано транспортное средство. Это влияет на территориальный коэффициент.

2. **Проверка коэффициента**: Убедитесь, что выбранный регион соответствует фактическому месту регистрации автомобиля. Территориальный коэффициент может варьироваться в зависимости от региона.

3. **Подтверждение данных**: Введите все необходимые данные о транспортном средстве и водителях, чтобы система корректно рассчитала стоимость полиса с учетом всех коэффициентов, включая территориальный.

4. **Проверка расчета**: Перед оплатой внимательно проверьте все данные и расчеты, чтобы убедиться, что территориальный коэффициент учтен правильно.

Если у вас возникли сомнения или вопросы, лучше обратиться в службу поддержки банка или страховой компании для уточнения деталей."
251,Какой общий риск несут клиент брокера и владелец депозитарных расписок при отзывах лицензий у посредников?,"Общий риск для клиента брокера и владельца депозитарных расписок при отзыве лицензии у посредника заключается в возможной потере доступа к своим активам. В случае отзыва лицензии у брокера клиенты могут столкнуться с задержками в выполнении поручений, а также с риском неполучения своих активов. Что касается владельцев депозитарных расписок, то они могут столкнуться с проблемами при попытке продать свои расписки, так как их стоимость может резко упасть. В обоих случаях клиенты могут потерять часть своих инвестиций или столкнуться с задержками в их возврате."
252,Какая страховка обязательна при ипотеке?,"При ипотеке обязательна страховка имущества, которое выступает залогом по кредиту. Это требование закреплено законодательством и направлено на защиту интересов банка. В некоторых случаях банк может также потребовать страхование жизни и здоровья заемщика, но это не является обязательным требованием по закону, а скорее условием конкретного банка."
253,Что делать с сомнительной или поврежденной банкнотой?,"Сомнительную или поврежденную банкноту необходимо сдать в банк для проверки и обмена. Банк проведет экспертизу и примет решение о ее обмене на новую банкноту. Для этого обратитесь в отделение банка, где вам помогут оформить заявление и провести необходимые процедуры."
254,Как сочетается рекомендация работать официально с защитой пенсионных накоплений государством?,"Для понимания вопроса, давайте разберём его по частям.

1. Рекомендация работать официально. Это значит, что работодатель должен оформлять вас официально, то есть заключать трудовой договор, платить зарплату ""в белом"", удерживать и перечислять налоги и страховые взносы.

2. Защита пенсионных накоплений государством. Это значит, что государство гарантирует сохранность и инвестирование ваших пенсионных накоплений, которые формируются за счёт страховых взносов работодателя.

Сочетание этих двух аспектов выглядит следующим образом:

- Работая официально, вы получаете зарплату, с которой работодатель перечисляет страховые взносы в Пенсионный фонд.
- Эти взносы формируют ваши пенсионные накопления, которые государство гарантирует защитить и инвестировать.
- Таким образом, работая официально, вы обеспечиваете себе будущую пенсию, которая будет формироваться за счёт страховых взносов, а государство гарантирует сохранность и инвестирование этих средств.

Это основной механизм, как рекомендация работать официально сочетается с защитой пенсионных накоплений государством."
255,Чем биржевые фонды отличаются от ПИФов по комиссиям и ликвидности?,"Биржевые фонды (ETF) и паевые инвестиционные фонды (ПИФы) отличаются по комиссиям и ликвидности следующим образом:

1. Комиссии:
- ETF: Обычно имеют более низкие комиссии по сравнению с ПИФами. Комиссия за управление ETF составляет около 0,1-0,7% годовых, а у ПИФов может достигать 1-3% годовых. Также при покупке и продаже ETF могут взиматься биржевые комиссии, но они обычно ниже, чем у ПИФов.
- ПИФы: Комиссии за управление выше, а также могут взиматься комиссии за вход и выход из фонда. Например, комиссия за покупку пая может составлять 1-3%, а за продажу - 0,5-1%.

2. Ликвидность:
- ETF: Обычно более ликвидны, так как их можно покупать и продавать на бирже в течение торгового дня по рыночной цене. Это позволяет быстро реагировать на изменения на рынке.
- ПИФы: Ликвидность ниже, так как покупка и продажа паев осуществляется по расчетной стоимости, которая определяется один раз в день. Также может быть установлен минимальный срок владения паями, например, 30 дней.

Таким образом, ETF обычно более выгодны с точки зрения комиссий и ликвидности, но выбор между ними зависит от ваших инвестиционных целей и стратегии."
256,Чем отличается защита сбережений в банке от защиты в кредитном потребительском кооперативе?,"Защита сбережений в банке и в кредитном потребительском кооперативе (КПК) имеет существенные различия.

В банке сбережения клиентов защищены системой страхования вкладов. В России это Агентство по страхованию вкладов (АСВ), которое гарантирует возврат вкладов до 1,4 миллиона рублей на одного вкладчика в одном банке. Если банк обанкротится, АСВ выплатит вкладчику эту сумму в течение определенного срока.

В кредитных потребительских кооперативах (КПК) такая система страхования отсутствует. КПК не входят в систему страхования вкладов, и в случае их банкротства возврат средств вкладчикам не гарантирован. Вкладчики КПК зависят от финансовой устойчивости самого кооператива.

Таким образом, защита сбережений в банке более надежна и гарантирована государством, тогда как в КПК она зависит от финансового состояния кооператива и не имеет государственных гарантий."
257,Какие меры Банк России применяет для защиты клиентов?,"Банк России применяет несколько мер для защиты клиентов банков. Вот основные из них:

1. Страхование вкладов. Все вклады физических лиц в банках, которые имеют лицензию Банка России, застрахованы. Максимальная сумма выплаты по вкладам составляет 1,4 миллиона рублей.

2. Контроль за деятельностью банков. Банк России проводит регулярные проверки банков, чтобы убедиться, что они соблюдают законы и нормативные акты. Это помогает предотвратить мошенничество и другие нарушения.

3. Информирование клиентов. Банк России разъясняет права и обязанности клиентов, а также информирует о рисках, связанных с банковскими продуктами.

4. Работа с жалобами. Банк России рассматривает жалобы клиентов на банки и принимает меры в случае нарушений.

5. Лицензирование и отзыв лицензий. Банк России выдает лицензии на осуществление банковских операций и может отозвать их в случае нарушений."
258,Чем электронные деньги отличаются от записей в блокчейне?,"Электронные деньги и записи в блокчейне отличаются по нескольким ключевым параметрам:

1. **Технология и инфраструктура**:
   - Электронные деньги обычно работают в рамках традиционных финансовых систем, таких как банковские системы, платежные системы (например, Visa, Mastercard) или электронные кошельки (например, PayPal, WebMoney).
   - Записи в блокчейне используют распределенную технологию, где данные хранятся на множестве узлов сети, а транзакции подтверждаются участниками сети (майнерами или валидаторами).

2. **Централизация и децентрализация**:
   - Электронные деньги обычно централизованы: их эмиссию и контроль осуществляют банки или финансовые организации.
   - Записи в блокчейне децентрализованы: нет единого центра управления, данные хранятся и обрабатываются всеми участниками сети.

3. **Анонимность и прозрачность**:
   - Электронные деньги могут быть как анонимными (например, некоторые криптовалюты), так и привязанными к личности (например, банковские карты).
   - Записи в блокчейне обычно прозрачны: все транзакции доступны для просмотра, но при этом могут быть анонимными (например, в Bitcoin адреса не привязаны к реальным лицам).

4. **Регулирование и контроль**:
   - Электронные деньги регулируются государственными и международными финансовыми организациями, такими как Центральные банки, ФАТФ и другие.
   - Записи в блокчейне могут быть менее регулируемыми, особенно если речь идет о децентрализованных криптовалютах, хотя в последнее время регулирование в этой сфере ужесточается.

5. **Использование**:
   - Электронные деньги часто используются для повседневных платежей, переводов и других финансовых операций в рамках традиционной финансовой системы.
   - Записи в блокчейне могут использоваться для различных целей,"
259,"Какие материалы применяют для повышения износостойкости российских банкнот, пример — купюра 200 рублей?","Я консультирую по вопросам, относящимся к банку. Если у вас есть вопросы по банковским продуктам или услугам, пожалуйста, задавайте их."
260,Какие налоговые льготы дает ИИС-3 и на какой срок его имеет смысл открывать у брокера?,"ИИС-3 (индивидуальный инвестиционный счет с вычетом на вложения) предоставляет налоговый вычет на сумму вложенных средств. Вы можете вернуть 13% от внесенной суммы, но не более 52 000 рублей в год (максимальная сумма вложений 400 000 рублей в год). Этот вычет можно получить один раз в год.

Срок открытия ИИС-3 зависит от ваших инвестиционных целей. Если вы планируете получать налоговый вычет, то минимальный срок владения счетом должен быть не менее 3 лет. Если вы планируете использовать ИИС-3 для инвестирования, то срок может быть любым, но учитывайте, что налоговые льготы действуют только при соблюдении определенных условий."
261,"Как проверить, что предложение по кредиту или рефинансированию исходит от легального банка, а не от мошенников?","Чтобы убедиться, что предложение по кредиту или рефинансированию исходит от легального банка, а не от мошенников, следуйте этим шагам:

1. Проверьте официальный сайт банка. На сайте банка должна быть информация о предложениях, акциях и условиях кредитования. Если предложение не указано на сайте, это повод насторожиться.

2. Проверьте контактные данные. Убедитесь, что номер телефона, адрес электронной почты и другие контактные данные совпадают с теми, что указаны на официальном сайте банка.

3. Проверьте лицензию банка. На сайте Центрального банка России можно проверить, имеет ли банк лицензию на осуществление банковских операций.

4. Не переводите деньги заранее. Легальный банк не будет требовать от вас перевода денег за оформление кредита или рефинансирования.

5. Будьте внимательны с ссылками. Не переходите по ссылкам из подозрительных писем или сообщений. Введите адрес сайта банка вручную.

6. Проверьте отзывы. Посмотрите отзывы о банке на независимых платформах. Если есть множество отрицательных отзывов о мошенничестве, это повод насторожиться.

Если у вас есть сомнения, лучше связаться с банком напрямую через официальные каналы связи."
262,"Куда жаловаться, если оформили ИСЖ без тестирования под видом вклада?","Для решения данной ситуации вам следует обратиться в несколько инстанций:

1. **Банк, где был оформлен ИСЖ**: Напишите заявление в банк с требованием разъяснений и расторжения договора, если тестирование не проводилось. Укажите, что продукт был представлен как вклад, а не как ИСЖ.

2. **Центральный банк РФ**: Вы можете подать жалобу на банк в Центральный банк РФ через их официальный сайт или горячую линию. Укажите, что вам не предоставили полную информацию о продукте.

3. **Роспотребнадзор**: Если вы считаете, что ваши права как потребителя финансовых услуг были нарушены, вы можете подать жалобу в Роспотребнадзор.

4. **Судебные органы**: В случае, если банк отказывается расторгать договор или компенсировать убытки, вы можете обратиться в суд с иском о признании договора недействительным и взыскании убытков.

Перед обращением в судебные органы рекомендуется проконсультироваться с юристом."
263,Как вовлечь детей в семейное планирование финансов без жесткого контроля?,"Для вовлечения детей в семейное планирование финансов без жесткого контроля можно использовать следующие подходы:

1. Объясните основы финансовой грамотности. Расскажите детям о том, как работают деньги, как их зарабатывать и как их тратить. Это поможет им понять важность финансового планирования.

2. Вовлеките детей в обсуждение семейного бюджета. Объясните, какие расходы у семьи, какие доходы и как распределяются средства. Это поможет детям понять, как формируется семейный бюджет и как можно его оптимизировать.

3. Дайте детям возможность участвовать в принятии финансовых решений. Например, можно предложить им выбрать, на что потратить часть семейного бюджета. Это поможет им понять, как принимаются финансовые решения и как они влияют на семью.

4. Помогите детям научиться экономить. Объясните им, как важно откладывать деньги на будущее и как это может помочь им достичь своих целей. Можно предложить им открыть собственный счет в банке и научиться управлять своими деньгами.

5. Используйте игры и упражнения для обучения финансовой грамотности. Например, можно сыграть в игру, где дети должны распределить семейный бюджет или найти способы сэкономить деньги. Это поможет им лучше понять финансовые концепции и научиться применять их на практике.

6. Поощряйте детей за финансовую ответственность. Например, можно давать им небольшие суммы денег на карманные расходы и поощрять их за умное использование этих средств. Это поможет им научиться управлять своими деньгами и принимать ответственные финансовые решения."
264,"Как хранить акции, чтобы снизить риск потери при банкротстве брокера?","Для снижения риска потери акций при банкротстве брокера рекомендуется использовать несколько стратегий:

1. **Распределение активов между несколькими брокерами**. Это позволяет снизить риск потери всех активов в случае банкротства одного из брокеров.

2. **Использование индивидуального инвестиционного счета (ИИС)**. В случае банкротства брокера активы на ИИС защищены в рамках системы страхования вкладов.

3. **Хранение акций на счетах в разных юрисдикциях**. Это может предоставить дополнительную защиту в случае банкротства брокера.

4. **Регулярный мониторинг деятельности брокера**. Следите за финансовым состоянием брокера и его репутацией.

5. **Использование услуг центрального депозитария**. В некоторых странах центральные депозитарии предоставляют дополнительную защиту для инвесторов.

Важно помнить, что полная защита от рисков невозможна, но эти меры могут значительно снизить потенциальные потери."
265,"К кому обратиться, если МФО навязала платные услуги и отказывается возвращать деньги?","Для решения данной ситуации рекомендую обратиться в следующие инстанции:

1. В саму микрофинансовую организацию (МФО) с письменной претензией. Укажите в ней все обстоятельства дела, требования о возврате денежных средств и ссылки на законодательство. Сохраните копию претензии и отметьте о ее вручении.

2. Если МФО не реагирует на претензию, обратитесь в Роспотребнадзор. Это федеральный орган исполнительной власти, который защищает права потребителей. Вы можете подать жалобу через их официальный сайт или лично в территориальное управление.

3. Также можно обратиться в Центральный банк Российской Федерации. На их сайте есть специальный раздел для подачи жалоб на микрофинансовые организации.

4. Если сумма спора значительная, вы можете обратиться в суд. Для этого потребуется собрать все доказательства навязывания платных услуг и их оплаты.

Важно сохранять все документы, связанные с кредитом и навязанными услугами, а также переписку с МФО. Это поможет в защите ваших прав."
266,Как соотносятся создание безналичных денег банками с выпуском криптовалюты в блокчейне?,"Создание безналичных денег банками и выпуск криптовалюты в блокчейне — это два разных процесса, которые имеют свои особенности.

Безналичные деньги создаются банками в рамках их деятельности. Банки выдают кредиты, и эти средства поступают на счета клиентов, увеличивая денежную массу. Это происходит в рамках традиционной банковской системы и регулируется центральными банками.

Криптовалюта, в свою очередь, создается в блокчейне через процесс майнинга или других механизмов, таких как стейкинг. Криптовалюты не связаны с банковской системой и не регулируются центральными банками. Их выпуск и обращение основаны на децентрализованных технологиях.

Таким образом, создание безналичных денег банками и выпуск криптовалюты в блокчейне — это два разных процесса, которые существуют в разных финансовых экосистемах."
267,"Как безопасно купить страховку онлайн, чтобы при навязывании можно было вернуть деньги?","Для безопасной покупки страховки онлайн и возможности возврата денег в случае навязывания, следуйте этим шагам:

1. Покупайте страховку только на официальных сайтах страховых компаний или через проверенных агрегаторов.
2. Внимательно читайте условия договора перед оплатой. Убедитесь, что вы согласны со всеми пунктами.
3. Сохраняйте все документы, подтверждающие покупку, включая чеки, квитанции и электронные письма.
4. Если вам навязывают страховку, не подписывайте документы и не оплачивайте её. Вы можете отказаться от навязанной услуги.
5. В случае навязывания страховки, обратитесь в страховую компанию с заявлением о расторжении договора и возврате денежных средств. Приложите все подтверждающие документы.
6. Если страховая компания отказывается вернуть деньги, вы можете обратиться в финансовый омбудсман или в суд.

Если у вас возникли дополнительные вопросы по страхованию, обратитесь в службу поддержки вашего банка или страховой компании."
268,Где займы обычно обходятся дороже: в банках или в КПК?,"Заемные средства в микрофинансовых организациях (МФО) или кредитно-потребительских кооперативах (КПК) обычно обходятся дороже, чем в банках. Это связано с более высокими процентными ставками и дополнительными комиссиями, которые применяются в МФО и КПК. Банки, как правило, предлагают более низкие ставки по кредитам, так как они работают с большими объемами средств и имеют доступ к более дешевым источникам финансирования."
269,"Как проверить, что сайт оплаты или продажи полиса настоящий?","Для проверки подлинности сайта оплаты или продажи полиса рекомендуется следовать следующим шагам:

1. Проверьте URL-адрес сайта. Официальные сайты обычно имеют доменное имя, соответствующее названию компании или организации. Например, если вы покупаете полис у страховой компании ""АльфаСтрахование"", то URL-адрес сайта должен содержать ""alfastrahovanie.ru"".

2. Проверьте наличие SSL-сертификата. Настоящий сайт должен использовать защищенное соединение (HTTPS). Это можно проверить по наличию значка замка в адресной строке браузера.

3. Проверьте контактную информацию. На сайте должны быть указаны контактные данные компании, включая адрес, телефон и email. Вы можете позвонить по указанному номеру или отправить письмо, чтобы убедиться в их подлинности.

4. Проверьте отзывы и репутацию компании. Поищите информацию о компании в интернете, прочитайте отзывы клиентов. Это поможет вам понять, насколько надежна компания.

5. Проверьте наличие лицензии. Страховые компании должны иметь лицензию на осуществление страховой деятельности. Эта информация должна быть доступна на сайте или в открытых источниках.

6. Проверьте дизайн и содержание сайта. Мошеннические сайты часто имеют низкое качество дизайна, множество ошибок и некорректную информацию. Официальные сайты обычно выглядят профессионально и содержат полную и точную информацию.

Если у вас есть сомнения в подлинности сайта, лучше обратиться в службу поддержки вашего банка или напрямую в страховую компанию для уточнения информации."
270,Законен ли отказ в продаже ОСАГО из‑за несоответствия данных проверке в НСИС?,"Отказ в продаже ОСАГО из-за несоответствия данных проверке в НСИС (Национальной системе идентификации серийных номеров) может быть законным, если несоответствие подтверждается и не может быть устранено. НСИС проверяет соответствие данных о транспортном средстве, указанных в заявлении, с данными, содержащимися в государственных реестрах. Если данные не совпадают, страховая компания имеет право отказать в заключении договора ОСАГО до устранения расхождений."
271,Почему индекс бигмака не подходит для измерения инфляции?,"Индекс Бигмака не подходит для измерения инфляции по нескольким причинам.

Во-первых, он учитывает только один товар - гамбургер Бигмак, что делает его слишком узким показателем. Инфляция же измеряется на основе широкой корзины товаров и услуг, которые потребляют люди.

Во-вторых, индекс Бигмака не учитывает изменения в структуре потребления. Люди могут менять свои привычки и покупать другие товары, что не отражается в этом индексе.

В-третьих, индекс Бигмака не учитывает региональные различия в ценах. Цены на гамбургеры могут сильно различаться в разных странах и даже в разных городах одной страны.

В-четвертых, индекс Бигмака не учитывает изменения в качестве товара. Если качество гамбургера улучшается, но цена остается той же, это не отражается в индексе, хотя на самом деле покупательная способность денег увеличивается.

Таким образом, индекс Бигмака может служить лишь грубой оценкой инфляции и не может заменить официальные индексы потребительских цен."
272,"В какой срок после объявления санкций нужно перевести иностранные облигации к другому посреднику, чтобы не лишиться купонов?","Для перевода иностранных облигаций к другому посреднику после объявления санкций важно действовать оперативно. Обычно банки и брокеры устанавливают свои сроки для выполнения таких операций, но в условиях санкций они могут быть сокращены.

Рекомендуется уточнить у вашего текущего брокера или банка конкретные сроки и процедуры для перевода облигаций. В большинстве случаев, чем быстрее вы начнете процесс, тем выше шансы сохранить права на получение купонов.

Если у вас есть дополнительные вопросы по этому поводу, обратитесь к вашему брокеру или в службу поддержки банка."
273,Почему не стоит одновременно подавать много кредитных заявок при высоком ПДН?,"При подаче нескольких кредитных заявок одновременно, особенно при высоком уровне ПДН (потенциального долгового нагрузки), банки могут воспринимать это как повышенный риск. Это связано с тем, что:

1. Банки анализируют кредитную историю и могут увидеть несколько запросов за короткий промежуток времени.
2. Высокий ПДН указывает на то, что у вас уже есть значительные обязательства, и дополнительные кредиты могут усугубить финансовую нагрузку.
3. Множество заявок могут снизить ваш кредитный рейтинг, так как каждое обращение фиксируется в кредитной истории.
4. Банки могут отказать в кредите, опасаясь, что вы не сможете выплатить все обязательства.

Рекомендуется подавать заявки с интервалом и тщательно оценивать свою способность к погашению."
274,В каких случаях страховку оплачивает не клиент?,"Страховку может оплачивать не клиент в следующих случаях:

1. Если страховка предоставляется банком в рамках акции или специального предложения. В этом случае банк может взять на себя оплату страховки полностью или частично.

2. Если страховка включена в пакет услуг, который клиент приобретает у банка. Например, при оформлении кредита или ипотеки.

3. Если страховка оплачивается работодателем. В некоторых случаях работодатель может оплачивать страховку за своих сотрудников.

4. Если страховка оплачивается третьей стороной. Например, если страховка является частью договора между клиентом и другим лицом или организацией.

5. Если страховка оплачивается государством. В некоторых случаях государство может оплачивать страховку для определенных категорий граждан."
275,Какие ограничения на выдачу наличной валюты действуют для средств на счетах по сравнению с деньгами в банковской ячейке?,"Ограничения на выдачу наличной валюты с банковских счетов и из банковских ячеек различаются.

Для средств на счетах:
- Банк может устанавливать лимиты на снятие наличных в день или месяц.
- Обычно лимиты зависят от типа счета и статуса клиента.
- Для физических лиц лимиты могут быть ниже, чем для юридических.

Для средств в банковской ячейке:
- Ячейка предоставляет доступ к наличным деньгам или ценностям без ограничений по сумме.
- Клиент может снять всю сумму, которая находится в ячейке.
- Однако доступ к ячейке возможен только в рабочее время банка и при наличии документов, подтверждающих право доступа.

Таким образом, банковская ячейка предоставляет больше свободы в плане снятия наличных по сравнению с банковским счетом."
276,Почему для успеха важен отказ от шаблонов?,"Отказ от шаблонов важен для успеха, потому что шаблоны ограничивают креативность и инновационность. Они могут мешать адаптации к изменяющимся условиям и новым вызовам. Шаблоны часто основаны на прошлом опыте, который может не быть актуальным в текущей ситуации. Отказ от шаблонов позволяет находить нестандартные решения, которые могут привести к более эффективным результатам."
277,"Где искать официальные списки мер поддержки, банков-участников программ?","Официальные списки мер поддержки и банков-участников программ можно найти на сайте Правительства Российской Федерации, на сайте Центрального банка Российской Федерации, а также на сайтах соответствующих министерств и ведомств, которые реализуют эти программы. Например, на сайте Минэкономразвития, Минфина, Минпромторга и других. Также информацию можно уточнить на сайтах самих банков, которые участвуют в программах поддержки."
278,"Что грозит созаемщику, если основной заемщик прекратил выплаты?","Если основной заемщик прекратил выплаты по кредиту, созаемщик несет солидарную ответственность по долгу. Это означает, что банк может требовать погашения задолженности как с основного заемщика, так и с созаемщика. В случае невыполнения обязательств основным заемщиком, банк вправе обратиться к созаемщику с требованием о полном погашении кредита.

Созаемщику могут грозить следующие последствия:
1. Начисление пеней и штрафов за просрочку платежей.
2. Ухудшение кредитной истории.
3. Возможность взыскания задолженности через суд, включая арест имущества или доходов.
4. Ухудшение отношений с банком, что может повлиять на возможность получения кредитов в будущем.

Для решения проблемы созаемщику рекомендуется связаться с банком и обсудить возможные варианты реструктуризации долга или других мер по погашению задолженности."
279,Какие последствия наступают при несвоевременных выплатах по краудлендингу и по облигациям?,"При несвоевременных выплатах по краудлендингу и облигациям могут возникнуть следующие последствия:

1. **Краудлендинг**:
   - **Штрафы и пени**: Задержка платежей может привести к начислению штрафов и пеней, что увеличит общую сумму долга.
   - **Ухудшение репутации**: Заемщик может потерять доверие инвесторов, что затруднит получение кредитов в будущем.
   - **Юридические последствия**: В некоторых случаях заемщик может быть привлечен к юридической ответственности, включая судебные иски.

2. **Облигации**:
   - **Падение кредитного рейтинга**: Несвоевременные выплаты могут привести к снижению кредитного рейтинга эмитента, что увеличит стоимость заимствований в будущем.
   - **Штрафы и пени**: Эмитент может быть обязан выплатить штрафы и пени за просрочку.
   - **Юридические последствия**: В случае значительных задержек инвесторы могут подать в суд для взыскания долга.
   - **Досрочное погашение**: В некоторых случаях инвесторы могут потребовать досрочного погашения облигаций.

Если у вас есть дополнительные вопросы по этому поводу, пожалуйста, уточните."
280,Почему досрочный платеж по кредиту лучше вносить в дату планового платежа?,"Досрочный платеж по кредиту лучше вносить в дату планового платежа, потому что в этот день банк рассчитывает проценты за следующий период. Если внести платеж в дату планового платежа, то проценты за следующий период будут рассчитаны на меньшую сумму кредита. Это позволит сэкономить на процентах."
281,Как учесть инфляцию в семейном плане для сохранения сбережений?,"Для учета инфляции в семейном плане и сохранения сбережений можно рассмотреть несколько стратегий:

Во-первых, важно диверсифицировать свои сбережения. Не стоит держать все средства на одном счете или в одном виде активов. Например, можно распределить сбережения между депозитами, облигациями, акциями и недвижимостью. Это поможет снизить риски и компенсировать потери от инфляции.

Во-вторых, стоит учитывать доходность инвестиций. Важно, чтобы доходность ваших инвестиций превышала уровень инфляции. Например, если инфляция составляет 5% в год, то доходность ваших инвестиций должна быть выше этого значения.

В-третьих, можно рассмотреть возможность инвестирования в активы, которые традиционно защищают от инфляции. К таким активам относятся, например, золото, недвижимость и облигации с плавающим купоном.

В-четвертых, важно регулярно пересматривать свой инвестиционный портфель и корректировать его в зависимости от изменения экономической ситуации и уровня инфляции.

Наконец, стоит учитывать, что инфляция может влиять на ваши текущие расходы. Поэтому важно регулярно пересматривать свой бюджет и корректировать его в зависимости от изменения цен на товары и услуги."
282,Чем отличаются решения для закрытия кассового разрыва для инвестора на бирже и для бизнеса?,"Решения для закрытия кассового разрыва для инвестора на бирже и для бизнеса различаются по нескольким ключевым параметрам:

1. **Цель использования**:
   - Для инвестора на бирже: основная цель — обеспечить ликвидность для совершения сделок на рынке ценных бумаг, управления портфелем или выполнения обязательств перед брокером.
   - Для бизнеса: основная цель — поддержание текущей деятельности, выполнение обязательств перед контрагентами, поставщиками и сотрудниками, а также финансирование операционной деятельности.

2. **Инструменты и продукты**:
   - Для инвестора: могут использоваться маржинальные счета, кредитные линии, краткосрочные займы, а также продажа активов.
   - Для бизнеса: могут использоваться овердрафт, кредитные линии, факторинг, лизинг, а также краткосрочные займы и другие финансовые инструменты.

3. **Условия и требования**:
   - Для инвестора: условия могут быть более гибкими, так как риски связаны с рыночными колебаниями и ликвидностью активов.
   - Для бизнеса: условия могут быть более строгими, так как требуется оценка финансового состояния компании, платежеспособности и кредитной истории.

4. **Сроки и объемы**:
   - Для инвестора: сроки могут быть краткосрочными, а объемы зависят от рыночных условий и стратегии инвестора.
   - Для бизнеса: сроки могут быть как краткосрочными, так и среднесрочными, а объемы зависят от потребностей бизнеса и его финансового плана.

5. **Риски**:
   - Для инвестора: основные риски связаны с рыночными колебаниями и ликвидностью активов.
   - Для бизнеса: основные риски связаны с финансовой устойчивостью, платежеспособностью и выполнением обязательств.

Таким образом, решения для закрытия кассового разрыва для инвестора"
283,Почему сумма списания по рублевой карте за границей может отличаться от ожидаемой?,"Сумма списания по рублевой карте за границей может отличаться от ожидаемой по нескольким причинам:

1. Курс конвертации. Банк использует свой внутренний курс обмена валют, который может отличаться от официального курса Центрального банка или курса, предложенного в обменных пунктах.

2. Комиссия за конвертацию. Некоторые банки взимают дополнительную комиссию за конвертацию рублей в иностранную валюту.

3. Комиссия за операцию за границей. Банк может взимать комиссию за проведение операций за пределами страны.

4. Дополнительные сборы. В некоторых случаях могут взиматься дополнительные сборы, например, за использование карты в определенных странах или за снятие наличных в банкоматах.

5. Округление суммы. В некоторых случаях сумма может быть округлена до ближайшего значения, что также может привести к различию в ожидаемой сумме списания.

Для более точного расчета рекомендуется уточнять условия использования карты за границей у вашего банка."
284,Чем краудинвестинг отличается от краудлендинга?,"Краудинвестинг и краудлендинг — это разные формы привлечения инвестиций через интернет, но они имеют ключевые различия.

Краудинвестинг (инвестиционное краудфандинг) — это привлечение инвестиций в стартапы или проекты в обмен на долю в бизнесе. Инвесторы становятся совладельцами проекта и могут получать доход в виде дивидендов или за счет роста стоимости акций.

Краудлендинг (заимствование через краудфандинг) — это привлечение заемных средств от множества инвесторов для финансирования проекта или бизнеса. Инвесторы предоставляют деньги в виде кредитов и получают проценты по ним, а также возврат основной суммы.

Таким образом, основное отличие заключается в том, что в краудинвестинге инвесторы становятся совладельцами проекта, а в краудлендинге — кредиторами."
285,Что делать при подозрительном звонке «службы безопасности» на фоне блокировки карты?,"При подозрительном звонке, особенно если он связан с блокировкой карты, важно действовать осторожно. Вот что нужно сделать:

1. Не предоставляйте никакую информацию по телефону, особенно пароли, CVV-коды или SMS-коды.
2. Перезвоните в банк по официальному номеру, указанному на сайте или на обратной стороне карты, чтобы уточнить информацию.
3. Если карта действительно заблокирована, уточните причину блокировки и следуйте инструкциям банка для разблокировки.
4. Если звонок кажется подозрительным, сообщите об этом в службу безопасности банка.

Всегда проверяйте информацию через официальные каналы связи с банком."
286,"В каких ситуациях предпринимателю проще воспользоваться лизингом, чем кредитом?","Лизинг может быть более выгодным для предпринимателя в следующих ситуациях:

1. Если необходимо приобрести оборудование или транспорт, которые быстро устаревают. Лизинг позволяет регулярно обновлять активы, не тратя значительных средств на их покупку.

2. Если у предпринимателя нет достаточного количества собственных средств для первоначального взноса, который требуется при оформлении кредита.

3. Если предприниматель хочет сохранить ликвидность и не хочет выделять значительные средства на покупку активов.

4. Если предприниматель хочет снизить налоговую нагрузку. В некоторых случаях лизинг позволяет списывать расходы на лизинговые платежи, что снижает налогооблагаемую базу.

5. Если предприниматель не хочет брать на баланс компании дорогостоящее оборудование или транспорт, так как это может ухудшить финансовые показатели компании.

6. Если предприниматель хочет избежать рисков, связанных с владением активом, таких как его амортизация, страхование и техническое обслуживание. В случае лизинга эти обязанности часто ложатся на лизингодателя.

7. Если предприниматель хочет получить доступ к оборудованию или транспорту, которые он не смог бы приобрести в собственность из-за высокой стоимости."
287,Почему обещания «100% результата» и гарантированной прибыли без риска — признак мошенничества?,"Обещания «100% результата» и гарантированной прибыли без риска являются признаком мошенничества по нескольким причинам:

1. **Риск всегда присутствует**: Любая финансовая операция, включая инвестиции, несет в себе определенный уровень риска. Даже самые надежные активы могут подвергаться колебаниям на рынке.

2. **Отсутствие гарантий**: В финансовом мире нет абсолютных гарантий. Даже самые консервативные инвестиции могут не принести ожидаемой прибыли из-за непредвиденных обстоятельств.

3. **Мошеннические схемы**: Часто такие обещания используются для привлечения доверчивых инвесторов. Мошенники могут обещать высокую доходность, но на самом деле использовать средства для своих целей, не возвращая их инвесторам.

4. **Регуляторные ограничения**: В большинстве стран финансовые организации обязаны предупреждать клиентов о рисках. Обещания гарантированной прибыли могут нарушать эти требования и быть основанием для привлечения к ответственности.

Если вам предлагают такие условия, лучше отказаться и обратиться в проверенные финансовые учреждения, которые предоставляют прозрачную информацию о рисках и возможных доходах."
288,В каких случаях можно получить повышенную компенсацию до 10 млн рублей при проблемах с банком?,"Повышенная компенсация до 10 млн рублей может быть выплачена в следующих случаях:

1. Если банк признан банкротом и введено внешнее управление.
2. Если у банка отозвана лицензия на осуществление банковских операций.
3. Если у банка возникли проблемы с ликвидностью, и он не может выполнить свои обязательства перед вкладчиками.

В этих случаях Агентство по страхованию вкладов (АСВ) выплачивает компенсацию вкладчикам в размере до 10 млн рублей."
289,"Какие налоговые либо государственные стимулы доступны для НПФ, ДМС, страхования жизни?","Для некоммерческих пенсионных фондов (НПФ), добровольного медицинского страхования (ДМС) и страхования жизни в России предусмотрены следующие налоговые и государственные стимулы:

1. **Налоговые льготы для НПФ:**
   - Доходы НПФ от инвестирования пенсионных накоплений освобождаются от налогообложения.
   - Взносы в НПФ могут быть учтены при расчете налоговой базы по налогу на прибыль организаций.

2. **Налоговые льготы для ДМС:**
   - Расходы на добровольное медицинское страхование работников могут быть учтены при расчете налоговой базы по налогу на прибыль организаций.
   - Взносы работодателя на ДМС не облагаются страховыми взносами в ПФР, ФСС и ФФОМС.

3. **Налоговые льготы для страхования жизни:**
   - Доходы от страхования жизни освобождаются от налогообложения, если договор заключен на срок не менее 5 лет.
   - Взносы по договорам страхования жизни могут быть учтены при расчете налоговой базы по налогу на прибыль организаций.

4. **Государственные стимулы:**
   - Государство может предоставлять субсидии и гранты на развитие пенсионных фондов и страховых компаний.
   - В некоторых регионах могут быть дополнительные льготы для страховых компаний, работающих в социальной сфере.

Для получения более точной информации рекомендуется обратиться в налоговые органы или консультироваться с профессиональными бухгалтерами и юристами."
290,"Почему при разделе ипотечной квартиры важно учитывать лимиты льготных программ, если ставка была снижена за счет застройщика?","При разделе ипотечной квартиры важно учитывать лимиты льготных программ, даже если ставка была снижена за счет застройщика, по нескольким причинам:

Во-первых, льготные программы, такие как субсидированная ипотека, обычно имеют определенные условия и ограничения. Например, они могут быть привязаны к конкретному заемщику или объекту недвижимости. Если при разделе квартиры происходит смена собственника или заемщика, это может повлиять на возможность продолжения использования льготной программы.

Во-вторых, снижение ставки за счет застройщика может быть временным или иметь другие условия. Например, застройщик может снижать ставку только на определенный срок или при условии выполнения определенных условий. При разделе квартиры эти условия могут измениться, и заемщик может потерять право на льготную ставку.

В-третьих, льготные программы могут иметь ограничения на максимальную сумму кредита или на максимальную стоимость объекта недвижимости. При разделе квартиры может измениться стоимость доли, и это может повлиять на возможность продолжения использования льготной программы.

Таким образом, при разделе ипотечной квартиры важно учитывать все условия и ограничения льготных программ, чтобы избежать возможных проблем в будущем."
291,Какие признаки укажут на финансовую пирамиду под видом инвестпроекта либо «работы с высоким доходом»?,"Финансовые пирамиды часто маскируются под легальные инвестиционные проекты или предложения о работе с высоким доходом. Вот основные признаки, которые могут указать на мошенническую схему:

1. **Обещания высокой доходности при минимальных рисках**: Если проект обещает доходность, значительно превышающую рыночные стандарты, без соответствующих рисков, это должно насторожить.

2. **Отсутствие прозрачности**: Нет четкого описания бизнес-модели, отсутствуют финансовые отчеты, не раскрываются детали инвестиционного процесса.

3. **Наличие схемы привлечения новых участников**: Если основной источник дохода проекта — привлечение новых инвесторов или участников, а не реальная экономическая деятельность, это признак пирамиды.

4. **Отсутствие лицензий и регулирования**: Легальные инвестиционные проекты обычно имеют соответствующие лицензии и регулируются государственными органами.

5. **Давление на принятие решения**: Мошенники часто используют психологическое давление, предлагая ограниченные по времени акции или бонусы за быстрый вступление в проект.

6. **Отсутствие реального продукта или услуги**: Если проект не предлагает конкретный товар или услугу, а только обещает доход от инвестиций, это тревожный знак.

7. **Проблемы с выводом средств**: Участники пирамид часто сталкиваются с трудностями при попытке вывести свои средства или получают отговорки о временных задержках.

Если вы заметили хотя бы один из этих признаков, рекомендуется отказаться от участия в проекте и проверить его легальность через официальные источники."
292,Почему включение платных сервисов в сумму кредита ведет к переплате?,"Включение платных сервисов в сумму кредита увеличивает общую сумму займа, на которую начисляются проценты. Это приводит к тому, что клиент платит проценты не только на основную сумму кредита, но и на стоимость этих сервисов. В результате общая переплата по кредиту возрастает."
293,"Когда уместнее выбрать краудфандинг, а не копить самостоятельно?","Краудфандинг может быть уместным выбором в следующих случаях:

1. Когда у вас есть конкретный проект или идея, которая требует значительных финансовых вложений, а собственных сбережений недостаточно.
2. Если вы хотите привлечь внимание к своему проекту и получить поддержку сообщества.
3. Когда вы готовы к активному продвижению и маркетингу вашего проекта, чтобы привлечь внимание потенциальных инвесторов.
4. Если вы уверены в своей способности выполнить проект и предоставить инвесторам обещанные бонусы или вознаграждения.

Копить самостоятельно может быть лучше, если:

1. У вас есть конкретная финансовая цель, которую вы можете достичь за разумный срок без привлечения внешних средств.
2. Вы предпочитаете сохранять полный контроль над своими финансами и не хотите делиться информацией о своем проекте с широкой аудиторией.
3. Вы не готовы к дополнительным усилиям, связанным с продвижением и маркетингом проекта."
294,Как оформить вычет на инвестиционный доход по ИИС‑3 при закрытии счета?,"Для оформления вычета на инвестиционный доход по ИИС-3 при закрытии счета необходимо выполнить следующие шаги:

1. Закройте инвестиционный счет ИИС-3. Для этого обратитесь в банк или брокерскую компанию, где открыт счет, и подавайте заявление на закрытие.

2. После закрытия счета получите справку о доходах по форме 2-НДФЛ. Эта справка подтверждает сумму начисленного дохода и удержанного налога.

3. Подготовьте декларацию 3-НДФЛ. В декларации укажите доход, полученный от инвестиций, и сумму налога, которую вы хотите вернуть.

4. Подайте декларацию в налоговую инспекцию. Это можно сделать через личный кабинет на сайте ФНС, через банк или брокерскую компанию, либо лично в налоговой инспекции.

5. Дождитесь решения налоговой инспекции. Обычно решение принимается в течение 3 месяцев.

6. Если налоговая инспекция одобрит вашу декларацию, вам будет возвращена сумма налога, удержанного с инвестиционного дохода.

Важно: Для получения вычета необходимо, чтобы инвестиционный счет ИИС-3 был открыт не менее 3 лет. Также необходимо, чтобы вы не закрывали счет ранее и не снимали средства со счета до истечения срока его действия."
295,"Как залог снижает риск потерь для того, кто предоставляет деньги?","Залог снижает риск потерь для кредитора (того, кто предоставляет деньги) следующим образом:

1. Залог обеспечивает дополнительную гарантию возврата кредита. Если заемщик не выполняет свои обязательства, кредитор имеет право на продажу заложенного имущества для покрытия долга.

2. Залог повышает вероятность возврата кредита, так как заемщик заинтересован сохранить заложенное имущество.

3. Залог позволяет кредитору требовать более низкие процентные ставки, так как риск невыполнения обязательств снижается.

4. Залог может быть использован для компенсации убытков в случае дефолта заемщика.

Таким образом, залог снижает финансовые риски для кредитора и повышает надежность кредитных операций."
296,Обязателен ли для продавцов прием платежей по QR-коду через СБП по сравнению с планом приема цифровых рублей крупным бизнесом?,"Для продавцов прием платежей по QR-коду через Систему быстрых платежей (СБП) не является обязательным. Это добровольный инструмент, который может быть удобен для клиентов, но его использование зависит от решения самого бизнеса.

Что касается цифровых рублей, то их внедрение и прием крупным бизнесом также не является обязательным на данный момент. Банк России и регуляторы могут вводить рекомендации или требования в будущем, но пока это не является обязательным условием."
297,Может ли банк отказать в кредите после биометрической идентификации?,"Банк может отказать в кредите даже после прохождения биометрической идентификации. Биометрическая идентификация подтверждает личность клиента, но не гарантирует одобрение кредита. Решение о выдаче кредита принимается на основе анализа кредитной истории, финансового состояния и других факторов, которые оценивает банк."
298,Какие признаки операций чаще всего вызывают у банка подозрения в мошенничестве?,"Банки обращают внимание на следующие признаки, которые могут вызвать подозрения в мошенничестве:

1. **Необычные суммы транзакций**. Это могут быть как слишком большие, так и слишком малые суммы, которые не соответствуют обычной активности клиента.

2. **Частые и быстрые переводы**. Если клиент внезапно начинает совершать множество переводов в короткий промежуток времени, это может вызвать подозрения.

3. **Переводы на необычные счета**. Например, на счета, которые ранее не использовались или находятся в других странах.

4. **Изменение привычного поведения**. Например, если клиент обычно совершает операции только в определенное время суток, а затем внезапно начинает делать это в другое время.

5. **Попытки обойти ограничения**. Например, если клиент пытается разбить крупную сумму на несколько мелких переводов, чтобы избежать лимитов.

6. **Необычные запросы**. Например, если клиент внезапно начинает интересоваться операциями, которые он ранее не совершал, или просит изменить данные для доступа к счету.

Если банк замечает такие признаки, он может заблокировать операцию и запросить у клиента дополнительную информацию для подтверждения законности транзакции."
299,Какой вариант финансирования выбрать сезонному бизнесу при риске отказа банка из‑за регулярных платежей?,"Для сезонного бизнеса с риском отказа банка из-за регулярных платежей можно рассмотреть несколько вариантов финансирования:

1. Кредитная линия: позволяет брать деньги по мере необходимости и возвращать их в удобное время, что особенно удобно для сезонного бизнеса. Банк может установить лимит, который можно использовать частично или полностью.

2. Овердрафт: это возможность снять больше денег, чем есть на счете, но только на определенный срок. Это может быть полезно для покрытия краткосрочных расходов.

3. Факторинг: продажа дебиторской задолженности банку или специализированной компании. Это позволяет получить деньги сразу, не дожидаясь оплаты от клиентов.

4. Лизинг: аренда оборудования или другого имущества, необходимого для бизнеса, с последующим выкупом. Это может быть полезно, если бизнес нуждается в дорогостоящем оборудовании, но не может позволить себе его покупку.

5. Кредит под залог имущества: если у бизнеса есть имущество, которое можно использовать в качестве залога, это может быть хорошим вариантом. Банк может предоставить кредит под залог этого имущества.

Важно помнить, что каждый из этих вариантов имеет свои плюсы и минусы, и выбор зависит от конкретной ситуации и потребностей бизнеса. Также стоит учитывать, что банки могут иметь разные требования и условия для предоставления кредитов, поэтому стоит сравнить несколько предложений перед принятием решения."
300,"Как действует страхование вкладов для номинального счета на ребенка, по сравнению с обычным банковским вкладом?","Страхование вкладов для номинального счета на ребенка действует аналогично страхованию обычного банковского вклада. В обоих случаях вклады застрахованы в рамках системы страхования вкладов, и максимальная сумма страхового возмещения составляет 1,4 миллиона рублей.

Номинальный счет на ребенка открывается на его имя, но управляется законным представителем (родителем или опекуном). В случае отзыва лицензии у банка, средства на номинальном счете, как и на обычном вкладе, подлежат возмещению в установленном порядке.

Таким образом, основное отличие номинального счета заключается в том, что он открывается на ребенка, а не на взрослого, но в части страхования вкладов различий нет."
301,"Как распознать обман в звонках про блокировку карты из‑за SWIFT, где перепроверять такую информацию?","Для проверки информации о блокировке карты из-за SWIFT следует действовать следующим образом:

1. **Не предоставляйте никакие данные по телефону**. Банк никогда не будет требовать пароли, CVV-коды, SMS-коды или другие конфиденциальные данные по телефону.

2. **Перезвоните в банк самостоятельно**. Используйте официальные контактные данные, указанные на сайте банка или на обратной стороне вашей карты. Не используйте номера, которые прислали вам неизвестные звонящие.

3. **Обратитесь в личный кабинет или мобильное приложение банка**. Проверьте статус вашей карты и последние операции. Если карта действительно заблокирована, в личном кабинете должна быть соответствующая информация.

4. **Свяжитесь с поддержкой банка через официальные каналы**. Например, через чат в мобильном приложении или через форму обратной связи на сайте банка.

Если у вас есть подозрения, что звонок был мошенническим, сообщите об этом в банк. Мошенники часто используют подобные уловки, чтобы получить доступ к вашим средствам."
302,По каким признакам распознать фишинговый сайт или письмо?,"Фишинговые сайты и письма можно распознать по следующим признакам:

1. Подозрительный адрес электронной почты или URL-сайта. Обычно в них содержатся ошибки, необычные символы или доменные имена, которые не соответствуют официальным.

2. Наличие орфографических и грамматических ошибок в тексте.

3. Требуют ввести личные данные, пароли или информацию о карте.

4. Создают чувство срочности или страха, чтобы заставить вас действовать быстро.

5. Необычные вложения или ссылки, которые ведут на подозрительные сайты.

6. Отсутствие официальных логотипов и контактной информации.

7. Подозрительные запросы на подтверждение данных или обновление информации.

Если вы заметили хотя бы один из этих признаков, не вводите свои данные и не переходите по ссылкам. Лучше связаться с официальным представителем организации для подтверждения подлинности письма или сайта."
303,Как проверить подлинность полиса ОСАГО перед покупкой?,"Для проверки подлинности полиса ОСАГО перед покупкой выполните следующие шаги:

1. **Проверьте серию и номер полиса**. Они должны соответствовать формату, установленному Центральным банком РФ. Серия состоит из трех букв, а номер — из десяти цифр.

2. **Используйте официальный сервис на сайте Российского союза автостраховщиков (РСА)**. На сайте РСА есть сервис для проверки полиса ОСАГО. Введите серию и номер полиса, а также другие необходимые данные, чтобы убедиться в его подлинности.

3. **Проверьте данные страховой компании**. Убедитесь, что страховая компания, выдающая полис, имеет лицензию на осуществление страховой деятельности. Информацию о лицензиях можно найти на сайте Банка России.

4. **Обратите внимание на бланк полиса**. Подлинный полис ОСАГО должен быть на специальном защищенном бланке с водяными знаками, микротекстом и другими элементами защиты.

5. **Проверьте данные владельца полиса**. Убедитесь, что в полисе указаны правильные данные владельца транспортного средства, включая ФИО, паспортные данные и информацию о транспортном средстве.

Если у вас возникли сомнения в подлинности полиса, рекомендуется обратиться в страховую компанию или в РСА для дополнительной проверки."
304,Почему нельзя сообщать коды из СМС незнакомцам?,"Сообщать коды из СМС незнакомцам нельзя, потому что это может привести к мошенничеству. Коды из СМС часто используются для подтверждения операций, входа в личный кабинет или других действий, требующих подтверждения личности. Если мошенник получит этот код, он сможет совершить операции от вашего имени, например, снять деньги с вашего счета или получить доступ к вашим данным.

Всегда проверяйте, кому вы сообщаете коды из СМС, и не передавайте их третьим лицам, особенно незнакомцам. Если у вас есть сомнения в безопасности операции, лучше связаться с банком или службой поддержки для подтверждения."
305,Чем отличается дополнительная детская карта от собственной молодежной карты с 14 лет?,"Дополнительная детская карта и молодежная карта с 14 лет имеют несколько ключевых различий:

1. **Возрастные ограничения**:
   - Дополнительная детская карта обычно оформляется на ребенка до 14 лет.
   - Молодежная карта с 14 лет оформляется на подростка от 14 лет.

2. **Условия оформления**:
   - Дополнительная детская карта оформляется на основную карту родителя или законного представителя.
   - Молодежная карта с 14 лет может быть оформлена самостоятельно, но с согласия родителей или законных представителей.

3. **Лимиты и возможности**:
   - Дополнительная детская карта обычно имеет ограниченные лимиты на снятие и оплату, которые устанавливаются родителями.
   - Молодежная карта с 14 лет может иметь более гибкие лимиты и возможности, но также может быть ограничена по согласованию с родителями.

4. **Ответственность**:
   - За операции по дополнительной детской карте отвечают родители или законные представители.
   - Молодежная карта с 14 лет может предполагать частичную ответственность подростка, но окончательная ответственность остается за родителями.

Если у вас есть дополнительные вопросы по картам, пожалуйста, уточните их."
306,Какие реестры и списки стоит проверить перед инвестированием и выбором юриста?,"Перед инвестированием и выбором юриста стоит проверить следующие реестры и списки:

1. Реестр недобросовестных поставщиков (РНП) - это список компаний, которые нарушали условия контрактов, заключенных с государственными заказчиками. Проверка этого реестра поможет избежать сотрудничества с недобросовестными контрагентами.

2. Единый государственный реестр юридических лиц (ЕГРЮЛ) - это официальный источник информации о юридических лицах, зарегистрированных в России. В нем можно узнать основные данные о компании, включая ее учредителей, руководителей и виды деятельности.

3. Единый государственный реестр индивидуальных предпринимателей (ЕГРИП) - аналогичный реестр для индивидуальных предпринимателей.

4. Список лиц, в отношении которых применяются специальные экономические меры - это список физических и юридических лиц, против которых введены санкции.

5. Реестр дисквалифицированных лиц - это список лиц, которым запрещено занимать руководящие должности в компаниях.

6. Реестр банкротов - это список компаний и индивидуальных предпринимателей, которые признали себя банкротами.

7. Реестр арбитражных управляющих - это список специалистов, которые могут заниматься процедурами банкротства.

8. Реестр саморегулируемых организаций (СРО) - это список организаций, которые объединяют профессиональных участников рынка, таких как юристы, аудиторы и оценщики.

Проверка этих реестров и списков поможет вам сделать осознанный выбор и минимизировать риски при инвестировании и сотрудничестве с юристами."
307,"Когда разумнее выбрать банковский вклад, а не накопительное страхование жизни?","Для выбора между банковским вкладом и накопительным страхованием жизни важно учитывать несколько факторов.

Банковский вклад обычно выгоднее, если:
- Вам нужны гарантированные проценты и доступ к деньгам в любой момент.
- Вы не готовы к долгосрочным обязательствам.
- Вы хотите избежать рисков, связанных с инвестициями.

Накопительное страхование жизни может быть разумнее, если:
- Вы готовы к долгосрочным вложениям (обычно от 5 лет).
- Вам важна страховая защита и налоговые льготы.
- Вы готовы к возможным колебаниям доходности, если выбираете инвестиционные программы.

В любом случае, перед принятием решения рекомендуется проконсультироваться с финансовым консультантом."
308,Как реально улучшить испорченную кредитную историю?,"Для улучшения испорченной кредитной истории необходимо выполнить несколько шагов:

1. **Проверьте свою кредитную историю**. Узнайте, какие именно данные в ней содержатся, и убедитесь, что информация актуальна и не содержит ошибок. Вы можете получить кредитную историю в бюро кредитных историй (БКИ), с которыми работает ваш банк.

2. **Закройте все просроченные обязательства**. Если у вас есть задолженности, погасите их как можно быстрее. Это поможет улучшить вашу кредитную историю и показать банкам, что вы ответственный заемщик.

3. **Возьмите небольшой кредит или кредитную карту**. Если у вас нет активных кредитов, возьмите небольшой кредит или кредитную карту и погашайте его вовремя. Это поможет восстановить вашу кредитную историю.

4. **Используйте кредитные продукты ответственно**. Не берите кредиты, которые вы не сможете вернуть, и не допускайте просрочек. Регулярные и своевременные платежи помогут улучшить вашу кредитную историю.

5. **Обратитесь в банк за реструктуризацией долга**. Если у вас есть проблемы с погашением кредита, обратитесь в банк и попробуйте договориться о реструктуризации долга. Это может помочь вам избежать просрочек и улучшить вашу кредитную историю.

6. **Будьте терпеливы**. Улучшение кредитной истории требует времени. Регулярные и своевременные платежи помогут постепенно улучшить вашу кредитную историю."
309,Как получить доступ к средствам на счете при проблемах с картой?,"Для доступа к средствам на счете при проблемах с картой можно воспользоваться следующими способами:

1. **Онлайн-банкинг или мобильное приложение**: Войти в личный кабинет и выполнить перевод на другой счет или карту, которая работает.

2. **Банкомат**: Использовать банкомат для снятия наличных с помощью другой карты, привязанной к тому же счету.

3. **Офис банка**: Обратиться в отделение банка с паспортом для получения наличных или перевода средств.

4. **Телефонный звонок**: Позвонить в службу поддержки банка и запросить помощь в доступе к средствам.

Если карта заблокирована, необходимо уточнить причину блокировки и решить проблему с оператором банка."
310,Почему массовая рассылка заявок снижает шансы на одобрение?,"Массовая рассылка заявок снижает шансы на одобрение по нескольким причинам:

Во-первых, банки и кредитные организации могут воспринимать это как признак финансовой нестабильности или высокого уровня риска. Множество заявок за короткий промежуток времени может указывать на то, что клиент испытывает трудности с получением кредита, что повышает вероятность отказа.

Во-вторых, частые запросы могут негативно повлиять на кредитную историю. Каждая заявка обычно сопровождается проверкой кредитной истории, и слишком много таких проверок за короткий срок может снизить кредитный рейтинг, что, в свою очередь, уменьшает шансы на одобрение.

В-третьих, банки могут рассматривать массовые заявки как попытку мошенничества или недобросовестного поведения. Это может вызвать дополнительную проверку и задержки в рассмотрении заявки, что также снижает шансы на быстрое и положительное решение.

В-четвертых, банки могут ограничивать количество заявок от одного клиента за определенный период. Это делается для предотвращения злоупотреблений и защиты своих интересов.

В-пятых, массовые заявки могут указывать на то, что клиент не может найти подходящий кредитный продукт, что может вызвать у банка сомнения в его платежеспособности и надежности.

В целом, лучше подавать заявки только в те банки, где есть реальные шансы на одобрение, основываясь на своих финансовых показателях и требованиях банка."
311,Какие решения дают налоговую выгоду при одновременной защите сбережений?,"Для получения налоговой выгоды при одновременной защите сбережений можно рассмотреть следующие решения:

1. Инвестиционные счета (ИИС). Они позволяют получить налоговый вычет на вложенные средства или освободить от налога доход от продажи активов. При этом средства на ИИС защищены в рамках системы страхования вкладов.

2. Пенсионные накопления. Вклады в негосударственные пенсионные фонды (НПФ) могут давать налоговые льготы, а сами средства защищены государством.

3. Облигации с налоговыми льготами. Некоторые облигации, например, облигации федерального займа (ОФЗ), могут иметь налоговые преимущества, а также обеспечивают относительно стабильный доход.

4. Страховые продукты с инвестиционной составляющей. Некоторые страховые полисы позволяют инвестировать средства и получать налоговые льготы, при этом средства защищены в рамках условий договора страхования.

Важно учитывать, что конкретные условия и налоговые льготы могут меняться, поэтому перед принятием решения рекомендуется проконсультироваться с финансовым консультантом или налоговым специалистом."
312,"Где хранятся купленные через брокера акции и с чего начать их поиск, если вы потеряли документы?","Купленные через брокера акции хранятся на брокерском счете клиента. Для поиска акций, если вы потеряли документы, необходимо обратиться к своему брокеру. Брокер предоставит информацию о ваших активах и поможет восстановить доступ к документам.

Если у вас есть доступ к личному кабинету на сайте брокера, вы можете найти информацию о своих акциях там. Обычно в личном кабинете отображается портфель акций, их количество и текущая стоимость.

Если у вас нет доступа к личному кабинету, свяжитесь с брокером по телефону или через онлайн-чат. Предоставьте им ваши данные для идентификации, и они помогут восстановить доступ к информации о ваших акциях."
313,"Что безопаснее для оплаты: карта, QR‑код или биометрия?","Для оценки безопасности способов оплаты важно учитывать несколько факторов: защиту данных, риски мошенничества и удобство использования.

Карта: Использование банковской карты для оплаты предполагает наличие PIN-кода или CVV-кода, что добавляет уровень защиты. Однако, если карта утеряна или украдена, есть риск несанкционированного использования.

QR-код: Оплата через QR-код может быть удобной, но важно убедиться, что вы сканируете официальный код, а не поддельный. Мошенники могут создать поддельные QR-коды, которые перенаправляют на фишинговые сайты.

Биометрия: Биометрические данные, такие как отпечатки пальцев или распознавание лица, считаются одними из самых безопасных методов аутентификации. Они сложнее подделать, чем PIN-коды или пароли. Однако, важно использовать биометрию в сочетании с другими методами защиты, такими как двухфакторная аутентификация.

В целом, биометрия считается наиболее безопасным методом, но важно использовать её в сочетании с другими мерами безопасности. Карты и QR-коды также могут быть безопасными, если соблюдать меры предосторожности."
314,Какие устройства нужны для оплаты по QR-коду по сравнению с оплатой лицом на кассе?,"Для оплаты по QR-коду вам понадобится смартфон с установленным приложением вашего банка или мобильным кошельком, а также доступ в интернет. Вам нужно будет отсканировать QR-код, который предоставляет продавец, и подтвердить платеж.

Для оплаты лицом на кассе вам понадобится смартфон с поддержкой технологии NFC (Near Field Communication) и установленным приложением вашего банка или мобильным кошельком. Вам нужно будет поднести смартфон к терминалу оплаты, который поддерживает бесконтактную оплату, и подтвердить платеж.

Таким образом, основное отличие заключается в необходимости сканирования QR-кода для первого способа оплаты и использования технологии NFC для второго."
315,Какие реквизиты карты относятся к секретным при онлайн-оплате?,"При онлайн-оплате к секретным реквизитам карты относятся:
- CVV/CVC-код (трёхзначный код на обратной стороне карты).
- ПИН-код (четырехзначный код, который вводится при оплате в терминале или банкомате).
- Номер карты (16 цифр на лицевой стороне) также считается конфиденциальной информацией, но его можно вводить при оплате.

Никогда не сообщайте эти данные посторонним лицам или на подозрительных сайтах."
316,"Как обращаются субординированные бумаги при санации, распространяется ли на такие инструменты защита АСВ?","Субординированные бумаги при санации банка обращаются в последнюю очередь, после всех других обязательств банка. Это означает, что их владельцы получают возмещение только после удовлетворения требований всех остальных кредиторов, включая вкладчиков, которые защищены АСВ.

Что касается защиты АСВ, то она распространяется только на вкладчиков и некоторых других кредиторов, но не на владельцев субординированных бумаг. Эти инструменты считаются более рискованными и не подпадают под гарантии АСВ."
317,"Какие последствия ждут продавца, если новый владелец ездит по его полису ОСАГО?","Если новый владелец автомобиля ездит по полису ОСАГО, оформленному на прежнего собственника, это может привести к следующим последствиям:

1. **Отказ в выплате страховой компании**. Если произойдет страховой случай, страховая компания может отказать в выплате, так как полис оформлен на другого человека.

2. **Штрафы**. Водитель и новый владелец могут получить штрафы за нарушение правил страхования. Согласно законодательству, полис ОСАГО должен быть оформлен на владельца автомобиля.

3. **Проблемы с регистрацией**. При попытке зарегистрировать автомобиль на нового владельца могут возникнуть сложности, так как страховка оформлена на другое лицо.

4. **Аннулирование полиса**. Страховая компания может аннулировать полис, если узнает о том, что автомобиль используется другим лицом.

Рекомендуется оформить новый полис ОСАГО на нового владельца автомобиля, чтобы избежать этих проблем."
318,Какие шаги доступны заемщику при финансовых трудностях?,"При финансовых трудностях заемщик может предпринять следующие шаги:

1. Обратиться в банк для реструктуризации кредита. Это может включать изменение графика платежей, продление срока кредита или снижение процентной ставки.

2. Взять кредитные каникулы. Это временное освобождение от обязательных платежей по кредиту на определенный срок.

3. Провести переговоры с банком о снижении процентной ставки или изменении условий кредита.

4. Обратиться за профессиональной помощью к финансовым консультантам или юристам, специализирующимся на кредитных вопросах.

5. Рассмотреть возможность рефинансирования кредита в другом банке на более выгодных условиях.

Важно своевременно информировать банк о возникших трудностях, чтобы совместно найти оптимальное решение."
319,"Что безопасно сообщать для получения перевода, какие данные считаются «ключом к деньгам»?","Для получения перевода безопасно сообщать следующие данные:

- Номер счета получателя
- Номер карты получателя (если перевод осуществляется на карту)
- ФИО получателя
- Назначение платежа

Данные, которые считаются «ключом к деньгам» и которые ни в коем случае нельзя сообщать третьим лицам:

- CVV/CVC код (три цифры на обратной стороне карты)
- ПИН-код карты
- Логин и пароль для входа в интернет-банк или мобильное приложение
- SMS-коды подтверждения операций
- Данные для входа в личный кабинет на сайте банка

Эти данные могут быть использованы для несанкционированного доступа к вашим средствам. Всегда будьте бдительны и не передавайте их третьим лицам."
320,"Какие цифровые условия нужны для дистанционного получения страхового возмещения по вкладам, а также для оформления социального вклада?","Для дистанционного получения страхового возмещения по вкладам и оформления социального вклада могут потребоваться следующие цифровые условия:

1. **Регистрация и верификация в интернет-банке или мобильном приложении банка.** Это может включать подтверждение личности через СМС, электронную подпись или другие методы аутентификации.

2. **Наличие действующего договора вклада.** Информация о вкладе должна быть доступна в личном кабинете клиента.

3. **Подписанное соглашение на дистанционное обслуживание.** Некоторые банки требуют отдельного согласия клиента на проведение операций дистанционно.

4. **Электронная подпись.** Для подтверждения заявлений и документов может потребоваться электронная подпись.

5. **Доступ к электронной почте или мобильному телефону.** Для получения уведомлений и подтверждений операций.

6. **Наличие актуальных реквизитов для перевода страхового возмещения.** Это может быть счет в том же или другом банке.

Для оформления социального вклада могут потребоваться дополнительные документы, подтверждающие право на льготные условия, такие как справки или сертификаты. Точные требования зависят от политики конкретного банка."
321,"Почему быстрая продажа квартиры, купленной по субсидированной ставке от застройщика, осложняется при разводе?","Быстрая продажа квартиры, купленной по субсидированной ставке от застройщика, может осложняться при разводе по нескольким причинам.

Во-первых, субсидированная ставка обычно предоставляется на определенных условиях, которые могут включать ограничения на продажу недвижимости в течение определенного срока. Например, застройщик или банк могут требовать, чтобы квартира оставалась в собственности покупателя в течение нескольких лет. Нарушение этих условий может привести к необходимости возврата части субсидии или штрафных санкций.

Во-вторых, при разводе супруги могут иметь разные мнения о продаже квартиры. Один из супругов может настаивать на продаже, в то время как другой может хотеть сохранить недвижимость. Это может привести к конфликтам и затяжным судебным разбирательствам, что значительно замедлит процесс продажи.

В-третьих, если квартира была куплена в браке, то при разводе она будет считаться совместной собственностью супругов. Для продажи такой недвижимости потребуется согласие обоих супругов, что также может усложнить и замедлить процесс.

Таким образом, быстрая продажа квартиры, купленной по субсидированной ставке, при разводе может быть осложнена как юридическими, так и личными обстоятельствами."
322,В каких случаях действует госстрахование вкладов?,"Государственное страхование вкладов действует в следующих случаях:

1. Если банк, в котором вы разместили вклад, отозвали лицензию на осуществление банковских операций.
2. Если банк признан банкротом и введено внешнее управление или конкурсное производство.
3. Если банк приостановил выплаты по вкладам.

Государственное страхование вкладов не действует, если:

1. Вклад размещен на счете, открытом на имя юридического лица.
2. Вклад размещен в банке, который не является участником системы страхования вкладов.
3. Вклад размещен в иностранной валюте, если банк не является участником системы страхования вкладов в иностранной валюте.

В случае наступления страхового случая, возмещение по вкладам выплачивается в размере 100% суммы вкладов в банке, но не более 1,4 миллиона рублей."
323,"Как понять, что страница оплаты фишинговая при онлайн‑покупках или оплате «налога» из вакансии?","Чтобы определить, что страница оплаты является фишинговой, обратите внимание на следующие признаки:

1. **URL-адрес**:
   - Проверьте, начинается ли адрес с ""https://"" (наличие SSL-сертификата).
   - Убедитесь, что доменное имя соответствует известному и надежному сайту.
   - Будьте осторожны с адресами, содержащими случайные символы или необычные домены (например, .info, .biz).

2. **Дизайн и оформление**:
   - Фишинговые страницы часто имитируют известные сайты, но могут содержать ошибки в дизайне, орфографические ошибки или несоответствия в логотипах и стиле.
   - Проверьте, есть ли на странице контактная информация и политики конфиденциальности.

3. **Запросы на личную информацию**:
   - Если страница просит ввести слишком много личных данных (например, номер карты, CVV-код, пароль от онлайн-банка), это может быть признаком фишинга.
   - Настоящие платежные системы обычно запрашивают только необходимую информацию для оплаты.

4. **Способы оплаты**:
   - Фишинговые страницы могут предлагать необычные способы оплаты, такие как перевод на частный счет или использование криптовалют.
   - Будьте осторожны, если вам предлагают оплатить ""налог"" или ""комиссию"" через нестандартные платежные системы.

5. **Срочность и давление**:
   - Фишинговые страницы часто создают ощущение срочности, требуя оплатить что-то в течение ограниченного времени.
   - Не поддавайтесь на давление и всегда проверяйте информацию.

Если у вас есть сомнения, лучше не вводить никакие данные и связаться с официальным представителем компании или банка для подтверждения подлинности страницы."
324,Какой формат бизнеса выбрать для ограничения личной ответственности при работе с НДС?,"Для ограничения личной ответственности при работе с НДС рекомендуется выбрать один из следующих форматов бизнеса:

1. Общество с ограниченной ответственностью (ООО). В этом случае ответственность участников ограничена размером их вкладов в уставный капитал. Это означает, что личные активы участников защищены от претензий кредиторов.

2. Акционерное общество (АО). В АО ответственность акционеров также ограничена размером их вкладов. Однако, в отличие от ООО, АО может привлекать инвестиции через выпуск акций.

Важно отметить, что выбор формата бизнеса зависит от множества факторов, включая размер бизнеса, количество участников, планы по привлечению инвестиций и другие. Рекомендуется проконсультироваться с юристом или налоговым консультантом для выбора оптимального варианта."
325,Почему начинать копить раньше выгоднее?,"Начинать копить раньше выгоднее по нескольким причинам:

Во-первых, чем раньше вы начнете откладывать деньги, тем больше времени у вас будет для накопления. Даже небольшие суммы, откладываемые регулярно, могут со временем превратиться в значительную сумму благодаря эффекту сложных процентов.

Во-вторых, чем раньше вы начнете копить, тем больше времени у вас будет для восстановления в случае финансовых потерь. Например, если вы инвестируете в акции или облигации, то в случае падения рынка у вас будет больше времени для восстановления.

В-третьих, чем раньше вы начнете копить, тем больше времени у вас будет для достижения своих финансовых целей. Например, если вы хотите накопить на пенсию, то чем раньше вы начнете откладывать деньги, тем больше времени у вас будет для накопления необходимой суммы.

Наконец, чем раньше вы начнете копить, тем больше времени у вас будет для изменения своих финансовых привычек и стратегий. Например, если вы начнете копить в молодом возрасте, у вас будет больше времени для экспериментов с различными инвестиционными стратегиями и для поиска наиболее подходящего для вас способа накопления."
326,Чем государственные гарантии по вкладам отличаются от защиты пенсионных накоплений в НПФ?,"Государственные гарантии по вкладам и защита пенсионных накоплений в НПФ — это разные механизмы, которые обеспечивают безопасность средств клиентов банка и вкладчиков НПФ.

Государственные гарантии по вкладам в банках обеспечиваются Агентством по страхованию вкладов (АСВ). В случае отзыва лицензии у банка или его банкротства вкладчики могут рассчитывать на возмещение своих средств в размере до 1,4 миллиона рублей. Это касается как физических, так и юридических лиц.

Защита пенсионных накоплений в НПФ осуществляется за счет гарантий государства. В случае банкротства НПФ пенсионные накопления вкладчиков переходят в управление другому НПФ, который продолжает их инвестировать. При этом средства пенсионных накоплений защищены от потерь, так как они инвестируются в соответствии с законодательством и под контролем государства.

Таким образом, государственные гарантии по вкладам и защита пенсионных накоплений в НПФ обеспечивают разные уровни безопасности для вкладчиков и пенсионеров."
327,"Почему опасно переходить по ссылкам из напоминаний о продлении ОСАГО, а также из переписки с «работодателем»?","Переход по ссылкам из непроверенных источников, таких как напоминания о продлении ОСАГО или переписка с «работодателем», опасен по нескольким причинам:

1. **Фишинг**: Мошенники могут использовать такие ссылки для получения ваших личных данных, включая пароли, номера карт и другие конфиденциальные сведения.

2. **Вирусы и вредоносное ПО**: Ссылки могут вести на сайты, зараженные вирусами, которые могут повредить ваше устройство или украсть данные.

3. **Поддельные сайты**: Мошенники создают сайты, имитирующие официальные, чтобы обманом получить ваши данные. Например, сайт для продления ОСАГО может выглядеть как официальный, но на самом деле быть поддельным.

4. **Несанкционированные платежи**: Переход по ссылкам может привести к автоматическим платежам или подпискам, о которых вы не знали.

Для безопасности всегда проверяйте источник сообщения и переходите на официальные сайты, вводя их адреса вручную. Если у вас есть сомнения, лучше связаться с организацией через официальные каналы поддержки."
328,Каковы лимиты страховой защиты вкладов против НПФ?,"Для защиты вкладов в банках в России действует система страхования вкладов, которая обеспечивается Агентством по страхованию вкладов (АСВ). В случае отзыва лицензии у банка вкладчики могут рассчитывать на возмещение своих средств в пределах установленных лимитов.

Согласно законодательству, максимальная сумма возмещения по вкладам в одном банке составляет 100% от суммы вклада, но не более 1,4 миллиона рублей. Это означает, что если у вас на счету в банке, у которого отозвана лицензия, лежит сумма, превышающая 1,4 миллиона рублей, то возмещение будет выплачено только в размере 1,4 миллиона рублей.

Важно отметить, что страхование вкладов не распространяется на средства, размещенные в небанковских кредитных организациях, таких как небанковские финансовые организации (НФО) и негосударственные пенсионные фонды (НПФ). Поэтому, если вы размещаете свои средства в НПФ, они не подлежат страхованию в рамках системы страхования вкладов.

Если у вас есть дополнительные вопросы по данной теме, пожалуйста, уточните их."
329,Когда регулятор выберет санацию вместо отзыва лицензии?,"Регулятор может выбрать санацию вместо отзыва лицензии в следующих случаях:

1. Если у банка есть перспективы восстановления финансовой устойчивости.
2. Если санация позволит минимизировать ущерб для вкладчиков и кредиторов.
3. Если у банка есть стратегическое значение для экономики региона или страны.
4. Если у регулятора есть уверенность в эффективности санационного плана.

Санация обычно проводится, когда банк испытывает временные финансовые трудности, но имеет потенциал для восстановления. В этом случае регулятор может ввести временную администрацию, разработать план восстановления и привлечь инвесторов для поддержки банка."
330,Когда имеет смысл открывать ИИС и какой минимальный срок нужен для ИИС-3?,"ИИС (индивидуальный инвестиционный счет) имеет смысл открывать, если вы планируете долгосрочные инвестиции и хотите получить налоговые льготы. ИИС-3 предполагает вычет на вложения, и минимальный срок для его использования составляет 3 года. Это значит, что вы должны держать средства на счете не менее 3 лет, чтобы иметь право на налоговый вычет. Если вы закроете счет раньше, вычет не будет предоставлен."
331,"Кто имеет право на кредитные каникулы из‑за мобилизации, какой срок перерыва предусмотрен?","Право на кредитные каникулы из-за мобилизации имеют следующие категории граждан:

1. Граждане, призванные на военную службу по мобилизации.
2. Граждане, призванные на военные сборы.
3. Граждане, призванные на альтернативную гражданскую службу по мобилизации.
4. Граждане, призванные на военную службу по контракту в период мобилизации.

Срок кредитных каникул составляет до 12 месяцев. В течение этого периода заемщик освобождается от обязательств по возврату кредита, а также от уплаты процентов. После окончания срока кредитных каникул заемщик должен возобновить выполнение своих обязательств по кредитному договору."
332,Как подготовиться к ежегодным тратам без стресса?,"Для подготовки к ежегодным тратам без стресса рекомендуется следовать нескольким шагам:

1. **Планирование**: Заранее составьте список всех предстоящих расходов. Это могут быть праздничные подарки, оплата страховок, налоги, ремонтные работы и другие регулярные траты.

2. **Бюджетирование**: Определите, сколько денег вам потребуется на эти расходы. Разделите общую сумму на месяцы, чтобы понять, сколько нужно откладывать ежемесячно.

3. **Откладывание средств**: Создайте отдельный счет или копилку для этих целей. Регулярно переводите на него определенную сумму, чтобы к моменту расходов у вас были необходимые средства.

4. **Контроль расходов**: Следите за своими текущими тратами, чтобы не выйти за рамки бюджета. Используйте мобильные приложения или таблицы для учета доходов и расходов.

5. **Резервный фонд**: Подумайте о создании резервного фонда на случай непредвиденных расходов. Это поможет избежать стресса, если что-то пойдет не по плану.

6. **Использование кредитных линий**: Если у вас есть кредитная линия или кредитная карта с льготным периодом, вы можете использовать их для покрытия расходов, но важно вовремя погашать задолженность, чтобы избежать начисления процентов.

Следуя этим рекомендациям, вы сможете подготовиться к ежегодным тратам без стресса и финансовых трудностей."
333,"Что мешает оплате картой в России, если SWIFT не помеха?","Если SWIFT не является препятствием, то возможные причины, мешающие оплате картой в России, могут быть связаны с несколькими факторами:

1. Технические проблемы: Это могут быть сбои в работе платежных систем, проблемы с интернет-соединением или неисправности в терминале, через который проходит оплата.

2. Ограничения по карте: Возможно, на карте установлены лимиты на оплату, которые были исчерпаны. Также могут быть ограничения по геолокации, если карта не предназначена для использования за пределами определенной территории.

3. Проблемы с активацией карты: Карта может быть не активирована для оплаты или может быть заблокирована по какой-либо причине.

4. Недостаточно средств: На карте может не хватать средств для совершения платежа.

5. Ошибки в данных: Возможно, были введены неверные данные карты, истекающий срок действия или неверный CVC-код.

6. Ограничения со стороны продавца: Некоторые продавцы могут не принимать определенные типы карт или иметь другие ограничения.

Если проблема сохраняется, рекомендуется обратиться в службу поддержки банка, выпустившего карту, для получения более детальной информации и помощи."
334,Что выбрать для закрытия кассового разрыва: факторинг или краудлендинг?,"Для выбора между факторингом и краудлендингом для закрытия кассового разрыва нужно учитывать несколько факторов.

Факторинг - это продажа дебиторской задолженности банку или факторинговой компании. Это позволяет получить деньги сразу, а не ждать оплаты от контрагентов. Факторинг может быть полезен, если у компании есть стабильные и надежные дебиторы, но есть необходимость в быстром получении денежных средств.

Краудлендинг - это привлечение денег от большого числа инвесторов через специализированные платформы. Это может быть полезно, если компания не может или не хочет привлекать кредиты от банков, но готова предложить инвесторам определенные условия.

Выбор между факторингом и краудлендингом зависит от конкретной ситуации компании, ее финансовых показателей, наличия дебиторской задолженности и готовности к сотрудничеству с инвесторами."
335,"Что делать, если из‑за ошибки в НСИС не получается купить ОСАГО онлайн?","Если из-за ошибки в НСИС (Национальной системе идентификации сеансов) не получается купить ОСАГО онлайн, следует выполнить следующие шаги:

1. Проверьте корректность введенных данных. Убедитесь, что все поля заполнены правильно, особенно данные транспортного средства и ваши личные данные.

2. Обновите страницу или перезапустите браузер. Иногда проблема может быть временной и исчезнет после перезагрузки.

3. Попробуйте использовать другой браузер или устройство. Возможно, проблема связана с конкретным браузером или устройством.

4. Очистите кеш и cookies в браузере. Это может помочь, если проблема вызвана временными файлами.

5. Проверьте работу НСИС на официальном сайте. Иногда система может быть временно недоступна из-за технических работ.

6. Обратитесь в службу поддержки страховой компании. Они могут помочь решить проблему или предложить альтернативные способы оформления полиса.

7. Если проблема сохраняется, обратитесь в техническую поддержку НСИС. Они могут предоставить дополнительную информацию о возможных сбоях или ошибках.

Если ни один из этих шагов не помог, возможно, стоит подождать некоторое время и попробовать снова позже."
336,Можно ли продать ипотечную квартиру без согласия банка?,"Продажа ипотечной квартиры без согласия банка невозможна. Банк является залогодержателем, и любые сделки с залоговым имуществом требуют его согласования. Обычно банк дает согласие на продажу, если новая сделка позволяет погасить ипотечный кредит. В некоторых случаях банк может предложить рефинансирование или другие варианты решения вопроса. Для точного ответа уточните условия вашего кредитного договора."
337,С какого возраста ребенок может совершать мелкие покупки самостоятельно?,"В соответствии с законодательством Российской Федерации, ребенок может совершать мелкие покупки самостоятельно с 6 лет. Однако, важно учитывать, что сделки, связанные с покупкой товаров или услуг, должны быть согласованы с родителями или законными представителями ребенка. Родители несут ответственность за действия своих детей до достижения ими совершеннолетия."
338,"Что произойдет с вашими деньгами при отзыве лицензии банка по вкладу, оформленному через маркетплейс, в отличие от ситуации с векселем?","При отзыве лицензии у банка, в котором вы разместили вклад, ваши деньги будут подлежать возмещению в соответствии с законодательством о страховании вкладов. В России это возмещение осуществляется Агентством по страхованию вкладов (АСВ) в размере до 1,4 миллиона рублей, включая проценты.

В случае с векселем ситуация иная. Вексель является долговым обязательством, и его возврат зависит от финансового состояния эмитента. Если банк, выпустивший вексель, лишится лицензии, то возврат средств по векселю будет зависеть от процедуры банкротства и от того, на какой очереди находятся векселедатели в реестре кредиторов.

Таким образом, основное отличие заключается в том, что вклад застрахован и возмещение гарантировано в пределах установленного лимита, тогда как вексель не застрахован, и его возврат зависит от процесса банкротства."
339,Как совместить выплаты по автокредиту с созданием подушки безопасности?,"Для совмещения выплат по автокредиту с созданием подушки безопасности можно рассмотреть несколько стратегий:

1. **Планирование бюджета**: Создайте детальный бюджет, который включает все ваши доходы и расходы. Это поможет вам понять, сколько средств можно направить на погашение кредита и накопление подушки безопасности.

2. **Автоматические накопления**: Настройте автоматическое перечисление средств на отдельный счет для подушки безопасности. Это позволит вам регулярно откладывать деньги без лишних усилий.

3. **Досрочное погашение кредита**: Если у вас есть возможность, рассмотрите досрочное погашение части кредита. Это снизит общую сумму процентов и ускорит процесс выплаты кредита, освободив больше средств для накоплений.

4. **Использование бонусов и премий**: Направляйте бонусы, премии и другие дополнительные доходы на погашение кредита или накопление подушки безопасности.

5. **Оптимизация расходов**: Пересмотрите свои расходы и найдите возможности для экономии. Сэкономленные средства можно направить на погашение кредита или накопление.

6. **Использование кредитных каникул**: В некоторых случаях банки предлагают кредитные каникулы, которые позволяют временно приостановить выплаты по кредиту. Это может дать вам время для накопления подушки безопасности.

Важно помнить, что создание подушки безопасности — это долгосрочный процесс, и даже небольшие регулярные накопления со временем могут превратиться в значительную сумму."
340,Что делать при подозрении на нелегального ломбарда?,"При подозрении на нелегального ломбарда следует действовать следующим образом:

1. **Соберите доказательства**: Зафиксируйте все подозрительные действия, такие как отсутствие лицензии, несоответствие условий договора, скрытые комиссии или давление на клиентов.

2. **Обратитесь в правоохранительные органы**: Напишите заявление в полицию или прокуратуру. Укажите все собранные доказательства и факты, которые подтверждают незаконную деятельность ломбарда.

3. **Обратитесь в Роспотребнадзор**: Если ломбард нарушает права потребителей, можно подать жалобу в Роспотребнадзор. Они проведут проверку и примут меры в случае нарушений.

4. **Обратитесь в банк**: Если вы являетесь клиентом банка, который сотрудничает с этим ломбардом, сообщите об этом в службу безопасности банка. Банк может приостановить сотрудничество с подозрительным ломбардом.

5. **Проконсультируйтесь с юристом**: Если вы стали жертвой мошенничества, обратитесь к юристу для получения правовой помощи и защиты своих интересов.

Важно действовать оперативно и соблюдать все юридические нормы при сборе доказательств и подаче заявлений."
341,"Какой уровень рейтинга выбрать для страховщика, чтобы снизить риск нестабильности?","Для снижения риска нестабильности страховщика рекомендуется выбирать компанию с высоким рейтингом надежности. В России рейтинги страховых компаний выставляют агентства ""Эксперт РА"" и ""Русский стандарт"". Рейтинг ""А++"" или ""А+"" считается высоким и указывает на стабильность и финансовую устойчивость страховщика. Также можно обратить внимание на рейтинги международных агентств, таких как Moody's, S&P и Fitch, если страховщик имеет международную деятельность."
342,Как участие банка в продаже страховки отражается на цене?,"Участие банка в продаже страховки может влиять на цену страхового полиса несколькими способами:

1. Комиссия банка. Банк может включать свою комиссию в стоимость страхового полиса. Это увеличивает итоговую цену для клиента.

2. Партнерские программы. Банк может иметь партнерские соглашения со страховыми компаниями, что может влиять на условия и стоимость страховки. В некоторых случаях это может привести к снижению цены для клиента.

3. Упрощенные процедуры. Банк может предлагать упрощенные процедуры оформления страховки, что может снизить затраты на оформление и, соответственно, повлиять на цену.

4. Дополнительные услуги. Банк может предлагать дополнительные услуги в комплексе со страховкой, что может как повышать, так и понижать итоговую стоимость.

Важно уточнять у банка или страховой компании конкретные условия и стоимость страхового полиса."
343,Как статус МФО влияет на шанс вернуть вложения при банкротстве организации?,"Статус микрофинансовой организации (МФО) существенно влияет на шансы вернуть вложения при банкротстве. МФО, зарегистрированные в реестре Центрального банка РФ, имеют определенные гарантии и регулируются законом. В случае банкротства такие организации проходят процедуру банкротства в соответствии с законодательством, что повышает шансы на возврат средств. Однако, если МФО не зарегистрирована или работает нелегально, шансы на возврат вложений значительно снижаются, так как такие организации не подлежат регулированию и контролю со стороны государственных органов."
344,"Как при расчете ПДН учитывают кредит, где вы созаемщик, по сравнению с кредитом, где вы поручитель?","При расчете платежеспособности дохода на одного человека (ПДН) кредит, по которому вы являетесь созаемщиком, учитывается полностью. Это означает, что вся сумма ежемесячного платежа по такому кредиту включается в ваши обязательства.

В случае, если вы выступаете поручителем, кредит учитывается в расчете ПДН только в том случае, если заемщик не выполняет свои обязательства, и банк требует от вас погашения кредита. В этом случае сумма платежа по кредиту будет включена в ваши обязательства.

Таким образом, основное отличие заключается в том, что кредит, по которому вы являетесь созаемщиком, всегда учитывается при расчете ПДН, тогда как кредит, по которому вы поручитель, учитывается только в случае невыполнения обязательств основным заемщиком."
345,"Что делать, если требуют оплатить кредит, которого вы не оформляли?","Если вам приходят требования об оплате кредита, который вы не оформляли, необходимо действовать следующим образом:

1. **Проверьте информацию**: Уточните, в каком банке или организации возникла задолженность. Возможно, это ошибка или мошенничество.

2. **Обратитесь в банк**: Свяжитесь с банком, от имени которого пришло требование, и уточните информацию. Укажите, что вы не оформляли кредит и не являетесь должником.

3. **Подайте заявление**: Напишите заявление в банк с просьбой проверить информацию и уточнить, почему вам приходят требования. В заявлении укажите свои данные и просьбу разобраться в ситуации.

4. **Обратитесь в полицию**: Если вы подозреваете мошенничество, обратитесь в полицию с заявлением о возможном мошенничестве. Предоставьте все документы и информацию, которая у вас есть.

5. **Проверьте кредитную историю**: Обратитесь в бюро кредитных историй (например, НБКИ, ОКБ) и запросите свою кредитную историю. Убедитесь, что в ней нет неверных данных.

6. **Консультация с юристом**: Если ситуация сложная, обратитесь за консультацией к юристу, специализирующемуся на финансовых вопросах.

Важно действовать быстро и не игнорировать требования, даже если вы уверены в своей правоте. Это поможет избежать возможных проблем в будущем."
346,Зачем предпринимателю нужен бизнес-план при привлечении денег через инвестплатформы или биржу?,"Бизнес-план необходим предпринимателю для привлечения инвестиций по нескольким причинам:

1. **Доказательство жизнеспособности проекта**: Бизнес-план демонстрирует инвесторам, что у проекта есть четкая стратегия, реалистичные цели и пути их достижения.

2. **Оценка рисков и возможностей**: В бизнес-плане анализируются потенциальные риски и способы их минимизации, а также перспективы развития бизнеса.

3. **Финансовая прозрачность**: Бизнес-план включает финансовые прогнозы, что позволяет инвесторам оценить потенциальную доходность и сроки окупаемости.

4. **Привлечение доверия**: Четко структурированный бизнес-план повышает доверие инвесторов, показывая, что предприниматель серьезно подходит к своему делу.

5. **Сравнение с конкурентами**: Бизнес-план помогает инвесторам понять, как ваш проект отличается от конкурентов и какие у него преимущества.

Таким образом, бизнес-план является важным инструментом для привлечения инвестиций, так как он предоставляет инвесторам необходимую информацию для принятия решения."
347,Как инвестору распорядиться замороженными паями ПИФов в 2024 году?,"Для распоряжения замороженными паями ПИФов в 2024 году инвестору следует учитывать несколько ключевых моментов:

1. **Проверка условий заморозки**: Уточните у управляющей компании причины и сроки заморозки паев. Это может быть связано с временными ограничениями по инвестиционной декларации или другими обстоятельствами.

2. **Оценка рыночной ситуации**: Если заморозка связана с рыночными условиями, оценивайте перспективы восстановления стоимости активов ПИФа. Это поможет принять решение о дальнейших действиях.

3. **Консультация с управляющей компанией**: Обратитесь к специалистам управляющей компании для получения рекомендаций по возможным вариантам действий. Они могут предложить альтернативные инвестиционные инструменты или стратегии.

4. **Документы и процедуры**: Убедитесь, что у вас есть все необходимые документы для распоряжения паями после снятия заморозки. Это могут быть заявления на выкуп или перевод паев.

5. **Налоговые последствия**: Учитывайте возможные налоговые последствия при продаже или переводе паев. Консультируйтесь с налоговым специалистом для минимизации налоговых обязательств.

Если у вас есть конкретные вопросы по вашей ситуации, уточните их, и я постараюсь помочь более детально."
348,"Сколько можно вернуть по ИИС при открытии до конца года, с каким сроком перечисляют деньги через ФНС?","При открытии ИИС типа А (инвестиционный счет с вычетом на вложения) максимальная сумма вычета составляет 52 000 рублей в год. Это соответствует 13% от суммы вложений до 400 000 рублей.

Что касается сроков перечисления денежных средств через ФНС, то обычно это занимает от 1 до 3 месяцев с момента подачи заявления. Точные сроки могут варьироваться в зависимости от загрузки налоговой службы."
349,Чем официальное измерение инфляции отличается от «индекса борща»?,"Официальное измерение инфляции проводится государственными статистическими органами на основе фиксированной корзины товаров и услуг, которая отражает структуру потребления среднестатистического домохозяйства. Этот индекс учитывает вес каждого товара или услуги в общей корзине и их ценовые изменения.

«Индекс борща» — это неофициальный показатель, который отражает изменение стоимости конкретного набора продуктов, необходимых для приготовления борща. Он может использоваться как индикатор инфляции, но не является официальным и не учитывает все товары и услуги, которые включаются в официальные индексы.

Таким образом, официальное измерение инфляции более комплексное и учитывает широкий спектр товаров и услуг, тогда как «индекс борща» фокусируется на узком наборе продуктов."
350,В каких схемах применяется номинальный счет?,"Номинальный счет применяется в следующих схемах:

1. **Трейдинг на фондовом рынке**: Номинальный счет используется для учета ценных бумаг, приобретенных клиентом. Это позволяет банку или брокеру отслеживать владение акциями, облигациями и другими ценными бумагами.

2. **Управление активами**: В рамках доверительного управления или паевых инвестиционных фондов номинальный счет помогает учитывать активы, принадлежащие клиентам, и обеспечивает прозрачность операций.

3. **Корпоративные сделки**: В случае слияний, поглощений или других корпоративных действий номинальный счет может использоваться для учета акций или других ценных бумаг, участвующих в сделке.

4. **Наследование и доверительное управление**: Номинальный счет может применяться для учета активов, переданных в доверительное управление или в рамках наследственного имущества.

Если у вас есть более конкретный вопрос о применении номинального счета, пожалуйста, уточните его."
351,Какие возможности дает 30 дней после оформления договора или POS-кредита?,"После оформления договора или POS-кредита у вас есть 30 дней, в течение которых вы можете:

1. Вернуть товар и расторгнуть договор кредитования без штрафов и комиссий.
2. Ознакомиться с условиями кредита и принять решение о его дальнейшем использовании.
3. В случае возврата товара в магазине, кредит будет автоматически погашен.

Это период охлаждения, который позволяет вам передумать и вернуть товар, если он вам не подходит или если вы передумали брать кредит."
352,Когда стоит обратиться к финансовому консультанту вместо самостоятельного планирования?,"Обратиться к финансовому консультанту стоит в следующих случаях:

1. Когда у вас сложилась запутанная финансовая ситуация, и вы не можете самостоятельно разобраться в своих доходах, расходах и инвестициях.
2. Если вы планируете крупные финансовые операции, такие как покупка недвижимости, инвестиции в бизнес или долгосрочное планирование пенсии.
3. Когда вы хотите оптимизировать налоги и получить профессиональные рекомендации по налоговому планированию.
4. Если вы не уверены в своих знаниях и опыте в области финансов и хотите получить экспертную оценку своей финансовой стратегии.
5. В случае изменения жизненных обстоятельств, таких как рождение ребенка, смена работы, развод или наследство, которые требуют пересмотра финансового плана.

Финансовый консультант поможет вам разработать индивидуальную стратегию, учитывающую ваши цели, риски и возможности."
353,Чем для вкладчика отличается санация банка от отзыва лицензии?,"Санация банка и отзыв лицензии — это разные процедуры, которые имеют существенные различия для вкладчиков.

Санация банка — это процедура финансового оздоровления, которая проводится для восстановления платежеспособности банка. В рамках санации могут быть привлечены инвесторы, изменена структура управления, проведена реструктуризация активов и пассивов. Вкладчики продолжают получать проценты по вкладам, а их средства остаются в безопасности, так как санация направлена на сохранение стабильности банка.

Отзыв лицензии — это более серьезная мера, которая применяется в случае, если банк не может восстановить свою платежеспособность. В этом случае банк признается несостоятельным, и его активы передаются в управление Агентству по страхованию вкладов (АСВ). Вкладчики получают возмещение по вкладам в размере до 1,4 миллиона рублей, а их средства могут быть переведены в другой банк или выплачены наличными.

Таким образом, основное отличие заключается в том, что санация направлена на восстановление банка, а отзыв лицензии — на его ликвидацию. Для вкладчиков санация обычно не влечет потерь, тогда как отзыв лицензии может привести к необходимости получения возмещения через АСВ."
354,Может ли просроченный микрозаем бесконечно расти из‑за пеней?,"Просроченный микрозаем не может расти бесконечно из-за пеней. Банк или микрофинансовая организация устанавливает определенные лимиты и условия начисления пеней и штрафов. Обычно, после начисления максимально допустимой суммы пеней, дальнейшее начисление прекращается. Однако, конкретные условия зависят от договора и законодательства.

Если у вас есть конкретный случай, лучше уточнить условия начисления пеней в вашем договоре или обратиться в организацию, которая выдала заем."
355,"Как поступить при требовании доплаты за ремонт по ОСАГО при оценке в пределах лимита, проверяя статус полиса через НСИС?","Для проверки статуса полиса ОСАГО и решения вопроса с доплатой за ремонт в пределах лимита, выполните следующие шаги:

1. Проверьте статус полиса ОСАГО через НСИС (Национальную систему идентификации страховых случаев). Для этого вам понадобится номер полиса и данные о страховом случае.

2. Если полис действителен и страховой случай в пределах лимита, но страховая компания требует доплату, уточните у страховщика основания для такой доплаты. Возможно, это связано с износом деталей, не включенных в страховую сумму, или другими условиями договора.

3. Если вы считаете, что доплата не обоснована, вы можете обратиться в Российский союз автостраховщиков (РСА) или в суд для разрешения спора.

4. Также можно обратиться в Центробанк РФ, который регулирует деятельность страховых компаний.

Важно: Банк не может вмешиваться в отношения между страхователем и страховой компанией, но может предоставить информацию о статусе полиса через НСИС."
356,Почему вклад в банке предпочтительнее домашней копилки с точки зрения инфляции и сохранности денег?,"Вклад в банке предпочтительнее домашней копилки по нескольким причинам, связанным с инфляцией и сохранностью денег.

Во-первых, банки предлагают процентные ставки по вкладам, которые могут превышать уровень инфляции. Это означает, что ваши деньги не только сохраняют свою покупательную способность, но и могут приносить дополнительный доход.

Во-вторых, банки обеспечивают высокую степень защиты средств. Вклады в банках застрахованы, что означает, что даже в случае банкротства банка, ваши деньги будут возвращены в пределах установленного лимита.

В-третьих, деньги в банке защищены от краж, пожаров и других рисков, которые могут возникнуть, если деньги хранятся дома.

Таким образом, вклад в банке является более надежным и выгодным способом сохранения и приумножения денег по сравнению с домашней копилкой."
357,Почему снятие наличных с карты за границей обходится дорого?,"Снятие наличных с карты за границей может быть дорого по нескольким причинам:

1. Комиссия за снятие наличных. Банк может взимать комиссию за снятие наличных за границей. Эта комиссия может быть фиксированной или процентной от суммы снятия.

2. Курсовая разница. Банк может использовать невыгодный курс обмена валют при снятии наличных. Это означает, что вы получите меньше денег, чем если бы вы обменяли деньги по рыночному курсу.

3. Комиссия за использование карты за границей. Некоторые банки взимают дополнительную комиссию за использование карты за границей. Эта комиссия может быть фиксированной или процентной от суммы операции.

4. Комиссия за снятие наличных в банкоматах других банков. Если вы снимаете наличные в банкомате, который не принадлежит вашему банку, то может взиматься дополнительная комиссия.

Для того чтобы снизить затраты на снятие наличных за границей, вы можете использовать карту, которая не взимает комиссию за снятие наличных за границей, или использовать карту, которая предлагает выгодный курс обмена валют. Также вы можете снять наличные в банкомате, который принадлежит вашему банку, чтобы избежать дополнительных комиссий."
358,Зачем ограничивать платежи по кредитам уровнем до 30% дохода?,"Ограничение платежей по кредитам уровнем до 30% дохода применяется для обеспечения финансовой стабильности заемщика. Это правило помогает избежать перегрузки бюджета и снижает риск дефолта. Если платежи по кредитам превышают 30% дохода, у заемщика может не остаться средств на другие необходимые расходы, что может привести к финансовым трудностям."
359,Как соотносятся лимит сотрудников на УСН с критерием малого бизнеса по численности?,"Для определения соотношения лимита сотрудников на УСН с критерием малого бизнеса по численности, необходимо учитывать следующие моменты:

1. **Лимит сотрудников на УСН**: Налоговый кодекс РФ устанавливает, что организации и индивидуальные предприниматели, применяющие упрощенную систему налогообложения (УСН), не могут иметь в штате более 100 сотрудников. Это условие действует для всех видов деятельности, кроме отдельных случаев, предусмотренных законодательством.

2. **Критерий малого бизнеса по численности**: Согласно Федеральному закону ""О развитии малого и среднего предпринимательства в Российской Федерации"", малым предприятием считается организация, в которой среднесписочная численность работников за календарный год не превышает 100 человек. Для микропредприятий этот лимит составляет до 15 человек.

Таким образом, лимит сотрудников на УСН (100 человек) совпадает с верхней границей численности для малого бизнеса. Это означает, что если организация или ИП применяет УСН и соблюдает лимит в 100 сотрудников, она автоматически соответствует критерию малого бизнеса по численности."
360,"Каков максимальный срок кредитных каникул, какие лимиты по сумме действуют?","Максимальный срок кредитных каникул зависит от условий вашего кредитного договора и может варьироваться. Обычно банки предоставляют кредитные каникулы на срок от 1 до 6 месяцев. Что касается лимитов по сумме, то они также зависят от конкретного банка и условий кредитования. Для точной информации рекомендую обратиться в ваш банк или просмотреть условия кредитного договора."
361,Как кредитные каникулы мобилизованного отражаются на созаемщике?,"Кредитные каникулы для мобилизованных заемщиков обычно распространяются только на основного заемщика. Созаемщики продолжают нести ответственность по кредиту в полном объеме, если иное не предусмотрено условиями кредитного договора или специальными программами поддержки.

Для точного ответа необходимо уточнить условия вашего кредитного договора или обратиться в банк, где был оформлен кредит."
362,"При какой сумме долгов выбирают внесудебное банкротство, а когда возникает обязанность подать в суд?","Внесудебное банкротство (процедура банкротства в упрощенном порядке) применяется, если сумма долгов физического лица составляет от 500 тысяч до 500 миллионов рублей. При этом обязательным условием является отсутствие у должника имущества, на которое может быть обращено взыскание, и отсутствие задолженности по обязательным платежам (налоги, сборы, страховые взносы).

Если сумма долгов превышает 500 миллионов рублей, либо у должника есть имущество, на которое может быть обращено взыскание, либо есть задолженность по обязательным платежам, то банкротство должно быть инициировано через суд.

Также стоит отметить, что процедура внесудебного банкротства доступна только для физических лиц, которые признаются неплатежеспособными и не могут исполнить свои обязательства перед кредиторами."
363,"Почему при перегретой экономике снижение ключевой ставки запускает инфляционную спираль, подрывая сбережения?","При перегретой экономике снижение ключевой ставки может стимулировать дополнительный спрос, так как кредиты становятся дешевле. Это может привести к росту цен на товары и услуги, что, в свою очередь, усиливает инфляцию. В результате сбережения теряют свою покупательную способность, так как деньги дешевеют."
364,Когда страховка действительно обязательна: при покупке билета или при оформлении кредита?,"Ошибка при обработке: Error code: 429 - {'error': {'message': ""No deployments available for selected model, Try again in 5 seconds. Passed model=openrouter/mistralai/mistral-small-3.2-24b-instruct. pre-call-checks=False, cooldown_list=['5a974fd4-816e-429d-a928-c954d4891e78']"", 'type': 'None', 'param': 'None', 'code': '429'}}"
365,"Сколько раз в год бесплатно можно получить кредитную историю, а где узнать, в каких БКИ она хранится?","В соответствии с законодательством РФ, каждый гражданин имеет право бесплатно получить информацию о своей кредитной истории один раз в год в каждом бюро кредитных историй (БКИ), где она хранится.

Чтобы узнать, в каких БКИ хранится ваша кредитная история, вы можете:

1. Обратиться в Центральный каталог кредитных историй (ЦККИ) Банка России. Это можно сделать через официальный сайт ЦБ РФ или лично в офисе Банка России.
2. Получить выписку из вашей кредитной истории в любом БКИ, где она хранится. Для этого нужно подать заявление в БКИ, указав свои паспортные данные.

Также вы можете воспользоваться сервисами, которые предоставляют информацию о вашей кредитной истории, например, через интернет-банки или специализированные финансовые сервисы."
366,"Какой уровень долговой нагрузки считается приемлемым, а какой — критическим для заемщика?","Ошибка при обработке: Error code: 429 - {'error': {'message': ""No deployments available for selected model, Try again in 5 seconds. Passed model=openrouter/mistralai/mistral-small-3.2-24b-instruct. pre-call-checks=False, cooldown_list=['5a974fd4-816e-429d-a928-c954d4891e78']"", 'type': 'None', 'param': 'None', 'code': '429'}}"
367,Когда заявлять в полицию при мошенничестве или аварии?,"При мошенничестве необходимо незамедлительно обратиться в полицию. Чем раньше вы подадите заявление, тем выше шансы на возврат средств и привлечение виновных к ответственности.

В случае ДТП обращение в полицию зависит от обстоятельств. Если есть пострадавшие, повреждения или разногласия между участниками, необходимо вызвать сотрудников ГИБДД на место происшествия. Если ущерб минимальный и все участники согласны, можно оформить европротокол.

Для точного ответа уточните, о каком именно случае идет речь: мошенничестве или ДТП."
368,Почему снижение ключевой ставки в перегретой экономике может разогнать инфляцию вместо роста выпуска?,"Снижение ключевой ставки в перегретой экономике может привести к увеличению денежной массы в обращении. Это происходит потому, что снижение ставки делает кредиты дешевле, что стимулирует заемные средства и, как следствие, рост потребительских расходов и инвестиций. В условиях перегретой экономики, когда спрос уже высок, дополнительные деньги могут привести к росту цен на товары и услуги, а не к увеличению выпуска продукции. Это и есть инфляция."
369,Чем грозит досрочная смена фонда в ОПС по сравнению с досрочным расторжением договора НПО?,"Для ответа на ваш вопрос необходимо учитывать несколько аспектов, связанных с пенсионными накоплениями и их управлением.

1. **Досрочная смена фонда в ОПС (Обязательное пенсионное страхование):**
   - При смене управляющей компании (УК) или негосударственного пенсионного фонда (НПФ) в рамках ОПС, пенсионные накопления переходят к новому управляющему без потери накопленных средств.
   - Процесс перевода средств может занять некоторое время, и в этот период накопления могут не приносить доход.
   - Возможны комиссии или ограничения, связанные с переводом средств, которые зависят от условий договора с предыдущим фондом.

2. **Досрочное расторжение договора НПО (Негосударственное пенсионное обеспечение):**
   - При досрочном расторжении договора НПО, клиент может столкнуться с штрафными санкциями или потерями части накопленных средств, если это предусмотрено условиями договора.
   - В некоторых случаях, если договор расторгается до достижения определенного возраста или срока, накопления могут быть выплачены с учетом уменьшенного размера.
   - Также возможны ограничения на вывод средств, например, выплата может быть произведена не сразу, а через определенный период.

Таким образом, досрочная смена фонда в ОПС обычно менее рискованна и не влечет потерь накопленных средств, в то время как досрочное расторжение договора НПО может привести к финансовым потерям и ограничениям."
370,"Как заранее оценить переплату по кредиту, чтобы не попасть в долговую яму?","Для оценки переплаты по кредиту и предотвращения попадания в долговую яму можно использовать несколько методов:

1. **Используйте кредитный калькулятор**: На сайте банка или на финансовых ресурсах есть кредитные калькуляторы. Введите сумму кредита, срок и процентную ставку, чтобы увидеть график платежей и общую сумму переплаты.

2. **Рассчитайте ежемесячный платеж**: Убедитесь, что ежемесячный платеж не превышает 30-40% вашего дохода. Это поможет избежать финансовых трудностей.

3. **Сравните предложения разных банков**: Разные банки предлагают различные условия по кредитам. Сравните процентные ставки, комиссии и другие условия, чтобы выбрать наиболее выгодный вариант.

4. **Учитывайте дополнительные расходы**: Помимо процентной ставки, учитывайте страховку, комиссии за обслуживание счета и другие скрытые платежи.

5. **Планируйте досрочное погашение**: Если у вас есть возможность, планируйте досрочные платежи. Это поможет снизить общую переплату по кредиту.

6. **Обратите внимание на тип кредита**: Аннуитетные платежи (равные ежемесячные платежи) и дифференцированные платежи (уменьшающиеся платежи) имеют разные схемы погашения. Аннуитетные платежи удобнее, но переплата по ним выше.

7. **Проверьте свою кредитную историю**: Хорошая кредитная история может помочь получить более выгодные условия по кредиту.

Если у вас есть конкретные параметры кредита (сумма, срок, процентная ставка), вы можете использовать кредитный калькулятор для точного расчета переплаты."
371,Где проверить легальность страховой компании либо кооператива при сомнениях?,"Для проверки легальности страховой компании или кооператива можно воспользоваться следующими способами:

1. **Официальный сайт Центрального банка Российской Федерации (ЦБ РФ)**. На сайте ЦБ РФ есть реестр страховых организаций, где можно проверить, включена ли компания в список действующих страховщиков.

2. **Сайт Федеральной службы по финансовым рынкам (ФСФР)**. На этом сайте также можно найти информацию о лицензиях и регистрационных данных страховых компаний.

3. **Сайт саморегулируемой организации (СРО)**. Если компания является членом СРО, на сайте этой организации можно найти информацию о ее членстве и статусе.

4. **Официальный сайт компании**. На сайте страховой компании или кооператива должна быть размещена информация о лицензиях, регистрационных данных и контактных данных для связи.

5. **Государственные реестры**. В некоторых случаях можно проверить информацию о компании в государственных реестрах, таких как ЕГРЮЛ (Единый государственный реестр юридических лиц).

Если у вас остались сомнения, вы можете обратиться в территориальное управление ЦБ РФ или в Роспотребнадзор для получения дополнительной информации."
372,Как защищать права по ОСАГО при отсутствии периода охлаждения?,"Для защиты прав по ОСАГО при отсутствии периода охлаждения необходимо следовать нескольким ключевым шагам:

1. **Соблюдение сроков подачи заявления**: Обратитесь в страховую компанию в течение 15 дней с момента ДТП. Это важно, так как пропуск срока может лишить вас права на возмещение.

2. **Сбор и предоставление документов**: Подготовьте все необходимые документы, включая извещение о ДТП, копии паспорта, водительского удостоверения, свидетельства о регистрации транспортного средства, а также документы, подтверждающие размер ущерба (например, оценка от эксперта).

3. **Обращение в страховую компанию**: Напишите заявление о страховом случае и предоставьте все собранные документы. Убедитесь, что у вас есть копии всех документов, которые вы подаете.

4. **Консультация с юристом**: Если страховая компания отказывает в выплате или затягивает процесс, обратитесь за юридической помощью. Юрист может помочь вам оспорить решение страховой компании и защитить ваши права.

5. **Обращение в Российский союз автостраховщиков (РСА)**: Если страховая компания не реагирует на ваши обращения, вы можете подать жалобу в РСА. Они могут помочь в разрешении конфликта.

6. **Судебное разбирательство**: В крайнем случае, если все другие методы не помогли, вы можете обратиться в суд для защиты своих прав. Для этого потребуется собрать все доказательства и документы, подтверждающие вашу позицию.

Важно помнить, что период охлаждения не является обязательным условием для получения страхового возмещения, и вы можете защищать свои права, следуя вышеуказанным шагам."
373,Как избежать потерь при переводе пенсионных накоплений в программу долгосрочных сбережений из другого фонда?,"Для перевода пенсионных накоплений в программу долгосрочных сбережений из другого фонда и минимизации потерь следует учитывать несколько ключевых моментов:

1. **Сравните условия**: Ознакомьтесь с условиями программы долгосрочных сбережений в вашем банке и сравните их с условиями текущего фонда. Обратите внимание на процентные ставки, комиссии, сроки и другие важные параметры.

2. **Учитывайте сроки**: Перевод пенсионных накоплений может занять некоторое время. Убедитесь, что вы не теряете накопленные проценты или бонусы за длительное хранение средств в текущем фонде.

3. **Проверьте комиссии**: Уточните, какие комиссии взимаются за перевод средств. Некоторые фонды могут взимать комиссию за выход, что может снизить общую сумму перевода.

4. **Консультируйтесь с специалистами**: Обратитесь за консультацией к специалистам банка или пенсионного фонда. Они помогут вам понять все нюансы перевода и минимизировать возможные потери.

5. **Следите за налоговыми последствиями**: Убедитесь, что перевод не влечет за собой дополнительные налоговые обязательства. В некоторых случаях перевод пенсионных накоплений может быть освобожден от налогообложения, но это зависит от конкретных условий.

Если у вас есть дополнительные вопросы по переводу пенсионных накоплений, обратитесь в ваш банк или пенсионный фонд для получения более детальной информации."
374,Чем грозит просрочка по «нулевому» микрозайму для будущих заявок на кредит?,"Просрочка по любому займу, в том числе по ""нулевому"" микрозайму, может негативно сказаться на вашей кредитной истории. Это может повлиять на рассмотрение будущих заявок на кредит, так как банки и другие кредитные организации учитывают кредитную историю при принятии решений о выдаче кредита. Просрочка может снизить ваш кредитный рейтинг, что может привести к отказу в кредите или к более строгим условиям его предоставления."
375,"Каковы последствия отзыва лицензии банка для долга по кредитке, а НПФ — для пенсионных накоплений?","Последствия отзыва лицензии у банка для долга по кредитной карте и для пенсионных накоплений в НПФ могут быть следующими:

1. Долг по кредитной карте:
- Долг по кредитной карте остается действительным, даже если лицензия у банка отозвана.
- Кредитор (банк или другой финансовый институт, который приобрел права требования) продолжит требовать погашения долга в соответствии с условиями кредитного договора.
- В некоторых случаях, если банк не может продолжить свою деятельность, долг может быть передан другому банку или коллекторскому агентству.

2. Пенсионные накопления в НПФ:
- Пенсионные накопления в НПФ защищены государством, и их безопасность не зависит от финансового состояния НПФ.
- В случае отзыва лицензии у НПФ, пенсионные накопления клиентов будут переданы в другой НПФ или в Пенсионный фонд России (ПФР) в соответствии с законодательством.
- Клиенты НПФ будут уведомлены о перечислении их пенсионных накоплений в другой НПФ или ПФР, и у них будет возможность выбрать другой НПФ для управления своими пенсионными накоплениями.

Важно отметить, что в обоих случаях клиенты должны быть проинформированы о любых изменениях в управлении их долгами или пенсионными накоплениями."
376,С какого возраста подросток открывает вклад с возможностью снимать проценты до совершеннолетия?,"Возраст, с которого подросток может открыть вклад с возможностью снимать проценты до совершеннолетия, зависит от условий конкретного банка. Обычно это возможно с 14 лет при наличии согласия законных представителей (родителей или опекунов). Однако точные условия и требования лучше уточнять в выбранном банке, так как они могут различаться."
377,Влияет ли участие созаемщика на сумму и процент по кредиту?,"Участие созаемщика может повлиять на сумму и процент по кредиту, но это зависит от нескольких факторов.

Во-первых, наличие созаемщика может увеличить общий доход, который учитывается при рассмотрении кредитной заявки. Это может позволить банку одобрить более крупную сумму кредита, так как риски для банка снижаются за счет дополнительного источника дохода.

Во-вторых, если созаемщик имеет хорошую кредитную историю, это может положительно повлиять на процентную ставку по кредиту. Банк может предложить более выгодные условия, так как наличие надежного созаемщика снижает риск невозврата кредита.

Однако, если кредитная история созаемщика плохая, это может негативно сказаться на условиях кредита. В некоторых случаях банк может отказать в кредите или предложить менее выгодные условия.

В любом случае, окончательное решение о сумме и проценте по кредиту принимает банк на основе комплексного анализа всех факторов, включая доходы, кредитные истории и другие параметры заемщика и созаемщика."
378,Как учитываются вклад с кредитом в одном банке при санации либо при отзыве лицензии?,"При санации или отзыве лицензии у банка учитываются все обязательства перед клиентами, включая вклады и кредиты. В случае санации банк может быть реорганизован или объединен с другим банком, и все обязательства переходят к новому правопреемнику. Вклады клиентов будут возвращены в полном объеме, а кредиты продолжат обслуживаться на прежних условиях.

При отзыве лицензии у банка вступает в силу страхование вкладов. В этом случае Агентство по страхованию вкладов (АСВ) возмещает вкладчикам сумму вкладов в размере до 1,4 миллиона рублей. Кредиты также продолжают обслуживаться, но условия могут измениться в зависимости от решения нового управляющего банка или АСВ.

Если у вас есть как вклад, так и кредит в одном банке, при санации или отзыве лицензии оба обязательства будут учтены. Вклады будут возвращены или застрахованы, а кредиты продолжат обслуживаться в соответствии с новыми условиями."
379,Как определяется доходность по векселю по сравнению с ценой лота на аукционе замороженных активов?,"Доходность по векселю определяется как процентная ставка, которую получает держатель векселя за его владение. Она может быть фиксированной или плавающей и зависит от условий, указанных в векселе.

Цена лота на аукционе замороженных активов определяется на основе спроса и предложения. Векселя могут быть включены в такие аукционы, и их цена будет зависеть от текущих рыночных условий и интереса инвесторов.

Для сравнения доходности векселя с ценой лота на аукционе необходимо учитывать несколько факторов:
1. Номинальную стоимость векселя.
2. Срок погашения векселя.
3. Процентную ставку, указанную в векселе.
4. Текущую рыночную цену векселя на аукционе.

Доходность векселя можно рассчитать по формуле:
Доходность = (Процентная ставка * Номинальная стоимость) / Текущая рыночная цена.

Цена лота на аукционе будет отражать текущую рыночную стоимость векселя, которая может отличаться от его номинальной стоимости. Таким образом, сравнение доходности векселя с ценой лота на аукционе позволяет инвесторам оценить привлекательность инвестирования в данный актив."
380,"Какой налог можно платить со сдачи жилья вместо НДФЛ, чем его ставки отличаются от подоходного налога?","Вместо НДФЛ (налог на доходы физических лиц) при сдаче жилья в аренду можно платить налог на профессиональный доход (НПД), который также известен как налог для самозанятых.

Ставки налога на профессиональный доход отличаются от НДФЛ следующим образом:

1. НДФЛ: ставка составляет 13% для резидентов РФ и 15% для нерезидентов.
2. НПД: ставка составляет 4% для доходов от реализации товаров, работ, услуг и имущественных прав, а также 6% для доходов от аренды имущества.

Таким образом, налог на профессиональный доход может быть выгоднее для тех, кто сдает жилье в аренду, так как ставка 6% ниже, чем 13% по НДФЛ. Однако, чтобы платить НПД, необходимо зарегистрироваться в качестве самозанятого."
381,Что делать при первых признаках невозможности вовремя платить по кредиту?,"При первых признаках невозможности вовремя платить по кредиту, важно действовать оперативно и ответственно. Вот шаги, которые следует предпринять:

1. **Оцените ситуацию**: Определите, насколько серьезна ваша финансовая трудность. Возможно, это временные затруднения, которые можно решить без серьезных последствий.

2. **Свяжитесь с банком**: Как можно скорее обратитесь в банк, где вы взяли кредит. Объясните ситуацию и попросите о реструктуризации кредита. Банки часто идут навстречу клиентам и могут предложить отсрочку платежа, уменьшение суммы ежемесячного платежа или другие варианты.

3. **Предоставьте документы**: Банк может запросить документы, подтверждающие вашу финансовую трудность (например, справку о снижении дохода, больничный лист и т.д.). Подготовьте их заранее.

4. **Изучите условия реструктуризации**: Внимательно изучите предложенные банком условия реструктуризации. Убедитесь, что новые условия вам подходят и что вы сможете их выполнять.

5. **Соблюдайте новые условия**: Если банк согласился на реструктуризацию, строго соблюдайте новые условия кредитного договора. Это поможет избежать дополнительных проблем в будущем.

6. **Ищите дополнительные источники дохода**: Попробуйте найти временные подработки или другие источники дохода, чтобы компенсировать временные финансовые трудности.

7. **Консультируйтесь с профессионалами**: Если ситуация сложная, можно обратиться к финансовым консультантам или юристам, специализирующимся на кредитных вопросах. Они помогут вам найти оптимальное решение.

Важно помнить, что игнорирование проблемы может привести к накоплению долга, штрафов и ухудшению вашей кредитной истории. Действуйте оперативно и ответственно, чтобы минимизировать негативные последствия."
382,Как начать подготовку к пассивному доходу к конкретной дате?,"Ошибка при обработке: Error code: 429 - {'error': {'message': ""No deployments available for selected model, Try again in 5 seconds. Passed model=openrouter/mistralai/mistral-small-3.2-24b-instruct. pre-call-checks=False, cooldown_list=['5a974fd4-816e-429d-a928-c954d4891e78']"", 'type': 'None', 'param': 'None', 'code': '429'}}"
383,В какой срок после ДТП подают документы страховщику при европротоколе?,"Ошибка при обработке: Error code: 429 - {'error': {'message': ""No deployments available for selected model, Try again in 5 seconds. Passed model=openrouter/mistralai/mistral-small-3.2-24b-instruct. pre-call-checks=False, cooldown_list=['5a974fd4-816e-429d-a928-c954d4891e78']"", 'type': 'None', 'param': 'None', 'code': '429'}}"
384,Как проходит принудительная конвертация депозитарных расписок в акции при блокировке обмена?,"Принудительная конвертация депозитарных расписок в акции при блокировке обмена проходит следующим образом:

1. Банк или депозитарий, в котором хранятся депозитарные расписки, информирует клиента о необходимости конвертации.
2. Клиент получает уведомление о блокировке обмена и о начале процедуры конвертации.
3. Депозитарные расписки автоматически конвертируются в акции в соответствии с установленным курсом конвертации.
4. Акции зачисляются на счет клиента в депозитарии.
5. Клиент может продать акции на бирже или оставить их в портфеле.

Процедура конвертации обычно занимает несколько дней. Точные сроки и условия конвертации зависят от конкретного депозитария и эмитента акций."
385,Какие данные банковской карты нужны мошенникам?,"Мошенникам могут понадобиться следующие данные вашей банковской карты:

1. Номер карты.
2. Срок действия карты (месяц и год).
3. CVV-код (трехзначный код на обратной стороне карты).
4. Имя держателя карты.

Эти данные могут быть использованы для совершения несанкционированных покупок или снятия средств. Важно никогда не сообщать эти данные третьим лицам и использовать карту только на проверенных сайтах."
386,"Почему при последствиях ДТП владельцу удобнее иметь каско, а не полагаться на одно ОСАГО?","При ДТП каско выгоднее ОСАГО по нескольким причинам:

1. Каско покрывает ущерб вашего автомобиля, даже если вы виноваты в аварии. ОСАГО же возмещает ущерб только пострадавшей стороне, а ваш автомобиль остается без компенсации, если вы виноваты.

2. Каско включает дополнительные риски, такие как угон, повреждение стекол, повреждение салона, а также покрывает ущерб, причиненный животными или стихийными бедствиями. ОСАГО не покрывает эти случаи.

3. Каско позволяет выбрать более высокий лимит страховой суммы, что особенно важно для дорогих автомобилей. В ОСАГО лимиты строго регламентированы и могут быть недостаточными для полного возмещения ущерба.

4. Каско часто включает услуги эвакуатора, помощь на дороге и другие сервисы, которые не предусмотрены ОСАГО.

Таким образом, каско предоставляет более широкое и гибкое покрытие, что делает его более удобным и выгодным вариантом для владельцев автомобилей."
387,"Вправе ли кредитор подать в суд за просрочку, если мобилизованному уже одобрили кредитные каникулы?","Для ответа на ваш вопрос необходимо учитывать несколько факторов.

Во-первых, кредитные каникулы для мобилизованных граждан предусмотрены законодательством и означают временную отсрочку по выплате кредита. Это означает, что в период действия кредитных каникул заемщик не обязан вносить платежи по кредиту.

Во-вторых, кредитор не вправе подавать в суд за просрочку платежей в период действия кредитных каникул, так как это нарушает права заемщика, гарантированные государством.

Однако, после окончания периода кредитных каникул заемщик обязан возобновить выплаты по кредиту в соответствии с графиком платежей. Если заемщик не выполняет свои обязательства после окончания кредитных каникул, кредитор вправе обратиться в суд для взыскания задолженности.

Таким образом, в период действия кредитных каникул кредитор не вправе подавать в суд за просрочку, но после их окончания заемщик должен возобновить выплаты по кредиту."
388,"Учитывают ли при расчете НДФЛ проценты по счетам с процентом на остаток, например по текущему счету?","Нет, проценты, начисленные на остаток по текущему счету, не облагаются НДФЛ. Налог на доходы физических лиц в России не взимается с процентных доходов по текущим счетам, если процентная ставка не превышает ключевую ставку Центрального банка РФ, увеличенную на 5 процентных пунктов. Если ставка по счету выше этого уровня, то с превышающей части дохода взимается НДФЛ."
389,Как корректно сравнить доходность НПФ с результатами управляющих компаний СФР с учетом комиссий?,"Для корректного сравнения доходности негосударственных пенсионных фондов (НПФ) с результатами управляющих компаний системы финансового резервирования (СФР) необходимо учитывать несколько ключевых аспектов:

1. **Структура комиссий**: У НПФ и управляющих компаний СФР могут быть разные схемы комиссий. У НПФ комиссии обычно включают взносы на управление, страхование и инвестиционные издержки. У управляющих компаний СФР комиссии могут быть связаны с управлением активами и другими услугами.

2. **Сроки инвестирования**: Доходность НПФ и управляющих компаний СФР может значительно различаться в зависимости от срока инвестирования. НПФ обычно работают с долгосрочными инвестициями, тогда как управляющие компании СФР могут иметь более гибкие сроки.

3. **Риск и стратегия инвестирования**: НПФ и управляющие компании СФР могут использовать разные стратегии инвестирования, что влияет на уровень риска и доходность. Например, НПФ могут инвестировать в более консервативные активы, тогда как управляющие компании СФР могут использовать более агрессивные стратегии.

4. **Инфляция и налоги**: При сравнении доходности необходимо учитывать инфляцию и налоговые последствия. Доходность НПФ и управляющих компаний СФР может быть представлена в номинальном и реальном выражении.

5. **Транспарентность отчетности**: Для корректного сравнения важно иметь доступ к прозрачной и сравнимой отчетности. НПФ и управляющие компании СФР должны предоставлять четкую информацию о доходности, комиссиях и инвестиционных стратегиях.

Для более точного сравнения рекомендуется использовать данные из официальных отчетов НПФ и управляющих компаний СФР, а также консультироваться с финансовыми экспертами."
390,Какие ограничения на досрочный выход описаны для векселя по сравнению с поданной заявкой на аукцион замороженных активов?,"Для векселя досрочный выход возможен только при наличии согласия всех сторон сделки, включая векселедателя и векселедержателя. В случае аукциона замороженных активов досрочный выход также возможен, но требует согласования с организатором аукциона и соблюдения определенных условий, таких как наличие покупателя на актив или истечение срока заморозки.

Основное отличие заключается в том, что для векселя необходимо согласование с контрагентами, тогда как для аукциона замороженных активов требуется согласование с организатором аукциона и соблюдение дополнительных условий."
391,Какие шаги помогут не переплатить при выборе ипотеки по аналогии с борьбой с импульсивными покупками?,"Для того чтобы не переплатить при выборе ипотеки, можно применить аналогичные принципы, которые помогают бороться с импульсивными покупками:

1. **Сравнение предложений**: Перед оформлением ипотеки сравните предложения от разных банков. Учитывайте не только процентную ставку, но и дополнительные условия, такие как комиссии, страхование и штрафы за досрочное погашение.

2. **Расчет полной стоимости кредита**: Используйте ипотечный калькулятор для расчета полной стоимости кредита. Это поможет вам понять, сколько вы заплатите за весь срок кредита, и сравнить предложения от разных банков.

3. **Планирование бюджета**: Определите, какую сумму вы можете позволить себе ежемесячно платить по ипотеке, и выберите кредит с соответствующим платежом. Не стоит брать кредит на максимально возможную сумму, так как это может привести к финансовым трудностям.

4. **Отложенное решение**: Не принимайте решение о выборе ипотеки сразу. Возьмите время на размышление и консультацию с финансовым консультантом, если это необходимо.

5. **Чтение условий**: Внимательно прочитайте все условия кредитного договора, включая мелкий шрифт. Убедитесь, что вы понимаете все комиссии, штрафы и другие обязательства.

Эти шаги помогут вам сделать осознанный выбор и избежать переплаты при оформлении ипотеки."
392,"Как организовать ребенку карманные деньги на карте так, чтобы родитель видел его траты?","Для организации карманных денег на карте с контролем расходов родителями можно воспользоваться следующими вариантами:

1. **Детская карта с лимитами и контролем**:
   - Оформите карту для ребенка, привязанную к вашему счету. Многие банки предлагают специальные карты для детей с возможностью установки лимитов на расходы.
   - Настройте уведомления о транзакциях, чтобы получать SMS или push-уведомления о каждой операции.
   - Используйте мобильное приложение банка для мониторинга расходов ребенка в реальном времени.

2. **Совместный счет**:
   - Откройте совместный счет, на который вы будете переводить карманные деньги. Ребенок сможет пользоваться картой, а вы будете видеть все движения по счету.
   - Установите лимиты на снятие наличных и безналичные платежи.

3. **Приложения для управления финансами**:
   - Используйте специализированные приложения, такие как ""Сбербанк Подари жизнь"", ""Тинькофф Junior"" или другие, которые позволяют родителям контролировать расходы ребенка.

4. **Настройка уведомлений**:
   - В мобильном приложении банка настройте уведомления о всех операциях по карте ребенка. Это позволит вам оперативно реагировать на любые подозрительные или несанкционированные траты.

5. **Обучение финансовой грамотности**:
   - Объясните ребенку, как правильно распоряжаться деньгами, и обсуждайте его траты, чтобы он понимал важность контроля за своими финансами.

Если у вас есть конкретный банк, в котором вы хотите оформить карту, уточните его название, и я помогу подробнее разобраться в возможностях."
393,"Что безопаснее для сохранности активов при проблемах у посредника: брокер или доверительный управляющий, и почему?","Для сохранности активов при проблемах у посредника важно учитывать несколько факторов.

Брокер предоставляет услуги по совершению сделок на рынке ценных бумаг. Активы клиента хранятся на брокерском счете, и в случае проблем у брокера они могут быть защищены системой страхования вкладов или компенсационным фондом. Однако, в случае банкротства брокера, процесс возврата активов может занять время.

Доверительный управляющий действует на основании договора доверительного управления и управляет активами клиента в соответствии с установленными условиями. Активы клиента остаются в собственности клиента, и доверительный управляющий не имеет права распоряжаться ими в своих интересах. В случае проблем у доверительного управляющего, активы клиента остаются в безопасности, так как они не являются частью имущества управляющего.

Таким образом, доверительное управление может быть более безопасным вариантом для сохранности активов, так как активы клиента остаются в его собственности и не подвержены рискам, связанным с деятельностью управляющего. Однако, выбор между брокером и доверительным управляющим зависит от конкретных условий и требований клиента."
394,Почему не стоит инвестировать последние деньги либо занимать на биржу?,"Инвестирование последних денег или занятие на биржу может быть рискованным по нескольким причинам:

1. Высокий риск потери средств. Биржевые инвестиции всегда связаны с риском, и в случае неудачных операций можно потерять все вложенные средства. Если это последние деньги, это может привести к серьезным финансовым проблемам.

2. Эмоциональное давление. Инвестирование последних средств может создавать сильное эмоциональное давление, что может привести к принятию нерациональных решений.

3. Отсутствие финансовой подушки безопасности. Последние деньги часто являются частью финансовой подушки безопасности, которая необходима для покрытия непредвиденных расходов. Инвестирование этих средств может лишить вас этой защиты.

4. Возможность долговой нагрузки. Если вы занимаете деньги для инвестирования, вы создаете дополнительную финансовую нагрузку. В случае неудачных инвестиций вы можете оказаться в долговой яме.

Рекомендуется инвестировать только те средства, потеря которых не приведет к серьезным финансовым проблемам. Также важно иметь финансовую подушку безопасности и избегать долговой нагрузки."
395,"Когда безопаснее переводить пенсионные накопления в новый НПФ, если ориентироваться на надежные фонды по рейтингу?","Для перевода пенсионных накоплений в новый НПФ, ориентируясь на надежные фонды по рейтингу, важно учитывать несколько факторов:

1. **Рейтинг и надежность НПФ**: Выбирайте фонды с высокими рейтингами от независимых агентств, таких как Национальное Рейтинговое Агентство (НРА) или Эксперт РА. Эти рейтинги помогают оценить финансовую устойчивость и надежность фонда.

2. **Условия перевода**: Уточните условия перевода в выбранный НПФ. Некоторые фонды могут предлагать более выгодные условия для новых клиентов, такие как повышенные проценты или дополнительные бонусы.

3. **Сроки и процедуры**: Перевод пенсионных накоплений может занять некоторое время. Убедитесь, что вы начинаете процесс заранее, чтобы избежать задержек.

4. **Инвестиционная стратегия**: Ознакомьтесь с инвестиционной декларацией выбранного НПФ. Убедитесь, что стратегия инвестирования соответствует вашим ожиданиям и уровню риска, который вы готовы принять.

5. **Отзывы и репутация**: Проверьте отзывы о выбранном НПФ. Это поможет вам понять, насколько фонд надежен и как он работает с клиентами.

Наиболее безопасным периодом для перевода может быть начало года, когда многие фонды обновляют свои условия и предлагают новые программы для привлечения клиентов. Однако, окончательное решение зависит от ваших личных предпочтений и финансовых целей."
396,Каковы сроки подачи заявлений при ликвидации МФО по сравнению с обращением за возмещением при отзыве лицензии у НПФ?,"Сроки подачи заявлений при ликвидации микрофинансовой организации (МФО) и обращения за возмещением при отзыве лицензии у негосударственного пенсионного фонда (НПФ) регулируются разными нормативными актами и могут отличаться.

1. Ликвидация МФО:
Сроки подачи заявлений и процедуры ликвидации МФО регулируются Федеральным законом ""О микрофинансовой деятельности и микрофинансовых организациях"". В случае добровольной ликвидации МФО должна подать заявление в налоговый орган и уведомить Банк России. Сроки могут варьироваться в зависимости от конкретных обстоятельств.

2. Возмещение при отзыве лицензии у НПФ:
При отзыве лицензии у НПФ участники фонда имеют право на возмещение средств из резервного фонда. Сроки обращения за возмещением и процедуры регулируются Федеральным законом ""О негосударственных пенсионных фондах"". Обычно участники НПФ должны подать заявление о выплате средств в течение определенного срока после официального уведомления о отзыве лицензии.

Для точного определения сроков в вашем случае рекомендуется обратиться к соответствующим нормативным актам или проконсультироваться с юристом, специализирующимся на финансовом праве."
397,Почему платеж через терминал может зависнуть при отзыве лицензии у банка‑посредника?,"Платеж через терминал может зависнуть при отзыве лицензии у банка-посредника по нескольким причинам.

Во-первых, отзыв лицензии означает, что банк больше не может осуществлять финансовые операции. Это может привести к блокировке или приостановке всех транзакций, проходящих через этот банк.

Во-вторых, терминалы часто используют серверы банка-посредника для обработки платежей. Если серверы банка становятся недоступными, терминалы не могут завершить транзакцию, что приводит к зависанию платежа.

В-третьих, системы платежных терминалов могут быть настроены на автоматическую проверку статуса банка-посредника. При обнаружении отзыва лицензии система может приостановить обработку платежей до устранения проблемы.

В таких ситуациях рекомендуется обратиться в службу поддержки банка, который обслуживает терминал, для получения дополнительной информации и решения проблемы."
398,Почему рискованно работать через иностранного форекс-дилера без российской лицензии?,"Работа с иностранным форекс-дилером без российской лицензии может быть рискованной по нескольким причинам:

Во-первых, такие дилеры не подчиняются российскому законодательству и регулирующим органам, таким как Центральный банк Российской Федерации. Это означает, что в случае возникновения споров или проблем у клиента может не быть эффективного механизма защиты своих прав.

Во-вторых, иностранные дилеры могут не предоставлять клиентам гарантии и компенсации, которые предусмотрены для российских участников рынка. Например, в России действует система страхования вкладов, которая защищает средства клиентов в случае банкротства финансовой организации.

В-третьих, иностранные дилеры могут использовать различные схемы и условия, которые могут быть невыгодными для клиентов. Например, они могут предлагать высокие кредитные плечи, что увеличивает риски потерь, или использовать сложные и непрозрачные тарифные планы.

В-четвертых, иностранные дилеры могут не предоставлять клиентам доступ к российским рынкам и инструментам, что ограничивает возможности для инвестирования.

В-пятых, иностранные дилеры могут не соблюдать российские стандарты защиты персональных данных, что может привести к утечке информации и другим проблемам.

В-шестых, иностранные дилеры могут не предоставлять клиентам доступ к российским системам расчетов и платежей, что может усложнить процесс внесения и вывода средств.

В-седьмых, иностранные дилеры могут не предоставлять клиентам доступ к российским системам поддержки и консультаций, что может усложнить процесс решения проблем и вопросов.

В-восьмых, иностранные дилеры могут не предоставлять клиентам доступ к российским системам обучения и образования, что может усложнить процесс освоения торговли на рынке форекс.

В-девятых, иностранные дилеры могут не предоставлять клиентам доступ к российским системам анализа и прогнозирования, что может усложнить процесс принятия решений на рынке форекс.

В-десятых"
399,Куда жаловаться при нарушении прав со стороны брокера или форекс‑дилера?,"Для решения вопросов, связанных с нарушением прав со стороны брокера или форекс-дилера, вы можете обратиться в следующие инстанции:

1. **Финансовый уполномоченный (Финансовый омбудсмен)** - это независимый арбитр, который рассматривает споры между клиентами и финансовыми организациями, включая брокеров и форекс-дилеров. Обращение к финансовому уполномоченному является бесплатным и не требует привлечения юристов.

2. **Центральный банк Российской Федерации (Банк России)** - если брокер или форекс-дилер нарушает законодательство, вы можете подать жалобу в Банк России. Банк России регулирует деятельность финансовых организаций и может принять меры в случае нарушений.

3. **Судебные органы** - если другие способы разрешения конфликта не помогли, вы можете обратиться в суд. Для этого потребуется собрать доказательства нарушений и обратиться в суд по месту нахождения брокера или форекс-дилера.

Перед подачей жалобы рекомендуется собрать все документы, подтверждающие нарушения, и попытаться решить вопрос с брокером или форекс-дилером в досудебном порядке."
400,Распространяется ли самозапрет на POS‑микрозаймы?,"Самозапрет на получение кредитов и займов распространяется на все виды кредитных продуктов, включая POS-микрозаймы. Это означает, что если клиент оформил самозапрет, он не сможет получить ни один новый заем, включая микрозаймы, оформляемые в магазинах через POS-терминалы.

Если у вас есть дополнительные вопросы по этой теме, пожалуйста, уточните."
401,Почему внеплановый платеж лучше делать в дату планового взноса?,"Внеплановый платеж лучше делать в дату планового взноса, потому что это позволяет избежать начисления дополнительных процентов. В дату планового взноса происходит перерасчет процентов, и внесенные средства сразу идут на погашение основного долга. Это снижает общую сумму задолженности и уменьшает переплату по кредиту."
402,"Какие инструменты, в отличие от банковских вкладов, не покрываются государственной системой страхования?","Инструменты, которые не покрываются государственной системой страхования вкладов, включают:

1. Облигации (государственные, корпоративные, муниципальные).
2. Акции и другие ценные бумаги.
3. Депозитные сертификаты.
4. Договоры доверительного управления.
5. Инвестиционные счета (ИИС, БИК).
6. Пенсионные накопления (в части, не покрываемой государством).
7. Дерivative инструменты (фьючерсы, опционы, свопы).

Эти инструменты несут более высокий риск по сравнению с банковскими вкладами, но и могут приносить более высокую доходность."
403,По каким причинам оператор кошелька или банк блокируют операции?,"Операции могут быть заблокированы по нескольким причинам:

1. Подозрительная активность. Если система обнаруживает необычные операции, которые могут указывать на мошенничество, она может заблокировать их для защиты средств клиента.

2. Недостаточно средств. Если на счете или в кошельке недостаточно средств для выполнения операции, она может быть заблокирована.

3. Ошибка в реквизитах. Если введены неверные данные получателя, сумма или другие реквизиты, операция может быть заблокирована до уточнения.

4. Превышение лимитов. Если операция превышает установленные лимиты по сумме или количеству операций, она может быть заблокирована.

5. Технические сбои. Временные технические проблемы могут привести к блокировке операций.

6. Запросы правоохранительных органов. В некоторых случаях операции могут быть заблокированы по запросу правоохранительных органов.

7. Подозрение на отмывание денег. Если операция вызывает подозрения в связи с отмыванием денег, она может быть заблокирована для проверки.

Если операция заблокирована, рекомендуется обратиться в службу поддержки банка или оператора кошелька для уточнения причин и разблокировки."
404,Когда СТО вправе требовать доплату при ремонте по ОСАГО?,"Ошибка при обработке: Error code: 429 - {'error': {'message': ""No deployments available for selected model, Try again in 5 seconds. Passed model=openrouter/mistralai/mistral-small-3.2-24b-instruct. pre-call-checks=False, cooldown_list=['5a974fd4-816e-429d-a928-c954d4891e78']"", 'type': 'None', 'param': 'None', 'code': '429'}}"
405,Как авторы советуют усиливать команду за счет подбора людей?,"Авторы рекомендуют усиливать команду, привлекая людей с разными навыками и опытом, которые дополняют существующие компетенции команды. Важно обращать внимание на личностные качества кандидатов, их способность к обучению и адаптации. Также советуют использовать различные методы подбора, включая рекомендации, онлайн-платформы и прямые подходы к потенциальным кандидатам."
406,"Можно ли отменить перевод через СБП, как это соотносится с необратимостью транзакций в блокчейне?","Перевод через Систему быстрых платежей (СБП) можно отменить только в определенных случаях. Например, если перевод был ошибочным и деньги еще не зачислены на счет получателя, банк может помочь в отмене транзакции. Однако если деньги уже поступили на счет получателя, отмена перевода возможна только по согласованию с получателем.

Что касается необратимости транзакций в блокчейне, то в криптовалютах, таких как биткоин или эфириум, транзакции действительно являются необратимыми. После подтверждения транзакции в блокчейне ее нельзя отменить или изменить. Это одна из ключевых особенностей блокчейна, обеспечивающая безопасность и прозрачность транзакций.

Таким образом, СБП и блокчейн имеют разные механизмы обработки транзакций, и их необратимость соотносится по-разному."
407,Чем отличается защита денег инвесторов МФО от гарантий по добровольным пенсиям в НПФ?,"Защита денег инвесторов в микрофинансовых организациях (МФО) и гарантии по добровольным пенсиям в негосударственных пенсионных фондах (НПФ) различаются по нескольким ключевым аспектам.

1. **Регулирование и страхование**:
   - В МФО средства инвесторов могут быть застрахованы в рамках системы страхования вкладов, если МФО имеет соответствующую лицензию и участвует в этой системе. Однако не все МФО имеют такое страхование, и суммы компенсаций могут быть ограничены.
   - В НПФ средства участников защищены государством в рамках системы гарантирования прав застрахованных лиц. Это означает, что в случае банкротства НПФ средства участников будут возмещены в пределах установленных законом лимитов.

2. **Цели инвестирования**:
   - В МФО инвестиции обычно направлены на получение дохода в краткосрочной или среднесрочной перспективе.
   - В НПФ средства инвестируются с целью формирования пенсионных накоплений, что предполагает долгосрочное инвестирование.

3. **Уровень риска**:
   - Инвестиции в МФО могут быть более рискованными, так как МФО могут предлагать высокие проценты по вкладам, что связано с более высоким уровнем риска.
   - Инвестиции в НПФ обычно считаются более консервативными, так как они направлены на долгосрочное накопление и защиту средств.

4. **Доступность и ликвидность**:
   - Средства в МФО могут быть более ликвидными, так как их можно изъять в любое время, в зависимости от условий договора.
   - Средства в НПФ обычно менее ликвидны, так как они предназначены для долгосрочного накопления и могут быть изъяты только в определенных случаях, предусмотренных законодательством.

Таким образом, защита денег инвесторов в МФО и гарантии по добровольным пенсиям в НПФ различаются по уров"
408,"Российские облигации у санкционного брокера доступны, какие бумаги для новичка самые надежные?","Для начинающих инвесторов, особенно в условиях санкций, важно выбирать облигации с высокой надежностью. В России такими бумагами обычно считаются:

1. Облигации федерального займа (ОФЗ). Это государственные облигации, которые считаются одними из самых надежных, так как их эмитентом выступает государство.
2. Облигации крупных и стабильных компаний, таких как ""Газпром"", ""Роснефть"", ""Сбербанк"" и другие. Эти компании имеют высокую кредитную рейтинговую оценку и стабильную финансовую историю.

Однако, учитывая санкционные ограничения, перед покупкой облигаций необходимо уточнить у вашего брокера, какие именно бумаги доступны для инвестирования. Также рекомендуется проконсультироваться с финансовым консультантом для выбора наиболее подходящих инструментов."
409,Кто платит НДФЛ по доходам от депозитарных расписок против дивидендов по акциям?,"Налог на доходы физических лиц (НДФЛ) по доходам от депозитарных расписок и дивидендов по акциям платится следующим образом:

1. **Дивиденды по акциям**: НДФЛ удерживается и перечисляется в бюджет налоговым агентом (например, брокером или депозитарием) по ставке 13% для резидентов РФ и 15% для нерезидентов.

2. **Доходы от депозитарных расписок**: Если депозитарные расписки привязаны к акциям, то доходы от них (например, дивиденды) также облагаются НДФЛ. В этом случае налог удерживается аналогично дивидендам по акциям.

Таким образом, в обоих случаях налоговым агентом выступает организация, через которую вы получаете доходы, и она обязана удержать и перечислить НДФЛ в бюджет."
410,Как снизить риск потери ценных бумаг при проблемах у посредника?,"Для снижения риска потери ценных бумаг при проблемах у посредника рекомендуется:

1. Выбирать надежных и проверенных брокеров, которые имеют хорошую репутацию и лицензию.
2. Использовать несколько брокерских счетов у разных посредников, чтобы диверсифицировать риски.
3. Регулярно отслеживать состояние своих активов и операций на счетах.
4. Использовать услуги депозитария, который обеспечивает дополнительную защиту ценных бумаг.
5. Ознакомиться с условиями договора с брокером, включая процедуры страхования и компенсации.
6. В случае возникновения проблем с посредником незамедлительно обращаться в регулирующие органы и правоохранительные органы."
411,"Как банки увеличивают количество денег в экономике, что при этом угрожает ценам?","Банки увеличивают количество денег в экономике через процесс создания кредитных денег. Когда банк выдает кредит, он фактически создает новые деньги на счете заемщика. Эти деньги затем используются для покупок, инвестиций или других операций, что увеличивает общий объем денег в экономике.

Однако увеличение денежной массы может привести к инфляции, если предложение денег растет быстрее, чем реальный объем товаров и услуг. Это означает, что цены на товары и услуги могут начать расти, так как спрос превышает предложение. В крайних случаях это может привести к гиперинфляции, когда деньги быстро теряют свою ценность.

Таким образом, банки играют ключевую роль в регулировании денежной массы, но их действия должны быть сбалансированы, чтобы избежать негативных последствий для экономики."
412,Когда уместно рефинансировать кредит: при появлении ребенка либо перед Новым годом?,"Рефинансирование кредита уместно в том случае, если это позволяет снизить финансовую нагрузку или улучшить условия кредитования. Конкретные ситуации, такие как появление ребенка или период перед Новым годом, не являются определяющими факторами. Важно оценить текущие условия кредита, процентные ставки на рынке и свои финансовые возможности.

Если появление ребенка существенно изменило ваш бюджет, рефинансирование может помочь снизить ежемесячные платежи. Перед Новым годом банки иногда предлагают специальные условия, но это не является гарантией.

Рекомендуется обратиться в банк для получения актуальной информации о возможностях рефинансирования и сравнить предложения."
413,"Каков лимит страхового возмещения по вкладам, когда доступна выплата до 10 млн рублей?","Согласно законодательству Российской Федерации, максимальная сумма страхового возмещения по вкладам в банках составляет 10 миллионов рублей. Это означает, что если банк, в котором у вас есть вклад, лишается лицензии, Агентство по страхованию вкладов (АСВ) выплатит вам возмещение в размере до 10 миллионов рублей, включая проценты.

Если у вас есть несколько вкладов в одном банке, сумма страхового возмещения также не превысит 10 миллионов рублей. Однако, если у вас есть вклады в разных банках, то страховое возмещение по каждому из них будет рассчитываться отдельно.

Важно отметить, что страховое возмещение выплачивается в течение 14 дней с момента наступления страхового случая."
414,Как выгодно использовать распродажи при подготовке к школе или к Новому году?,"Для выгодного использования распродаж при подготовке к школе или Новому году следует придерживаться нескольких простых правил:

1. Планируйте заранее. Составьте список необходимых вещей и определите, какие из них можно приобрести со скидкой. Это поможет избежать импульсных покупок и сэкономить деньги.

2. Следите за распродажами. Подпишитесь на новости магазинов, в которых планируете делать покупки, чтобы быть в курсе предстоящих распродаж. Также можно использовать приложения и сайты, которые собирают информацию о скидках.

3. Сравнивайте цены. Даже во время распродаж цены могут значительно отличаться в разных магазинах. Перед покупкой сравните цены в нескольких местах, чтобы найти лучшее предложение.

4. Используйте купонные сервисы. Многие магазины предлагают дополнительные скидки через купонные сервисы. Перед покупкой проверьте, есть ли действующие купоны на нужные вам товары.

5. Покупайте только необходимое. Даже если товар продается со скидкой, не стоит покупать его, если он вам не нужен. Это поможет избежать лишних трат и сэкономить деньги.

6. Проверяйте сроки и условия возврата. Убедитесь, что у вас есть возможность вернуть товар, если он не подойдет или окажется бракованным. Это особенно важно при покупке одежды и обуви, которые могут не подойти по размеру или фасону.

Следуя этим советам, вы сможете выгодно использовать распродажи и сэкономить деньги при подготовке к школе или Новому году."
415,"Что делать, если в полисе ОСАГО указан неправильный КБМ, и когда начнут действовать исправления?","Для исправления неправильного КБМ в полисе ОСАГО необходимо обратиться в страховую компанию, где был оформлен полис. Страховая компания проведет проверку и внесет исправления в базу данных РСА (Российского союза автостраховщиков).

Исправления вступят в силу с даты, указанной в новом полисе ОСАГО. Обычно этот процесс занимает несколько рабочих дней. После внесения исправлений в базу данных РСА, новый КБМ будет действовать при оформлении следующего полиса ОСАГО.

Если у вас возникли трудности с исправлением КБМ, вы можете обратиться в банк, где был оформлен кредит на автомобиль, для получения дополнительной информации и помощи."
416,"Как распознать обман, когда обещают компенсации за прошлые потери?","Чтобы распознать обман, связанный с обещаниями компенсаций за прошлые потери, обратите внимание на следующие моменты:

1. **Непроверенные источники**: Если предложение поступает от неизвестной организации или частного лица без официальной регистрации, это должно насторожить.

2. **Требование предоплаты**: Мошенники часто просят внести предоплату или комиссию за оформление компенсации. Банки и легальные организации никогда не требуют оплаты за возврат средств.

3. **Срочность и давление**: Обманщики часто создают ощущение срочности, заявляя, что предложение действует ограниченное время. Это делается для того, чтобы вы не успели проверить информацию.

4. **Отсутствие официальных документов**: Легальные компенсации всегда оформляются через официальные каналы с предоставлением документов. Если вам не предоставляют никаких бумаг, это повод насторожиться.

5. **Слишком хорошие условия**: Если вам обещают возврат средств на нереальных условиях, это может быть признаком мошенничества.

Если вы столкнулись с подобным предложением, лучше обратиться в ваш банк или в официальные органы для проверки информации."
417,"Какой кредитный рейтинг должен иметь МФО для долгосрочных вложений с учетом того, что такие инвестиции не страхуются государством?","Ошибка при обработке: Error code: 429 - {'error': {'message': ""No deployments available for selected model, Try again in 5 seconds. Passed model=openrouter/mistralai/mistral-small-3.2-24b-instruct. pre-call-checks=False, cooldown_list=['5a974fd4-816e-429d-a928-c954d4891e78']"", 'type': 'None', 'param': 'None', 'code': '429'}}"
418,"Какие ограничения на досрочный выход из сделки указаны для векселя, а также для участия в аукционе заблокированных активов?","Для векселя:
1. Досрочный выход из сделки с векселем может быть ограничен условиями договора купли-продажи векселя. Обычно, если вексель куплен на вторичном рынке, то досрочный выход возможен только при согласии обеих сторон сделки.
2. Если вексель был приобретен у эмитента, то досрочный выход может быть возможен только при условии, что вексель не был заложен или передан в залог.

Для участия в аукционе заблокированных активов:
1. Участие в аукционе заблокированных активов возможно только для юридических лиц и индивидуальных предпринимателей, которые зарегистрированы в соответствии с законодательством Российской Федерации.
2. Для участия в аукционе необходимо предоставить гарантийное обеспечение, размер которого определяется организатором аукциона.
3. Заблокированные активы могут быть проданы только после истечения срока блокировки, установленного судом или иным уполномоченным органом.
4. Участие в аукционе заблокированных активов может быть ограничено для лиц, имеющих неисполненные обязательства перед банком или иными кредиторами."
419,"Попадают ли деньги в доверительном управлении, на брокерском счете и в структурном депозите под страхование вкладов?","Деньги в доверительном управлении и на брокерском счете не попадают под страхование вкладов. Они не являются банковскими вкладами и, следовательно, не защищены Агентством по страхованию вкладов (АСВ).

Структурный депозит может частично или полностью попадать под страхование вкладов, в зависимости от его условий. Обычно страхуется только банковская часть депозита, а инвестиционная часть, связанная с рынком ценных бумаг, не страхуется.

Для точного ответа необходимо уточнить условия конкретного продукта в вашем банке."
420,Как госпоручительство помогает оформить заем?,"Госпоручительство позволяет оформить заем, когда у заемщика нет достаточного обеспечения или кредитной истории. В этом случае поручитель (госпоручитель) гарантирует выполнение обязательств заемщика перед банком. Это повышает доверие банка и увеличивает шансы на одобрение кредита.

Если у вас есть дополнительные вопросы по госпоручительству или кредитованию, задавайте их."
421,Как мошенники получают данные банковских карт через поддельные сайты?,"Мошенники создают сайты, которые внешне похожи на официальные сайты банков, интернет-магазинов или других сервисов. Когда пользователь вводит данные своей карты на таком сайте, мошенники получают доступ к этой информации. Они могут использовать её для совершения покупок, снятия денег или других мошеннических операций.

Чтобы защитить себя, всегда проверяйте адрес сайта, на котором вы вводите данные карты. Официальные сайты банков и магазинов обычно используют защищённый протокол HTTPS и имеют соответствующие сертификаты. Также не переходите по подозрительным ссылкам и не вводите данные карты на сайтах, которые выглядят подозрительно."
422,Как удостовериться в легальности кредитора перед заявкой?,"Для проверки легальности кредитора перед подачей заявки на кредит, рекомендую следовать следующим шагам:

1. Проверьте наличие лицензии у кредитора. В России кредитные организации должны иметь лицензию Центрального банка РФ. Вы можете проверить это на официальном сайте ЦБ РФ.

2. Ознакомьтесь с репутацией кредитора. Проверьте отзывы клиентов, информацию на форумах, в социальных сетях. Это поможет понять, насколько надежен кредитор.

3. Уточните информацию о кредитной организации в государственных реестрах. Например, в Едином государственном реестре юридических лиц (ЕГРЮЛ) или Едином государственном реестре индивидуальных предпринимателей (ЕГРИП).

4. Проверьте контактные данные кредитора. Легальная организация должна иметь официальный сайт, адрес, телефоны для связи.

5. Обратите внимание на условия кредитования. Подозрительно низкие процентные ставки или скрытые комиссии могут быть признаками мошенничества.

Если у вас возникли сомнения в легальности кредитора, лучше отказаться от сотрудничества и выбрать проверенную кредитную организацию."
423,Покроет ли страховка ответственности кражу из банковской ячейки?,"Для ответа на ваш вопрос необходимо уточнить несколько моментов.

Во-первых, страховка ответственности банка обычно покрывает ущерб, причиненный клиентам в результате действий или бездействия банка. Однако кража из банковской ячейки может быть рассмотрена как результат действий третьих лиц, а не банка.

Во-вторых, многие банки предлагают дополнительные услуги страхования содержимого ячейки, но это обычно опциональная услуга, которую клиент должен оформить отдельно и за дополнительную плату.

В-третьих, если кража произошла по вине банка (например, из-за недостаточных мер безопасности), то страховка ответственности может покрыть ущерб. Но если кража произошла по вине клиента (например, он забыл закрыть ячейку или потерял ключ), то страховка, скорее всего, не покроет ущерб.

Рекомендую уточнить условия страхования в вашем банке, обратившись к условиям договора или напрямую к сотруднику банка."
424,Как избежать потерь при онлайн‑покупках вне официальных магазинов?,"Для избежания потерь при онлайн-покупках вне официальных магазинов рекомендуется:

1. Проверять репутацию продавца. Обратите внимание на отзывы других покупателей, историю продаж и рейтинг.
2. Использовать защищенные способы оплаты. Например, платежные системы, которые предлагают защиту покупателя, или банковские карты с функцией 3D-Secure.
3. Тщательно изучать условия сделки. Уточняйте все детали, включая сроки доставки, возможность возврата и гарантии.
4. Избегать подозрительно низких цен. Если цена значительно ниже рыночной, это может быть признаком мошенничества.
5. Использовать только проверенные платформы. Даже если вы покупаете у частного продавца, выбирайте платформы с хорошей репутацией и системой защиты покупателей.
6. Сохранять все подтверждения покупки. Это поможет в случае споров или проблем с доставкой.

Если у вас возникли подозрения или проблемы с покупкой, обратитесь в службу поддержки платформы или в банк, через который была произведена оплата."
425,Что может покупать неквалифицированный инвестор без тестов с учетом ограничений на иностранные бумаги?,"Неквалифицированный инвестор может покупать следующие инструменты без прохождения тестов:

1. Облигации российских эмитентов, размещенные на бирже.
2. Акции российских компаний, включенные в котировальные списки биржи.
3. Паи инвестиционных фондов, зарегистрированных в России.
4. Депозиты и вклады в российских банках.

Ограничения на иностранные бумаги означают, что неквалифицированный инвестор не может покупать иностранные ценные бумаги, за исключением некоторых случаев, предусмотренных законодательством."
426,Зачем сравнивать условия разных банков или сервисов перед крупной тратой?,"Сравнение условий разных банков или сервисов перед крупной тратой позволяет выбрать наиболее выгодные условия. Это может включать в себя сравнение процентных ставок, комиссий, сроков кредитования, наличия скрытых платежей и других параметров. Например, при оформлении кредита важно сравнить ставки, чтобы выбрать минимальную переплату. При использовании платежных сервисов стоит обратить внимание на комиссии за переводы и сроки зачисления средств. Сравнение условий помогает сэкономить деньги и избежать неожиданных расходов."
427,"Как избежать лишних платных сервисов при микрозайме, а также в какой срок можно от них отказаться после подписания?","Чтобы избежать лишних платных сервисов при оформлении микрозайма, внимательно изучите договор и условия кредитования. Обычно в договоре указываются все дополнительные услуги, которые могут быть подключены автоматически. Если вы не хотите использовать эти услуги, укажите на это кредитному менеджеру до подписания договора.

Что касается отказа от платных сервисов после подписания договора, сроки и условия отказа зависят от конкретного кредитора. Обычно в договоре указывается, в течение какого времени можно отказаться от дополнительных услуг без штрафов и комиссий. Обычно этот срок составляет от 5 до 14 дней с момента подписания договора. Однако, если срок уже истек, то отказаться от платных сервисов может быть сложнее, и возможно, потребуется обратиться в суд или регуляторные органы.

Рекомендую внимательно изучить договор и условия кредитования, а также обратиться в службу поддержки кредитора для уточнения деталей."
428,Как отличается период охлаждения по кредитным страховкам от сроков возврата ИСЖ или НСЖ на небольшую сумму?,"Период охлаждения по кредитным страховкам и сроки возврата страховых сумм по ИСЖ (имущественное страхование жилья) или НСЖ (накопление страхование жизни) различаются по следующим параметрам:

1. **Период охлаждения по кредитным страховкам**:
   - Обычно составляет 14 дней с момента заключения договора.
   - В течение этого периода клиент может отказаться от страховки и получить обратно уплаченную сумму.
   - Если страховка была включена в кредитный договор, отказ от нее может повлиять на условия кредитования.

2. **Сроки возврата ИСЖ или НСЖ**:
   - Для ИСЖ (имущественное страхование жилья) сроки возврата зависят от условий договора и причины отказа.
   - Обычно, если страховка не была использована, возврат возможен только в случае досрочного расторжения договора.
   - Для НСЖ (накопление страхование жизни) сроки возврата зависят от условий договора и могут включать накопленные суммы и проценты.

Если у вас есть конкретный договор или условия, которые нужно уточнить, рекомендую обратиться в ваш банк или страховую компанию для получения точной информации."
429,Какой налоговый режим выбрать ИП для минимальной отчетности с учетом риска личным имуществом?,"Для выбора налогового режима с минимальной отчетностью и минимальным риском для личного имущества, ИП стоит рассмотреть следующие варианты:

1. **Упрощенная система налогообложения (УСН)**:
   - Минимальная отчетность: нужно сдавать декларацию раз в год.
   - Риск для личного имущества: ответственность ограничена имуществом, задействованным в бизнесе.
   - Можно выбрать объект налогообложения: доходы или доходы минус расходы.

2. **Патентная система налогообложения (ПСН)**:
   - Минимальная отчетность: отчетность сдается только при прекращении деятельности или при сдаче патента.
   - Риск для личного имущества: ответственность также ограничена имуществом, используемым в бизнесе.
   - Подходит для небольших видов деятельности, перечень которых определен законодательством.

3. **Налог на профессиональный доход (НПД)**:
   - Минимальная отчетность: отчетность сдается через приложение ""Мой налог"".
   - Риск для личного имущества: ответственность ограничена имуществом, используемым в бизнесе.
   - Подходит для фрилансеров и самозанятых.

Для минимальной отчетности и минимального риска для личного имущества наиболее подходящими вариантами являются УСН или ПСН. Выбор между ними зависит от специфики вашего бизнеса и объема доходов."
430,Учитывается ли доход по обезличенным металлическим счетам при расчёте НДФЛ по вкладам?,"Доход по обезличенным металлическим счетам не учитывается при расчете НДФЛ по вкладам. Налог на доходы физических лиц (НДФЛ) в размере 13% применяется только к доходам по вкладам в рублях и иностранной валюте. Обезличенные металлические счета не относятся к вкладам, поэтому доход по ним не облагается НДФЛ."
431,Как правильно проверять подлинность банкнот при расчетах наличными с последующим обращением при сомнениях?,"Для проверки подлинности банкнот при расчетах наличными следует использовать несколько методов:

1. Проверка на ощупь: подлинные банкноты имеют определенную текстуру и рельеф, которые можно почувствовать пальцами. Например, портрет на купюре должен быть выпуклым.

2. Проверка на свет: при рассмотрении банкноты на свет должны быть видны водяные знаки и защитные нити. Также можно проверить прозрачные элементы, которые должны быть четкими и не размытыми.

3. Проверка под углом: некоторые элементы защиты, такие как голограммы или цветные полосы, меняют свой вид при изменении угла зрения.

4. Проверка с помощью специальных устройств: в банках и других финансовых учреждениях используются специальные устройства для проверки подлинности банкнот, такие как детекторы банкнот.

Если у вас возникли сомнения в подлинности банкноты, не принимайте её и обратитесь в банк для дополнительной проверки. Банк может провести более детальный анализ и подтвердить или опровергнуть подлинность банкноты. В случае подтверждения подлинности, банк может обменять сомнительную банкноту на новую."
432,"Почему сделки на бирже безопаснее, чем внебиржевые?","Сделки на бирже считаются более безопасными по нескольким причинам:

1. Регулирование: Биржи работают под контролем регуляторов, что минимизирует риски мошенничества и манипуляций.

2. Гарантии исполнения: Биржи обеспечивают исполнение обязательств по сделкам, что снижает риски неисполнения контрагентом.

3. Прозрачность: Цены и объемы сделок на бирже доступны всем участникам, что снижает риски недобросовестных сделок.

4. Клиринг: Биржевые сделки проходят через клиринговые палаты, которые гарантируют выполнение обязательств.

5. Защита инвесторов: Биржи предоставляют механизмы защиты инвесторов, такие как компенсационные фонды.

Внебиржевые сделки, напротив, могут быть менее прозрачными и не иметь таких же гарантий исполнения."
433,Как различаются лимиты возмещения по банковским вкладам по сравнению с добровольной пенсией в НПФ?,"Лимиты возмещения по банковским вкладам и добровольной пенсии в НПФ различаются следующим образом:

1. Банковские вклады:
   - В России вклады в банках страхуются государством через Агентство по страхованию вкладов (АСВ).
   - Максимальная сумма возмещения по вкладам составляет 1,4 миллиона рублей.
   - Возмещение выплачивается в случае отзыва лицензии у банка или введения моратория на удовлетворение требований кредиторов.

2. Добровольная пенсия в НПФ:
   - Вклады в негосударственные пенсионные фонды (НПФ) не подлежат страхованию вкладов.
   - Возмещение по вкладам в НПФ не гарантируется государством.
   - В случае банкротства НПФ средства участников пенсионных программ защищаются в рамках законодательства о несостоятельности (банкротстве).

Таким образом, лимиты возмещения и механизмы защиты средств существенно различаются между банковскими вкладами и добровольной пенсией в НПФ."
434,Почему страховка дороже при оплате через кредит?,"Страховка может быть дороже при оплате через кредит по нескольким причинам:

Во-первых, банки часто предлагают дополнительные услуги, такие как страхование жизни, здоровья или потери работы, при оформлении кредита. Эти услуги могут быть включены в общую стоимость кредита, что увеличивает его итоговую сумму.

Во-вторых, страхование кредита может быть обязательным условием для получения кредита. В этом случае страховая премия может быть включена в ежемесячный платеж по кредиту, что также увеличивает общую стоимость кредита.

В-третьих, страховые компании могут устанавливать более высокие тарифы для заемщиков, которые берут кредит, чем для тех, кто оплачивает страховку напрямую. Это связано с тем, что заемщики, которые берут кредит, могут быть более рискованными клиентами для страховых компаний.

В-четвертых, при оплате страховки через кредит, страховая премия может быть рассчитана на весь срок кредита, а не на фактический срок страхования. Это также может увеличить общую стоимость страховки.

В любом случае, перед оформлением кредита и страховки рекомендуется внимательно изучить все условия и сравнить предложения разных банков и страховых компаний."
435,Какой предел льготной части кредита действует при совмещении «ипотеки от застройщика» с господдержкой?,"Для кредита, оформленного по программе «Ипотека от застройщика» с господдержкой, предел льготной части кредита составляет 12 миллионов рублей. Это означает, что сумма кредита, на которую распространяются льготные условия, не может превышать указанный лимит. Остальная часть кредита, если она есть, будет оформлена на общих условиях."
436,"Как учесть страховые платежи при планировании бюджета семьи, когда страховка на жилье обязательна?","Для учета страховых платежей при планировании бюджета семьи, когда страховка на жилье обязательна, следует учитывать несколько ключевых моментов:

1. **Регулярность платежей**: Определите, как часто необходимо вносить страховые платежи (ежемесячно, ежеквартально, раз в год) и зафиксируйте эти даты в семейном бюджете.

2. **Сумма платежей**: Уточните точную сумму страховых платежей и включите их в ежемесячные или ежеквартальные расходы. Это поможет избежать неожиданных трат.

3. **Дополнительные расходы**: Учтите возможные дополнительные расходы, связанные со страховкой, такие как комиссии за услуги или штрафы за просрочку платежей.

4. **Сравнение предложений**: Если у вас есть возможность выбора страховой компании, сравните предложения и выберите наиболее выгодное по условиям и стоимости.

5. **Автоматизация платежей**: Если банк или страховая компания предлагает услугу автоматического списания платежей, воспользуйтесь ею. Это поможет избежать пропусков и штрафов.

6. **Резервный фонд**: Учтите, что в случае страхового случая вам могут понадобиться дополнительные средства для ремонта или других расходов. Запланируйте создание резервного фонда на случай непредвиденных обстоятельств.

Таким образом, включение страховых платежей в бюджет позволит вам более точно планировать семейные расходы и избежать финансовых трудностей."
437,"Почему кредитные рейтинги важны для облигаций, доступных неквалифицированным инвесторам?","Кредитные рейтинги важны для облигаций, доступных неквалифицированным инвесторам, по нескольким причинам:

Во-первых, они помогают оценить надежность эмитента облигаций. Рейтинги присваиваются специализированными агентствами и отражают вероятность того, что эмитент выполнит свои обязательства по выплате купонного дохода и возврату номинальной стоимости облигации.

Во-вторых, кредитные рейтинги позволяют инвесторам сравнивать риски различных облигаций. Чем выше рейтинг, тем ниже риск дефолта, и наоборот.

В-третьих, рейтинги влияют на доходность облигаций. Облигации с более низкими рейтингами обычно предлагают более высокую доходность, чтобы компенсировать повышенный риск.

Для неквалифицированных инвесторов, которые могут не иметь глубоких знаний о финансовых рынках, кредитные рейтинги служат важным инструментом для принятия обоснованных решений при выборе облигаций."
438,Чем отличается отмена операции через сервис «второй руки» от возврата ошибочного перевода?,"Отмена операции через сервис «второй руки» и возврат ошибочного перевода — это разные процедуры, которые применяются в разных ситуациях.

Отмена операции через сервис «второй руки» обычно используется, когда клиент хочет отменить перевод, который еще не был завершен или не был отправлен получателю. Это может быть, например, если клиент случайно ввел неправильные реквизиты или сумму и хочет отменить перевод до его завершения.

Возврат ошибочного перевода, с другой стороны, применяется, когда перевод уже был отправлен и получен получателем, но клиент обнаружил ошибку, например, в сумме или реквизитах. В этом случае клиент может запросить возврат средств, но процесс может занять больше времени и требует участия банка получателя.

Таким образом, основное отличие заключается в стадии процесса перевода, на которой происходит отмена или возврат."
439,Как правильно проводить расчеты при продаже ипотечной квартиры?,"Для расчета при продаже ипотечной квартиры необходимо учитывать несколько ключевых моментов:

1. **Погашение ипотеки**: Сначала нужно полностью погасить ипотечный кредит. Для этого банк выдает справку о полном погашении, которая подтверждает отсутствие задолженности.

2. **Оценка квартиры**: Проведите независимую оценку квартиры, чтобы определить ее рыночную стоимость. Это поможет установить справедливую цену продажи.

3. **Расчет налога**: Если квартира была в собственности менее 3 лет, при продаже может взиматься налог на доход от продажи. Налоговая база рассчитывается как разница между продажной ценой и остатком долга по ипотеке на момент продажи.

4. **Расходы на продажу**: Учтите возможные расходы, такие как комиссия риелтору, нотариальные услуги, оплата услуг оценщика и другие.

5. **Оформление сделки**: После согласования всех условий с покупателем оформляется договор купли-продажи. В этом документе указывается окончательная сумма, которую получит продавец после погашения ипотеки и уплаты налогов.

6. **Получение средств**: После регистрации сделки в Росреестре и получения выписки о переходе права собственности, продавец получает оставшуюся сумму от покупателя.

Важно: Все расчеты должны проводиться через аккредитив или банковский счет, чтобы избежать нарушений законодательства и обеспечить безопасность сделки."
440,"Почему доходность накопительной части государственной пенсии невысока, а займы вне банка обычно обходятся дороже?","Доходность накопительной части государственной пенсии невысока, потому что средства пенсионных накоплений инвестируются в консервативные активы, такие как государственные облигации и другие низкорисковые инструменты. Это делается для обеспечения сохранности средств и минимизации рисков. В результате доходность таких инвестиций ниже, чем у более рискованных активов.

Займы вне банка обычно обходятся дороже, потому что такие кредиторы, как микрофинансовые организации (МФО) или частные лица, работают с более высокими рисками. Они компенсируют эти риски за счет более высоких процентных ставок. Кроме того, у таких займов часто отсутствует строгий контроль и регулирование, как в банковской системе, что также влияет на стоимость кредита."
441,"Какие шаги нужно сделать после несанкционированного списания с карты, включая сроки обращения?","Для решения ситуации с несанкционированным списанием средств с карты необходимо выполнить следующие шаги:

1. **Блокировка карты**: Немедленно свяжитесь с банком и заблокируйте карту, чтобы предотвратить дальнейшие операции. Это можно сделать через мобильное приложение, интернет-банк или по телефону горячей линии.

2. **Обращение в банк**: Напишите заявление в банк о несанкционированном списании. Это можно сделать через интернет-банк, мобильное приложение или лично в отделении. В заявлении укажите дату, сумму и реквизиты операции.

3. **Сроки обращения**: Обратитесь в банк как можно скорее. В соответствии с законодательством, обращение должно быть сделано в течение 30 дней с момента обнаружения несанкционированной операции. В противном случае банк может отказать в возврате средств.

4. **Проверка банком**: Банк проведет проверку и примет решение о возврате средств. Обычно этот процесс занимает до 30 дней.

5. **Обращение в полицию**: Если сумма списания значительная, можно обратиться в полицию для возбуждения уголовного дела.

6. **Дополнительные меры**: Смените PIN-код и пароли доступа к интернет-банку и мобильному приложению. Также рекомендуется проверить историю операций на наличие других подозрительных транзакций.

Если у вас возникли дополнительные вопросы, обратитесь в службу поддержки вашего банка."
442,В каких случаях есть смысл обращаться в суд при ошибочном переводе либо участии в пирамиде?,"Обращаться в суд при ошибочном переводе или участии в финансовой пирамиде имеет смысл в следующих случаях:

1. Ошибочный перевод:
- Если банк или платежная система отказывается возвращать ошибочно переведенные средства.
- Если сумма перевода значительная, и вы хотите официально зафиксировать факт ошибки.
- Если вы не можете решить вопрос в досудебном порядке (например, через претензию или обращение в службу поддержки).

2. Участие в финансовой пирамиде:
- Если вы пострадали от действий мошенников и хотите вернуть свои средства.
- Если у вас есть доказательства противоправных действий организаторов пирамиды.
- Если вы хотите привлечь виновных к уголовной или административной ответственности.

В обоих случаях перед обращением в суд рекомендуется проконсультироваться с юристом, собрать все необходимые доказательства и попробовать решить вопрос в досудебном порядке."
443,Что безопаснее для сохранности активов — доверительное управление или брокерское обслуживание?,"Для оценки безопасности доверительного управления и брокерского обслуживания важно учитывать несколько факторов.

Доверительное управление подразумевает передачу активов управляющей компании, которая действует в интересах клиента на основании договора. В этом случае клиент не имеет прямого контроля над своими активами, но может рассчитывать на профессиональное управление.

Брокерское обслуживание предполагает, что клиент самостоятельно принимает решения о покупке и продаже активов, а брокер лишь выполняет его поручения. В этом случае клиент сохраняет полный контроль над своими активами.

Оба варианта имеют свои риски. При доверительном управлении важно выбирать надежную управляющую компанию с хорошей репутацией. При брокерском обслуживании клиент несет ответственность за свои решения и должен быть готов к возможным потерям.

В целом, безопасность активов зависит от выбранного инструмента и уровня доверия к управляющей компании или брокеру."
444,Как кредитные каникулы отражаются на кредитной истории с учетом новых сроков хранения записей?,"Кредитные каникулы отражаются в кредитной истории как период, в течение которого выплата кредита приостановлена по соглашению с банком. С 1 января 2021 года срок хранения информации о кредитных каникулах в кредитной истории составляет 10 лет. Это означает, что запись о кредитных каникулах будет храниться в вашей кредитной истории в течение 10 лет с момента их окончания. Однако, важно отметить, что сам факт использования кредитных каникул не является негативным фактором и не влияет на кредитный рейтинг."
445,Зачем в бизнес-плане заранее прописывать действия на случай ухудшения условий?,"Прописывание действий на случай ухудшения условий в бизнес-плане важно по нескольким причинам.

Во-первых, это позволяет заранее подготовиться к возможным рискам и минимизировать их влияние на бизнес. В условиях нестабильной экономики или рыночных колебаний, наличие четкого плана действий помогает быстро адаптироваться и принимать обоснованные решения.

Во-вторых, это демонстрирует инвесторам и кредиторам, что бизнес учитывает возможные риски и имеет стратегию их управления. Это повышает доверие к компании и увеличивает шансы на получение финансирования.

В-третьих, заранее продуманные меры позволяют сохранить стабильность и продолжать операционную деятельность даже в сложных условиях. Это может включать в себя резервирование средств, диверсификацию источников дохода, оптимизацию затрат и другие меры.

Таким образом, прописывание действий на случай ухудшения условий в бизнес-плане является важным элементом стратегического управления и риск-менеджмента."
446,Какие первые шаги сделать при мошенническом списании с карты?,"При мошенническом списании с карты необходимо действовать быстро и последовательно. Вот шаги, которые следует предпринять:

1. **Блокировка карты**: Немедленно позвоните в банк и заблокируйте карту, чтобы предотвратить дальнейшие списания. Это можно сделать через круглосуточную службу поддержки банка.

2. **Обращение в банк**: Свяжитесь с банком и сообщите о мошеннической операции. Оператор банка должен зафиксировать ваше заявление и начать расследование.

3. **Подача заявления**: В некоторых случаях может потребоваться подать письменное заявление о мошенничестве. Банк может предоставить образец заявления или указать, куда его направить.

4. **Сбор доказательств**: Сохраните все документы и чеки, связанные с операцией, а также скриншоты сообщений, если мошенничество связано с интернет-банкингом или мобильным приложением.

5. **Обращение в полицию**: Если сумма списания значительная, рекомендуется подать заявление в полицию. Это может помочь в дальнейшем расследовании и возврате средств.

6. **Мониторинг счетов**: Регулярно проверяйте свои счета и операции, чтобы своевременно обнаружить любые подозрительные транзакции.

Банк обычно проводит внутреннее расследование и при подтверждении мошенничества может вернуть средства на счет клиента. Однако процесс может занять некоторое время, поэтому важно действовать оперативно."
447,Как меняется порядок ответственности созаемщика против поручителя при смерти участника СВО?,"При смерти участника СВО порядок ответственности созаемщика и поручителя определяется условиями кредитного договора и законодательством Российской Федерации.

Созаемщик и поручитель несут солидарную ответственность по кредиту. Это означает, что банк может требовать исполнения обязательств как от всех созаемщиков, так и от поручителей в полном объеме.

В случае смерти одного из участников СВО, его доля в кредите переходит к другим созаемщикам или поручителям. Банк может потребовать от них погашения долга в соответствии с условиями договора.

Если у вас есть дополнительные вопросы по кредитным обязательствам, пожалуйста, уточните их."
448,Как созаемщик влияет на условия ипотеки по сравнению с поручителем?,"Созаемщик и поручитель влияют на условия ипотеки по-разному.

Созаемщик является полноценным участником кредитного договора и несет такую же ответственность по кредиту, как и основной заемщик. Банк учитывает доходы и кредитную историю созаемщика при рассмотрении заявки, что может повысить шансы на одобрение кредита или улучшить его условия.

Поручитель, в свою очередь, лишь гарантирует выполнение обязательств основного заемщика. Его доходы и кредитная история также учитываются, но основное внимание уделяется платежеспособности основного заемщика. Наличие поручителя может повысить доверие банка, но не всегда существенно влияет на условия кредита.

Таким образом, созаемщик может более значительно повлиять на условия ипотеки, так как его финансовые показатели учитываются наравне с показателями основного заемщика."
449,Почему многие страны перешли к инфляционному таргетированию и какую цель по инфляции выбрал Банк России?,"Многие страны перешли к инфляционному таргетированию, потому что этот подход позволяет стабилизировать экономику, снизить инфляционные ожидания и создать условия для устойчивого экономического роста. Инфляционный таргетирование помогает центральным банкам контролировать инфляцию, что способствует повышению доверия к национальной валюте и финансовой системе в целом.

Банк России выбрал цель по инфляции в 4% годовых. Эта цель была установлена для обеспечения стабильности цен и поддержания покупательной способности рубля."
450,Как зафиксировать курс валюты для будущей закупки без покупки валюты сразу?,"Для фиксации курса валюты на будущую дату без немедленной покупки можно использовать инструмент ""Форвардный валютный контракт"". Это соглашение с банком о покупке или продаже определенного количества валюты по заранее установленному курсу в будущем.

Форвардный контракт позволяет:
1. Зафиксировать курс на нужную дату.
2. Избежать рисков колебаний валютного курса.
3. Не блокировать средства сразу, так как оплата происходит только в день исполнения контракта.

Для оформления форвардного контракта необходимо обратиться в банк и предоставить информацию о сумме, валюте, дате и направлении операции (покупка или продажа)."
451,Когда крупнейшие банки предоставят доступ к цифровому рублю по сравнению со статусом подключения банков к СБП?,"Для ответа на ваш вопрос требуется больше информации о текущем статусе подключения банков к Системе быстрых платежей (СБП) и планах по внедрению цифрового рубля. Пожалуйста, уточните, о каких именно крупнейших банках идет речь, или предоставьте дополнительные детали, чтобы я мог дать более точный ответ."
452,Как работает период охлаждения для допуслуг к кредитам по сравнению с полисами ИСЖ?,"Период охлаждения для дополнительных услуг к кредитам и для полисов ИСЖ (ипотечное страхование жилья) может отличаться.

Для дополнительных услуг к кредитам период охлаждения обычно составляет 14 дней с момента заключения договора. В течение этого времени клиент может отказаться от услуги без объяснения причин и без штрафных санкций.

Для полисов ИСЖ период охлаждения также составляет 14 дней, но с некоторыми особенностями. В течение этого времени клиент может отказаться от полиса, но может быть удержан страховой взнос за фактически прошедшее время страхования.

Если у вас есть конкретные условия по вашему кредиту или полису, лучше уточнить их в договоре или у вашего менеджера в банке."
453,Чем отличаются по риску и доходности банковский вклад и инвестиции в ценные бумаги для пассивного дохода?,"Банковский вклад и инвестиции в ценные бумаги для пассивного дохода отличаются по риску и доходности следующим образом:

Банковский вклад:
- Риск: Низкий. Вклады в банках, особенно в надежных банках, застрахованы государством, что снижает риск потери средств.
- Доходность: Низкая или умеренная. Процентные ставки по вкладам обычно фиксированы и зависят от условий банка и экономической ситуации.

Инвестиции в ценные бумаги:
- Риск: Высокий. Инвестиции в ценные бумаги, такие как акции, облигации или фонды, связаны с рыночными рисками, которые могут привести к потере инвестированных средств.
- Доходность: Высокая или очень высокая. Доходность от инвестиций в ценные бумаги может быть значительно выше, чем от банковских вкладов, но она также зависит от рыночных условий и выбранных активов.

Таким образом, банковский вклад является более безопасным, но менее доходным вариантом, тогда как инвестиции в ценные бумаги могут принести более высокую доходность, но с более высоким уровнем риска."
454,Кто не сможет получить социальный налоговый вычет?,"Социальный налоговый вычет не могут получить следующие категории граждан:

1. Лица, не являющиеся налоговыми резидентами Российской Федерации.
2. Лица, не имеющие официального дохода, с которого удерживается налог на доходы физических лиц (НДФЛ).
3. Лица, которые уже получили социальный налоговый вычет в полном объеме за налоговый период.
4. Лица, которые не могут подтвердить свои расходы документально.

Если у вас есть дополнительные вопросы по налоговым вычетам, пожалуйста, уточните их."
455,"Почему пенсионеры, а также бывшие жертвы пирамид становятся мишенью повторных афер?","Пенсионеры и бывшие жертвы пирамид часто становятся мишенью повторных афер по нескольким причинам:

Во-первых, пенсионеры обладают накоплениями, которые могут быть привлекательны для мошенников. Они также могут быть менее осведомлены о современных методах мошенничества и более доверчивы.

Во-вторых, бывшие жертвы пирамид могут быть более уязвимыми, так как они уже потеряли деньги и могут быть готовы рискнуть снова в надежде вернуть свои потери.

Кроме того, мошенники могут использовать психологические приемы, такие как обещание высокой доходности или создание ложного чувства срочности, чтобы привлечь этих людей.

Важно помнить, что банк не может гарантировать безопасность от мошенничества, но рекомендует быть бдительными и проверять любую инвестиционную возможность перед вложением средств."
456,Как распознать фишинговый сайт при оплате онлайн?,"Фишинговые сайты часто имитируют официальные страницы банков или платежных систем, чтобы украсть личные данные. Вот несколько признаков, которые помогут распознать фишинговый сайт:

1. **Необычный адрес сайта**: Проверьте URL-адрес. Фишинговые сайты часто используют адреса, похожие на официальные, но с небольшими изменениями (например, ""bank-rossiya.ru"" вместо ""bankrussia.ru"").

2. **Отсутствие HTTPS**: Официальные сайты используют протокол HTTPS, что подтверждается значком замка в адресной строке. Если сайт использует HTTP, это может быть признаком фишинга.

3. **Некорректный дизайн**: Фишинговые сайты часто имеют низкое качество дизайна, орфографические ошибки или несоответствия в логотипах и стиле.

4. **Подозрительные запросы данных**: Если сайт просит ввести слишком много личных данных, включая пароли, коды из SMS или CVV-коды карт, это должно насторожить.

5. **Нет контактной информации**: Официальные сайты обычно предоставляют контактные данные, такие как телефон, адрес и электронная почта. Если их нет, это может быть признаком мошенничества.

6. **Подозрительные ссылки**: Проверьте ссылки на сайте. Если они ведут на подозрительные или неизвестные адреса, это может быть фишингом.

Если вы заметили хотя бы один из этих признаков, не вводите свои данные и не переходите по подозрительным ссылкам. Лучше перейти на официальный сайт банка или платежной системы через сохраненные закладки или введя адрес вручную."
457,"Как оспорить кредит, оформленный мошенниками на мое имя?","Для оспаривания кредита, оформленного мошенниками на ваше имя, необходимо выполнить следующие шаги:

1. **Обратитесь в банк**: Напишите заявление в банк, где был оформлен кредит. Укажите, что вы не оформляли данный кредит и подозреваете мошенничество. Приложите к заявлению копии документов, подтверждающих вашу личность.

2. **Подайте заявление в полицию**: Обратитесь в полицию с заявлением о мошенничестве. Вам выдадут талон-уведомление о принятии заявления. Этот документ потребуется для банка.

3. **Соберите доказательства**: Подготовьте все возможные доказательства, подтверждающие, что вы не оформляли кредит. Это могут быть свидетельские показания, выписки из банка, другие документы.

4. **Обратитесь в суд**: Если банк отказывается признавать мошенничество, вы можете подать иск в суд. В суде вам потребуется доказать, что вы не оформляли кредит.

5. **Обратитесь в кредитные бюро**: Уточните свою кредитную историю и запросите исправление данных, если они были искажены мошенниками.

Важно действовать быстро, чтобы минимизировать возможные последствия."
458,Почему при санкциях против брокера с депозитарной лицензией замораживаются иностранные активы клиентов?,"При санкциях против брокера с депозитарной лицензией иностранные активы клиентов могут замораживаться по нескольким причинам.

Во-первых, санкции могут предусматривать ограничения на операции с активами, принадлежащими резидентам или компаниям из стран, против которых введены санкции. В этом случае брокер может быть обязан приостановить операции с такими активами.

Во-вторых, санкции могут предусматривать запрет на выполнение обязательств перед резидентами или компаниями из стран, против которых введены санкции. В этом случае брокер может быть обязан приостановить операции с активами, принадлежащими таким лицам.

В-третьих, санкции могут предусматривать запрет на передачу активов резидентам или компаниям из стран, против которых введены санкции. В этом случае брокер может быть обязан приостановить операции с такими активами.

В-четвертых, санкции могут предусматривать запрет на выполнение операций с активами, принадлежащими резидентам или компаниям из стран, против которых введены санкции. В этом случае брокер может быть обязан приостановить операции с такими активами.

В-пятых, санкции могут предусматривать запрет на выполнение операций с активами, принадлежащими резидентам или компаниям из стран, против которых введены санкции. В этом случае брокер может быть обязан приостановить операции с такими активами.

В-шестых, санкции могут предусматривать запрет на выполнение операций с активами, принадлежащими резидентам или компаниям из стран, против которых введены санкции. В этом случае брокер может быть обязан приостановить операции с такими активами.

В-седьмых, санкции могут предусматривать запрет на выполнение операций с активами, принадлежащими резидентам или компаниям из стран, против которых введены санкции. В этом случае брокер может быть обязан приостановить операции с такими активами.

В-вось"
459,"Как действовать, если сомневаетесь в легальности финансовой организации?","Если у вас есть сомнения в легальности финансовой организации, рекомендую следовать нескольким шагам:

1. Проверьте наличие лицензии у организации. Лицензия должна быть выдана Центральным банком Российской Федерации или другим уполномоченным органом. Информацию о лицензии можно найти на официальном сайте организации или на сайте Центрального банка.

2. Ознакомьтесь с отзывами и репутацией организации. Проверьте информацию на независимых платформах, таких как отзывы клиентов, рейтинги и оценки.

3. Свяжитесь с организацией напрямую. Задайте все интересующие вас вопросы и попросите предоставить дополнительную информацию о своей деятельности.

4. Обратитесь за консультацией в Центральный банк Российской Федерации или в другие уполномоченные органы. Они могут предоставить дополнительную информацию о легальности и надежности финансовой организации.

5. Если у вас есть подозрения в мошенничестве, обратитесь в правоохранительные органы. Они могут провести проверку и принять соответствующие меры.

Важно помнить, что финансовая безопасность — это ваша ответственность. Будьте внимательны и осторожны при выборе финансовых организаций."
460,Закроет ли банк карту или счет автоматически после полного погашения кредита?,"После полного погашения кредита банк не закрывает карту или счет автоматически. Обычно карта или счет остаются активными, и клиент может продолжать их использовать. Однако банк может взимать комиссии за обслуживание, если на счете или карте нет движения средств. Рекомендуется уточнить условия у вашего банка."
461,Как узнать обо всех оформленных на вас кредитах?,"Чтобы узнать обо всех оформленных на вас кредитах, вы можете воспользоваться несколькими способами.

Во-первых, вы можете запросить кредитную историю в бюро кредитных историй (БКИ). В России действуют несколько БКИ, таких как Национальное бюро кредитных историй (НБКИ), Объединённое кредитное бюро (ОКБ) и другие. Вы можете обратиться в любое из них и запросить свою кредитную историю. Это можно сделать онлайн, через официальные сайты БКИ, или очно, посетив их офисы.

Во-вторых, вы можете обратиться в банки, в которых у вас могут быть кредиты. Если вы помните, в каких банках брали кредиты, вы можете связаться с ними и запросить информацию о своих кредитах. Это можно сделать через интернет-банкинг, по телефону горячей линии или посетив отделение банка.

В-третьих, вы можете воспользоваться государственными сервисами. Например, на портале Госуслуг можно запросить выписку из кредитной истории. Для этого нужно быть зарегистрированным на портале и иметь подтвержденную учетную запись.

Также стоит отметить, что по закону вы имеете право на бесплатный запрос своей кредитной истории один раз в год в каждом бюро кредитных историй."
462,Как соотносится автоматическое начисление налога на АУСН с порядком списания долгов со счетов ИП?,"Автоматическое начисление налога на АУСН (автоматизированную упрощенную систему налогообложения) и порядок списания долгов со счетов ИП (индивидуальных предпринимателей) регулируются разными нормативными актами и процедурами.

Автоматическое начисление налога на АУСН происходит в соответствии с законодательством о налогах и сборах. Налоговые органы рассчитывают сумму налога на основе данных, предоставленных ИП, и направляют уведомление о начислении налога. ИП обязаны уплатить налог в установленный срок.

Списание долгов со счетов ИП регулируется банковским законодательством и внутренними правилами банков. Банк может списать долг со счета ИП в случае наличия исполнительного листа или иного судебного решения. Также банк может списать долг по соглашению с ИП, если это предусмотрено договором.

Таким образом, автоматическое начисление налога на АУСН и списание долгов со счетов ИП — это разные процедуры, которые регулируются разными нормативными актами."
463,"Какие принципы финансовой дисциплины помогают избежать перерасхода, долгов?","Финансовая дисциплина основана на нескольких ключевых принципах, которые помогают избежать перерасхода и накопления долгов:

1. **Планирование бюджета**: Регулярное составление и контроль бюджета позволяет отслеживать доходы и расходы, выявлять лишние траты и оптимизировать финансовые потоки.

2. **Создание финансовой подушки**: Накопление резервного фонда на 3-6 месяцев расходов помогает справиться с непредвиденными ситуациями без привлечения заемных средств.

3. **Приоритезация расходов**: Разделение расходов на необходимые и желаемые позволяет сосредоточиться на важных тратах и избежать импульсных покупок.

4. **Контроль долгов**: Использование кредитных средств только в крайних случаях и своевременное погашение задолженностей предотвращает накопление долгов.

5. **Инвестирование и сбережения**: Регулярное откладывание части дохода на инвестиции и сбережения способствует финансовой стабильности и росту капитала.

6. **Образование в сфере финансов**: Понимание основ финансовой грамотности помогает принимать осознанные решения и избегать финансовых ловушек.

Соблюдение этих принципов способствует формированию устойчивого финансового положения и минимизации рисков перерасхода и долгов."
464,Какие признаки выдают телефонную мошенническую атаку?,"Ошибка при обработке: Error code: 429 - {'error': {'message': ""No deployments available for selected model, Try again in 5 seconds. Passed model=openrouter/mistralai/mistral-small-3.2-24b-instruct. pre-call-checks=False, cooldown_list=['5a974fd4-816e-429d-a928-c954d4891e78']"", 'type': 'None', 'param': 'None', 'code': '429'}}"
465,Какие инструменты помогают сократить расходы на праздники?,"Ошибка при обработке: Error code: 429 - {'error': {'message': ""No deployments available for selected model, Try again in 5 seconds. Passed model=openrouter/mistralai/mistral-small-3.2-24b-instruct. pre-call-checks=False, cooldown_list=['5a974fd4-816e-429d-a928-c954d4891e78']"", 'type': 'None', 'param': 'None', 'code': '429'}}"
466,"Какой реестр проверяют по МФО, а какой по коллекторскому агентству?",Для микрофинансовых организаций (МФО) проверяется реестр Центрального банка РФ. Для коллекторских агентств проверяется реестр Федеральной службы судебных приставов (ФССП).
467,Как совмещать накопления на долгосрочные цели с контролем повседневных трат?,"Для совмещения накоплений на долгосрочные цели с контролем повседневных трат можно использовать несколько стратегий:

1. Разделение средств: Откройте отдельный счет для накоплений. Это поможет визуально и финансово отделить средства, предназначенные для долгосрочных целей, от повседневных расходов.

2. Автоматические переводы: Настройте автоматическое перечисление определенной суммы на счет накоплений сразу после зачисления зарплаты. Это позволит накапливать средства без лишних усилий.

3. Бюджетирование: Используйте приложения для учета расходов или ведите бюджет вручную. Это поможет контролировать повседневные траты и понимать, сколько средств можно направить на накопления.

4. Контроль импульсных покупок: Перед покупкой задавайте себе вопрос, действительно ли она необходима. Это поможет сократить ненужные расходы и сохранить больше средств для накоплений.

5. Регулярный пересмотр целей: Периодически пересматривайте свои долгосрочные цели и корректируйте стратегию накоплений в зависимости от изменений в жизни и финансовом положении.

Эти методы помогут вам эффективно управлять финансами и достигать долгосрочных целей, не жертвуя при этом комфортом в повседневной жизни."
468,Как защищены деньги на аккредитиве по сравнению со счетом эскроу при сделке в ипотеке?,"Деньги на аккредитиве и на счете эскроу защищены по-разному, так как это разные финансовые инструменты.

Аккредитив — это гарантия банка, что деньги будут переведены продавцу только при выполнении определенных условий. В случае с ипотекой аккредитив может быть использован для защиты интересов покупателя и продавца. Деньги хранятся на специальном счете банка, и их перевод происходит только после подтверждения выполнения всех условий сделки.

Счет эскроу — это счет, на котором деньги хранятся до момента выполнения определенных условий. В случае с ипотекой счет эскроу может быть использован для защиты интересов покупателя и продавца. Деньги хранятся на счете эскроу до тех пор, пока не будут выполнены все условия сделки, после чего они переводятся продавцу.

Оба инструмента обеспечивают защиту денежных средств, но аккредитив обычно используется для более сложных сделок, где требуется дополнительная гарантия выполнения условий. Счет эскроу более прост в использовании и часто применяется в стандартных сделках."
469,Как снизить риск личных выплат при суброгации после ДТП?,"Для снижения риска личных выплат при суброгации после ДТП рекомендуется:

1. **Тщательно документировать все обстоятельства ДТП**. Это включает в себя фиксацию всех повреждений, свидетельских показаний, фотографий и видео, а также получение копий всех необходимых документов, таких как протоколы ГИБДД, справки о ДТП и т.д.

2. **Соблюдать все условия страхового полиса**. Важно следовать всем требованиям, указанным в договоре страхования, включая сроки уведомления страховой компании о ДТП и предоставления всех необходимых документов.

3. **Обращаться за профессиональной помощью**. В сложных случаях может быть полезно привлечь независимых экспертов или юристов, которые помогут правильно оформить документы и защитить ваши интересы.

4. **Соблюдать сроки подачи документов**. Важно своевременно подать все необходимые документы в страховую компанию, чтобы избежать возможных задержек или отказов в выплатах.

5. **Изучить условия суброгации в вашем страховом полисе**. Убедитесь, что вы понимаете все аспекты суброгации и какие именно выплаты могут быть возмещены страховой компанией.

Если у вас возникли дополнительные вопросы по этому поводу, рекомендуется обратиться напрямую в вашу страховую компанию или к специалисту, который может предоставить более детальную консультацию."
470,Доступна ли одновременная льгота на взносах вместе с льготой на доход по ИИС разных типов?,"Одновременная льгота на взносы и льгота на доход по ИИС разных типов не доступна. ИИС может быть либо типа А (льгота на взносы), либо типа Б (льгота на доход), но не одновременно. Выбор типа ИИС осуществляется при открытии счета и не может быть изменен в дальнейшем."
471,Кто вправе запрашивать информацию о ценных бумагах умершего?,"Информацию о ценных бумагах умершего вправе запрашивать его наследники. Для этого им необходимо предоставить в банк или брокерскую компанию следующие документы:

1. Свидетельство о смерти.
2. Документы, подтверждающие право на наследство (например, свидетельство о праве на наследство или завещание).
3. Документы, удостоверяющие личность наследника.

Банк или брокерская компания предоставят информацию о ценных бумагах, принадлежавших умершему, и помогут оформить их передачу наследникам."
472,Как отменить навязанную допуслугу к онлайн‑займу под 0%?,"Для отмены навязанной дополнительной услуги к онлайн-займу под 0% вам необходимо выполнить следующие шаги:

1. Обратитесь в банк или микрофинансовую организацию, где вы оформляли займ. Это можно сделать через онлайн-банкинг, по телефону горячей линии или лично в отделении.

2. Укажите, что вы хотите отказаться от дополнительной услуги, которая была навязана при оформлении займа.

3. Если вам отказывают в отмене услуги, запросите письменный отказ с указанием причин.

4. В случае продолжения проблем, вы можете обратиться в Роспотребнадзор или финансовый омбудсмен для защиты своих прав.

Если у вас возникли трудности с отменой услуги, уточните детали вашей ситуации, и я постараюсь помочь более конкретно."
473,Как избежать ущерба кредитной истории при риске просрочки по краткосрочному займу?,"Чтобы избежать ущерба кредитной истории при риске просрочки по краткосрочному займу, следует предпринять несколько шагов:

Во-первых, как можно раньше свяжитесь с кредитором и объясните ситуацию. Многие банки и микрофинансовые организации готовы пойти на встречу и предложить реструктуризацию долга или отсрочку платежа.

Во-вторых, если у вас есть возможность, погасите хотя бы часть долга. Даже частичное погашение может снизить негативное влияние на вашу кредитную историю.

В-третьих, избегайте повторных просрочек. Каждая новая просрочка усугубляет ситуацию и может привести к более серьезным последствиям, включая судебные разбирательства.

В-четвертых, постарайтесь улучшить свою кредитную историю в будущем, своевременно погашая другие кредиты и займы. Это поможет восстановить вашу кредитоспособность и улучшить отношения с кредиторами."
474,"Кто контролирует работу брокеров, депозитариев и управляющих ПИФов?","В России деятельность брокеров, депозитариев и управляющих компаниями паевых инвестиционных фондов (ПИФов) контролирует Центральный банк Российской Федерации (Банк России). Он выдает лицензии, проводит надзор и регулирует их деятельность в соответствии с законодательством."
475,Как сочетать УСН с патентом при тестировании нового направления с учетом личного риска ИП?,"Для сочетания УСН и патента при тестировании нового направления бизнеса с учетом личного риска ИП, важно учитывать несколько ключевых моментов:

1. **Разделение видов деятельности**: Патентная система налогообложения (ПСН) может применяться только к тем видам деятельности, которые включены в перечень, утвержденный законодательством. Если новое направление входит в этот перечень, его можно оформить на патент. Основной вид деятельности, который не подпадает под ПСН, можно оставить на УСН.

2. **Учет доходов и расходов**: Доходы и расходы по разным системам налогообложения должны учитываться раздельно. Это важно для правильного расчета налогов и избежания двойного учета.

3. **Риски и страховка**: При тестировании нового направления важно учитывать личные риски. В случае неудачи, патентная система может быть более выгодной, так как налог платится фиксированно, независимо от доходов. Это снижает финансовую нагрузку в случае убытков.

4. **Консультация с налоговым консультантом**: Перед принятием решения рекомендуется проконсультироваться с налоговым консультантом или бухгалтером, чтобы правильно оформить документы и избежать ошибок в налогообложении.

Таким образом, сочетание УСН и патента позволяет гибко управлять налоговыми обязательствами и снижать риски при тестировании нового направления бизнеса."
476,Какой способ контроля поможет вовремя заметить мошеннические списания по карте?,"Для контроля мошеннических списаний по карте можно использовать несколько способов:

Во-первых, регулярно проверяйте историю операций по карте через мобильное приложение банка или интернет-банкинг. Это позволит вам оперативно заметить любые подозрительные транзакции.

Во-вторых, настройте уведомления о каждой операции по карте. Это можно сделать в настройках мобильного приложения или интернет-банкинга. Таким образом, вы будете получать SMS или push-уведомления о каждом списании, и сможете сразу реагировать на подозрительные операции.

Также, можно установить лимиты на операции по карте. Это позволит ограничить сумму операций, которые можно совершить без вашего дополнительного подтверждения.

Если вы заметили подозрительную операцию, немедленно свяжитесь с банком для блокировки карты и предотвращения дальнейших списаний."
477,В каких ситуациях возможно упрощенное внесудебное банкротство должника?,"Упрощенное внесудебное банкротство возможно в следующих ситуациях:

1. Если у должника нет имущества, на которое можно обратить взыскание.
2. Если размер требований кредиторов не превышает установленный законом лимит (например, 500 тысяч рублей для физических лиц).
3. Если должник не имеет задолженности по обязательным платежам (налогам, страховым взносам и т.д.).
4. Если должник не является индивидуальным предпринимателем или юридическим лицом, осуществляющим предпринимательскую деятельность.

Эти условия могут варьироваться в зависимости от законодательства конкретной страны, поэтому рекомендуется уточнить их у специалиста или в банке."
478,Как проверить легальность ломбарда либо брокера?,"Для проверки легальности ломбарда или брокера можно воспользоваться следующими шагами:

1. Проверьте наличие лицензии. У легального ломбарда или брокера должна быть лицензия, выданная соответствующим регулятором. В России это, например, Центральный банк РФ для брокеров и местные органы власти для ломбардов.

2. Проверьте информацию на официальном сайте регулятора. Например, для брокеров можно проверить информацию на сайте Центрального банка РФ или на сайте Московской биржи.

3. Проверьте отзывы и репутацию. Поищите отзывы о ломбарде или брокере в интернете. Это могут быть отзывы на специализированных сайтах, форумах или в социальных сетях.

4. Проверьте контактную информацию. Легальный ломбард или брокер должен иметь официальный адрес, телефон и электронную почту. Проверьте, соответствует ли указанная информация реальности.

5. Проверьте договор. Перед заключением договора внимательно его изучите. В договоре должны быть четко прописаны все условия, включая процентные ставки, комиссии и сроки возврата средств.

Если у вас возникли сомнения в легальности ломбарда или брокера, лучше воздержаться от сотрудничества с ними."
479,Как соотносится переплата по займам под 0% при просрочке с законным лимитом по краткосрочным кредитам?,"Для ответа на ваш вопрос нужно учитывать несколько факторов.

Во-первых, займы под 0% обычно предполагают отсутствие процентов за пользование кредитом, но могут включать комиссии или другие платежи. При просрочке платежа банк может начислять штрафы и пени, что приводит к переплате.

Во-вторых, законный лимит по краткосрочным кредитам регулируется законодательством и может включать ограничения на размер процентов, штрафов и пеней. В России, например, действует закон о потребительском кредите, который ограничивает размер процентов и штрафов.

Таким образом, переплата по займам под 0% при просрочке может превышать законный лимит, если банк начисляет слишком высокие штрафы или пени. В этом случае заемщик имеет право обратиться в банк для пересмотра условий или в суд для защиты своих прав.

Если у вас есть конкретные условия займа и сумма переплаты, можно более точно оценить соотношение с законным лимитом."
480,"Как поступить, если пришло сообщение об ошибочном переводе с просьбой вернуть деньги?","Если вы получили сообщение об ошибочном переводе, важно действовать осторожно. Вот шаги, которые следует предпринять:

1. **Проверьте информацию**: Убедитесь, что сообщение действительно от отправителя. Обратите внимание на детали, такие как номер телефона, email или другие контактные данные.

2. **Не спешите возвращать деньги**: Если вы не уверены в подлинности сообщения, не переводите деньги обратно. Мошенники часто используют такие уловки.

3. **Свяжитесь с банком**: Обратитесь в службу поддержки вашего банка. Опишите ситуацию и уточните, как правильно действовать в вашем случае.

4. **Проверьте транзакцию**: В личном кабинете или мобильном приложении банка проверьте историю переводов. Убедитесь, что перевод действительно был ошибочным.

5. **Не предоставляйте личные данные**: Никогда не сообщайте пароли, коды из SMS или другие конфиденциальные данные.

Если у вас есть дополнительные вопросы по этому поводу, обратитесь в службу поддержки вашего банка."
481,Как безопасно оформить ОСАГО онлайн через финансовую платформу?,"Для безопасного оформления ОСАГО онлайн через финансовую платформу банка, следуйте этим шагам:

1. **Авторизация**: Войдите в личный кабинет на официальном сайте или в мобильном приложении банка, используя свои логин и пароль.

2. **Выбор услуги**: Найдите раздел, посвященный страховым услугам, и выберите опцию оформления ОСАГО.

3. **Заполнение данных**: Внимательно заполните все необходимые поля, включая данные транспортного средства, информацию о владельце и водителях, а также сроки страхования.

4. **Проверка информации**: Убедитесь, что все введенные данные верны, так как ошибки могут привести к отказам в выплатах.

5. **Оплата**: Выберите удобный способ оплаты и завершите транзакцию. Убедитесь, что оплата прошла успешно.

6. **Получение полиса**: После оплаты вы получите электронный полис ОСАГО на указанный вами email или в личном кабинете. Распечатайте его или сохраните на устройстве.

7. **Проверка подлинности**: Убедитесь, что полис зарегистрирован в базе данных Российского союза автостраховщиков (РСА). Это можно сделать на официальном сайте РСА.

8. **Сохранение данных**: Храните электронный полис в доступном месте, так как он может потребоваться при проверке сотрудниками ГИБДД.

Если у вас возникнут трудности или вопросы, обратитесь в службу поддержки банка или страховой компании."
482,Нужно ли банку считать ПДН при оформлении кредитных каникул для мобилизованного?,"При оформлении кредитных каникул для мобилизованных заемщиков банк не обязан считать потенциальный доход налогоплательщика (ПДН). Это связано с тем, что кредитные каникулы предоставляются в рамках государственной поддержки и регулируются соответствующими законодательными актами, а не налоговым законодательством.

Основная цель кредитных каникул — временное облегчение финансового бремени для заемщиков, призванных на военную службу. Банк может приостановить начисление процентов и основного долга на срок мобилизации, но расчет ПДН в этом случае не требуется.

Для более точной информации рекомендуется обратиться в ваш банк или изучить условия кредитных каникул, предложенные вашим кредитором."
483,Какие онлайн‑сервисы МСП помогут на старте: где сделать бизнес‑план и где подать заявку на льготную поддержку?,"Для создания бизнес-плана на старте можно воспользоваться следующими онлайн-сервисами:

1. **Бизнес-навигатор МСП** - это бесплатный сервис, который поможет вам составить бизнес-план, рассчитать стартовые затраты, а также найти полезные контакты и информацию для начала бизнеса.

2. **Стартап.рф** - платформа, где можно не только составить бизнес-план, но и получить консультации от экспертов, а также найти инвесторов.

3. **Фонд содействия инновациям** - на сайте фонда можно найти инструменты для разработки бизнес-плана, а также подать заявку на гранты и субсидии.

Для подачи заявки на льготную поддержку можно обратиться в следующие организации:

1. **Корпорация МСП** - предоставляет доступ к льготным кредитам, гарантиям и субсидиям для малого и среднего бизнеса.

2. **Центры поддержки предпринимательства** - в каждом регионе есть свои центры, которые помогают бизнесу с получением льготного финансирования и другими видами поддержки.

3. **Министерство экономического развития** - на официальном сайте можно найти информацию о различных программах поддержки МСП, а также подать заявку на участие.

Для более точной информации рекомендую обратиться в ваш региональный центр поддержки предпринимательства или на сайт Корпорации МСП."
484,Как изменился размер соцвычета на спорт в 2024 по сравнению с 2022?,"В 2024 году размер социального налогового вычета на спорт остался на уровне 2022 года. Вычет предоставляется в размере 13% от суммы, потраченной на занятия спортом, но не более 120 тысяч рублей в год. Таким образом, максимальная сумма вычета составляет 15 600 рублей в год."
485,"Что стоит сделать перед оформлением ипотеки, чтобы учесть обязательные расходы по кредиту?","Перед оформлением ипотеки важно учесть несколько ключевых моментов, чтобы избежать неожиданных расходов:

1. Оцените свои финансовые возможности. Убедитесь, что вы можете позволить себе ежемесячные платежи по кредиту, а также покрыть дополнительные расходы, такие как страховка, налоги и коммунальные услуги.

2. Соберите необходимые документы. Обычно банки требуют паспорт, справку о доходах, трудовую книжку, документы на недвижимость и другие документы, подтверждающие вашу платежеспособность.

3. Уточните все условия кредита. Обратите внимание на процентную ставку, срок кредита, размер ежемесячного платежа, штрафы за досрочное погашение и другие важные детали.

4. Учтите дополнительные расходы. Помимо основного долга, вам потребуется оплатить страховку, оценку недвижимости, нотариальные услуги, госпошлины и другие расходы.

5. Сравните предложения разных банков. Не выбирайте первый попавшийся вариант. Сравните условия и процентные ставки в нескольких банках, чтобы найти наиболее выгодное предложение.

6. Проконсультируйтесь с юристом. Перед подписанием договора рекомендуется проконсультироваться с юристом, чтобы избежать возможных проблем в будущем.

7. Убедитесь, что недвижимость свободна от обременений. Проверьте, что на недвижимость не наложены аресты или другие обременения, которые могут помешать оформлению ипотеки.

Эти шаги помогут вам подготовиться к оформлению ипотеки и учесть все обязательные расходы."
486,"Где проверять легальность банков, страховщиков, платежных агрегаторов?","Для проверки легальности банков, страховщиков и платежных агрегаторов можно воспользоваться следующими источниками:

1. **Центральный банк Российской Федерации (Банк России)**:
   - Официальный сайт Банка России содержит реестры легальных финансовых организаций. Например, для банков можно воспользоваться сервисом ""Реестр банков"", для страховщиков - ""Реестр страховых организаций"", для платежных агрегаторов - ""Реестр платежных систем и операторов по переводу денежных средств"".

2. **Федеральная служба по финансовым рынкам (ФСФР)**:
   - Хотя ФСФР была упразднена, часть её функций перешла к Банку России. Однако некоторые данные могут быть доступны в архивах или на специализированных сайтах.

3. **Федеральная налоговая служба (ФНС)**:
   - На сайте ФНС можно проверить информацию о регистрации юридических лиц, включая финансовые организации.

4. **Федеральная служба по финансовому мониторингу (Росфинмониторинг)**:
   - На сайте Росфинмониторинга можно найти информацию о финансовых организациях, в отношении которых применяются меры по противодействию легализации доходов, полученных преступным путем.

5. **Официальные сайты организаций**:
   - На сайтах банков, страховщиков и платежных агрегаторов обычно указывается информация о лицензиях и реестровых номерах. Эта информация должна быть легко доступна и проверяема.

6. **Специализированные сервисы и базы данных**:
   - Существуют коммерческие и государственные сервисы, которые предоставляют информацию о финансовых организациях. Например, ""Контур.Фокус"", ""СПАРК"" и другие.

Для проверки легальности конкретной организации рекомендуется использовать несколько источников, чтобы получить наиболее полную и достоверную информацию."
487,Чем отличается вклад от инвестиций по защите средств?,"Вклад и инвестиции отличаются по уровню защиты средств.

Вклад в банке обычно защищен системой страхования вкладов, которая гарантирует возврат средств до определенной суммы (например, до 1,4 млн рублей в России). Это означает, что даже если банк обанкротится, вкладчик получит свои деньги обратно в пределах страховой суммы.

Инвестиции, в свою очередь, не имеют такой гарантии. Их доходность и риски зависят от выбранного инструмента. Например, акции могут принести высокую доходность, но также могут и обесцениться. Облигации считаются более надежными, но их доходность обычно ниже.

Таким образом, вклад обеспечивает более высокую степень защиты средств, тогда как инвестиции могут принести больше дохода, но с большим риском."
488,Нужно ли заемщику менять платежи при санации банка либо при отзыве лицензии?,"При санации банка или отзыве лицензии у заемщика могут возникнуть изменения в условиях кредитного договора, но это не всегда обязательно. Все зависит от конкретной ситуации и решений нового руководства или временной администрации.

При санации банка новый собственник или управляющая компания могут пересмотреть условия кредитных договоров, включая график платежей. Однако это не является автоматическим процессом и требует согласования с заемщиком.

В случае отзыва лицензии у банка временная администрация может принять решение о реструктуризации кредитов. Это может включать изменение графика платежей, но опять же, это не является обязательным и требует согласования с заемщиком.

В любом случае, заемщику следует внимательно следить за новостями о своем банке и оперативно реагировать на изменения. Если у вас есть конкретные вопросы по вашему кредиту, лучше обратиться в банк или в службу поддержки для получения точной информации."
489,Как учитывать инфляцию в семейном финансовом плане?,"Инфляция — это процесс, при котором происходит обесценивание денег, что приводит к росту цен на товары и услуги. Включение инфляции в семейный финансовый план позволяет сохранить покупательную способность денег и обеспечить финансовую стабильность.

1. Оцените текущий уровень инфляции. Узнайте, насколько инфляция влияет на ваши расходы. Это можно сделать, проанализировав изменения цен на основные товары и услуги, которые вы покупаете.

2. Учитывайте инфляцию при планировании расходов. При составлении бюджета учитывайте, что цены на товары и услуги будут расти. Это поможет вам избежать неожиданных расходов и сохранить финансовую стабильность.

3. Инвестируйте в активы, которые защищают от инфляции. Инвестиции в акции, облигации, недвижимость и другие активы могут помочь вам сохранить и приумножить свои сбережения.

4. Регулярно пересматривайте свой финансовый план. Инфляция может меняться, поэтому важно регулярно пересматривать свой финансовый план и вносить в него изменения, если это необходимо.

5. Используйте финансовые инструменты, которые учитывают инфляцию. Например, индексируемые облигации, которые привязаны к инфляции, могут помочь вам сохранить покупательную способность ваших сбережений.

6. Создайте финансовую подушку безопасности. Финансовая подушка безопасности поможет вам справиться с неожиданными расходами, которые могут возникнуть из-за инфляции.

7. Обратитесь за профессиональной помощью. Если вы не уверены, как учитывать инфляцию в своем финансовом плане, обратитесь за помощью к финансовому консультанту. Он поможет вам составить финансовый план, который учитывает инфляцию и другие факторы."
490,Почему банковский вклад безопаснее инвестиций в ПИФы?,"Банковский вклад считается более безопасным по нескольким причинам:

1. Гарантии государства. Вклады в банках застрахованы государством. В случае отзыва лицензии у банка вкладчики могут вернуть свои средства в пределах установленного лимита.

2. Стабильность доходности. Процентная ставка по вкладу фиксируется на весь срок и не зависит от рыночных колебаний.

3. Предсказуемость. Вкладчик заранее знает, какой доход получит по окончании срока вклада.

4. Простота и прозрачность. Условия вкладов понятны и доступны для понимания даже неопытным инвесторам.

В отличие от ПИФов, где доходность зависит от рыночных условий и может как вырасти, так и снизиться, вклад в банке обеспечивает стабильный и гарантированный доход."
491,Какие ПИФы подходят для краткосрочной стратегии?,"Для краткосрочной стратегии инвестирования в ПИФы (паевые инвестиционные фонды) обычно подходят фонды с высокой ликвидностью и низкой волатильностью. Вот несколько вариантов:

1. Фонды денежного рынка: Эти фонды инвестируют в краткосрочные и высоколиквидные инструменты, такие как государственные облигации, коммерческие бумаги и депозиты. Они обеспечивают стабильный доход и минимальный риск.

2. Фонды облигаций с краткосрочными бумагами: Эти фонды инвестируют в облигации с коротким сроком погашения, что снижает риск процентных ставок и обеспечивает более стабильный доход.

3. Фонды акций с низкой волатильностью: Некоторые фонды акций могут быть подходящими для краткосрочной стратегии, если они инвестируют в стабильные компании с низкой волатильностью. Однако такие фонды обычно имеют более высокий риск по сравнению с фондами денежного рынка или облигаций.

Важно отметить, что краткосрочные инвестиции в ПИФы могут быть менее прибыльными по сравнению с долгосрочными инвестициями. Также стоит учитывать комиссии и налоги, которые могут повлиять на общую доходность. Рекомендуется консультироваться с финансовым консультантом перед принятием инвестиционных решений."
492,В чем различие условий вычетов по ИИС-1/ИИС-2?,"ИИС-1 (тип А) и ИИС-2 (тип Б) — это два типа индивидуальных инвестиционных счетов, которые отличаются условиями налоговых вычетов.

ИИС-1 (тип А) позволяет получить налоговый вычет на внесенные средства. Максимальная сумма вычета — 1 миллион рублей в год, что соответствует 13% от суммы внесения, то есть 130 тысяч рублей в год. Этот вычет можно получить только при условии, что средства находятся на счете не менее трех лет.

ИИС-2 (тип Б) не предоставляет налоговый вычет на внесенные средства, но позволяет не платить налог на доход, полученный от инвестиций. Это означает, что все прибыли, полученные от операций на счете, не облагаются налогом. Однако, чтобы воспользоваться этой льготой, средства также должны находиться на счете не менее трех лет.

Таким образом, основное различие между ИИС-1 и ИИС-2 заключается в способе получения налоговых льгот: первый тип предоставляет вычет на внесенные средства, а второй — освобождает от налога на доходы от инвестиций."
493,Какие страховки реально обязательны по закону?,"В России обязательными страховками по закону являются:

1. Обязательное медицинское страхование (ОМС). Оно предоставляет гражданам бесплатную медицинскую помощь в рамках программы государственных гарантий.

2. Обязательное пенсионное страхование (ОПС). Оно обеспечивает выплату пенсий за счет страховых взносов работодателей.

3. Обязательное социальное страхование на случай временной нетрудоспособности и в связи с материнством (ОСС). Оно предоставляет пособия по временной нетрудоспособности, беременности и родам, уходу за ребенком.

4. Обязательное страхование от несчастных случаев на производстве и профессиональных заболеваний. Оно обеспечивает выплаты работникам при травмах или заболеваниях, связанных с работой.

5. Обязательное страхование гражданской ответственности владельцев транспортных средств (ОСАГО). Оно покрывает ущерб, причиненный третьим лицам при ДТП.

6. Обязательное страхование гражданской ответственности перевозчика (ОСГОП). Оно распространяется на перевозчиков пассажиров и багажа.

Эти виды страхования обязательны для всех граждан или определенных категорий, и их отсутствие может повлечь юридическую ответственность."
494,"Где монеты зачислят без комиссии, а где пополнение обойдется дороже?","Для получения точной информации о комиссиях за зачисление монет необходимо уточнить у банка, в котором вы планируете проводить операции. Обычно банки предоставляют информацию о комиссиях на своих официальных сайтах или в тарифах на банковские услуги. Если у вас есть конкретный банк на примете, вы можете обратиться в его службу поддержки или изучить тарифы на их сайте."
495,Как проверить страховую компанию перед покупкой автостраховки?,"Для проверки страховой компании перед покупкой автостраховки рекомендуется выполнить следующие шаги:

1. Проверьте лицензию компании. Убедитесь, что у страховой компании есть действующая лицензия на осуществление страховой деятельности. Это можно сделать на сайте Центрального банка РФ или на сайте компании.

2. Изучите репутацию компании. Посмотрите отзывы клиентов, обратите внимание на рейтинг компании в независимых рейтингах, таких как рейтинги агентств ""Эксперт РА"" или ""РусРейтинг"".

3. Ознакомьтесь с условиями страхования. Внимательно изучите договор страхования, обратите внимание на исключения, франшизы, сроки выплат и другие важные условия.

4. Проверьте финансовую устойчивость компании. Узнайте о финансовых показателях компании, таких как размер уставного капитала, резервы, прибыль. Это можно сделать на сайте компании или в отчетах Центрального банка РФ.

5. Обратитесь в службу поддержки. Задайте интересующие вас вопросы менеджерам компании, оценив их компетентность и готовность помочь.

Если у вас есть дополнительные вопросы, связанные с банковскими услугами, пожалуйста, задайте их."
496,В каких случаях банк обязан вернуть клиенту деньги при мошенническом переводе и при несанкционированной операции по карте?,"Банк обязан вернуть клиенту деньги в следующих случаях:

1. Мошеннический перевод:
- Если клиент доказал, что перевод был совершен без его согласия или с использованием поддельных документов.
- Если банк не выполнил свои обязательства по проверке подлинности операции.

2. Несанкционированная операция по карте:
- Если клиент немедленно сообщил о потере или краже карты и операции были совершены после этого сообщения.
- Если операции были совершены без использования PIN-кода или подписи клиента.
- Если клиент доказал, что операции были совершены с использованием украденных данных карты.

Важно: Клиент должен незамедлительно сообщить банку о мошеннических операциях и предоставить все необходимые доказательства. Банк может потребовать письменное заявление и другие документы для рассмотрения заявки на возврат средств."
497,В каких случаях банк вправе приостанавливать операции бизнеса?,"Банк вправе приостанавливать операции бизнеса в следующих случаях:

1. При наличии подозрений в отмывании денег или финансировании терроризма.
2. Если у банка есть основания полагать, что операции связаны с незаконной деятельностью.
3. При несоответствии операций установленным нормам и правилам.
4. В случае нарушения клиентом условий договора с банком.
5. Если банк получил требование от уполномоченных органов (например, судебные решения, запросы от правоохранительных органов).

Для более точного ответа уточните, о каком именно банке идет речь, так как правила могут различаться в зависимости от конкретного финансового учреждения."
498,Чем защита денег на банковских счетах отличается от вложений в НСЖ при проблемах у организации?,"Защита денег на банковских счетах и вложений в негосударственные пенсионные фонды (НСЖ) при проблемах у организации различается по нескольким ключевым аспектам:

1. **Страхование вкладов**: Деньги на банковских счетах защищены системой страхования вкладов. В России, например, это АСВ (Агентство по страхованию вкладов), которое гарантирует возврат средств до 1,4 миллиона рублей на одного вкладчика в одном банке.

2. **Инвестиционный риск**: Вложения в НСЖ связаны с инвестиционным риском, так как средства фонда могут быть инвестированы в различные активы, включая акции, облигации и другие инструменты. В случае проблем у организации, управляющей фондом, или при неудачных инвестициях, клиенты могут потерять часть или все свои средства.

3. **Регулирование и контроль**: Банковские вклады регулируются Центральным банком и другими финансовыми органами, что обеспечивает определенный уровень безопасности. Вложения в НСЖ также регулируются, но уровень контроля и гарантий может быть ниже.

4. **Ликвидность**: Деньги на банковских счетах обычно более ликвидны, их можно быстро снять или перевести. Вложения в НСЖ могут быть менее ликвидными, особенно если средства инвестированы в долгосрочные активы.

5. **Назначение средств**: Банковские счета предназначены для хранения и управления деньгами, тогда как НСЖ создаются для долгосрочного накопления и инвестирования с целью получения пенсионных выплат.

Таким образом, при проблемах у организации банковские вклады обычно более защищены, чем вложения в НСЖ, но последние могут предложить более высокую доходность при соответствующем уровне риска."
499,Что проверяют банки по бизнес-плану по сравнению с краудинвестингом?,"Банки и платформы краудинвестинга действительно проверяют бизнес-планы по-разному.

Банки обычно проверяют бизнес-план более строго, так как они выдают кредиты под залог и требуют возврата средств с процентами. Они проверяют:
1. Финансовую устойчивость бизнеса.
2. Опыт и квалификацию команды.
3. Рентабельность проекта.
4. Способность бизнеса генерировать достаточный денежный поток для обслуживания кредита.
5. Наличие залогового обеспечения.

Платформы краудинвестинга, как правило, проверяют бизнес-план менее строго, так как они не выдают кредиты, а предлагают инвесторам вложиться в проект на условиях долевого участия. Они проверяют:
1. Перспективность проекта.
2. Опыт и квалификацию команды.
3. Потенциальную доходность проекта.
4. Риски проекта.

Таким образом, банки проверяют бизнес-план более детально и строго, так как они несут больше рисков, связанных с выдачей кредитов."
500,Чем отличается банковское финансирование с госгарантией от краудлендинга?,"Банковское финансирование с государственной гарантией и краудлендинг — это два разных механизма привлечения средств, которые имеют существенные различия.

Банковское финансирование с госгарантией предполагает, что банк предоставляет кредит или займ предпринимателю, а государство выступает гарантом по этому кредиту. Это означает, что если предприниматель не сможет вернуть кредит, государство возьмет на себя обязательства по его погашению. Такой механизм снижает риски для банка и может упростить получение кредита для предпринимателя.

Краудлендинг, в свою очередь, представляет собой коллективное финансирование проекта или бизнеса через интернет-платформы. В этом случае средства предоставляются не одним банком или государством, а множеством частных инвесторов. Краудлендинг может быть как с возвратом средств, так и без него, в зависимости от условий конкретной платформы и проекта.

Таким образом, основные различия между этими двумя механизмами заключаются в источнике финансирования, условиях предоставления средств и уровне рисков."
