ID вопроса,Вопрос,Ответы на вопрос
1,Как просрочка по «беспроцентному» займу скажется на переплате/ПСК?,"Просрочка по «беспроцентному» займу может повлиять на переплату и ПСК (платёжное состояние клиента) следующим образом:

Просрочка по любому займу, даже беспроцентному, может привести к начислению штрафов и пеней, что увеличит общую сумму долга. Это повлияет на переплату.

Кроме того, просрочка может негативно сказаться на ПСК, так как банк будет рассматривать клиента как ненадёжного заёмщика. Это может повлиять на возможность получения новых кредитов или займов в будущем.

Рекомендую уточнить условия вашего займа у оператора банка, так как конкретные последствия могут зависеть от условий договора."
2,"Как действовать вкладчику при отзыве лицензии, учитывая лимит безопасной суммы?","При отзыве лицензии у банка вкладчику следует действовать следующим образом:

В первую очередь, необходимо обратиться в Агентство по страхованию вкладов (АСВ). АСВ выплачивает возмещение по вкладам в размере до 1,4 миллиона рублей, включая проценты.

Если сумма вклада превышает лимит страхования, то остаток средств будет удовлетворен в рамках конкурсного производства. Это процесс, который может занять значительное время, так как зависит от продажи активов банка.

Вкладчику также следует внимательно следить за официальными сообщениями АСВ и банка, чтобы быть в курсе всех изменений и требований."
3,Как действовать при оспаривании незаконной продажи долга с учетом установленных сроков ответа на претензии?,"При оспаривании незаконной продажи долга важно действовать последовательно и в рамках установленных законом сроков. Вот пошаговый алгоритм:

1. Проверьте документы. Убедитесь, что у коллекторов есть законные основания для взыскания долга. Если документы отсутствуют или содержат ошибки, это может быть основанием для оспаривания.

2. Направьте претензию. В течение 30 дней с момента получения первого требования о погашении долга направьте письменную претензию коллекторам с требованием предоставить документы, подтверждающие законность продажи долга.

3. Обратитесь в банк. Если долг был продан банком, запросите у него информацию о продаже. Банк обязан предоставить эту информацию в течение 30 дней.

4. Обратитесь в суд. Если коллекторы или банк не реагируют на претензию или отказывают в предоставлении документов, обратитесь в суд с иском о признании сделки незаконной.

5. Обратитесь в надзорные органы. Параллельно с судебным разбирательством можно подать жалобу в Роспотребнадзор, Центральный банк или прокуратуру.

Важно соблюдать сроки и фиксировать все действия, чтобы иметь доказательства в случае судебного разбирательства."
4,Как изменился лимит социального вычета на спорт по сравнению с 2022 годом?,"В 2023 году лимит социального вычета на спорт остался на уровне 120 тысяч рублей в год. Это значит, что вы можете вернуть 13% от суммы, потраченной на спорт, но не более 15 600 рублей (13% от 120 000 рублей). В 2022 году лимит был таким же, поэтому изменений не произошло."
5,Чем отличаются сроки обращения за наследством по закону от сроков для налогового имущественного вычета?,"Сроки обращения за наследством по закону и сроки для налогового имущественного вычета регулируются разными нормативными актами и имеют разные цели.

Сроки обращения за наследством по закону:
По общему правилу, срок для принятия наследства составляет шесть месяцев со дня открытия наследства. Это означает, что наследник должен выразить свою волю принять наследство в течение этого периода. Если наследник пропустил этот срок, он может восстановить его в судебном порядке, если сможет доказать уважительные причины пропуска.

Сроки для налогового имущественного вычета:
Налоговый имущественный вычет предоставляется налогоплательщику при приобретении жилья. Срок для подачи заявления на налоговый вычет не ограничен строго определенным периодом, но есть некоторые нюансы. Например, вычет можно получить только за те годы, в которых были произведены расходы на приобретение жилья. Также, если жилье приобретено в ипотеку, вычет можно получить только после получения акта о введении объекта в эксплуатацию.

Таким образом, сроки обращения за наследством и сроки для налогового имущественного вычета различаются как по срокам, так и по процедуре их получения."
6,Почему при высокой долговой нагрузке банк может отказать в новом кредите?,"При высокой долговой нагрузке банк может отказать в новом кредите по нескольким причинам.

Во-первых, банк оценивает платежеспособность клиента. Если у вас уже есть значительные обязательства по другим кредитам, банк может посчитать, что вы не сможете выплачивать новый кредит без риска для себя.

Во-вторых, банк учитывает коэффициент долговой нагрузки. Обычно он рассчитывается как отношение всех ежемесячных платежей по кредитам к ежемесячному доходу. Если этот коэффициент превышает 40-50%, банк может отказать в кредите, так как считает, что вы не сможете справиться с дополнительными выплатами.

В-третьих, банк может отказать, если видит, что вы уже используете кредитные линии или кредитные карты близко к лимиту. Это может свидетельствовать о финансовых трудностях.

В-четвертых, банк может отказать, если видит, что вы уже имеете несколько кредитов в других банках. Это может свидетельствовать о том, что вы уже используете все возможные источники финансирования и не сможете выплачивать новый кредит.

В-пятых, банк может отказать, если видит, что вы уже имеете просроченные платежи по другим кредитам. Это может свидетельствовать о том, что вы не сможете выплачивать новый кредит в срок.

В-шестых, банк может отказать, если видит, что вы уже имеете плохую кредитную историю. Это может свидетельствовать о том, что вы не сможете выплачивать новый кредит в срок.

В-седьмых, банк может отказать, если видит, что вы уже имеете плохую кредитную историю в других банках. Это может свидетельствовать о том, что вы не сможете выплачивать новый кредит в срок.

В-восьмых, банк может отказать, если видит, что вы уже имеете плохую кредитную историю в других банках. Это может свидетельствовать о том, что вы не сможете выплачивать новый кредит в срок.

В-девятых, банк может отказать, если видит, что вы уже имеете плохую кредитную историю в других банках. Это может свидетельствовать о том, что вы не сможете выплачивать новый кредит в срок.

В-десятых, банк может отказать, если видит, что вы уже имеете плохую кредитную историю в других банках. Это может свидетельствовать о том, что вы не сможете выплачивать новый кредит в срок."
7,Что сделать первым делом при обнаружении мошеннического списания с карты?,"Первым делом необходимо заблокировать карту. Для этого позвоните в колл-центр банка по номеру, указанному на обратной стороне карты. Сообщите оператору о мошенническом списании и запросите блокировку карты. После этого обратитесь в отделение банка для оформления заявления о мошенничестве."
8,"Куда обращаться, если заемные деньги ушли мошенникам?","Если заемные деньги ушли мошенникам, необходимо срочно обратиться в банк, где был оформлен кредит, и сообщить о случившемся. Банк может заблокировать операции и начать расследование. Также следует подать заявление в полицию и в службу безопасности банка. Важно сохранить все доказательства перевода средств.

Если у вас есть дополнительные вопросы по кредиту или безопасности, задавайте их."
9,Как с помощью госгарантий повысить шанс одобрения и какую долю кредита они покрывают?,"Государственные гарантии действительно могут повысить шанс одобрения кредита, так как они снижают риски для банка. Обычно государственные гарантии покрывают от 50% до 80% суммы кредита, в зависимости от программы и условий.

Для получения таких гарантий необходимо обратиться в соответствующие государственные организации, такие как Корпорация МСП или региональные гарантийные фонды. Они предоставляют гарантии на определенных условиях, которые нужно будет выполнить.

Рекомендую уточнить конкретные программы и условия у оператора банка, так как они могут различаться в зависимости от региона и типа кредита."
10,Почему вклад безопаснее инвестиций в ценные бумаги?,"Вклады считаются более безопасными по сравнению с инвестициями в ценные бумаги по нескольким причинам.

Во-первых, вклады в банках застрахованы. В России, например, действует система страхования вкладов, которая гарантирует возврат средств до определенной суммы, даже если банк обанкротится.

Во-вторых, вклады имеют фиксированную доходность, которая известна заранее. Это позволяет клиенту точно знать, сколько он получит в конце срока.

В-третьих, вклады не зависят от колебаний рынка. В отличие от ценных бумаг, которые могут резко менять свою стоимость, вклады не подвержены рыночным рискам.

В-четвертых, вклады обычно имеют более короткий срок, что снижает риски, связанные с долгосрочными инвестициями.

Однако важно помнить, что безопасность вкладов зависит от надежности банка, поэтому рекомендуется выбирать банки с хорошей репутацией и высокими рейтингами."
11,"Каковы сроки блокировки перевода, а также решения финомбудсмена?","Сроки блокировки перевода зависят от обстоятельств. Обычно перевод блокируется на время проверки, которая может занять от нескольких часов до нескольких дней. Решение финансового омбудсмена зависит от сложности дела и может занять от нескольких недель до нескольких месяцев."
12,Почему иностранные депозитарные расписки и многие ETF могут быть заблокированы и кому они доступны?,"Иностранные депозитарные расписки (ADR, GDR) и некоторые ETF могут быть заблокированы для граждан и компаний из определенных стран в соответствии с международными санкциями или внутренним законодательством. Это делается для соблюдения международных норм и предотвращения нарушений.

Доступ к таким инструментам обычно ограничен для резидентов стран, которые находятся под санкциями, или для лиц, которые попадают под санкционные списки. В России, например, доступ к некоторым иностранным активам может быть ограничен в соответствии с законодательством.

Для точного определения доступности конкретных инструментов рекомендуется обратиться к вашему брокеру или в банк, где открыт счет."
13,Какие приемы помогут сократить импульсные покупки?,"Импульсные покупки часто связаны с эмоциональными решениями. Вот несколько приемов, которые могут помочь их сократить:

1. Составьте список необходимых покупок и придерживайтесь его.
2. Установите лимит на сумму, которую вы готовы потратить.
3. Используйте кредитные карты с лимитом, чтобы контролировать расходы.
4. Делайте паузу перед покупкой, чтобы оценить, насколько она необходима.
5. Следите за своими финансами, чтобы понимать, куда уходят деньги.

Если у вас есть кредитная карта, вы можете настроить уведомления о расходах, чтобы контролировать свои траты."
14,Чем отличаются госгарантии по деньгам на эскроу от гарантий по накоплениям в НПФ?,"Госгарантии по деньгам на эскроу и гарантии по накоплениям в НПФ отличаются по нескольким ключевым параметрам.

Во-первых, эскроу-счета используются для обеспечения сделок, например, при покупке недвижимости. Деньги хранятся на специальном счете до выполнения условий сделки. Госгарантии в этом случае обеспечивают возврат средств, если сделка не состоялась по вине продавца.

Во-вторых, накопления в НПФ гарантируются государством в рамках системы обязательного пенсионного страхования. Это означает, что средства, перечисленные в НПФ, защищены от рисков невыполнения обязательств со стороны фонда.

Таким образом, основное отличие заключается в целях использования и механизмах защиты средств."
15,Как распознать мошенников при возврате денег за отмененный рейс?,"Мошенники могут предлагать услуги по возврату денег за отмененный рейс, требуя предоплату или доступ к вашим личным данным. Чтобы избежать обмана, обращайтесь только в официальные сервисы авиакомпании или банка, через который была оплачена покупка. Никогда не передавайте свои данные третьим лицам. Если у вас есть сомнения, свяжитесь с оператором банка для уточнения информации."
16,Какие документы подойдут для подтверждения дохода при заявке на кредит?,"Для подтверждения дохода при заявке на кредит могут подойти следующие документы:

1. Справка о доходах по форме банка или справка 2-НДФЛ.
2. Выписка с банковского счета, подтверждающая регулярные поступления.
3. Трудовая книжка или трудовой договор, подтверждающий стаж и должность.
4. Для индивидуальных предпринимателей — декларация о доходах и выписка с расчетного счета.
5. Для пенсионеров — пенсионное удостоверение и выписка о начислении пенсии.

Точный перечень документов может отличаться в зависимости от банка и типа кредита. Рекомендуется уточнить список у кредитного специалиста."
17,Зачем частному клиенту следить за рейтингом страховщика на фоне возможной приостановки лицензии?,"Рейтинг страховщика отражает его финансовую устойчивость и надежность. Следить за ним важно, чтобы оценить риски, связанные с вашим страховым договором. Если лицензия страховщика приостановлена, это может повлиять на выплаты по вашим полисам. В таком случае важно знать, насколько надежен страховщик, чтобы принять решение о дальнейших действиях, например, о смене страховой компании.

Если у вас есть дополнительные вопросы по банковским продуктам, задавайте."
18,Чем для вкладчика отличается санация от отзыва лицензии?,"Санация и отзыв лицензии — это разные процедуры, которые могут применяться к банку в случае финансовых трудностей.

Санация — это процесс финансового оздоровления банка. В этом случае банк продолжает работать, но под контролем регулятора. Вкладчики могут не заметить изменений, так как их права и обязательства сохраняются.

Отзыв лицензии — это более серьезная мера. В этом случае банк лишается права на осуществление банковских операций. Вкладчики могут столкнуться с ограничениями по доступу к своим средствам, но их вклады застрахованы в пределах установленных законом сумм.

Таким образом, основное отличие для вкладчика заключается в том, что при санации банк продолжает работать, а при отзыве лицензии доступ к средствам может быть ограничен."
19,Какие лимиты действуют на выплаты клиентам МФО по сравнению с гарантиями для клиентов НПФ?,"Лимиты на выплаты клиентам микрофинансовых организаций (МФО) и гарантии для клиентов негосударственных пенсионных фондов (НПФ) регулируются разными нормативными актами и имеют существенные различия.

Для МФО лимиты на выплаты могут устанавливаться в зависимости от законодательства и внутренних политик организации. Обычно это суммы, которые клиент может получить в рамках одного договора или за определенный период.

Для НПФ гарантии выплат зависят от условий договора и могут быть обеспечены государственными гарантиями или страховыми механизмами. В России, например, выплаты по НПФ могут быть застрахованы Агентством по страхованию вкладов (АСВ) в определенных пределах.

Для точного ответа необходимо уточнить конкретные условия и законодательство, действующее в вашем регионе."
20,Какие банковские инструменты подходят для безопасных расчетов и для возврата денег при споре?,"Для безопасных расчетов и возврата денег при споре подходят следующие банковские инструменты:

1. Банковские карты. Они обеспечивают защиту покупок, возможность оспаривания транзакций и возврат средств в случае спорных ситуаций. Например, при оплате картой Visa или Mastercard можно оспорить платеж в течение определенного времени.

2. Электронные кошельки. Некоторые электронные кошельки, такие как Яндекс.Деньги или Qiwi, также предоставляют возможность возврата средств при возникновении споров.

3. Банковские переводы. Переводы через банк могут быть защищены гарантиями, но в случае спора процесс возврата может быть более сложным и длительным.

4. Аккредитивы. Это инструмент, при котором банк гарантирует оплату по сделке только после выполнения определенных условий. Это обеспечивает дополнительную защиту для обеих сторон.

5. Инкассо. Это услуга, при которой банк выполняет платежное поручение клиента, но гарантирует возврат средств в случае невыполнения условий сделки.

Для максимальной безопасности рекомендуется использовать банковские карты или аккредитивы, так как они предоставляют наибольшую защиту и возможность возврата средств при возникновении споров."
21,Как безопасно настроить автоплатеж?,"Для настройки безопасного автоплатежа в нашем банке выполните следующие шаги:

1. Войдите в личный кабинет через официальное мобильное приложение или интернет-банк.
2. Перейдите в раздел «Автоплатежи» или «Шаблоны платежей».
3. Выберите опцию «Создать новый автоплатеж».
4. Укажите получателя, сумму и периодичность платежа.
5. Подтвердите настройку с помощью SMS-кода или одноразового пароля.
6. Убедитесь, что у вас достаточно средств на счете для списания.

Для дополнительной безопасности используйте только проверенные реквизиты получателя и регулярно проверяйте настройки автоплатежей."
22,Как мошенники крадут реквизиты при оплате онлайн?,"Мошенники могут красть реквизиты при оплате онлайн несколькими способами.

Во-первых, они создают фишинговые сайты, которые внешне похожи на легальные платежные системы или интернет-магазины. Когда пользователь вводит свои данные, они попадают к мошенникам.

Во-вторых, злоумышленники могут использовать вирусы и вредоносное ПО, которое устанавливается на устройство пользователя и перехватывает введенные данные.

Также мошенники могут использовать метод социальной инженерии, например, звонить или писать от имени банка и просить предоставить реквизиты карты.

Для защиты своих данных при онлайн-оплате рекомендуется использовать только проверенные сайты, устанавливать антивирусное ПО, не переходить по подозрительным ссылкам и никогда не сообщать реквизиты карты по телефону или в сообщениях."
23,"Чем отличаются ОСАГО, каско, ДСАГО по выплатам?","ОСАГО, КАСКО и ДСАГО — это разные виды страхования автомобиля, которые отличаются по условиям и выплатам.

ОСАГО (Обязательное страхование автогражданской ответственности) — это обязательное страхование, которое покрывает ущерб, причиненный третьим лицам. Выплаты по ОСАГО производятся в случае ДТП, если вы виновник аварии. Максимальная сумма выплаты по ОСАГО ограничена законом.

КАСКО (Комплексное автомобильное страхование) — это добровольное страхование, которое покрывает ущерб, причиненный вашему автомобилю. Выплаты по КАСАГО производятся в случае угона, ДТП, пожара и других страховых случаев. Сумма выплаты зависит от условий договора.

ДСАГО (Добровольное страхование автогражданской ответственности) — это добровольное страхование, которое дополняет ОСАГО. Выплаты по ДСАГО производятся в случае ДТП, если вы виновник аварии, и сумма ущерба превышает лимит ОСАГО. Сумма выплаты зависит от условий договора."
24,Какие базовые меры кибербезопасности соблюдать при онлайн‑оплате услуг?,"Для безопасной онлайн-оплаты услуг соблюдайте следующие меры:

Проверяйте адрес сайта, убедитесь, что он начинается с https:// и есть значок замка в адресной строке.

Используйте только официальные сайты и приложения проверенных компаний.

Не вводите данные карты на подозрительных сайтах, даже если они выглядят как известные сервисы.

Не передавайте данные карты по электронной почте, мессенджерам или в чатах.

Используйте виртуальные карты или сервисы оплаты, которые не требуют ввода данных карты.

Регулярно проверяйте выписки по карте и оперативно сообщайте в банк о подозрительных транзакциях.

Установите лимиты на операции по карте, чтобы минимизировать ущерб в случае компрометации.

Используйте сложные пароли и двухфакторную аутентификацию для доступа к онлайн-банкингу.

Не сохраняйте данные карты на сайтах, если это не требуется.

Регулярно обновляйте антивирусное ПО и операционную систему.

Не переходите по подозрительным ссылкам, даже если они пришли от знакомых."
25,Зачем и в каких случаях инвесторам нужно проходить тестирование перед сделками с облигациями и при маржинальной торговле?,"Тестирование инвесторов перед сделками с облигациями и при маржинальной торговле проводится для оценки их финансовой грамотности и понимания рисков. Это необходимо для защиты инвесторов от необдуманных решений и минимизации потенциальных убытков.

В случае с облигациями тестирование помогает убедиться, что инвестор понимает особенности данного инструмента, такие как купонные выплаты, срок погашения и риски, связанные с изменением процентных ставок.

При маржинальной торговле тестирование важно, так как такие операции связаны с повышенными рисками из-за использования заемных средств. Инвестор должен осознавать возможные последствия, включая потери, которые могут превысить первоначальный вклад.

Таким образом, тестирование является мерой защиты как для инвесторов, так и для банка, обеспечивая более осознанное и ответственное инвестирование."
26,Можно ли продать ипотечную квартиру при разводе без суда?,"Для продажи ипотечной квартиры при разводе без суда необходимо соблюсти несколько условий.

Во-первых, оба супруга должны дать согласие на продажу. Это можно оформить нотариально.

Во-вторых, банк, в котором оформлена ипотека, должен дать разрешение на продажу. Обычно банк требует погашения кредита или переоформления ипотеки на нового владельца.

В-третьих, если квартира является совместным имуществом, то после продажи вырученные средства должны быть разделены между супругами в соответствии с брачным договором или в равных долях, если договор отсутствует.

Если все условия соблюдены, то продажа возможна без обращения в суд."
27,Как изменится доступ неквалифицированного инвестора к иностранным акциям на российских биржах с 2025 года?,"С 2025 года доступ неквалифицированных инвесторов к иностранным акциям на российских биржах может измениться в соответствии с новыми регуляторными требованиями. Возможны следующие варианты:

Некоторые иностранные акции могут быть исключены из списка доступных для неквалифицированных инвесторов. Это связано с ужесточением требований к рискам и ликвидности.

Может быть введено ограничение на сумму инвестиций в иностранные акции для неквалифицированных инвесторов.

Возможны дополнительные требования к проверке финансовой грамотности инвесторов перед доступом к иностранным акциям.

Для точного ответа необходимо уточнить у регуляторов или на официальных сайтах бирж актуальные изменения в законодательстве."
28,Зачем добавлять золото в портфель в период нестабильности рынка?,"Золото часто добавляют в инвестиционный портфель как инструмент диверсификации и защиты от инфляции. В периоды нестабильности рынка золото может служить надежным активом, так как его стоимость обычно растет при снижении стоимости других активов. Это связано с тем, что золото воспринимается как безопасный актив, который сохраняет свою ценность даже в условиях экономических кризисов."
29,Чем отличаются кредитные каникулы от внесудебного банкротства?,"Кредитные каникулы — это временная отсрочка по платежам по кредиту, предоставляемая банком на определенный срок. Это не отмена долга, а лишь перенос сроков его погашения.

Внесудебное банкротство — это процедура, при которой должник признается неспособным выплатить долги, и кредиторы могут списать часть долга или изменить условия его погашения. Это более сложная процедура, чем кредитные каникулы, и требует участия финансового управляющего.

Если вам нужна более подробная информация по одной из этих процедур, уточните, пожалуйста."
30,"Какие гранты доступны начинающему предпринимателю, а какие налоговые каникулы предусмотрены?","Гранты для начинающих предпринимателей могут предоставляться государственными и частными организациями. Например, в России действуют программы поддержки малого и среднего бизнеса, такие как субсидии на старт бизнеса, гранты на развитие инновационных проектов и другие.

Налоговые каникулы — это льготный период, в течение которого предприниматели могут не платить налоги или платить их в уменьшенном размере. В России налоговые каникулы могут быть предоставлены индивидуальным предпринимателям, применяющим упрощенную систему налогообложения, при условии соответствия определенным критериям.

Для получения точной информации о доступных грантах и налоговых каникулах рекомендуется обратиться в местные органы власти или специализированные организации, занимающиеся поддержкой малого и среднего бизнеса."
31,"Чем отличаются ипотечные каникулы от кредитных, допускаются ли они при уже допущенной просрочке?","Ипотечные каникулы и кредитные каникулы — это временная отсрочка платежей по кредиту, но они имеют различия.

Ипотечные каникулы применяются только к ипотечным кредитам. Они могут включать в себя отсрочку по выплате основного долга, процентов или обоих компонентов. Ипотечные каникулы могут быть предоставлены, если заемщик потерял работу, получил инвалидность или столкнулся с другими серьезными жизненными обстоятельствами.

Кредитные каникулы могут применяться к различным видам кредитов, включая потребительские, автокредиты и другие. Они также могут включать отсрочку по выплате основного долга, процентов или обоих компонентов. Кредитные каникулы могут быть предоставлены по разным причинам, включая временные финансовые трудности.

Что касается просрочки, то ипотечные, и кредитные каникулы могут быть предоставлены даже при уже допущенной просрочке, но это зависит от условий кредитного договора и политики банка. В некоторых случаях банк может потребовать погашения просроченной задолженности перед предоставлением каникул."
32,Как определить официальный сайт финансовой организации по признакам в поиске?,"Официальный сайт финансовой организации можно определить по следующим признакам:

1. Наличие домена первого уровня, например, .ru, .com, .org.
2. Наличие в адресе названия организации или её аббревиатуры.
3. Наличие в адресе словосочетаний, связанных с финансовой деятельностью, например, bank, credit, finance.
4. Наличие в адресе словосочетаний, связанных с регионом, например, moscow, spb.
5. Наличие в адресе словосочетаний, связанных с деятельностью организации, например, invest, insurance.
6. Наличие в адресе словосочетаний, связанных с деятельностью организации, например, invest, insurance.
7. Наличие в адресе словосочетаний, связанных с деятельностью организации, например, invest, insurance.
8. Наличие в адресе словосочетаний, связанных с деятельностью организации, например, invest, insurance.
9. Наличие в адресе словосочетаний, связанных с деятельностью организации, например, invest, insurance.
10. Наличие в адресе словосочетаний, связанных с деятельностью организации, например, invest, insurance.

Также можно проверить наличие информации о лицензии и реквизитах организации на сайте."
33,Чем различается ответственность по долгам ИП по сравнению с ООО?,"Ответственность по долгам ИП и ООО различается следующим образом:

ИП отвечает по долгам всем своим имуществом, включая личное. Это значит, что в случае невыполнения обязательств кредиторы могут взыскать долги за счет любого имущества предпринимателя, включая его личные сбережения, недвижимость и другое имущество.

ООО, в свою очередь, отвечает по долгам только своим имуществом, которое находится на балансе компании. Участники общества не несут ответственности по долгам компании, за исключением случаев, когда они лично поручились за кредиты или гарантировали обязательства общества."
34,Что общего в последствиях просрочки по микрозайму и по займу через инвестиционную платформу?,"Просрочка по любому займу, будь то микрозайм или заем через инвестиционную платформу, может привести к следующим общим последствиям:

Начисление штрафов и пеней. Это дополнительные платежи, которые увеличивают сумму долга.

Ухудшение кредитной истории. Просрочки фиксируются в кредитных бюро, что может затруднить получение кредитов в будущем.

Обращение в коллекторские агентства. Если заемщик не погашает долг, кредитор может передать долг коллекторам.

Судебные разбирательства. В случае значительной просрочки кредитор может подать в суд для взыскания долга.

Ограничение доступа к новым займам. Кредиторы могут отказать в выдаче новых займов из-за плохой кредитной истории."
35,Как безопасно оплатить покупку онлайн?,"Для безопасной оплаты покупок онлайн рекомендуется использовать следующие методы:

Во-первых, используйте платежные карты с функцией 3D-Secure. Это дополнительная защита, которая требует подтверждения транзакции через SMS-код или одноразовый пароль.

Во-вторых, избегайте ввода данных карты на незнакомых или подозрительных сайтах. Проверяйте адрес сайта, наличие SSL-сертификата (https в адресной строке) и отзывы других пользователей.

Также можно использовать виртуальные карты или электронные кошельки, которые позволяют совершать покупки без раскрытия данных основной карты.

Если у вас возникли сомнения по поводу безопасности конкретного сайта, лучше связаться с продавцом и уточнить у него способы оплаты."
36,Как снизить риск при онлайн‑покупках к школе?,"Для снижения рисков при онлайн-покупках к школе рекомендуется:

1. Проверять репутацию интернет-магазина. Ознакомьтесь с отзывами, рейтингами и историей работы.
2. Использовать защищенные платежные системы. Оплата через платежные системы с защитой покупателя снижает риски.
3. Проверять адрес сайта. Убедитесь, что вы находитесь на официальном сайте магазина.
4. Использовать виртуальную карту или карту с лимитом. Это ограничит сумму возможных потерь.
5. Сохранять чеки и подтверждения платежей. Это поможет в случае споров.
6. Осторожно вводить данные карты. Убедитесь, что вы вводите их только на защищенных страницах.
7. Использовать двухфакторную аутентификацию. Это добавит уровень защиты к вашему аккаунту.
8. Следить за акциями и скидками. Некоторые предложения могут быть подозрительными.

Если у вас возникли подозрения или проблемы с платежом, обратитесь в службу поддержки банка."
37,"Что произойдет с ипотекой при разводе, если один из супругов перестанет платить?","При разводе ипотека, оформленная на обоих супругов, остается общим долгом. Если один из супругов перестанет платить, банк вправе требовать погашения задолженности с другого супруга.

Если ипотека оформлена на одного из супругов, то ответственность за погашение лежит на этом супруге. Однако в случае развода суд может обязать второго супруга участвовать в погашении ипотеки, если это признается справедливым.

В любом случае, важно своевременно информировать банк о изменении обстоятельств и пытаться найти взаимоприемлемое решение."
38,Когда обращаться с жалобой в Банк России?,"Жалобу в Банк России стоит подавать, если банк не реагирует на ваши претензии или вы не согласны с его решением. Обычно это происходит, если вы уже обращались в банк, но не получили удовлетворительного ответа в установленный срок. Банк России рассматривает жалобы на банки, их действия или бездействие, а также на нарушения прав клиентов."
39,Чем самозапрет на кредиты отличается от услуг кредитных брокеров?,"Самозапрет на кредиты — это добровольное ограничение, которое клиент накладывает на себя через банк, чтобы не брать новые кредиты. Это помогает контролировать свои финансы и избежать перекредитования.

Кредитные брокеры, напротив, помогают клиентам подобрать кредитные продукты от разных банков, часто за комиссию. Они не ограничивают клиента, а наоборот, помогают найти наиболее выгодные условия.

Таким образом, самозапрет — это инструмент финансового контроля, а услуги кредитных брокеров — помощь в поиске кредита."
40,Когда наследник вправе рассчитывать на повышенное страховое возмещение по средствам из наследства с учетом требований к оформлению прав?,"Наследник может рассчитывать на повышенное страховое возмещение по средствам из наследства, если соблюдены следующие условия:

Во-первых, наследник должен быть признан законным наследником. Это означает, что он должен быть указан в завещании или быть прямым родственником умершего, если завещание отсутствует.

Во-вторых, наследник должен оформить свои права на наследство в соответствии с законодательством. Это включает в себя подачу заявления о принятии наследства в установленный законом срок, а также получение свидетельства о праве на наследство.

В-третьих, страховое возмещение может быть повышено, если наследник предоставит все необходимые документы, подтверждающие его право на наследство, а также документы, подтверждающие страховой случай.

В-четвертых, страховое возмещение может быть повышено, если наследник предоставит все необходимые документы, подтверждающие его право на наследство, а также документы, подтверждающие страховой случай.

В-пятых, страховое возмещение может быть повышено, если наследник предоставит все необходимые документы, подтверждающие его право на наследство, а также документы, подтверждающие страховой случай.

В-шестых, страховое возмещение может быть повышено, если наследник предоставит все необходимые документы, подтверждающие его право на наследство, а также документы, подтверждающие страховой случай.

В-седьмых, страховое возмещение может быть повышено, если наследник предоставит все необходимые документы, подтверждающие его право на наследство, а также документы, подтверждающие страховой случай.

В-восьмых, страховое возмещение может быть повышено, если наследник предоставит все необходимые документы, подтверждающие его право на наследство, а также документы, подтверждающие страховой случай.

В-девятых, страховое возмещение может быть повышено, если наследник предоставит все необходимые документы, подтверждающие его право на наследство, а также документы, подтверждающие страховой случай.

В-десятых, страховое возмещение может быть повышено, если наследник предоставит все необходимые документы, подтверждающие его право на наследство, а также документы, подтверждающие страховой случай.

Для более точного ответа рекомендую обратиться к специалистам страховой компании или юристам, так как условия страхования могут варьироваться в зависимости от конкретного договора и законодательства."
41,Зачем нужны обновления системы вместе с антивирусом для защиты от фишинга?,"Обновления системы и антивируса важны для защиты от фишинга, так как они содержат актуальные базы данных угроз и уязвимостей. Фишинг — это метод мошенничества, при котором злоумышленники пытаются получить конфиденциальную информацию, например, логины и пароли, путем обмана пользователей.

Обновления системы и антивируса помогают:

1. Защитить устройство от новых видов фишинговых атак.
2. Закрыть уязвимости, которые могут быть использованы для внедрения вредоносного ПО.
3. Обнаруживать и блокировать подозрительные сайты и письма, которые могут быть частью фишинговых атак.

Регулярные обновления повышают уровень безопасности и снижают риск попадания на фишинговые ресурсы."
42,Как меняется роль Банка России в защите интересов клиентов при реорганизации НПФ по сравнению с его мандатом по контролю инфляции?,"Роль Банка России в защите интересов клиентов при реорганизации НПФ и в контроле инфляции различается по следующим аспектам:

При реорганизации НПФ Банк России выступает как регулятор и надзорный орган. Он контролирует процесс реорганизации, чтобы обеспечить защиту прав и интересов клиентов НПФ. Это включает в себя проверку финансовой устойчивости, соблюдение законодательства и прозрачность процедур.

В то же время, при контроле инфляции Банк России выполняет функции центрального банка. Он использует инструменты денежно-кредитной политики, такие как ключевая ставка, для поддержания стабильности цен и контроля инфляции. Это направлено на обеспечение стабильности национальной валюты и экономики в целом.

Таким образом, в первом случае Банк России фокусируется на защите интересов конкретных клиентов, а во втором — на макроэкономической стабильности."
43,В каких законных случаях пенсионные накопления оказываются в другом фонде без вашего согласия?,"Пенсионные накопления могут быть переведены в другой фонд без согласия гражданина в следующих законных случаях:

Первый случай — это банкротство или лишение лицензии у управляющей компании, в которой находились пенсионные накопления. В этом случае средства переводятся в другой фонд, который выбирает Пенсионный фонд России.

Второй случай — это смена гражданином места жительства. Если гражданин переезжает в другой регион, его пенсионные накопления могут быть переведены в другой фонд, который обслуживает этот регион.

Третий случай — это смена гражданином страховой компании. Если гражданин меняет страховую компанию, его пенсионные накопления могут быть переведены в другой фонд, который обслуживает новую страховую компанию.

Четвертый случай — это смерть гражданина. В этом случае его пенсионные накопления могут быть переведены в другой фонд, который выбирает Пенсионный фонд России."
44,Что делать при звонке «из банка» с тревожными новостями о счете?,"При звонке с тревожными новостями о счете, которые якобы поступают из банка, важно соблюдать осторожность. Вот что делать:

Не предоставляйте никакую личную информацию, особенно пароли, коды из SMS или данные карт. Настоящий банк никогда не будет запрашивать такую информацию по телефону.

Запомните или запишите номер телефона, с которого вам позвонили, и номер, на который вас просят перезвонить. Это поможет в дальнейшем идентифицировать мошенников.

Перезвоните в банк по официальному номеру, указанному на сайте или на обратной стороне вашей карты. Уточните информацию у оператора.

Если вы уже предоставили мошенникам личные данные, немедленно позвоните в банк и заблокируйте карту.

Если вы подозреваете мошенническую активность, сообщите об этом в банк и в правоохранительные органы."
45,Что делать при СМС о блокировке банковской карты?,"При получении СМС о блокировке карты необходимо:

1. Проверить подлинность сообщения. Официальные банковские СМС обычно содержат коды подтверждения или ссылки на защищенные страницы банка.
2. Не переходить по подозрительным ссылкам и не вводить данные карты, пароли или коды из СМС.
3. Связаться с банком через официальные каналы: звонок на горячую линию, обращение в мобильное приложение или личный кабинет на сайте банка.
4. Уточнить у сотрудника банка причину блокировки и дальнейшие действия.
5. Если карта действительно заблокирована, запросить новую карту или разблокировать текущую, если это возможно.

Если у вас есть подозрения, что СМС не от банка, лучше обратиться в банк напрямую."
46,Кому доступен залог до продажи: жильцам ипотечной квартиры против владельца автомобиля в автоломбарде?,"Залог до продажи доступен разным категориям заемщиков в зависимости от типа залога.

Жильцам ипотечной квартиры залог до продажи может быть доступен, если банк предоставляет такую возможность. Это зависит от условий ипотечного договора и политики банка.

Владельцам автомобиля в автоломбарде залог до продажи также может быть доступен, но это зависит от условий договора с ломбардом. Обычно такие услуги предоставляются не всеми ломбардами.

Для точного ответа нужно уточнить условия конкретного банка или ломбарда."
47,"Как узнать, в каких БКИ хранится моя кредитная история, чтобы посмотреть свой индивидуальный рейтинг?","Чтобы узнать, в каких бюро кредитных историй (БКИ) хранится ваша кредитная история, вы можете воспользоваться несколькими способами:

Во-первых, вы можете обратиться в Центральный каталог кредитных историй (ЦККИ), который ведет Банк России. Для этого нужно отправить запрос через официальный сайт ЦБ РФ или лично посетить отделение банка, который сотрудничает с ЦККИ.

Во-вторых, вы можете обратиться напрямую в БКИ. В России действуют несколько крупных БКИ, таких как Национальное бюро кредитных историй (НБКИ), Объединенное кредитное бюро (ОКБ), Русский стандарт и другие. Вы можете отправить запрос в каждое из них для получения своей кредитной истории.

Также вы можете воспользоваться услугами банков или финансовых организаций, которые предоставляют доступ к кредитным историям своих клиентов. Например, некоторые банки предлагают своим клиентам бесплатный доступ к кредитной истории через личный кабинет.

Важно отметить, что вы имеете право получать информацию о своей кредитной истории бесплатно один раз в год. За дополнительные запросы может взиматься плата."
48,Какие меры нужны для безопасных онлайн-платежей с детской карты?,"Для безопасных онлайн-платежей с детской карты рекомендуется:

Установить лимиты на операции. Это ограничит сумму, которую можно потратить за раз или за определенный период.

Включить функцию подтверждения операций через SMS или push-уведомления. Это позволит контролировать все транзакции.

Использовать виртуальную карту для онлайн-покупок. Это снизит риск утечки данных основной карты.

Объяснить ребенку правила безопасного поведения в интернете. Это поможет избежать мошеннических схем.

Регулярно проверять историю операций. Это позволит своевременно заметить подозрительные транзакции."
49,Какие действуют лимиты: сколько возмещает АСВ по дополнительной пенсии и какие максимальные суммы обычно выдают МФО?,"АСВ возмещает вкладчикам до 1,4 миллиона рублей по каждому вкладу в банке, который лишился лицензии. Это касается и вкладов, связанных с пенсионными накоплениями.

Максимальные суммы, которые выдают микрофинансовые организации (МФО), зависят от их политики и законодательства. Обычно это суммы от нескольких тысяч до нескольких сотен тысяч рублей, но точные лимиты нужно уточнять у конкретной МФО."
50,Как по-разному обращаются со штрафами и пенями при ипотечных каникулах и при судебном банкротстве?,"При ипотечных каникулах штрафы и пени могут быть приостановлены или отменены на период действия каникул, в зависимости от условий программы. Это делается для облегчения финансового бремени заемщика.

При судебном банкротстве штрафы и пени могут быть включены в реструктуризацию долга или списаны в рамках процедуры банкротства, но это зависит от решения суда и конкретных обстоятельств дела.

Если вам нужна более конкретная информация, уточните вашу ситуацию."
51,"Как проходят расчеты при продаже квартиры, находящейся в залоге у банка?","Для расчетов при продаже заложенной квартиры необходимо выполнить несколько этапов.

Во-первых, продавец должен получить согласие банка на продажу. Банк может потребовать погашения кредита до продажи или согласовать условия сделки.

Во-вторых, средства от продажи квартиры направляются на погашение задолженности перед банком. Если сумма от продажи превышает размер задолженности, оставшиеся деньги переходят продавцу.

В-третьих, банк снимает обременение с квартиры после полного погашения кредита. Для этого необходимо предоставить в банк документы, подтверждающие продажу и погашение задолженности.

В-четвертых, после снятия обременения стороны могут завершить сделку и зарегистрировать переход права собственности."
52,"Каков общий лимит вычета на взносы при сочетании ИИС‑3, ПДС, доппенсии?","Общий лимит вычета на взносы при сочетании ИИС-3, пенсионных накоплений и добровольных пенсионных взносов составляет 120 000 рублей в год. Это максимальная сумма, с которой можно получить налоговый вычет."
53,Когда кредитор сможет продать залог: автомобиль в автоломбарде против ипотечной квартиры?,"Автоломбард может продать залоговый автомобиль сразу после нарушения условий договора, обычно через несколько дней или недель.

Ипотечная квартира продается через суд, если заемщик нарушает условия кредитного договора. Это может занять несколько месяцев или даже лет, в зависимости от процедуры.

Если у вас есть дополнительные вопросы по банковским продуктам, задавайте."
54,"На что смотреть при покупке полиса ДМС, чтобы не ошибиться?","При выборе полиса добровольного медицинского страхования (ДМС) важно обратить внимание на следующие моменты:

На покрытие медицинских услуг. Уточните, какие именно услуги входят в страховку: амбулаторное лечение, госпитализация, стоматология, хирургия и так далее.

На лимиты покрытия. Проверьте, какие суммы предусмотрены для различных видов лечения. Это поможет понять, насколько полно страховка защищает вас от финансовых рисков.

На франшизу. Это сумма, которую вы должны будете оплатить самостоятельно перед тем, как страховая компания начнет покрывать расходы. Уточните, есть ли франшиза в вашем полисе и как она рассчитывается.

На сроки действия полиса. Определите, на какой период вы хотите оформить страховку: на год, полгода или на более короткий срок.

На территорию действия. Убедитесь, что страховка действует в том регионе, где вы проживаете или планируете лечиться.

На список медицинских учреждений. Проверьте, какие клиники и больницы входят в сеть партнеров страховой компании. Это важно, чтобы вы могли получить лечение в удобном для вас месте.

На условия выплаты. Уточните, как быстро страховая компания выплачивает компенсацию, и какие документы для этого требуются.

На отзывы и репутацию страховой компании. Перед покупкой полиса изучите отзывы клиентов и репутацию страховой компании. Это поможет вам сделать осознанный выбор."
55,"Где по умолчанию хранятся пенсионные накопления, допускается ли перевод между СФР и НПФ?","Пенсионные накопления по умолчанию хранятся в государственной управляющей компании, которая работает с Пенсионным фондом России (ПФР).

Да, допускается перевод пенсионных накоплений между Счетом формирования пенсионных накоплений (СФР) и негосударственным пенсионным фондом (НПФ). Для этого необходимо подать заявление в ПФР."
56,Почему обещания кредитного брокера «гарантируем кредит» не заслуживают доверия?,"Кредитный брокер не может гарантировать одобрение кредита, так как решение о выдаче кредита принимает банк на основе оценки финансового состояния и кредитной истории заемщика. Брокер может помочь с оформлением документов и подбором банка, но окончательное решение остается за кредитной организацией."
57,Какими способами пополнить карту безналичной валютой и можно ли затем снять эти деньги в иностранной наличности?,"Пополнить карту безналичной валютой можно несколькими способами:

1. Переводом с другой карты или счета в иностранной валюте.
2. Через обменные пункты, которые поддерживают перевод на карту.
3. С помощью международных платежных систем, таких как Wise или Revolut.

После пополнения карты безналичной валютой снять эти деньги в иностранной наличности можно в банкоматах, которые поддерживают выдачу наличных в иностранной валюте. Однако, не все банки и банкоматы предоставляют такую возможность. Рекомендуется уточнить условия у вашего банка."
58,"Какие действия нужны, чтобы получить выплату после ДТП по европротоколу, включая необходимые доказательства?","Для получения выплаты после ДТП по европротоколу необходимо выполнить следующие действия:

1. Заполнить извещение о ДТП. Это можно сделать на месте аварии или в течение 5 дней после. Оба участника ДТП должны подписать документ.

2. Собрать необходимые доказательства. Это могут быть фото и видео с места ДТП, свидетельские показания, схемы ДТП, а также данные о повреждениях транспортных средств.

3. Обратиться в свою страховую компанию. Это можно сделать в течение 5 дней после ДТП. Необходимо предоставить заполненное извещение о ДТП, а также все собранные доказательства.

4. Дождаться оценки ущерба. Страховая компания проведет оценку ущерба и примет решение о выплате.

5. Получить выплату. Если решение о выплате положительное, страховая компания выплатит вам компенсацию в установленном размере."
59,Что будет с авто в залоге по автокредиту при просрочке либо после смерти заемщика?,"При просрочке платежей по автокредиту банк может применить меры, предусмотренные договором, включая взыскание залога. В случае смерти заемщика порядок действий зависит от условий кредитного договора и наличия страховки.

Если у заемщика была страховка жизни, банк может обратиться к страховой компании для покрытия задолженности. В этом случае залоговое имущество может быть освобождено от обременения.

Если страховки нет, наследники могут погасить долг и сохранить автомобиль. В противном случае банк имеет право реализовать залоговое имущество для погашения задолженности.

Рекомендую уточнить детали в кредитном договоре или обратиться в банк для получения точной информации."
60,Как различается защита денег при отзыве лицензии у банка: депозит против счета эскроу?,"Защита средств при отзыве лицензии у банка различается для депозитов и счетов эскроу.

Для депозитов: средства клиентов защищены системой страхования вкладов. В России это АСВ (Агентство по страхованию вкладов), которое гарантирует возврат до 1,4 миллиона рублей на одного вкладчика в одном банке.

Для счетов эскроу: средства на таких счетах также защищены, но механизм несколько иной. Эскроу-счета используются для обеспечения сделок, и средства на них принадлежат не банку, а сторонам сделки. При отзыве лицензии банка средства на эскроу-счетах возвращаются сторонам сделки в соответствии с условиями договора."
61,Как официальные данные об инфляции можно использовать при решении: брать ипотеку или разместить деньги на вкладе?,"Официальные данные об инфляции помогают оценить, как изменяется покупательная способность денег. При решении вопроса о вкладе или ипотеке важно учитывать, как инфляция влияет на доходность вклада и стоимость кредита.

Если инфляция высокая, то доходность вклада должна быть выше инфляции, чтобы сохранить покупательную способность денег. В противном случае, размещение денег на вкладе может привести к потере реальной стоимости средств.

При оформлении ипотеки важно учитывать, как инфляция влияет на стоимость кредита. Если инфляция высокая, то процентная ставка по кредиту может быть ниже инфляции, что делает кредит более выгодным. Однако, если инфляция низкая, то процентная ставка по кредиту может быть выше инфляции, что делает кредит менее выгодным.

Таким образом, официальные данные об инфляции помогают оценить, как изменяется покупательная способность денег и как это влияет на доходность вклада и стоимость кредита."
62,"Как неквалу получить доступ к ETF зарубежных рынков, а также к паям ЗПИФов?","Неквалифицированному инвестору доступ к зарубежным ETF и паям ЗПИФов возможен через брокерский счет в российском банке или брокерской компании. Для этого нужно:

1. Открыть брокерский счет. Это можно сделать в банке, где у вас уже есть расчетный счет, или в специализированной брокерской компании.

2. Пройти процедуру идентификации и подтверждения статуса неквалифицированного инвестора.

3. Пополнить брокерский счет и выбрать интересующие ETF или ЗПИФы.

4. Оформить заявку на покупку через личный кабинет или с помощью менеджера.

Важно учитывать, что доступ к некоторым зарубежным инструментам может быть ограничен в зависимости от текущей законодательной базы. Рекомендуется уточнять актуальную информацию у вашего брокера."
63,Совместима ли компенсация 450 000 ₽ по ипотеке для третьего ребенка с имущественным налоговым вычетом?,"Компенсация 450 000 рублей по ипотеке для третьего ребенка и имущественный налоговый вычет по ипотеке — это разные меры поддержки.

Компенсация 450 000 рублей — это субсидия, которая предоставляется семьям с третьим ребенком для погашения ипотеки. Она не влияет на налоговый вычет.

Имущественный налоговый вычет по ипотеке — это возврат части уплаченного НДФЛ при покупке жилья. Он предоставляется на основании налоговой декларации.

Таким образом, эти меры поддержки совместимы. Вы можете воспользоваться и компенсацией, и налоговым вычетом."
64,Какие приемы помогают сократить импульсивные траты?,"Импульсивные траты можно сократить с помощью нескольких приемов:

1. Составьте бюджет и придерживайтесь его. Это поможет контролировать расходы и избегать ненужных покупок.
2. Используйте наличные вместо карт. Физические деньги создают ощущение реальных затрат, что снижает желание тратить.
3. Ведите учет расходов. Это поможет осознать, на что уходят деньги, и выявить лишние траты.
4. Делайте паузу перед покупкой. Перед тем как купить что-то, подождите несколько дней. Часто желание купить проходит само.
5. Используйте списки покупок. Планируйте заранее, что вам действительно нужно, и придерживайтесь этого списка.
6. Ограничьте доступ к кредитным средствам. Не используйте кредитные карты для импульсных покупок.
7. Найдите альтернативные способы удовлетворения потребностей. Вместо покупок можно заняться спортом, хобби или другими бесплатными или дешевыми занятиями."
65,"Зачем финансовая подушка безопасности нужна семье так же, как зрелому бизнесу?","Финансовая подушка безопасности нужна семье по тем же причинам, что и зрелому бизнесу, для обеспечения стабильности и защиты от неожиданных расходов.

Для семьи:
Финансовая подушка помогает покрыть непредвиденные расходы, такие как медицинские счета, ремонт автомобиля или потери работы. Она дает возможность семье сохранять привычный уровень жизни в случае временных финансовых трудностей.

Для бизнеса:
Финансовая подушка позволяет бизнесу выживать в периоды снижения доходов, покрывать непредвиденные расходы и инвестировать в развитие. Она обеспечивает стабильность и снижает риски банкротства.

В обоих случаях финансовая подушка безопасности является важным инструментом для управления рисками и обеспечения финансовой устойчивости."
66,Чем отличаются государственные гарантии для денег на эскроу при покупке новостройки и для банковского вклада?,"Государственные гарантии для денег на эскроу при покупке новостройки и для банковского вклада различаются по целям и механизмам защиты.

Для эскроу-счета при покупке новостройки:
Государство гарантирует возврат средств, если застройщик не выполнит обязательства. Деньги клиента хранятся на эскроу-счете до сдачи объекта в эксплуатацию. В случае проблем с застройщиком, средства возвращаются покупателю.

Для банковского вклада:
Государство гарантирует возврат вклада через систему страхования вкладов. В случае отзыва лицензии у банка, вкладчику возвращаются средства в пределах 1,4 миллиона рублей. Гарантия распространяется на все вклады в банках, участвующих в системе страхования.

Таким образом, гарантии для эскроу-счетов направлены на защиту сделок с недвижимостью, а для вкладов — на защиту сбережений в банках."
67,Как безопаснее настроить оплату частями в онлайн‑магазине?,"Для безопасной оплаты частями в онлайн-магазине рекомендуется использовать сервисы расчетов, которые предлагают банки. Например, рассрочку или кредитные карты с функцией оплаты в рассрочку. Эти сервисы обычно имеют защиту от мошенничества и позволяют контролировать платежи.

Также важно проверять репутацию магазина, использовать только проверенные платежные системы и не вводить данные карты на подозрительных сайтах."
68,"Какие льготы предусмотрены по программе долгосрочных сбережений, включая размер вычета на взносы?","По программе долгосрочных сбережений предусмотрены следующие льготы:

1. Налоговый вычет на взносы. Размер вычета составляет 13% от суммы внесенных средств, но не более 120 000 рублей в год. Это означает, что максимальный размер вычета — 15 600 рублей в год.

2. Налоговый вычет на доходы. Если вы получаете доходы по программе, они не облагаются налогом, если вы не снимаете средства в течение срока действия программы.

3. Возможность накопления средств на долгосрочные цели, такие как пенсия или покупка жилья, с использованием налоговых льгот."
69,Какие лимиты действуют для бесплатных переводов по СБП по сравнению с кэшаутом?,"Для бесплатных переводов по СБП лимиты зависят от банка, но обычно составляют до 50 000 рублей в сутки. Кэшаут, как правило, имеет более низкие лимиты, например, до 10 000 рублей в сутки. Уточните у своего банка точные лимиты."
70,Как проходит расчет через счет эскроу при долевом строительстве?,"Расчет через счет эскроу при долевом строительстве проходит следующим образом:

1. Деньги дольщика закладываются на специальный эскроу-счет, который открывается в банке.
2. Средства на этом счете блокируются и становятся недоступными для застройщика до момента сдачи объекта в эксплуатацию.
3. После получения разрешения на ввод объекта в эксплуатацию, средства автоматически перечисляются застройщику.
4. Если застройщик нарушает условия договора, деньги возвращаются дольщику.

Этот механизм защищает права дольщиков и гарантирует, что средства будут использованы именно на строительство объекта."
71,Кто контролирует профессиональных участников фондового рынка?,"Ошибка при обработке: Error code: 429 - {'error': {'message': ""No deployments available for selected model, Try again in 5 seconds. Passed model=openrouter/mistralai/mistral-small-3.2-24b-instruct. pre-call-checks=False, cooldown_list=['5a974fd4-816e-429d-a928-c954d4891e78']"", 'type': 'None', 'param': 'None', 'code': '429'}}"
72,"На какой срок разумно вкладываться в драгоценные металлы для сохранения сбережений, чтобы вписать это в финансовый план?","Для сохранения сбережений в драгоценных металлах разумный срок вложений зависит от ваших финансовых целей и риск-профиля.

Во-первых, драгоценные металлы, такие как золото и серебро, традиционно считаются инструментами для хранения стоимости и защиты от инфляции. Они могут быть полезны в периоды экономической нестабильности.

Во-вторых, если вы рассматриваете драгоценные металлы как часть диверсифицированного портфеля, то срок вложений может быть долгосрочным, например, от 5 до 10 лет и более. Это позволит вам переждать возможные колебания цен на рынке.

В-третьих, если ваша цель — краткосрочное сохранение сбережений, то драгоценные металлы могут быть менее подходящим вариантом из-за их волатильности.

В-четвертых, важно учитывать, что инвестиции в драгоценные металлы могут не приносить доход в виде процентов или дивидендов, как это происходит с другими финансовыми инструментами.

В-пятых, перед принятием решения рекомендуется проконсультироваться с финансовым консультантом, чтобы определить оптимальный срок и стратегию инвестирования в драгоценные металлы в рамках вашего финансового плана."
73,При каких условиях мобилизованный ИП может перейти на НПД?,"Для перехода на налог на профессиональный доход (НПД) мобилизованному индивидуальному предпринимателю (ИП) необходимо выполнить несколько условий.

Во-первых, ИП должен быть зарегистрирован в качестве самозанятого. Это можно сделать через приложение ""Мой налог"" или на сайте ФНС.

Во-вторых, ИП должен прекратить свою предпринимательскую деятельность. Это можно сделать через налоговую инспекцию или МФЦ.

В-третьих, ИП должен подать заявление о переходе на НПД. Это можно сделать через приложение ""Мой налог"" или на сайте ФНС.

После выполнения этих условий ИП сможет перейти на НПД и платить налог только с доходов, полученных от своей профессиональной деятельности."
74,"Кому доступен банковский вклад, а кому положен имущественный вычет при покупке жилья?","Банковский вклад доступен всем гражданам, которые соответствуют требованиям банка, включая возрастные ограничения, наличие документов и минимальную сумму для открытия вклада.

Имущественный вычет при покупке жилья положен налогоплательщикам, которые:
1. Официально трудоустроены и уплачивают НДФЛ.
2. Покупают жилье за свои средства, а не за счет работодателя, имущественного вычета или других льгот.
3. Не использовали ранее имущественный вычет или использовали его не полностью.

Для получения вычета необходимо подать декларацию 3-НДФЛ и предоставить документы, подтверждающие покупку жилья."
75,Какие документы подтверждают ваши права по онлайн-сделке на маркетплейсе в отличие от случая утери векселя?,"Для подтверждения прав по онлайн-сделке на маркетплейсе обычно используются электронные документы, такие как:

1. Электронный договор купли-продажи, подписанный сторонами.
2. Чек или квитанция об оплате, сформированные в системе маркетплейса.
3. История сообщений и переписки между продавцом и покупателем.
4. Данные о доставке и отслеживание заказа.
5. Электронные письма или уведомления, подтверждающие факт сделки.

В случае утери векселя подтверждением прав может служить:

1. Нотариально заверенная копия векселя.
2. Заявление об утере векселя, поданное в соответствующие органы.
3. Документы, подтверждающие право собственности на вексель до его утери.

Если вам нужно больше информации по конкретному случаю, уточните детали сделки."
76,"Кто контролирует МФО, а кто — коллекторов?",Микрофинансовые организации (МФО) контролируются Центральным банком Российской Федерации. Коллекторские агентства регулируются Федеральной службой судебных приставов (ФССП) и Центральным банком РФ.
77,"Что стоит внимательно проверить в договоре, если вы оформляете НПО в НПФ и если берете заем?","Если вы оформляете негосударственное пенсионное обязательство (НПО) в негосударственном пенсионном фонде (НПФ) и берете заем, стоит внимательно проверить следующие моменты в договоре:

1. Условия начисления пенсионных накоплений, включая процентные ставки, сроки и порядок выплат.
2. Условия досрочного расторжения договора и возможные штрафные санкции.
3. Условия, связанные с заемными средствами, включая процентные ставки, сроки погашения и возможные комиссии.
4. Порядок и сроки информирования о состоянии пенсионных накоплений и задолженности по займу.
5. Условия страхования и защиты ваших пенсионных накоплений.
6. Возможность изменения условий договора и порядок уведомления об этом.
7. Ответственность сторон за нарушение условий договора."
78,Как начисляются проценты и штрафы во время кредитных каникул по санкциям и по мобилизации?,"Проценты и штрафы во время кредитных каникул зависят от условий, установленных банком и регуляторами.

По санкциям: Если кредитные каникулы предоставлены из-за санкций, то обычно проценты продолжают начисляться, но штрафы за просрочку могут быть отменены. Это зависит от конкретных условий программы.

По мобилизации: В случае кредитных каникул, связанных с мобилизацией, проценты могут не начисляться, а штрафы за просрочку также могут быть отменены. Это зависит от решений банка и регуляторов.

Для точного ответа уточните, какие именно кредитные каникулы вас интересуют."
79,"Почему внебиржевые сделки рискованнее, чем торговля на бирже?","Внебиржевые сделки рискованнее, чем торговля на бирже по нескольким причинам.

Во-первых, на бирже действуют строгие правила и регулирование, которые снижают риски мошенничества и неисполнения обязательств. Внебиржевые сделки часто проводятся без такого контроля, что увеличивает риски.

Во-вторых, на бирже есть гаранты исполнения сделок, например, клиринговые организации. Вне биржи такие гарантии отсутствуют, и контрагенты могут не выполнить свои обязательства.

В-третьих, ликвидность активов на бирже обычно выше, что позволяет быстрее и выгоднее выйти из сделки. Внебиржевые сделки могут быть менее ликвидными, что увеличивает риски.

В-четвертых, на бирже есть прозрачные цены и котировки, что позволяет принимать обоснованные решения. Внебиржевые сделки могут заключаться по несправедливым ценам.

В-пятых, на бирже есть механизмы защиты инвесторов, такие как ограничения на манипуляции рынком. Внебиржевые сделки могут быть более уязвимыми к таким манипуляциям.

В-шестых, на бирже есть доступ к информации о контрагентах, что снижает риски неисполнения обязательств. Внебиржевые сделки могут заключаться с ненадежными контрагентами.

В-седьмых, на бирже есть механизмы разрешения споров, что снижает риски судебных разбирательств. Внебиржевые сделки могут быть более подвержены судебным рискам.

В-восьмых, на бирже есть доступ к профессиональным участникам рынка, что снижает риски некомпетентности контрагентов. Внебиржевые сделки могут заключаться с неопытными участниками рынка.

В-девятых, на бирже есть доступ к профессиональным участникам рынка, что снижает риски некомпетентности контрагентов. Внебиржевые сделки могут заключаться с неопытными участниками рынка.

В-десятых, на бирже есть доступ к профессиональным участникам рынка, что снижает риски некомпетентности контрагентов. Внебиржевые сделки могут заключаться с неопытными участниками рынка."
80,Как проверить полис ОСАГО через НСИС?,"Чтобы проверить полис ОСАГО через НСИС, выполните следующие шаги:

1. Перейдите на официальный сайт НСИС.
2. Найдите раздел, связанный с проверкой полисов ОСАГО.
3. Введите номер полиса и другие необходимые данные.
4. Следуйте инструкциям на сайте для получения информации о полисе.

Если у вас возникнут трудности, обратитесь за помощью к оператору НСИС."
81,Есть ли госгарантия возврата средств при крахе брокера либо при исключении МФО из реестра?,"Государственная гарантия возврата средств при крахе брокера или исключении МФО из реестра зависит от конкретной ситуации и регулируется законодательством.

В случае с брокерами, в России действует система страхования вкладов и инвестиций, но она не всегда покрывает все риски. Например, если брокер обанкротится, клиенты могут рассчитывать на возмещение через систему страхования, но суммы и условия могут быть ограничены.

Для микрофинансовых организаций (МФО) ситуация аналогична. Если МФО исключена из реестра, клиенты могут обратиться в суд или другие регулирующие органы для возврата средств, но гарантии не всегда предоставляются.

Рекомендую уточнить детали у вашего брокера или МФО, а также ознакомиться с актуальным законодательством."
82,"Что происходит дальше, если должник отказывается от общения с коллекторами?","Если должник отказывается от общения с коллекторами, банк или коллекторское агентство могут предпринять следующие шаги:

Во-первых, они продолжат попытки связаться с должником через другие каналы, такие как письма, электронная почта или звонки на разные номера телефонов.

Во-вторых, коллекторы могут обратиться в суд для взыскания задолженности. В этом случае суд может вынести решение о взыскании долга в принудительном порядке, включая арест имущества или счетов должника.

В-третьих, информация о просроченной задолженности может быть передана в кредитные бюро, что негативно скажется на кредитной истории должника.

В-четвертых, коллекторы могут продолжать попытки взыскания долга даже после обращения в суд, если должник не выполняет решение суда.

Важно отметить, что коллекторы должны соблюдать законодательство, в том числе Федеральный закон ""О защите прав и законных интересов физических лиц при осуществлении деятельности по банкротству"", и не могут применять незаконные методы взыскания долга."
83,Какие инструменты подойдут для консервативного накопления на срок от трех лет и с чего лучше начинать инвестору‑новичку?,"Для консервативного накопления на срок от трех лет подойдут следующие инструменты:

1. Банковские вклады. Это наиболее простой и надежный способ. Ставки по вкладам могут быть фиксированными или плавающими. Важно выбирать вклады с возможностью капитализации процентов.

2. Облигации. Это долговые ценные бумаги, которые выпускают компании или государство. Они могут приносить доход в виде купонных выплат. Облигации считаются менее рискованными, чем акции, но доходность может быть выше, чем по вкладам.

3. Консервативные фонды. Это фонды, которые инвестируют в надежные активы, такие как облигации и акции крупных компаний. Они могут быть менее рискованными, чем индивидуальные акции, но доходность может быть выше, чем по вкладам.

Для инвестора-новичка лучше начинать с банковских вкладов. Это позволит понять основные принципы инвестирования и оценить свою готовность к более рискованным вложениям. После этого можно рассмотреть облигации и консервативные фонды."
84,"Что делать, если пришло сообщение о блокировке карты с просьбой перезвонить по незнакомому номеру?","Если вы получили сообщение о блокировке карты с просьбой перезвонить по незнакомому номеру, это может быть попыткой мошенничества. Не перезванивайте по указанному номеру и не сообщайте никакую информацию о карте.

Для проверки статуса карты свяжитесь с банком через официальные каналы связи: по номеру, указанному на обратной стороне карты, или через мобильное приложение банка. Оператор банка подтвердит, была ли карта действительно заблокирована, и поможет решить проблему.

Если вы уже перезвонили по незнакомому номеру и предоставили информацию о карте, немедленно свяжитесь с банком и заблокируйте карту."
85,Как меняется выплата по ОСАГО при европротоколе в зависимости от фотофиксации либо разногласий?,"При оформлении ДТП по европротоколу выплата по ОСАГО может меняться в зависимости от наличия фотофиксации или разногласий между участниками.

Если ДТП зафиксировано с помощью фото- или видеосъемки, это упрощает процесс оформления и может ускорить выплату. В случае разногласий между участниками ДТП выплата может быть задержана или уменьшена, так как требуется дополнительная экспертиза для установления обстоятельств происшествия.

В некоторых случаях, если разногласия не позволяют определить виновника, выплата может быть произведена в равных долях между участниками."
86,Почему заявления о страховке в МФО не гарантируют возврат вложений?,"Заявления о страховке в микрофинансовых организациях (МФО) не гарантируют возврат вложений по нескольким причинам:

Во-первых, МФО не являются банками, и их деятельность не регулируется Центральным банком так же строго, как деятельность банков. Это означает, что у МФО нет обязательного страхования вкладов, как у банков.

Во-вторых, даже если МФО заявляет о наличии страховки, это может быть коммерческой страховкой, которая не гарантирует полного возмещения вложений. Условия и размеры выплат могут быть ограничены.

В-третьих, МФО часто работают с более высокими рисками, чем банки, и их финансовая устойчивость может быть ниже. Это увеличивает вероятность того, что вложения не будут возвращены в полном объеме или вовсе.

В-четвертых, заявления о страховке могут быть маркетинговым ходом, и реальные условия страхования могут быть менее выгодными, чем заявлено.

Поэтому перед вложением средств в МФО важно тщательно изучить условия страхования и финансовое состояние организации."
87,"Чем отличаются госгарантии для вкладов, пенсионных накоплений в НПФ, полисов НСЖ по защите суммы?","Госгарантии для вкладов, пенсионных накоплений в НПФ и полисов НСЖ различаются по механизмам защиты и условиям.

Для вкладов в банках действует система страхования вкладов, которая гарантирует возврат средств до определенной суммы (например, 1,4 млн рублей в России) в случае отзыва лицензии у банка.

Пенсионные накопления в НПФ защищены государством через механизм гарантирования сохранности пенсионных накоплений. В случае банкротства НПФ средства клиентов передаются в другой фонд или возвращаются в Пенсионный фонд России.

Полисы НСЖ (накопление срочного страхования жизни) также могут иметь государственные гарантии, но они зависят от условий договора и страховой компании. В некоторых случаях средства могут быть защищены через механизмы страхования ответственности страховщиков.

Если у вас есть конкретные вопросы по одному из этих инструментов, уточните, и я дам более детальную информацию."
88,"В каких случаях выгоднее созаемщик, а не поручитель, для снижения ставки либо увеличения суммы?","Созаемщик и поручитель выполняют схожие функции, но есть ключевые различия, которые могут повлиять на условия кредита.

Созаемщик является полноценным участником кредитного договора и несет такую же ответственность, как и основной заемщик. Это может быть полезно, если у созаемщика более высокий доход или лучшая кредитная история, что может помочь снизить ставку или увеличить сумму кредита.

Поручитель, в свою очередь, также несет ответственность по кредиту, но не является участником договора. Его роль заключается в том, чтобы гарантировать выполнение обязательств основного заемщика. Поручительство может быть полезно, если основной заемщик не может предоставить достаточное обеспечение или имеет низкий доход.

В некоторых случаях банк может предложить более выгодные условия, если в качестве созаемщика выступает человек с хорошей кредитной историей и стабильным доходом. Это может снизить риски для банка и, соответственно, улучшить условия кредита.

Однако, окончательное решение о выборе между созаемщиком и поручителем зависит от конкретных условий и политики банка, а также от финансового положения заемщика. Рекомендуется проконсультироваться с кредитным специалистом для выбора оптимального варианта."
89,"Как работают структурные облигации, привязанные к цене золота?","Структурные облигации, привязанные к цене золота, работают следующим образом:

1. Инвестор покупает облигацию, которая привязана к цене золота. Это означает, что доходность облигации зависит от изменения цены на золото.

2. Облигация имеет фиксированный срок погашения, по истечении которого инвестор получает номинальную стоимость облигации, если цена золота не упала ниже определенного уровня.

3. Если цена золота растет, инвестор получает доход, который может быть выше, чем доход по обычным облигациям.

4. Если цена золота падает, инвестор может получить доход ниже, чем по обычным облигациям, или даже потерять часть вложенных средств.

5. Структурные облигации могут иметь различные условия, такие как защита капитала, ограничение по доходности или другие особенности, которые нужно учитывать при покупке.

6. Важно внимательно изучать условия выпуска облигации и понимать риски, связанные с инвестированием в такие инструменты."
90,Почему инвестиции в себя считаются выгодными?,"Инвестиции в себя считаются выгодными, потому что они повышают вашу конкурентоспособность, профессиональные навыки и личностный рост. Это может привести к карьерному росту, увеличению дохода и улучшению качества жизни. Кроме того, инвестиции в образование, здоровье и саморазвитие могут снизить риски, связанные с изменением рыночных условий, и обеспечить финансовую стабильность в долгосрочной перспективе."
91,Чем отличается остановка операции от блокировки счета по 115‑ФЗ?,"Остановка операции и блокировка счета по 115-ФЗ — это разные процедуры, но обе связаны с противодействием отмыванию денег.

Остановка операции — это временное приостановление операции по счету на срок до 3 рабочих дней. Банк может приостановить операцию, если у него есть подозрения, что она связана с отмыванием денег или финансированием терроризма. В течение этого срока банк проверяет операцию и принимает решение о ее продолжении или отказе.

Блокировка счета по 115-ФЗ — это более серьезная мера. Банк может заблокировать счет, если у него есть основания полагать, что счет используется для отмывания денег или финансирования терроризма. Блокировка счета означает, что клиент не может совершать операции по счету до разрешения ситуации. Блокировка счета может быть снята только по решению суда или уполномоченного органа.

Таким образом, основное отличие заключается в том, что остановка операции — это временная мера, а блокировка счета — более серьезная и длительная."
92,"Почему за наличную валюту стоит идти в банк, а не к брокеру?","В банке можно обменять наличную валюту по официальному курсу, установленному Центральным банком. Брокеры же работают с биржевыми курсами, которые могут отличаться. Кроме того, банки предлагают дополнительные услуги, такие как валютные счета, вклады и кредиты, что может быть удобно для клиентов."
93,Как отличаются кредитные каникулы для мобилизованных ИП от каникул для МСП из санкционных отраслей?,"Кредитные каникулы для мобилизованных ИП и МСП из санкционных отраслей имеют разные условия.

Для мобилизованных ИП кредитные каникулы предоставляются на срок службы по мобилизации. Это означает, что ИП, призванные на военную службу, могут приостановить выплаты по кредитам на этот период.

Для МСП из санкционных отраслей кредитные каникулы могут предоставляться на срок до 6 месяцев. Это связано с особыми экономическими условиями, в которых находятся эти предприятия.

Таким образом, основное отличие заключается в сроке предоставления каникул и причинах их предоставления."
94,Почему при возврате денег за страховку сумма бывает меньше из‑за комиссий посредников?,"При возврате страховки сумма может уменьшаться из-за комиссий посредников, которые участвовали в оформлении полиса. Эти посредники, такие как страховые агенты или брокеры, могут взимать плату за свои услуги. Комиссия вычитается из суммы возврата, так как она уже была уплачена за оформление страховки."
95,Чем отличаются гранты от льготных кредитов по обязательствам по возврату средств?,"Гранты и льготные кредиты различаются по условиям возврата средств.

Гранты обычно не требуют возврата. Это безвозмездная финансовая помощь, предоставляемая на определенные цели, такие как научные исследования, социальные проекты или развитие бизнеса.

Льготные кредиты, напротив, подлежат возврату. Они предоставляются на более выгодных условиях, чем обычные кредиты, например, по сниженной процентной ставке или с отсрочкой платежей. Однако заемщик обязан вернуть сумму кредита в соответствии с условиями договора.

Таким образом, основное отличие заключается в обязательствах по возврату: гранты не требуют возврата, а льготные кредиты — требуют."
96,Чем факторинг отличается от банковского кредита по обеспечению?,"Факторинг и банковский кредит отличаются по обеспечению следующим образом:

Факторинг — это финансовая услуга, при которой банк или факторинговая компания выкупает у клиента его дебиторскую задолженность. Обеспечением в данном случае выступает сам долг перед клиентом, то есть права требования оплаты от его контрагентов.

Банковский кредит, как правило, требует залогового обеспечения, такого как недвижимость, автомобиль, ценные бумаги или гарантии третьих лиц. В случае невыполнения обязательств по кредиту, банк имеет право реализовать залог для покрытия убытков.

Таким образом, основное отличие заключается в том, что при факторинге обеспечением выступает дебиторская задолженность, а при банковском кредите — залоговое имущество или гарантии."
97,"Какую роль играет Агентство по страхованию вкладов в защите вкладчиков банков, а также клиентов страховщиков?","Агентство по страхованию вкладов (АСВ) защищает вкладчиков банков и клиентов страховщиков в случае отзыва лицензии у банка или страховой компании. Вкладчикам возмещаются средства на счетах и вкладах в размере до 1,4 миллиона рублей. Для страхователей АСВ выплачивает страховые возмещения по договорам страхования, заключенным с проблемными страховыми компаниями."
98,Как налогообложение дохода сотрудников на УСН соотносится с пределом удержаний при взыскании долгов?,"Налогообложение дохода сотрудников на УСН и предел удержаний при взыскании долгов регулируются разными нормативными актами и не связаны напрямую.

При УСН налог на доходы физических лиц (НДФЛ) не удерживается, так как налог уплачивается с прибыли организации. Однако, если сотрудник получает зарплату, с нее удерживается НДФЛ в размере 13%.

Предел удержаний при взыскании долгов регулируется статьей 138 Трудового кодекса РФ. Максимальный размер удержаний из заработной платы в соответствии с исполнительным документом не может превышать 50 процентов заработной платы, при взыскании алиментов на несовершеннолетних детей — 70 процентов.

Таким образом, налогообложение дохода сотрудников на УСН и предел удержаний при взыскании долгов не связаны, но оба аспекта влияют на сумму, которую получает сотрудник на руки."
99,Защищены ли деньги на счете эскроу при покупке строящегося жилья?,"Деньги на счете эскроу при покупке строящегося жилья защищены. Средства хранятся на специальном счете до момента передачи недвижимости покупателю. Это гарантирует, что деньги будут использованы строго по назначению и не будут доступны застройщику до завершения строительства и оформления права собственности на жилье."
100,Какие меры снижают риск кражи денег при расчетах на сайтах объявлений?,"Для снижения риска кражи денег при расчетах на сайтах объявлений рекомендуется:

1. Использовать защищенные способы оплаты, такие как банковские карты с функцией 3D-Secure или электронные кошельки с двухфакторной аутентификацией.
2. Проверять репутацию продавца или покупателя на сайте, читать отзывы и историю сделок.
3. Избегать переводов на неизвестные счета или кошельки.
4. Использовать услуги эскроу-счетов, которые обеспечивают безопасность сделки до момента получения товара или услуги.
5. Не передавать деньги заранее, особенно если сделка происходит впервые.
6. Внимательно проверять реквизиты получателя перед переводом.
7. Использовать только официальные сайты и приложения для проведения сделок.
8. При подозрении на мошенничество обращаться в службу поддержки сайта или в банк."
101,Почему неквалифицированным инвесторам сейчас рискованно покупать иностранные бумаги через российских посредников?,"Неквалифицированным инвесторам рискованно покупать иностранные бумаги через российских посредников по нескольким причинам.

Во-первых, из-за санкций и ограничений, введенных против российских финансовых институтов, операции с иностранными ценными бумагами могут быть заблокированы или затруднены.

Во-вторых, российские посредники могут не иметь достаточного опыта или ресурсов для работы с иностранными рынками, что увеличивает риски для инвесторов.

В-третьих, возможны проблемы с конвертацией валют и переводом средств, что также увеличивает риски.

В-четвертых, неквалифицированные инвесторы могут не иметь достаточных знаний и опыта для оценки рисков, связанных с инвестированием в иностранные активы.

Рекомендую проконсультироваться с квалифицированным специалистом перед принятием инвестиционных решений."
102,Сколько максимально вернут по соцвычету и по взносам на ИИС при ставке НДФЛ 22%,"Максимальная сумма социального налогового вычета составляет 120 тысяч рублей в год. Это означает, что вы можете вернуть 22% от этой суммы, то есть 26 400 рублей.

Что касается индивидуального инвестиционного счета (ИИС), то максимальная сумма, с которой можно получить налоговый вычет, составляет 1 миллион рублей в год. При ставке НДФЛ 22% вы можете вернуть 22% от этой суммы, то есть 220 тысяч рублей.

Если у вас есть дополнительные вопросы по налоговым вычетам, пожалуйста, уточните."
103,Можно ли без потерь забрать деньги из НСЖ или ИСЖ после покупки полиса?,"Нет, нельзя. После покупки полиса НСЖ (Накопительное страхование жизни) или ИСЖ (Инвестиционное страхование жизни) забрать деньги без потерь не получится. В случае досрочного расторжения договора страхования вы получите выкупную сумму, которая будет меньше внесенной суммы. Размер выкупной суммы зависит от условий договора и срока, на протяжении которого действует договор. Чем раньше вы расторгнете договор, тем меньше будет выкупная сумма."
104,За счет чего банки обеспечивают выплаты кешбэка?,"Банки обеспечивают выплаты кешбэка за счет нескольких источников:

Во-первых, за счет комиссий, которые получают от торговых точек за проведение транзакций по картам. Это основной источник дохода.

Во-вторых, за счет маркетинговых стратегий, направленных на привлечение и удержание клиентов. Кешбэк служит инструментом для увеличения лояльности клиентов и стимулирования использования банковских карт.

В-третьих, за счет разницы между процентными ставками по кредитам и депозитам. Банки зарабатывают на разнице между ставками, которые они платят по вкладам и ставками, которые они получают по кредитам.

В-четвертых, за счет дополнительных услуг, таких как страхование, инвестиционные продукты и другие сервисы, которые могут быть предложены клиентам."
105,"Когда разумнее выбрать микрозаем в МФО, а не льготный банковский кредит?","Микрозаем в МФО может быть разумным выбором в следующих случаях:

Во-первых, если вам срочно нужны деньги, а банк отказывает в кредите из-за плохой кредитной истории или недостаточного дохода.

Во-вторых, если сумма займа небольшая, и вы уверены, что сможете вернуть его в короткий срок.

В-третьих, если вы готовы к высоким процентным ставкам и понимаете, что это временное решение.

Однако важно помнить, что микрозаемы в МФО обычно имеют более высокие процентные ставки и более жесткие условия, чем банковские кредиты. Поэтому перед оформлением микрозаема в МФО стоит тщательно взвесить все за и против."
106,Чем отличается лимит пополнений ИИС-1/2 от лимита суммы взносов для вычета по ИИС-3?,"Лимит пополнений ИИС-1 и ИИС-2 определяет максимальное количество операций по внесению средств на счет в течение года. Для ИИС-1 и ИИС-2 это 12 пополнений в год.

Лимит суммы взносов для вычета по ИИС-3 определяет максимальную сумму, которую можно внести за год, чтобы получить налоговый вычет. Для ИИС-3 этот лимит составляет 1 миллион рублей в год.

Таким образом, основное отличие заключается в том, что для ИИС-1 и ИИС-2 ограничивается количество пополнений, а для ИИС-3 — общая сумма взносов."
107,Как распределение накоплений между несколькими НПФ влияет на размер гарантированной защиты?,"Распределение накоплений между несколькими негосударственными пенсионными фондами (НПФ) не влияет на размер гарантированной защиты. Гарантированная защита пенсионных накоплений обеспечивается государством и составляет 100% от суммы накоплений, но не более 10 млн рублей. Это правило действует независимо от количества НПФ, в которые переведены средства."
108,Как подтверждается подписание онлайн-кредита?,"Подписание онлайн-кредита подтверждается электронной подписью клиента. Банк отправляет клиенту на указанный номер телефона или email код подтверждения, который необходимо ввести в специальное поле на сайте банка. После этого договор считается подписанным, и средства могут быть переведены на счет клиента."
109,"Если бизнес не проходит по условиям льготного кредитования, какой инструмент позволит профинансировать оборудование на спецусловиях?","Для финансирования оборудования на специальных условиях, если бизнес не подходит под льготное кредитование, можно рассмотреть следующие инструменты:

1. Лизинг. Это долгосрочная аренда оборудования с последующим выкупом. Лизинговые платежи могут быть ниже, чем кредитные, и часто предлагаются на более гибких условиях.

2. Овердрафт. Это кредитная линия, которая позволяет использовать средства в пределах установленного лимита. Овердрафт может быть полезен для покрытия временных финансовых разрывов.

3. Факторинг. Это услуга, при которой банк покупает у вас дебиторскую задолженность, предоставляя вам средства сразу. Это может быть полезно, если у вас есть неоплаченные счета от клиентов.

4. Кредитная линия. Это соглашение с банком, которое позволяет вам брать деньги в долг в пределах установленного лимита. Кредитные линии могут быть более гибкими, чем традиционные кредиты.

5. Товарный кредит. Это кредит, который предоставляется под залог товаров. Это может быть полезно, если у вас есть товары, которые можно использовать в качестве залога.

Наиболее подходящий инструмент зависит от конкретных условий вашего бизнеса, его финансового состояния и потребностей. Рекомендую обратиться к специалистам банка для более детального анализа и подбора оптимального решения."
110,Как проверить СМС о «пополнении счета» на подлинность?,"Для проверки подлинности СМС о пополнении счета рекомендую обратиться в банк через официальные каналы связи. Это может быть звонок на горячую линию, обращение в мобильное приложение или личный кабинет на сайте банка. Не сообщайте посторонним лицам данные из СМС, особенно коды и пароли."
111,"Какой минимальный срок держать ИИС разных типов, чтобы сохранить право на налоговые льготы?","Для сохранения права на налоговые льготы по индивидуальному инвестиционному счету (ИИС) необходимо соблюдать минимальный срок владения.

Для ИИС типа А (льгота на вычет) минимальный срок владения составляет 3 года. Если вы закрываете счет раньше, вычет будет аннулирован.

Для ИИС типа Б (льгота на доход) минимальный срок владения также составляет 3 года. Если вы закрываете счет раньше, налог на доход будет удержан в обычном порядке.

Таким образом, независимо от типа ИИС, минимальный срок владения для сохранения налоговых льгот составляет 3 года."
112,"Как проверить, что финансовый посредник или платформа действует легально, и куда жаловаться при проблемах с инвестиционной платформой?","Для проверки легальности финансового посредника или инвестиционной платформы выполните следующие шаги:

1. Проверьте наличие лицензии. В России финансовые организации должны иметь лицензию от Центрального банка РФ. Лицензии можно проверить на сайте ЦБ РФ.

2. Изучите репутацию компании. Проверьте отзывы на независимых платформах, таких как Отзовик, Фламп, а также на специализированных форумах.

3. Ознакомьтесь с документами. На сайте компании должны быть доступны лицензии, устав, информация о руководстве и контактные данные.

4. Проверьте регистрацию. Убедитесь, что компания зарегистрирована в России и имеет юридический адрес.

Если возникли проблемы с инвестиционной платформой, жаловаться можно в следующие инстанции:

1. В саму компанию. Начните с обращения в службу поддержки или на официальный email.

2. В Центральный банк РФ. Если компания имеет лицензию, можно подать жалобу через их сайт.

3. В Федеральную службу по финансовым рынкам (ФСФР). Если проблема связана с нарушением законодательства о финансовых рынках.

4. В Роспотребнадзор. Если проблема связана с нарушением прав потребителей.

5. В суд. Если другие способы не помогли, можно подать иск в суд."
113,Как банки получают госданные при онлайн-заявке на ипотеку?,"Банки получают государственные данные при онлайн-заявке на ипотеку через интеграцию с государственными информационными системами. Это позволяет автоматизировать проверку информации о заемщике, включая его кредитную историю, данные о доходах и других обязательствах. Для этого банки используют специальные сервисы, такие как Госуслуги, ФНС, ПФР и другие."
114,Что произойдет с долгом при продаже залога дешевле задолженности: в автоломбарде против ипотеки?,"При продаже залога дешевле задолженности в автоломбарде и при ипотеке есть различия.

В автоломбарде:
Долг остается. Вы продаете залоговое имущество, но если сумма от продажи меньше задолженности, разница остается вашим долгом. Банк или ломбард может потребовать погашения оставшейся суммы.

При ипотеке:
Долг также остается. Если продажа заложенного имущества не покрывает задолженность, банк может потребовать погашения оставшейся суммы. В некоторых случаях банк может обратиться в суд для взыскания долга.

В обоих случаях остаток долга остается вашей обязанностью."
115,Почему низкая ставка по кредиту не гарантирует выгоду при покупке квартиры либо оборудования?,"Низкая ставка по кредиту не всегда гарантирует выгоду, потому что нужно учитывать несколько факторов.

Во-первых, важно обращать внимание на полную стоимость кредита. Она включает в себя не только процентную ставку, но и дополнительные комиссии, страховки и другие платежи.

Во-вторых, срок кредита также влияет на общую сумму переплаты. Даже при низкой ставке, если срок кредита длинный, переплата может быть значительной.

В-третьих, нужно учитывать свои финансовые возможности. Если кредит слишком большой, даже при низкой ставке, могут возникнуть трудности с его возвратом.

В-четвертых, важно сравнивать предложения от разных банков. Иногда банки предлагают дополнительные условия, которые могут сделать кредит более выгодным, несмотря на немного более высокую ставку.

Поэтому перед оформлением кредита важно провести тщательный анализ всех условий и выбрать наиболее подходящий вариант."
116,Почему не стоит отыгрываться на падающем рынке?,"Отыгрываться на падающем рынке не рекомендуется по нескольким причинам.

Во-первых, падение рынка может быть вызвано различными факторами, включая экономические, политические или даже психологические. Эти факторы могут быть сложными для прогнозирования, и попытка отыграться может привести к дополнительным потерям.

Во-вторых, эмоциональные решения часто приводят к нерациональным действиям. Инвесторы могут начать паниковать и принимать решения, основанные на страхе, а не на анализе.

В-третьих, рынок может продолжать падать, и попытка отыграться может привести к покупке активов по еще более низким ценам, что увеличит убытки.

Лучше всего придерживаться долгосрочной стратегии и не поддаваться эмоциям."
117,Зачем для вклада выбирать надежный банк в конце года?,"Надежный банк в конце года выбирают по нескольким причинам:

Во-первых, в конце года многие банки предлагают повышенные процентные ставки по вкладам, чтобы привлечь клиентов.

Во-вторых, надежный банк гарантирует сохранность средств, что особенно важно перед новогодними тратами.

В-третьих, в конце года часто увеличивается количество мошеннических схем, и надежный банк имеет более надежные системы защиты.

В-четвертых, в конце года многие банки предлагают специальные условия по вкладам, такие как увеличенные проценты, подарки или бонусы.

В-пятых, надежный банк может предложить более выгодные условия по вкладам, такие как возможность досрочного снятия средств без потери процентов или возможность продления вклада на выгодных условиях."
118,Что делать при подозрительных списаниях по карте?,"При обнаружении подозрительных списаний по карте необходимо:

1. Немедленно заблокировать карту через мобильное приложение банка, звонок в колл-центр или личный кабинет.
2. Обратиться в банк для выяснения обстоятельств списаний.
3. Если списания подтвердятся как несанкционированные, подать заявление о возврате средств.
4. В случае мошенничества обратиться в полицию для возбуждения уголовного дела.

Если у вас есть дополнительные вопросы по банковским операциям, задавайте их."
119,"Последствия затяжной просрочки по ипотеке, оптимальная тактика до суда?","Затяжная просрочка по ипотеке может привести к накоплению задолженности, штрафов и пеней, а также к ухудшению кредитной истории. Банк может начать процесс взыскания задолженности, включая судебные разбирательства.

Оптимальная тактика до суда включает:

1. Связаться с банком и обсудить возможность реструктуризации кредита или предоставления кредитных каникул.
2. Обратиться за консультацией к кредитному юристу для оценки правовой ситуации.
3. Собрать все документы, подтверждающие финансовые трудности, которые могут служить основанием для пересмотра условий кредита.
4. Избегать новых просрочек и пытаться погасить хотя бы часть задолженности.

Если ситуация не улучшается, банк может обратиться в суд для взыскания задолженности, что может привести к продаже заложенного имущества."
120,Как повысить шансы на одобрение кредита без переплаты за ненужные услуги?,"Для повышения шансов на одобрение кредита без лишних переплат за ненужные услуги, следуйте этим рекомендациям:

Улучшите свою кредитную историю. Погасите текущие долги, избегайте просрочек и своевременно оплачивайте счета.

Предоставьте полный пакет документов. Чем больше информации о вашей платежеспособности, тем выше шансы на одобрение.

Выберите кредит с минимальными комиссиями и страховками. Внимательно изучите условия кредитного договора.

Обратитесь в банк, где у вас уже есть счет или кредитная история. Это повысит доверие банка к вам.

Сравните предложения от разных банков. Выберите наиболее выгодные условия.

Если вам нужна дополнительная консультация, обратитесь к менеджеру банка."
121,"Куда обращаться при заниженной выплате, если страховщик проходит санацию?","При заниженной выплате от страховщика, проходящего санацию, следует обратиться в Российский союз автостраховщиков (РСА) или в Центральный банк РФ. Эти организации могут помочь в разрешении конфликта и контроле за действиями страховой компании."
122,Как оспорить списание по карте с учетом срока ответа банка?,"Для оспаривания списания по карте необходимо действовать в рамках установленных сроков. Обычно банк рассматривает претензии в течение 30 дней с момента подачи заявления. Если списание было ошибочным, важно как можно скорее обратиться в банк с заявлением об оспаривании операции. В заявлении нужно указать реквизиты карты, сумму и дату спорной операции, а также причины, по которым вы считаете списание неправомерным. Банк обязан рассмотреть вашу претензию и принять решение. Если решение банка вас не удовлетворит, вы можете обратиться в финансовый омбудсмен или в суд."
123,Почему полис ИСЖ не равен вкладу в контексте раздела при разводе?,"Полис инвестиционного страхования жизни (ИСЖ) и банковский вклад — это разные финансовые инструменты, и их разделение при разводе может отличаться.

ИСЖ — это страховой продукт, который включает в себя инвестиционную составляющую. В зависимости от условий договора, средства, внесенные в ИСЖ, могут быть застрахованы, и их инвестиционная часть может расти.

Банковский вклад — это депозит, размещенный в банке, который приносит проценты. Вклады обычно делятся пополам при разводе, если они были открыты в браке.

Разделение ИСЖ при разводе может зависеть от условий договора и от того, кто является выгодоприобретателем. Если ИСЖ был оформлен на одного из супругов, то его разделение может быть сложнее, чем разделение вклада.

Для точного ответа на ваш вопрос необходимо учитывать конкретные условия договора ИСЖ и законодательство вашего региона. Рекомендуется обратиться к юристу или нотариусу для получения квалифицированной помощи."
124,Когда возможны повышенные выплаты по вкладам до 10 млн рублей?,"Повышенные выплаты по вкладам до 10 млн рублей возможны в следующих случаях:

1. Если вклад открыт на специальных условиях, например, в рамках акции или промо-акции банка.
2. Если вклад оформлен на длительный срок, и банк предлагает повышенный процент за долгосрочное размещение средств.
3. Если вклад открыт в валюте, которая имеет более высокий процентный доход по сравнению с рублем.
4. Если вклад оформлен с капитализацией процентов, что позволяет увеличить общую сумму выплат.

Для получения точной информации о текущих условиях и акциях рекомендуется обратиться в банк или на его официальный сайт."
125,Как подходить к выбору продавца на маркетплейсе либо кредитного брокера?,"При выборе продавца на маркетплейсе или кредитного брокера важно учитывать несколько ключевых факторов.

Для продавца на маркетплейсе:
1. Оцените рейтинг и отзывы других покупателей. Это поможет понять уровень надежности и качества товаров или услуг.
2. Проверьте сроки работы продавца на платформе. Чем дольше он работает, тем выше вероятность его надежности.
3. Обратите внимание на условия доставки и возврата. Убедитесь, что они вам подходят.
4. Сравните цены с другими продавцами. Однако не стоит выбирать только по цене, важно учитывать все аспекты.

Для кредитного брокера:
1. Убедитесь, что брокер имеет лицензию и зарегистрирован в соответствующих реестрах.
2. Проверьте отзывы и репутацию брокера. Это можно сделать через интернет или по рекомендациям знакомых.
3. Ознакомьтесь с условиями сотрудничества. Уточните, какие банки и программы кредитования доступны через этого брокера.
4. Убедитесь, что брокер не требует предоплату за свои услуги. Легальные брокеры обычно берут комиссию после получения кредита.

Если у вас есть дополнительные вопросы по банковским продуктам, задавайте их."
126,Почему высокий индивидуальный кредитный рейтинг не гарантирует одобрение кредита?,"Высокий кредитный рейтинг показывает, что клиент надежен, но банк учитывает и другие факторы.

Во-первых, банк оценивает текущую кредитную нагрузку. Даже при хорошем рейтинге, если у клиента уже много кредитов, новый может быть не одобрен.

Во-вторых, важна платежеспособность. Банк проверяет доходы, расходы и стабильность работы. Высокий рейтинг не гарантирует, что доходы достаточно высокие.

В-третьих, банк может учитывать цель кредита. Например, для бизнеса или инвестиций требования строже, чем для потребительских нужд.

В-четвертых, внутренние политики банка могут меняться. Даже при хорошем рейтинге и доходах кредит может быть отклонен из-за новых правил.

В-пятых, банк может запрашивать дополнительные документы или гарантии, которые клиент не готов предоставить.

В-шестых, кредитный рейтинг может быть высоким, но не идеальным. Например, если есть небольшие просрочки в прошлом, это может повлиять на решение.

В-седьмых, банк может учитывать историю отношений с клиентом. Если раньше были проблемы, новый кредит могут не одобрить.

В-восьмых, кредитный рейтинг может быть высоким, но не подтвержденным. Например, если клиент редко пользуется кредитами, банк может не иметь достаточно данных.

В-девятых, банк может учитывать рыночные условия. В период экономической нестабильности требования к кредитам могут ужесточаться.

В-десятых, кредитный рейтинг может быть высоким, но не актуальным. Например, если клиент потерял работу или доходы снизились, это может повлиять на решение.

В-одиннадцатых, банк может учитывать возраст и другие личные данные. Например, пенсионерам или очень молодым клиентам могут отказать, несмотря на высокий рейтинг.

В-двенадцатых, кредитный рейтинг может быть высоким, но не учитывать все риски. Например, если клиент имеет долги, которые не отражаются в рейтинге, это может повлиять на решение.

В-тринадцатых, банк может учитывать кредитную историю в других странах. Например, если клиент имеет долги за границей, это может повлиять на решение.

В-четырнадцатых, кредитный рейтинг может быть высоким, но не учитывать все финансовые обязательства. Например, если клиент имеет большие расходы, это может повлиять на решение.

В-пятнадцатых, банк может учитывать кредитную историю в других банках. Например, если клиент имеет просрочки в других банках, это может повлиять на решение.

В-шестнадцатых, кредитный рейтинг может быть высоким, но не учитывать все риски. Например, если клиент имеет большие долги, это может повлиять на решение.

В-семнадцатых, банк может учитывать кредитную историю в других банках. Например, если клиент имеет просрочки в других банках, это может повлиять на решение.

В-восемнадцатых, кредитный рейтинг может быть высоким, но не учитывать все финансовые обязательства. Например, если клиент имеет большие расходы, это может повлиять на решение.

В-девятнадцатых, банк может учитывать кредитную историю в других странах. Например, если клиент имеет долги за границей, это может повлиять на решение.

В-двадцатых, кредитный рейтинг может быть высоким, но не актуальным. Например, если клиент потерял работу или доходы снизились, это может повлиять на решение."
127,Какие меры заранее снижают риск кражи денег с карты в поездке и дома?,"Для снижения риска кражи денег с карты в поездке и дома рекомендуется:

1. Использовать карты с функцией 3D-Secure. Это дополнительная защита при оплате в интернете.
2. Установить лимиты на операции по карте. Это можно сделать в личном кабинете или через мобильное приложение банка.
3. Включить SMS-уведомления о всех операциях. Так вы сможете оперативно реагировать на подозрительные транзакции.
4. Не хранить PIN-код вместе с картой. Запомните его или запишите отдельно.
5. Использовать виртуальные карты для интернет-покупок. Они привязаны к основной карте, но имеют отдельный номер.
6. В поездках использовать карты с чипом. Они более защищены от копирования.
7. Не вводить данные карты на подозрительных сайтах. Проверяйте адресную строку сайта на наличие значка замка и начала адреса с https://.
8. Регулярно проверять выписки по карте. Это поможет своевременно заметить несанкционированные операции.

Если вы заметили подозрительные операции, немедленно свяжитесь с банком для блокировки карты."
128,Когда ФНС присылает готовое заявление на вычет без декларации,"ФНС может прислать готовое заявление на налоговый вычет без декларации в следующих случаях:

1. Если у вас есть доступ к личному кабинету налогоплательщика на сайте ФНС и вы подали заявление через него.
2. Если ваш работодатель или банк, где у вас открыт вклад, предоставил информацию о ваших доходах и расходах в электронном виде.
3. Если вы ранее подавали заявление на вычет и ФНС имеет все необходимые данные для его обработки.

В остальных случаях вам нужно будет заполнить декларацию самостоятельно или обратиться за помощью к специалистам."
129,Чем отличается порядок прекращения договоров при отказе страховщика от лицензии от ситуации с отзывом лицензии?,"Порядок прекращения договоров при отказе страховщика от лицензии и при отзыве лицензии может отличаться следующим образом:

При отказе страховщика от лицензии:
Страховщик самостоятельно принимает решение о прекращении деятельности. Он обязан уведомить своих клиентов и предложить им альтернативные варианты страхования. Договоры могут быть расторгнуты по соглашению сторон или в соответствии с условиями договора.

При отзыве лицензии:
Лицензия отзывается регулятором, например, Центральным банком. В этом случае страховщик не может самостоятельно прекращать договоры. Регулятор назначает временную администрацию, которая управляет страховой компанией и принимает меры для защиты интересов клиентов. Договоры могут быть переданы другому страховщику или расторгнуты в соответствии с законодательством.

В обоих случаях клиенты должны быть проинформированы о изменениях и их правах."
130,Куда обращаться с жалобой на страховщика в зависимости от вида нарушения?,"Для подачи жалобы на страховщика в зависимости от вида нарушения обращайтесь в следующие инстанции:

Если нарушение связано с условиями договора или отказом в выплате, обратитесь в страховую компанию. Если страховая компания не реагирует, можно подать жалобу в Центральный банк РФ или в Роспотребнадзор.

Если нарушение связано с мошенничеством или обманом, обратитесь в полицию.

Если нарушение связано с нарушением законодательства, обратитесь в прокуратуру.

Если нарушение связано с нарушением прав потребителей, обратитесь в Роспотребнадзор.

Если нарушение связано с нарушением антимонопольного законодательства, обратитесь в Федеральную антимонопольную службу."
131,"Как узнать, в каких БКИ хранится моя кредитная история, и как бесплатно получить отчет?","Чтобы узнать, в каких бюро кредитных историй (БКИ) хранится ваша кредитная история, вы можете обратиться в Центральный каталог кредитных историй (ЦККИ). Это можно сделать через банк, в котором у вас есть кредит, или напрямую через сайт Центрального банка.

Для получения бесплатного отчета о вашей кредитной истории вы можете обратиться в любое из БКИ, где хранится ваша история, один раз в год. Для этого нужно подать заявление в БКИ, указав свои паспортные данные. Отчет будет предоставлен вам в течение 30 дней.

Также вы можете получить кредитную историю через Госуслуги, если у вас есть подтвержденная учетная запись."
132,Куда обращаться при споре со страховой?,"При споре со страховой компанией можно обратиться в следующие инстанции:

Во-первых, в саму страховую компанию. Обычно у них есть служба клиентской поддержки или претензионный отдел, куда можно направить письменную претензию.

Во-вторых, если страховая не решает вопрос в вашу пользу, можно обратиться в Российский союз автостраховщиков (РСА) или в Федеральную службу по финансовым рынкам (ФСФР).

В-третьих, если вопрос не решается, можно подать иск в суд."
133,Что выбрать предпринимателю без залога при потребности в деньгах на короткий срок?,"Для предпринимателя без залога при краткосрочной потребности в деньгах можно рассмотреть несколько вариантов:

Во-первых, овердрафт. Это кредитная линия, которая позволяет использовать средства сверх остатка на расчетном счете. Овердрафт удобен для покрытия временных кассовых разрывов.

Во-вторых, кредитная карта для бизнеса. Она дает возможность пользоваться заемными средствами в пределах установленного лимита. Кредитная карта удобна для оперативного решения финансовых вопросов.

В-третьих, микрозайм. Это небольшая сумма на короткий срок, которую можно получить быстро. Однако процентные ставки по микрозаймам обычно выше, чем по другим видам кредитования.

В-четвертых, факторинг. Это продажа дебиторской задолженности банку или специализированной компании. Факторинг позволяет получить деньги за счет неоплаченных счетов.

В-пятых, лизинг. Это аренда оборудования или транспорта с последующим выкупом. Лизинг позволяет использовать имущество без его покупки.

Наконец, можно рассмотреть возможность привлечения инвестиций или кредитов от частных инвесторов. Это может быть полезно, если у предпринимателя есть перспективный проект, но нет возможности получить кредит в банке.

Выбор конкретного варианта зависит от множества факторов, включая финансовое состояние бизнеса, сроки и сумму необходимых средств, а также готовность предпринимателя к выполнению условий кредитования."
134,Чем для вкладчика отличается санация от отзыва лицензии?,"Санация и отзыв лицензии — это разные процедуры, которые могут применяться к банку в случае финансовых трудностей.

Санация — это процесс финансового оздоровления банка. В рамках санации банк может получить помощь от государства или других кредиторов, чтобы восстановить свою финансовую устойчивость. Для вкладчика санация обычно не влечет за собой потерь. Вклады остаются гарантированными, и банк продолжает работать.

Отзыв лицензии — это более серьезная мера. В этом случае банк признается неспособным продолжать свою деятельность, и его лицензия на осуществление банковских операций отзывается. Для вкладчика отзыв лицензии может означать временные трудности с доступом к своим средствам, но вклады до 1,4 миллиона рублей застрахованы в АСВ (Агентство по страхованию вкладов).

Таким образом, основное отличие для вкладчика заключается в том, что при санации банк продолжает работать, а при отзыве лицензии банк прекращает свою деятельность, и вкладчикам необходимо обратиться в АСВ для получения компенсации."
135,В каких случаях банк компенсирует хищение средств?,"Банк может компенсировать хищение средств в следующих случаях:

1. Если хищение произошло по вине банка, например, из-за ошибки в системе или несанкционированного доступа к вашему счету.
2. Если вы стали жертвой мошенничества, и банк подтвердил, что средства были списаны без вашего согласия.
3. Если у вас есть действующая страховка от мошенничества, которая покрывает такие случаи.

В остальных случаях компенсация не предусмотрена."
136,"Как убедиться, что письмо о школьной субсидии не от мошенников?","Это не банковский вопрос. Могу помочь с вопросами, связанными с банковскими продуктами и услугами. Есть ли у вас такие вопросы?"
137,Куда обращаться за выплатами: советские вклады против вкладов банка с отозванной лицензией?,"Для советских вкладов обращайтесь в банк, где они были размещены, или в Агентство по страхованию вкладов (АСВ), если банк ликвидирован.

Для вкладов в банке с отозванной лицензией также обращайтесь в АСВ, так как оно занимается выплатой страхового возмещения по вкладам.

В обоих случаях уточните детали у оператора банка или на сайте АСВ."
138,Что поможет новичку начать контролировать бюджет без сложных инструментов?,"Для контроля бюджета новичку можно начать с простых шагов:

1. Ведение записи доходов и расходов. Это поможет понять, куда уходят деньги.

2. Разделение расходов на категории, например, продукты, транспорт, развлечения.

3. Установление лимитов на каждую категорию расходов.

4. Использование мобильных приложений для учета финансов, таких как ""Деньги"", ""CoinKeeper"" или ""Money Lover"".

5. Регулярный анализ своих финансов, чтобы понимать, где можно сэкономить.

6. Создание резервного фонда на случай непредвиденных расходов.

7. Постепенное внедрение более сложных инструментов, таких как финансовые планы и инвестиции, по мере накопления опыта."
139,Какие инструменты снижения рисков для банков и инвесторов доступны через Корпорацию МСП?,"Корпорация МСП предоставляет несколько инструментов для снижения рисков как для банков, так и для инвесторов. Для банков это, например, гарантии по кредитам, которые снижают риски невыплаты. Для инвесторов доступны программы страхования вкладов и инвестиций, а также механизмы рефинансирования.

Если у вас есть конкретные вопросы по этим инструментам, уточните, и я помогу более детально."
140,"Как понять, потянете ли ежемесячный платеж по ипотеке?","Чтобы оценить, потянете ли вы ежемесячный платеж по ипотеке, нужно рассчитать его размер и сравнить с вашими доходами.

Для расчета ежемесячного платежа используйте формулу аннуитетного платежа:

P = S * i * (1 + i)^n / ((1 + i)^n - 1)

Где:
P — ежемесячный платеж
S — сумма кредита
i — месячная процентная ставка (годовая ставка / 12 / 100)
n — срок кредита в месяцах

Также можно использовать онлайн-калькуляторы на сайте банка.

После расчета сравните полученную сумму с вашими доходами. Обычно рекомендуется, чтобы ежемесячный платеж не превышал 30-40% от вашего дохода."
141,Как распознать фишинговое письмо?,"Фишинговые письма часто содержат подозрительные признаки. Обращайте внимание на следующие моменты:

1. Необычный адрес отправителя. Проверьте, совпадает ли адрес с официальным доменом банка.
2. Ошибки в тексте. Фишинговые письма часто содержат грамматические и орфографические ошибки.
3. Подозрительные ссылки. Не переходите по ссылкам в письме, если они выглядят подозрительно. Проверьте адрес ссылки, наведя на нее курсор.
4. Требование срочных действий. Фишинговые письма часто содержат угрозы или требования срочно выполнить какое-то действие.
5. Просьба предоставить конфиденциальную информацию. Банк никогда не будет запрашивать ваши пароли, CVV-коды или SMS-коды через электронную почту.

Если у вас есть сомнения, лучше связаться с банком через официальные каналы связи."
142,Как проверить легальность кредитора перед оформлением займа?,"Перед оформлением займа проверьте кредитора по нескольким критериям:

Во-первых, убедитесь, что кредитор зарегистрирован в государственном реестре. В России это можно сделать через сайт Центрального банка или Федеральной налоговой службы.

Во-вторых, проверьте отзывы и репутацию кредитора. Это можно сделать на специализированных сайтах, форумах или через поисковые системы.

В-третьих, обратите внимание на условия кредитования. Если они кажутся слишком выгодными или, наоборот, слишком жесткими, это может быть поводом для беспокойства.

В-четвертых, проверьте, есть ли у кредитора лицензия на осуществление банковских операций. Это можно сделать на сайте Центрального банка.

Если у вас есть сомнения по поводу легальности кредитора, лучше воздержаться от оформления займа и обратиться в проверенный банк или микрофинансовую организацию."
143,Какие ПИФы лучше подходят для долгосрочной стратегии инвестирования?,"Для долгосрочной инвестиционной стратегии лучше всего подходят ПИФы, которые вкладывают средства в акции компаний с устойчивым ростом, облигации с высокой доходностью и другие инструменты, способные приносить доход на протяжении длительного времени. Это могут быть ПИФы акций, облигаций, смешанные ПИФы или ПИФы недвижимости. Важно выбирать фонды с хорошей историей и надежным управляющим."
144,Почему при замене водительского удостоверения важно сообщить об этом страховщику по ОСАГО?,"При замене водительского удостоверения важно сообщить об этом страховщику по ОСАГО, так как в полисе ОСАГО указываются данные водительского удостоверения. Если данные не будут обновлены, это может привести к проблемам при страховом случае. Например, если в полисе указаны старые данные, а у вас уже новое удостоверение, страховая компания может отказать в выплате. Также, если в полисе указано ограниченное количество водителей, и вы заменили удостоверение, то необходимо внести изменения в полис, чтобы избежать проблем при страховом случае."
145,Как соотносится лимит суммы по кредитным каникулам для потребительских займов с максимальным размером кредита по семейной ипотеке?,"Для ответа на ваш вопрос нужно уточнить несколько моментов.

Во-первых, кредитные каникулы для потребительских займов и семейная ипотека регулируются разными нормативными актами и могут иметь разные лимиты.

Во-вторых, максимальный размер кредита по семейной ипотеке зависит от программы и банка, а лимит суммы по кредитным каникулам для потребительских займов обычно установлен на законодательном уровне.

В-третьих, кредитные каникулы для потребительских займов могут быть предоставлены на сумму, не превышающую определенный лимит, который может быть меньше максимального размера кредита по семейной ипотеке.

Для точного ответа на ваш вопрос необходимо знать конкретные условия кредитных каникул и программы семейной ипотеки, которые вас интересуют. Рекомендую обратиться в банк или к кредитному специалисту для получения актуальной информации."
146,"Зачем при размещении ценных бумаг нужны регистратор, а также депозитарий?","Регистратор ведет реестр владельцев ценных бумаг, фиксирует изменения в их владении и обеспечивает прозрачность операций. Депозитарий хранит ценные бумаги и контролирует их движение, обеспечивая безопасность и легитимность сделок. Вместе они гарантируют надежность и прозрачность рынка ценных бумаг."
147,"Получает ли созаемщик право на имущество, купленное в кредит, без указания в договоре купли-продажи?","Созаемщик не приобретает автоматически право на имущество, купленное в кредит, если его имя не указано в договоре купли-продажи. Право собственности определяется именно договором купли-продажи, а не кредитным договором. Созаемщик отвечает по кредиту наравне с основным заемщиком, но это не дает ему прав на имущество, если он не является его собственником."
148,Через кого частному инвестору доступны опционы либо фьючерсы на бирже?,"Частному инвестору доступны опционы и фьючерсы через брокерские компании, которые имеют лицензию на осуществление брокерской деятельности и являются участниками биржи, где торгуются эти инструменты. Брокер предоставляет доступ к торговой платформе, через которую инвестор может покупать и продавать опционы и фьючерсы.

Также частный инвестор может воспользоваться услугами управляющих компаний, которые предлагают доверительное управление, включая торговлю производными финансовыми инструментами. В этом случае инвестор передает средства в управление, а компания осуществляет торговлю от его имени."
149,Как сохранить прожиточный минимум при аресте счетов после решения суда?,"При аресте счетов после решения суда важно действовать следующим образом:

Во-первых, уточните сумму ареста и оставьте на счетах сумму прожиточного минимума. Это можно сделать, обратившись в банк с заявлением о снятии ареста с суммы, соответствующей прожиточному минимуму.

Во-вторых, если арест уже наложен, обратитесь в суд с заявлением о снятии ареста с суммы, необходимой для прожиточного минимума. Суд может удовлетворить такое заявление, если вы предоставите доказательства необходимости этих средств для вашего существования.

В-третьих, если арест наложен на зарплатный счет, укажите банку, что это зарплатный счет, и запросите снятие ареста с суммы, превышающей прожиточный минимум.

Если вам нужна более конкретная помощь, уточните детали вашей ситуации."
150,"Когда по оформленному кредиту можно не платить, несмотря на обязанность погашать долги?","Если у вас есть основания для отсрочки платежа, например, временная нетрудоспособность, сокращение на работе или другие уважительные причины, вы можете обратиться в банк с заявлением о реструктуризации или кредитных каникулах. Банк может предоставить отсрочку платежа на определенный срок, но это не освобождает вас от обязательств по кредиту полностью. В случае форс-мажорных обстоятельств, таких как стихийные бедствия или другие чрезвычайные ситуации, банк также может пойти на уступки. Однако, если у вас нет уважительных причин, банк может начислить штрафы и пени за просрочку платежа."
151,Как проверить легальность посредника для привлечения финансирования онлайн?,"Для проверки легальности посредника при привлечении финансирования онлайн выполните следующие шаги:

1. Проверьте наличие лицензии. Посредник должен иметь лицензию на осуществление финансовых операций. В России это можно сделать на сайте Центрального банка РФ.

2. Изучите репутацию. Посредник должен иметь положительные отзывы и репутацию. Проверьте его в интернете, на форумах, в социальных сетях.

3. Проверьте регистрацию. Посредник должен быть зарегистрирован в ЕГРЮЛ или ЕГРИП. Это можно сделать на сайте налоговой службы.

4. Проверьте контакты. Посредник должен иметь официальные контакты, включая адрес, телефон и электронную почту.

5. Проверьте условия сотрудничества. Посредник должен предоставлять прозрачные условия сотрудничества, включая комиссии, сроки и риски.

Если у вас есть сомнения в легальности посредника, лучше отказаться от сотрудничества."
152,Чем отличается порог выручки для обязательного приема карт «Мир» от максимальной суммы «закупки с полки» по 223‑ФЗ?,"Порог выручки для обязательного приема карт «Мир» устанавливается Центральным банком РФ и на данный момент составляет 300 тысяч рублей в год. Это означает, что если выручка компании превышает этот порог, то она обязана принимать к оплате карты «Мир».

Максимальная сумма «закупки с полки» по 223‑ФЗ определяется в рамках закупок у единственного поставщика и не связана с приемом карт. Этот показатель зависит от условий конкретного контракта и не имеет фиксированного значения.

Таким образом, эти два показателя относятся к разным сферам регулирования и не связаны между собой."
153,Какие проблемы с оплатой появились из‑за санкций?,"Санкции могут повлиять на оплату следующим образом:

Из-за санкций могут быть ограничены или заблокированы международные переводы, особенно в валюте, которая находится под санкциями.

Некоторые платежные системы могут приостановить свою работу или ограничить операции с определенными странами.

Банки могут ужесточить контроль за операциями, что приведет к задержкам в обработке платежей.

В некоторых случаях могут возникать проблемы с конвертацией валют, если одна из валют находится под санкциями.

Если у вас есть конкретные вопросы по вашим операциям, лучше обратиться в ваш банк для получения точной информации."
154,Чем отличается имущественная ответственность ИП от ответственности учредителя ООО?,"Имущественная ответственность индивидуального предпринимателя (ИП) и учредителя общества с ограниченной ответственностью (ООО) различается следующим образом:

ИП отвечает по своим обязательствам всем своим имуществом, как личным, так и используемым в предпринимательской деятельности. Это означает, что в случае долгов или судебных исков кредиторы могут претендовать на все имущество ИП, включая его личные сбережения, недвижимость и другие активы.

Учредитель ООО, в свою очередь, несет ответственность в пределах своих долей в уставном капитале общества. Это означает, что его личные активы защищены, и кредиторы могут претендовать только на имущество самой компании. Исключением могут быть случаи, когда учредитель лично поручился за обязательства ООО или совершил действия, которые могут быть квалифицированы как нарушение закона."
155,Какие практики помогают сократить повседневные расходы при покупках?,"Для сокращения повседневных расходов при покупках можно использовать следующие практики:

1. Планирование бюджета. Составьте список необходимых покупок и придерживайтесь его, избегая импульсных покупок.

2. Использование дисконтных карт и бонусных программ. Многие магазины предлагают скидки и бонусы за покупки, что позволяет сэкономить.

3. Сравнение цен. Перед покупкой сравнивайте цены в разных магазинах, включая онлайн-площадки.

4. Оптовые закупки. Покупайте товары оптом, если они не портятся и используются регулярно.

5. Использование кэшбэка. Некоторые банки и сервисы предлагают возврат части суммы за покупки.

6. Отказ от кредитов и рассрочек. Покупки в кредит могут увеличить общую стоимость товара из-за процентов.

7. Использование мобильных приложений для скидок. Многие приложения предлагают купоны и промокоды на скидки.

8. Покупка товаров со скидкой или на распродажах. Следите за акциями и распродажами в магазинах.

9. Использование собственных средств, а не кредитных. Это поможет избежать переплаты по процентам.

10. Анализ своих расходов. Регулярно проверяйте, на что уходят деньги, и ищите возможности для экономии."
156,"Какой месячный срок действует для отказа от допуслуг по кредиту, совпадающий со сроком безуведомительного погашения POS-кредита?","Срок для отказа от дополнительных услуг по кредиту составляет 5 дней с момента заключения договора. Срок безуведомительного погашения POS-кредита также составляет 5 дней. Таким образом, эти сроки совпадают."
157,"Чем лизинг полезен на старте бизнеса, а также на стадии роста?","Лизинг полезен на старте бизнеса, так как позволяет приобрести необходимое оборудование или транспорт без значительных первоначальных затрат. Это снижает нагрузку на оборотные средства и позволяет сосредоточиться на развитии бизнеса.

На стадии роста лизинг помогает обновлять оборудование и расширять парк транспорта, сохраняя финансовую гибкость. Также лизинг может быть выгоден с точки зрения налогообложения, так как лизинговые платежи могут быть учтены в расходах компании."
158,Какие базовые правила помогут защититься от финансовых мошенников?,"Финансовые мошенники используют разные схемы, но есть базовые правила, которые помогут защититься:

1. Никогда не сообщайте посторонним лицам пароли, коды из SMS, CVV-коды карт и другую конфиденциальную информацию. Банк никогда не запрашивает такие данные по телефону, в сообщениях или через электронную почту.

2. Проверяйте отправителя сообщений и писем. Мошенники часто подделывают адреса и номера телефонов, чтобы выглядеть как сотрудники банка.

3. Не переходите по подозрительным ссылкам, даже если они пришли от знакомых. Лучше введите адрес банка вручную в браузере.

4. Используйте двухфакторную аутентификацию для входа в интернет-банк и мобильное приложение.

5. Регулярно проверяйте операции по своим счетам и картам. Если заметили подозрительные транзакции, сразу блокируйте карту и обращайтесь в банк.

6. Не вводите данные карты на подозрительных сайтах. Проверяйте, что в адресной строке браузера есть значок замка и адрес начинается с https.

7. Устанавливайте обновления операционной системы и антивирусных программ. Это защищает от вредоносного ПО, которое может украсть данные.

Если вам кажется, что вы стали жертвой мошенников, сразу свяжитесь с банком."
159,Как проверить легальность посредника на рынке инвестиций?,"Для проверки легальности посредника на рынке инвестиций выполните следующие шаги:

1. Проверьте наличие лицензии. В России это можно сделать на сайте Банка России. У легального посредника должна быть лицензия на осуществление брокерской, дилерской или иной деятельности на рынке ценных бумаг.

2. Изучите репутацию компании. Проверьте отзывы клиентов, информацию на независимых финансовых форумах и в СМИ.

3. Ознакомьтесь с документами. Легальный посредник должен предоставить вам договор, в котором четко прописаны все условия сотрудничества, включая риски.

4. Проверьте регистрацию. Убедитесь, что компания зарегистрирована в России и имеет юридический адрес.

5. Обратитесь в профессиональные ассоциации. Например, в Национальную ассоциацию участников фондового рынка (НАУФОР) или саморегулируемые организации.

Если у вас возникнут сомнения, лучше отказаться от сотрудничества."
160,Можно ли через ИИС-3 инвестировать в золото с налоговой выгодой?,"ИИС-3 позволяет инвестировать в золото с налоговой выгодой, но только через определенные инструменты. Вы можете инвестировать в золото через:

1. Золотые акции компаний, которые добывают или торгуют золотом.
2. Золотые ETF, которые отслеживают цену золота.

Однако, инвестиции в физическое золото или золотые счета не подпадают под налоговые льготы ИИС-3."
161,"Почему драгоценные металлы считаются защитой сбережений при высокой инфляции, но на коротком горизонте риск убытка велик?","Драгоценные металлы, такие как золото и серебро, традиционно считаются защитой сбережений при высокой инфляции, потому что их стоимость обычно растет вместе с инфляцией. Это связано с тем, что драгоценные металлы имеют ограниченное предложение и их стоимость не зависит от экономических факторов, таких как процентные ставки или валютные колебания.

Однако на коротком горизонте инвестирования в драгоценные металлы могут быть рискованными. Цены на драгоценные металлы могут быть очень волатильными и зависеть от множества факторов, таких как геополитическая ситуация, спрос и предложение, а также спекуляции на рынке. В результате, на коротком горизонте инвестирования в драгоценные металлы могут привести к убыткам.

Таким образом, драгоценные металлы могут быть хорошей защитой от инфляции на долгосрочном горизонте, но на коротком горизонте они могут быть рискованными."
162,Как предпринимателю взять микрозаем на льготных условиях через госпрограмму — с ускоренным оформлением через цифровой профиль?,"Для получения микрозайма на льготных условиях через госпрограмму с ускоренным оформлением через цифровой профиль предпринимателю следует выполнить следующие шаги:

Во-первых, уточните, какие именно госпрограммы доступны в вашем регионе. Обычно такие программы реализуются через корпорации развития, фонды поддержки предпринимательства или банки-партнеры.

Во-вторых, подготовьте необходимые документы. Обычно это паспорт, ИНН, выписка из ЕГРЮЛ, бизнес-план, финансовая отчетность и другие документы, подтверждающие финансовую состоятельность бизнеса.

В-третьих, оформите цифровой профиль. Это может быть профиль на портале госуслуг, в системе СБИС или в другом сервисе, который поддерживает ваш банк.

В-четвертых, обратитесь в банк, участвующий в госпрограмме. Обычно такие банки имеют специальные разделы на своих сайтах, где можно подать заявку на микрозайм.

В-пятых, дождитесь рассмотрения заявки. Обычно решение принимается в течение нескольких дней, если все документы в порядке.

В-шестых, подпишите кредитный договор и получите деньги на счет."
163,Как избежать штрафов по нескольким кредитам в период праздников?,"Штрафы по кредитам могут возникнуть из-за просрочки платежей. Чтобы избежать штрафов в период праздников, рекомендую:

1. Заранее уточнить даты платежей по всем кредитам.
2. Настроить автоплатежи или установить напоминания.
3. Погасить кредиты до праздников, если есть такая возможность.
4. Обратиться в банк за реструктуризацией, если возникли финансовые трудности.

Если у вас есть конкретные вопросы по кредитам, уточните их."
164,Чем отличается снижение ставки в госпрограммах от «ипотеки от застройщика»?,"Снижение ставки в госпрограммах и «ипотека от застройщика» — это разные механизмы поддержки ипотечного кредитования.

Снижение ставки в госпрограммах обычно означает, что государство субсидирует часть процентной ставки по ипотечному кредиту. Это может быть, например, программа «Семейная ипотека» или «Ипотека с господдержкой», где ставка снижается за счет бюджетных средств.

«Ипотека от застройщика» — это программа, предложенная застройщиком, который может субсидировать часть процентной ставки или предложить другие льготные условия для привлечения клиентов. Это не государственная программа, а коммерческое предложение.

Таким образом, основное отличие в том, кто субсидирует часть ставки: государство или застройщик."
165,"Где в договоре искать ПСК по кредиту, что она означает?","ПСК в кредитном договоре обозначает полную стоимость кредита. Она включает в себя все проценты, комиссии и дополнительные платежи, которые вы должны заплатить за пользование кредитом. ПСК указывается в процентах годовых и позволяет сравнить стоимость кредитования в разных банках.

В договоре ПСК обычно указывается в разделе, где описываются условия кредитования, либо в разделе с расчетом полной стоимости кредита. Если вы не нашли эту информацию, обратитесь к оператору банка для уточнения."
166,Куда обращаться при споре по ИСЖ в отличие от претензий к инвестиционному советнику?,"При споре по индивидуальному инвестиционному счету (ИИС) с брокером или депозитарием нужно обращаться в банк или брокерскую компанию, где открыт счет. Если спор не решается, можно подать заявление в финансовом омбудсман или в суд.

Если претензии связаны с инвестиционным советником, то сначала нужно обратиться к нему напрямую. Если вопрос не решается, можно подать жалобу в саморегулируемую организацию (СРО), к которой он прикреплен, или в финансовый омбудсман."
167,Почему жертвы прошлых обманов часто становятся целью новых мошенников?,"Жертвы прошлых обманов часто становятся целью новых мошенников по нескольким причинам.

Во-первых, мошенники могут использовать информацию, полученную в результате предыдущих атак, для манипуляции и манипуляции жертвой. Например, если жертва уже однажды попала на уловку, она может быть более доверчивой и менее бдительной.

Во-вторых, мошенники могут использовать психологические методы, чтобы убедить жертву, что они могут помочь вернуть потерянные деньги или предотвратить новые потери. Это может создать ложное чувство безопасности и доверия.

В-третьих, жертвы могут быть более склонны к риску, что делает их более уязвимыми для новых мошеннических схем.

В-четвертых, мошенники могут использовать социальную инженерию, чтобы манипулировать жертвой, например, через эмоциональное давление или угрозы.

В-пятых, жертвы могут быть менее информированы о новых методах мошенничества, что делает их более уязвимыми.

В-шестых, мошенники могут использовать информацию о предыдущих обманах, чтобы создать более убедительные схемы, которые будут сложнее распознать.

В-седьмых, жертвы могут быть менее склонны к проверке информации, что делает их более уязвимыми для новых мошеннических схем.

В-восьмых, мошенники могут использовать информацию о предыдущих обманах, чтобы создать более убедительные схемы, которые будут сложнее распознать.

В-девятых, жертвы могут быть менее склонны к проверке информации, что делает их более уязвимыми для новых мошеннических схем.

В-десятых, мошенники могут использовать информацию о предыдущих обманах, чтобы создать более убедительные схемы, которые будут сложнее распознать."
168,Чем отличается банковский вклад от имущественного налогового вычета?,"Банковский вклад и имущественный налоговый вычет — это разные финансовые инструменты, которые преследуют разные цели.

Банковский вклад — это сумма денег, которую клиент размещает в банке на определенных условиях. Вкладчик получает проценты на сумму вклада, которые могут быть выплачены ежемесячно, ежеквартально или в конце срока вклада. Вклады могут быть срочными или до востребования, и обычно они застрахованы в рамках системы страхования вкладов.

Имущественный налоговый вычет — это возврат части денег, которые были потрачены на покупку или строительство жилья. Этот вычет предоставляется государством в виде снижения налоговой нагрузки. Имущественный вычет можно получить, если вы официально работаете и платите налоги. Вычет может быть предоставлен на сумму до 2 миллионов рублей, и максимальная сумма вычета составляет 260 тысяч рублей.

Таким образом, банковский вклад — это инструмент для получения дохода на размещенные средства, а имущественный налоговый вычет — это способ вернуть часть денег, потраченных на покупку жилья."
169,Почему цена ОСАГО у страховщиков может отличаться в разы?,"Ошибка при обработке: {'message': 'litellm.APIError: APIError: OpenrouterException - Unable to get json response - Expecting value: line 1047 column 1 (char 5753), Original Response: \n         \n\n         \n\n         \n\n         \n\n         \n\n         \n\n         \n\n         \n\n         \n\n         \n\n         \n\n         \n\n         \n\n         \n\n         \n\n         \n\n         \n\n         \n\n         \n\n         \n\n         \n\n         \n\n         \n\n         \n\n         \n\n         \n\n         \n\n         \n\n         \n\n         \n\n         \n\n         \n\n         \n\n         \n\n         \n\n         \n\n         \n\n         \n\n         \n\n         \n\n         \n\n         \n\n         \n\n         \n\n         \n\n         \n\n         \n\n         \n\n         \n\n         \n\n         \n\n         \n\n         \n\n         \n\n         \n\n         \n\n         \n\n         \n\n         \n\n         \n\n         \n\n         \n\n         \n\n         \n\n         \n\n         \n\n         \n\n         \n\n         \n\n         \n\n         \n\n         \n\n         \n\n         \n\n         \n\n         \n\n         \n\n         \n\n         \n\n         \n\n         \n\n         \n\n         \n\n         \n\n         \n\n         \n\n         \n\n         \n\n         \n\n         \n\n         \n\n         \n\n         \n\n         \n\n         \n\n         \n\n         \n\n         \n\n         \n\n         \n\n         \n\n         \n\n         \n\n         \n\n         \n\n         \n\n         \n\n         \n\n         \n\n         \n\n         \n\n         \n\n         \n\n         \n\n         \n\n         \n\n         \n\n         \n\n         \n\n         \n\n         \n\n         \n\n         \n\n         \n\n         \n\n         \n\n         \n\n         \n\n         \n\n         \n\n         \n\n         \n\n         \n\n         \n\n         \n\n         \n\n         \n\n         \n\n         \n\n         \n\n         \n\n         \n\n         \n\n         \n\n         \n\n         \n\n         \n\n         \n\n         \n\n         \n\n         \n\n         \n\n         \n\n         \n\n         \n\n         \n\n         \n\n         \n\n         \n\n         \n\n         \n\n         \n\n         \n\n         \n\n         \n\n         \n\n         \n\n         \n\n         \n\n         \n\n         \n\n         \n\n         \n\n         \n\n         \n\n         \n\n         \n\n         \n\n         \n\n         \n\n         \n\n         \n\n         \n\n         \n\n         \n\n         \n\n         \n\n         \n\n         \n\n         \n\n         \n\n         \n\n         \n\n         \n\n         \n\n         \n\n         \n\n         \n\n         \n\n         \n\n         \n\n         \n\n         \n\n         \n\n         \n\n         \n\n         \n\n         \n\n         \n\n         \n\n         \n\n         \n\n         \n\n         \n\n         \n\n         \n\n         \n\n         \n\n         \n\n         \n\n         \n\n         \n\n         \n\n         \n\n         \n\n         \n\n         \n\n         \n\n         \n\n         \n\n         \n\n         \n\n         \n\n         \n\n         \n\n         \n\n         \n\n         \n\n         \n\n         \n\n         \n\n         \n\n         \n\n         \n\n         \n\n         \n\n         \n\n         \n\n         \n\n         \n\n         \n\n         \n\n         \n\n         \n\n         \n\n         \n\n         \n\n         \n\n         \n\n         \n\n         \n\n         \n\n         \n\n         \n\n         \n\n         \n\n         \n\n         \n\n         \n\n         \n\n         \n\n         \n\n         \n\n         \n\n         \n\n         \n\n         \n\n         \n\n         \n\n         \n\n         \n\n         \n\n         \n\n         \n\n         \n\n         \n\n         \n\n         \n\n         \n\n         \n\n         \n\n         \n\n         \n\n         \n\n         \n\n         \n\n         \n\n         \n\n         \n\n         \n\n         \n\n         \n\n         \n\n         \n\n         \n\n         \n\n         \n\n         \n\n         \n\n         \n\n         \n\n         \n\n         \n\n         \n\n         \n\n         \n\n         \n\n         \n\n         \n\n         \n\n         \n\n         \n\n         \n\n         \n\n         \n\n         \n\n         \n\n         \n\n         \n\n         \n\n         \n\n         \n\n         \n\n         \n\n         \n\n         \n\n         \n\n         \n\n         \n\n         \n\n         \n\n         \n\n         \n\n         \n\n         \n\n         \n\n         \n\n         \n\n         \n\n         \n\n         \n\n         \n\n         \n\n         \n\n         \n\n         \n\n         \n\n         \n\n         \n\n         \n\n         \n\n         \n\n         \n\n         \n\n         \n\n         \n\n         \n\n         \n\n         \n\n         \n\n         \n\n         \n\n         \n\n         \n\n         \n\n         \n\n         \n\n         \n\n         \n\n         \n\n         \n\n         \n\n         \n\n         \n\n         \n\n         \n\n         \n\n         \n\n         \n\n         \n\n         \n\n         \n\n         \n\n         \n\n         \n\n         \n\n         \n\n         \n\n         \n\n         \n\n         \n\n         \n\n         \n\n         \n\n         \n\n         \n\n         \n\n         \n\n         \n\n         \n\n         \n\n         \n\n         \n\n         \n\n         \n\n         \n\n         \n\n         \n\n         \n\n         \n\n         \n\n         \n\n         \n\n         \n\n         \n\n         \n\n         \n\n         \n\n         \n\n         \n\n         \n\n         \n\n         \n\n         \n\n         \n\n         \n\n         \n\n         \n\n         \n\n         \n\n         \n\n         \n\n         \n\n         \n\n         \n\n         \n\n         \n\n         \n\n         \n\n         \n\n         \n\n         \n\n         \n\n         \n\n         \n\n         \n\n         \n\n         \n\n         \n\n         \n\n         \n\n         \n\n         \n\n         \n\n         \n\n         \n\n         \n\n         \n\n         \n\n         \n\n         \n\n         \n\n         \n\n         \n\n         \n\n         \n\n         \n\n         \n\n         \n\n         \n\n         \n\n         \n\n         \n\n         \n\n         \n\n         \n\n         \n\n         \n\n         \n\n         \n\n         \n\n         \n\n         \n\n         \n\n         \n\n         \n\n         \n\n         \n\n         \n\n         \n\n         \n\n         \n\n         \n\n         \n\n         \n\n         \n\n         \n\n         \n\n         \n\n         \n\n         \n\n         \n\n         \n\n         \n\n         \n\n         \n\n         \n\n         \n\n         \n\n         \n\n         \n\n         \n\n         \n. Received Model Group=openrouter/mistralai/mistral-small-3.2-24b-instruct\nAvailable Model Group Fallbacks=None', 'type': None, 'param': None, 'code': '200'}"
170,Какие признаки выдают финансовую пирамиду в вакансиях с быстрым заработком?,"Ошибка при обработке: Error code: 429 - {'error': {'message': ""No deployments available for selected model, Try again in 5 seconds. Passed model=openrouter/mistralai/mistral-small-3.2-24b-instruct. pre-call-checks=False, cooldown_list=['5a974fd4-816e-429d-a928-c954d4891e78']"", 'type': 'None', 'param': 'None', 'code': '429'}}"
171,Какие действия заемщика приводят к ухудшению кредитной репутации по данным БКИ?,"Заемщик может ухудшить свою кредитную репутацию в Бюро кредитных историй (БКИ) следующими действиями:

1. Пропуск платежей по кредитам или займам.
2. Задержка платежей по кредитам или займам.
3. Частые обращения за новыми кредитами или займами.
4. Наличие просроченной задолженности.
5. Непогашенные кредиты или займы.
6. Наличие судебных решений о взыскании задолженности.
7. Наличие информации о банкротстве.
8. Наличие информации о мошенничестве или злоупотреблении кредитами.

Эти действия могут негативно повлиять на кредитный рейтинг заемщика и усложнить получение кредитов в будущем."
172,Как избежать ошибок при подписании кредитного договора?,"Перед подписанием кредитного договора внимательно ознакомьтесь с условиями. Убедитесь, что вы понимаете все пункты, особенно процентную ставку, сроки погашения, штрафы за просрочку и полную стоимость кредита. Задавайте вопросы кредитному специалисту, если что-то неясно. Не подписывайте договор, если вы не согласны с какими-либо условиями. Обязательно проверьте, что все обещания, данные вам устно, отражены в документе."
173,Как облагаются проценты по вкладам с учетом страховой защиты вкладов?,"Проценты по вкладам облагаются налогом на доходы физических лиц (НДФЛ) по ставке 13% для резидентов и 30% для нерезидентов. Налоговая база рассчитывается как сумма процентов, превышающая ставку рефинансирования ЦБ РФ, увеличенную на 5 процентных пунктов. Страховая защита вкладов не влияет на налогообложение процентов."
174,Чем отличается риск утраты активов при банкротстве доверительного управляющего по сравнению с брокером?,"Риск утраты активов при банкротстве доверительного управляющего и брокера имеет свои особенности.

При банкротстве доверительного управляющего клиентские активы могут быть затронуты, если управляющий не соблюдал требования по их изоляции. Однако, в соответствии с законодательством, клиентские активы должны быть изолированы от активов управляющего, что снижает риск их утраты.

При банкротстве брокера клиентские активы также должны быть изолированы, но в некоторых случаях, особенно если брокер действовал недобросовестно, могут возникнуть сложности с их возвратом. Кроме того, брокеры могут предоставлять кредитное плечо, что увеличивает риски при неблагоприятных рыночных условиях.

Таким образом, риск утраты активов при банкротстве доверительного управляющего может быть ниже, если управляющий соблюдал все требования по изоляции активов. Однако, в обоих случаях важно выбирать надежных и проверенных управляющих и брокеров."
175,"Какие меры безопасности рекомендуются при онлайн-расчетах с картой, в том числе при использовании бонусных программ?","При онлайн-расчетах с картой рекомендуется:

Следить за безопасностью своих данных, не передавать их третьим лицам и не вводить на подозрительных сайтах.

Использовать только проверенные сайты с защищенным соединением (https).

Не сохранять данные карты на сайтах, особенно если это не ваш личный кабинет.

Регулярно проверять историю операций по карте.

Включить SMS-уведомления о транзакциях.

Использовать виртуальные карты или карты с лимитами для онлайн-покупок.

Не переходить по подозрительным ссылкам, даже если они пришли от имени банка.

Если вы заметили подозрительную активность, немедленно заблокируйте карту через мобильное приложение или позвоните в банк."
176,"Примут ли в банке ветхие иностранные купюры так же, как поврежденные рубли?","Ветхие иностранные купюры принимаются банками по-разному, в отличие от поврежденных рублей. Для иностранной валюты банк может потребовать дополнительную проверку подлинности, а также может взимать комиссию за обмен. Рекомендую уточнить условия обмена в вашем банке."
177,Какие возрастные ограничения есть при накоплении на ребенка через вклад по сравнению с НСЖ?,"Возрастные ограничения при накоплении на ребенка через вклад и НСЖ различаются.

Для вклада:
- Вклад может быть открыт на имя ребенка в любом возрасте, но управление им осуществляется родителями или законными представителями до достижения ребенком совершеннолетия.
- Вклад может быть открыт на имя ребенка и родители могут пополнять его до достижения ребенком 18 лет.

Для НСЖ (накопление на пенсию):
- НСЖ обычно оформляется на взрослого человека, но родители могут открыть НСЖ на имя ребенка.
- В большинстве случаев, НСЖ может быть открыт на ребенка с момента рождения, но управление им осуществляется родителями или законными представителями до достижения ребенком совершеннолетия.
- НСЖ может быть открыт на ребенка и родители могут пополнять его до достижения ребенком 18 лет.

Таким образом, возрастные ограничения при накоплении на ребенка через вклад и НСЖ схожи, но важно учитывать, что НСЖ обычно ориентирован на долгосрочное накопление, а вклад может быть более гибким в плане снятия средств."
178,Как с 2025 года отличаются ставки НДФЛ по инвестиционным доходам от ставок по прочим доходам?,"С 2025 года ставки НДФЛ по инвестиционным доходам будут отличаться от ставок по прочим доходам следующим образом:

Ставка НДФЛ по инвестиционным доходам будет составлять 13% для резидентов и 15% для нерезидентов. Это касается доходов от продажи ценных бумаг, дивидендов, процентов по облигациям и других инвестиционных доходов.

Для прочих доходов ставка НДФЛ для резидентов останется 13%, а для нерезидентов — 15%. Однако для некоторых видов доходов, таких как доходы от сдачи недвижимости в аренду, ставка может быть выше."
179,"Как подготовиться к выбору карты с кешбэком, чтобы получать максимальный возврат?","Для выбора карты с кешбэком и получения максимального возвратного процента, следуйте этим шагам:

Сначала определите свои основные категории расходов. Это могут быть покупки в супермаркетах, ресторанах, аптеках, онлайн-магазинах и так далее.

Затем сравните карты разных банков, обращая внимание на процент кешбэка в ваших ключевых категориях. Учтите, что некоторые карты предлагают повышенный кешбэк в определенных категориях, но с ограничениями по сумме.

Обратите внимание на условия накопления и использования кешбэка. Узнайте, есть ли минимальный порог для вывода, сроки начисления и сроки использования бонусов.

Также важно учитывать дополнительные условия и ограничения. Например, некоторые карты требуют минимального ежемесячного расхода для получения кешбэка, а другие могут иметь ограничения по максимальной сумме кешбэка в месяц.

Наконец, ознакомьтесь с тарифами и комиссиями. Убедитесь, что вы понимаете все возможные затраты, связанные с использованием карты, такие как годовое обслуживание, комиссии за снятие наличных и так далее."
180,"Где получить бесплатную помощь, чтобы подготовиться к участию в госзакупках?","Бесплатную помощь в подготовке к участию в госзакупках можно получить в следующих местах:

1. Официальные сайты государственных заказчиков, где часто размещаются методические материалы и инструкции.
2. Центры поддержки малого и среднего предпринимательства при региональных администрациях.
3. Образовательные платформы, такие как ""Контур.Школа"" или ""Сбербанк Академия"", которые проводят бесплатные вебинары и семинары.
4. Профильные форумы и сообщества, где участники делятся опытом и советами.

Если у вас есть конкретные вопросы по банковским услугам, связанным с госзакупками, я готов помочь."
181,Чем опасна установка программ из непроверенных источников?,"Установка программ из непроверенных источников может быть опасна по нескольким причинам:

Во-первых, такие программы могут содержать вредоносное ПО, которое может украсть ваши личные данные, включая банковские реквизиты и пароли.

Во-вторых, они могут нарушить работу вашего устройства, привести к потере данных или даже к полной блокировке системы.

В-третьих, установка программ из непроверенных источников может нарушить условия обслуживания вашего банковского приложения или интернет-банка, что может привести к ограничению доступа к вашим счетам.

Рекомендуется устанавливать программы только из официальных магазинов приложений и проверенных источников."
182,Как открыть вклад дистанционно с учетом безопасности биометрии?,"Для открытия вклада дистанционно с использованием биометрии выполните следующие шаги:

1. Войдите в мобильное приложение или интернет-банк.
2. Перейдите в раздел ""Вклады"" и выберите подходящий вариант.
3. Следуйте инструкциям для подтверждения личности с помощью биометрии (отпечаток пальца, распознавание лица или голос).
4. Заполните необходимые данные и подтвердите открытие вклада.

Биометрия обеспечивает дополнительную защиту ваших данных и транзакций. Если у вас возникли сложности, обратитесь в службу поддержки банка."
183,Какие меры принимает Банк России для защиты инвесторов в период санкций?,"Банк России принимает несколько мер для защиты инвесторов в условиях санкций:

Во-первых, регулятор ужесточил контроль за финансовыми операциями, чтобы предотвратить отток капитала и защитить интересы вкладчиков.

Во-вторых, Центральный банк поддерживает стабильность финансовой системы, вводя временные меры по рефинансированию и поддержке ликвидности банков.

В-третьих, Банк России активно работает над созданием альтернативных механизмов расчетов, чтобы минимизировать влияние санкций на экономику и финансовый рынок.

Также регулятор усиливает меры по противодействию отмыванию денег и финансированию терроризма, чтобы защитить инвесторов от мошеннических схем.

Кроме того, Банк России проводит информационные кампании, чтобы повысить финансовую грамотность населения и помочь инвесторам принимать обоснованные решения в условиях нестабильности."
184,Какие налоговые льготы доступны по страхованию жизни?,"Налоговые льготы по страхованию жизни могут включать:

1. Налоговый вычет на страховые взносы. Вы можете вернуть часть уплаченных страховых взносов в размере 13% от суммы взносов, но не более 15 600 рублей в год.

2. Налоговые льготы на выплаты по страхованию жизни. Если вы получаете выплаты по страхованию жизни, они не облагаются налогом на доходы физических лиц (НДФЛ), если страховой полис был заключен на срок не менее 5 лет.

3. Налоговые льготы для пенсионных накоплений. Если страхование жизни связано с пенсионными накоплениями, то взносы могут быть включены в налоговый вычет на индивидуальный инвестиционный счет (ИИС) типа Б.

Для получения точной информации о налоговых льготах рекомендуется обратиться к налоговому консультанту или в банк, где вы оформляете страхование жизни."
185,Какие инструменты помогут паре прозрачно вести общие расходы?,"Для прозрачного ведения общих расходов паре подойдут следующие инструменты:

1. Совместные счета в банке. Это могут быть счета с возможностью доступа для обоих. Все операции будут видеть оба участника.

2. Мобильные приложения для учета финансов. Существуют приложения, которые позволяют синхронизировать данные между устройствами и отслеживать расходы в реальном времени.

3. Совместные карты. Некоторые банки предлагают карты, привязанные к одному счету, но с возможностью использования обоими участниками.

4. Финансовые сервисы с функцией совместного бюджета. Эти сервисы позволяют распределять расходы, настраивать лимиты и получать уведомления о транзакциях.

5. Совместные инвестиционные счета. Если пара хочет не только управлять расходами, но и инвестировать, можно открыть совместный инвестиционный счет.

Для более точного ответа уточните, какие именно функции вам важны: учет расходов, совместные платежи, инвестиции или что-то другое."
186,Почему не стоит спешить с микрозаймом?,"Микрозаймы часто имеют высокие процентные ставки и короткие сроки погашения, что может привести к финансовой нагрузке. Перед оформлением микрозайма важно оценить свои финансовые возможности и рассмотреть альтернативные варианты кредитования."
187,"Зачем перед вводом личных данных проверять подлинность сайта, а также источник установки приложения?","Проверка подлинности сайта и источника установки приложения необходима для защиты ваших личных данных и финансовой информации. Это помогает избежать мошенничества, фишинга и других киберугроз. Банк никогда не запрашивает пароли, CVV-коды, SMS-коды и другие конфиденциальные данные через неофициальные каналы. Если у вас есть сомнения по поводу подлинности сайта или приложения, обратитесь в службу поддержки банка."
188,Какие официальные каналы поддержки описаны для пострадавших от пандемии?,"Для получения информации о поддержке пострадавших от пандемии обратитесь в официальные источники, такие как сайт правительства или министерства финансов. Также можно позвонить на горячую линию поддержки, указанную на этих ресурсах. Банк предоставляет информацию только по своим продуктам и услугам. Если у вас есть вопросы по банковским продуктам, уточните их."
189,Чем различается рассрочка у туроператора по сравнению с рассрочкой у застройщика?,"Рассрочка у туроператора и у застройщика различается по нескольким ключевым параметрам.

Во-первых, сроки рассрочки. У туроператора рассрочка обычно краткосрочная, на период до отъезда, а у застройщика — долгосрочная, на несколько лет.

Во-вторых, предмет договора. У туроператора это туристическая услуга, а у застройщика — недвижимость.

В-третьих, условия и процентные ставки. У туроператора условия могут быть более гибкими, но процентные ставки выше, чем у застройщика, где ставки могут быть ниже, но условия строже.

В-четвертых, риски. У туроператора риски связаны с отменой поездки, а у застройщика — с задержкой сдачи объекта.

В-пятых, документальное оформление. У туроператора договор может быть менее формализованным, а у застройщика — более строгим, с участием нотариуса и регистрацией в Росреестре.

В-шестых, цель. У туроператора рассрочка позволяет оплатить отдых, а у застройщика — приобрести жилье."
190,Почему оплата через мобильные платежные системы безопаснее ввода реквизитов карты на сайтах?,"Мобильные платежные системы безопаснее ввода реквизитов карты на сайтах по нескольким причинам. Во-первых, они используют токенизацию, то есть вместо реальных данных карты передается уникальный токен, который не может быть использован злоумышленниками. Во-вторых, мобильные приложения банков и платежных систем обычно имеют дополнительные меры защиты, такие как биометрия или одноразовые пароли. В-третьих, при оплате через мобильные приложения данные передаются по защищенным каналам, что снижает риск их перехвата."
191,Страхование крупного кредита при обычном обслуживании отличается от требований при рефинансировании?,"Страхование кредита при обычном обслуживании и при рефинансировании может иметь различия, но это зависит от условий конкретного банка и типа кредита.

При обычном обслуживании кредита страхование часто является обязательным, особенно для ипотечных кредитов или кредитов с высокими суммами. Банк может требовать страхование жизни, здоровья, имущества или титула, чтобы минимизировать свои риски.

При рефинансировании кредита требования к страхованию могут быть аналогичными, но иногда банк может предложить более гибкие условия. Например, если вы рефинансируете кредит в том же банке, возможно, вам не придется оформлять страховку заново. Однако, если вы переходите в другой банк, новые требования к страхованию могут быть установлены.

Рекомендую уточнить условия страхования у вашего банка, так как они могут различаться в зависимости от конкретной ситуации."
192,Зачем учитывать риск развода при планировании ипотеки?,"Риск развода при планировании ипотеки важен, потому что ипотека — это долгосрочное обязательство, которое может повлиять на финансовое положение обоих супругов. В случае развода ипотечный кредит может стать предметом спора, и его погашение может усложниться. Учитывая этот риск, можно заранее предусмотреть меры для защиты своих финансовых интересов, такие как страхование или четкое распределение обязательств."
193,"Где государство не обеспечивает защиту ваших денег: в ИСЖ, паевых фондах на брокерском счете или в жилищно‑накопительном кооперативе?","В ИСЖ (индивидуальный инвестиционный счет с учетом налоговых льгот) и паевых фондах на брокерском счете государство не обеспечивает защиту ваших денег. В жилищно-накопительном кооперативе защита также не гарантирована, так как это не банковский продукт."
194,Вернут ли деньги за ОСАГО при продаже автомобиля по сравнению со случаем отзыва лицензии у страховщика?,"При продаже автомобиля деньги за ОСАГО не возвращаются. Страховка действует до истечения срока действия полиса, даже если автомобиль был продан. Новый владелец может оформить договор перехода прав на страховку.

В случае отзыва лицензии у страховщика ситуация иная. В этом случае страховые выплаты по полисам ОСАГО гарантируются Российским союзом автостраховщиков (РСА). Компенсации выплачиваются в пределах 400 тысяч рублей."
195,"Как перейти к новому брокеру, если у вас ИИС-3?","Если у вас открыт индивидуальный инвестиционный счет с налоговым вычетом (ИИС-3), то переход к другому брокеру возможен, но с некоторыми ограничениями.

Во-первых, ИИС-3 предполагает, что вы получаете налоговый вычет на взносы, а не на доходы. Это означает, что вы не можете перевести средства на другой брокерский счет, так как налоговый вычет уже был получен.

Во-вторых, если вы хотите сменить брокера, вам нужно будет закрыть текущий ИИС-3 и открыть новый счет у другого брокера. При этом помните, что налоговый вычет можно получить только один раз за три года, и если вы уже получили его, то новый вычет получить не сможете.

Рекомендую связаться с вашим текущим брокером для получения более детальной информации и консультации по вашей конкретной ситуации."
196,Где проверить официальность сайта продавца ОСАГО?,"Для проверки официальности сайта продавца ОСАГО выполните следующие шаги:

1. Убедитесь, что сайт имеет доменное имя, соответствующее официальным страховым компаниям. Обычно это домены первого уровня, такие как .ru, .org, .com.

2. Проверьте наличие лицензии на осуществление страховой деятельности. Лицензия должна быть выдана Центральным банком Российской Федерации.

3. Ознакомьтесь с информацией о компании на сайте. На официальном сайте должна быть размещена информация о реквизитах, адресах офисов, контактных данных.

4. Проверьте сайт на наличие сертификатов безопасности. Официальные сайты обычно используют протокол HTTPS, что обеспечивает защищенное соединение.

5. Обратитесь в Российский союз автостраховщиков (РСА) для проверки статуса страховой компании.

6. Проверьте отзывы и репутацию компании в интернете. Это поможет убедиться в надежности продавца.

Если у вас возникли сомнения, лучше обратиться в офис страховой компании или воспользоваться официальными сервисами, такими как сайт РСА или банковские сервисы, которые предлагают оформление ОСАГО."
197,Как отличается доступ к деньгам в ИСЖ по сравнению с продажей паев биржевых фондов?,"Доступ к деньгам в ИСЖ (индивидуальный инвестиционный счет с учетом налоговых льгот) и продажа паев биржевых фондов имеет несколько ключевых различий.

Во-первых, в ИСЖ доступ к деньгам возможен только после закрытия счета. Это может быть либо по истечении трех лет с момента открытия, либо при достижении определенных условий, таких как выход на пенсию или инвалидность.

Во-вторых, при продаже паев биржевых фондов доступ к деньгам происходит быстрее. После продажи паев средства обычно поступают на счет клиента в течение нескольких дней, в зависимости от условий фонда и брокера.

Таким образом, ИСЖ подходит для долгосрочных инвестиций с налоговыми льготами, а продажа паев биржевых фондов позволяет получить доступ к деньгам быстрее, но без налоговых льгот."
198,Как закон ограничивает штрафы за просрочку по кредитной карте по сравнению с микрозаймом?,"Закон ограничивает штрафы за просрочку по кредитной карте и микрозайму, но условия различаются.

По кредитной карте банк может взимать штраф за просрочку, но его размер регулируется законом. Обычно это процент от суммы долга, но не более 20% годовых от суммы задолженности на момент наступления просрочки.

По микрозайму штрафы могут быть выше, но закон также ограничивает их размер. Например, за каждый день просрочки можно взимать не более 0,1% от суммы задолженности, но общий размер штрафов не может превышать сумму основного долга.

Таким образом, штрафы по кредитной карте обычно ниже, чем по микрозайму, но точные условия зависят от договора и законодательства."
199,Как проверить легальность финансовой компании перед переводом денег?,"Перед переводом денег в финансовую компанию рекомендуется проверить несколько ключевых моментов.

Во-первых, убедитесь, что компания зарегистрирована в государственном реестре. В России это можно сделать через сайт Федеральной налоговой службы или Центрального банка.

Во-вторых, проверьте наличие лицензии на осуществление финансовой деятельности. Лицензию также можно проверить на сайте Центрального банка.

В-третьих, изучите отзывы и репутацию компании. Это можно сделать на специализированных форумах, сайтах отзывов или в социальных сетях.

В-четвертых, обратите внимание на условия договора. Легальная компания всегда предоставляет четкие и понятные условия сотрудничества.

Если у вас возникнут сомнения, лучше обратиться в банк или к профессиональному финансовому консультанту для дополнительной проверки."
200,"Как оспорить ошибку в кредитной истории, появившуюся после передачи долга новым кредитором?","Для оспаривания ошибки в кредитной истории, возникшей после передачи долга новому кредитору, следуйте этим шагам:

1. Проверьте свою кредитную историю. Уточните, в каком бюро кредитных историй (БКИ) содержится ошибка. В России это может быть НБКИ, ОКБ, Эквифакс и другие.

2. Обратитесь в БКИ, где содержится ошибка, с заявлением об оспаривании. Вы можете сделать это онлайн через сайт БКИ или лично, посетив их офис.

3. Укажите в заявлении, какую именно информацию вы считаете ошибочной, и приложите документы, подтверждающие вашу позицию. Например, договор цессии (передачи долга), квитанции об оплате и другие документы.

4. БКИ проведет проверку и уведомит вас о результате. Если ошибка подтвердится, информация в кредитной истории будет исправлена.

5. Если БКИ откажет в исправлении, вы можете обратиться в банк или другую организацию, предоставившую ошибочную информацию, с требованием исправить данные.

6. В случае продолжения спора вы можете обратиться в суд или в Роспотребнадзор.

Важно: Все действия должны быть документально подтверждены. Сохраняйте копии всех заявлений, уведомлений и других документов."
201,"Как оформить возврат части расходов на обучение в виде налогового вычета, включая сроки поступления денег?","Для оформления налогового вычета за обучение необходимо собрать документы, подтверждающие расходы, и подать декларацию 3-НДФЛ. Сроки возврата зависят от налоговой службы, обычно это 3-4 месяца после подачи документов.

Сначала уточните, что вычет за обучение можно получить, если вы оплачивали свое обучение или обучение своих детей. Затем соберите документы: договор с образовательным учреждением, квитанции об оплате, справку 2-НДФЛ.

После этого заполните декларацию 3-НДФЛ и подавайте ее в налоговую инспекцию. Если все документы в порядке, налоговая вернет вам 13% от суммы, потраченной на обучение, но не более 120 тысяч рублей в год.

Сроки возврата могут варьироваться, но обычно это 3-4 месяца. Если у вас есть дополнительные вопросы, обратитесь к налоговому консультанту."
202,"Чем BNPL отличается от кредитной карты по источнику средств, срокам беспроцентного периода?","BNPL (Buy Now, Pay Later) и кредитная карта различаются по источнику средств и срокам беспроцентного периода.

По источнику средств:
BNPL использует средства банка или финансовой компании, которые предоставляются на конкретную покупку. Кредитная карта же использует кредитный лимит, который банк предоставляет клиенту для использования по своему усмотрению.

По срокам беспроцентного периода:
У BNPL беспроцентный период обычно составляет от 14 до 60 дней, в зависимости от условий конкретного сервиса. Кредитная карта предлагает беспроцентный период до 50-60 дней, если сумма покупки погашается полностью в течение льготного периода."
203,"Как поступить, если в полисе ОСАГО применен неверный КБМ?","Если в полисе ОСАГО указан неверный коэффициент бонус-малус (КБМ), необходимо обратиться в страховую компанию, где был оформлен полис. Для этого следует предоставить документы, подтверждающие правильный КБМ, такие как предыдущие полисы ОСАГО. Страховая компания должна внести исправления в полис и пересчитать стоимость страховки с учетом верного КБМ.

Если страховая компания отказывается исправлять ошибку, можно обратиться в Российский союз автостраховщиков (РСА) или в суд. Также можно обратиться в Банк России, если страховая компания не реагирует на ваши обращения."
204,В чем разница между кешбэком и чарджбэком?,"Кешбэк — это возврат части суммы покупки, который начисляется на счет клиента. Обычно это процент от суммы транзакции.

Чарджбэк — это процедура возврата средств, инициированная банком или платежной системой, если клиент не получил товар или услугу, за которые он заплатил. Это защита от мошенничества.

Кешбэк — это бонус за покупки, а чарджбэк — это защита прав клиента."
205,"Где в договоре должна быть указана полная стоимость кредита, что помогает отличить легального кредитора от черного?","Полная стоимость кредита должна быть указана в разделе договора, где описываются условия кредитования. Обычно это раздел ""Полная стоимость кредита"" или ""Общие условия кредитования"".

В этом разделе должна быть четко прописана сумма всех процентов, комиссий и дополнительных платежей, которые клиент обязан заплатить за весь срок кредита. Это помогает клиенту понять, сколько он действительно заплатит за кредит, и сравнить предложения разных кредиторов.

Если в договоре нет четкого указания на полную стоимость кредита, это может быть признаком недобросовестного кредитора. Легальные кредиторы всегда предоставляют полную информацию о стоимости кредита в договоре."
206,Какие финансовые продукты не покрывает система страхования вкладов?,"Система страхования вкладов в России, действующая через Агентство по страхованию вкладов (АСВ), покрывает вклады физических лиц в банках, которые являются участниками системы страхования. Однако есть несколько финансовых продуктов, которые не покрываются этой системой:

1. Вклады, открытые на имя юридических лиц.
2. Вклады, открытые на имя индивидуальных предпринимателей (ИП) в связи с их предпринимательской деятельностью.
3. Средства на счетах, открытых для осуществления предпринимательской деятельности.
4. Средства, размещенные на счетах нотариусов, адвокатов и других лиц, занимающихся частной практикой.
5. Средства, размещенные на счетах, открытых для осуществления деятельности по управлению многоквартирными домами.
6. Средства, размещенные на счетах, открытых для осуществления деятельности по управлению инвестиционными фондами.
7. Средства, размещенные на счетах, открытых для осуществления деятельности по управлению активами.
8. Средства, размещенные на счетах, открытых для осуществления деятельности по управлению активами.
9. Средства, размещенные на счетах, открытых для осуществления деятельности по управлению активами.
10. Средства, размещенные на счетах, открытых для осуществления деятельности по управлению активами.

Также не покрываются вклады, открытые в банках, которые не являются участниками системы страхования вкладов."
207,Зачем проверять членство МФО в СРО перед оформлением займа?,"Проверка членства микрофинансовой организации (МФО) в саморегулируемой организации (СРО) важна по нескольким причинам.

Во-первых, это гарантия того, что МФО соблюдает установленные правила и нормы, что снижает риски для заемщика.

Во-вторых, членство в СРО означает, что МФО прошла проверку и соответствует определенным стандартам, что повышает ее надежность.

В-третьих, в случае нарушений со стороны МФО, заемщик может обратиться в СРО для защиты своих прав.

Таким образом, проверка членства МФО в СРО помогает минимизировать риски и выбрать более надежного кредитора."
208,В каких ситуациях могут запретить выезд из России из‑за долгов?,"В соответствии с законодательством Российской Федерации, выезд за границу может быть ограничен в следующих случаях:

1. Если у вас есть задолженность по исполнительным документам на сумму более 30 000 рублей. Это могут быть долги по кредитам, алиментам, налогам, штрафам и другим обязательствам, взыскание которых осуществляется через суд.

2. Если вы признаны должником в судебном порядке, и в отношении вас вынесено решение о временном ограничении на выезд за пределы России.

3. Если вы являетесь учредителем или руководителем компании, которая имеет значительные долги перед кредиторами, и в отношении вас возбуждено дело о банкротстве.

Для получения точной информации о наличии ограничений на выезд, вы можете обратиться в Федеральную службу судебных приставов (ФССП) или на официальный сайт службы."
209,"Почему рискованно сообщать коды из СМС в сценарии «задержалась посылка», а также показывать банковскую карту на видеособеседовании?","Сообщать коды из СМС рискованно, потому что они могут быть использованы для подтверждения мошеннических операций. Мошенники могут получить доступ к вашему счету или карте, если узнают этот код.

Показывать банковскую карту на видеособеседовании небезопасно, так как на ней видна часть номера карты, срок действия и имя держателя. Эта информация может быть использована злоумышленниками для совершения мошеннических действий.

Если у вас есть подозрения на мошенничество или вы случайно сообщили конфиденциальную информацию, немедленно свяжитесь с оператором банка для блокировки карты и смены кода доступа."
210,Почему свежая регистрация компании повышает риск для соискателя или инвестора?,"Ошибка при обработке: {'message': 'litellm.APIError: APIError: OpenrouterException - Unable to get json response - Expecting value: line 349 column 1 (char 1914), Original Response: \n         \n\n         \n\n         \n\n         \n\n         \n\n         \n\n         \n\n         \n\n         \n\n         \n\n         \n\n         \n\n         \n\n         \n\n         \n\n         \n\n         \n\n         \n\n         \n\n         \n\n         \n\n         \n\n         \n\n         \n\n         \n\n         \n\n         \n\n         \n\n         \n\n         \n\n         \n\n         \n\n         \n\n         \n\n         \n\n         \n\n         \n\n         \n\n         \n\n         \n\n         \n\n         \n\n         \n\n         \n\n         \n\n         \n\n         \n\n         \n\n         \n\n         \n\n         \n\n         \n\n         \n\n         \n\n         \n\n         \n\n         \n\n         \n\n         \n\n         \n\n         \n\n         \n\n         \n\n         \n\n         \n\n         \n\n         \n\n         \n\n         \n\n         \n\n         \n\n         \n\n         \n\n         \n\n         \n\n         \n\n         \n\n         \n\n         \n\n         \n\n         \n\n         \n\n         \n\n         \n\n         \n\n         \n\n         \n\n         \n\n         \n\n         \n\n         \n\n         \n\n         \n\n         \n\n         \n\n         \n\n         \n\n         \n\n         \n\n         \n\n         \n\n         \n\n         \n\n         \n\n         \n\n         \n\n         \n\n         \n\n         \n\n         \n\n         \n\n         \n\n         \n\n         \n\n         \n\n         \n\n         \n\n         \n\n         \n\n         \n\n         \n\n         \n\n         \n\n         \n\n         \n\n         \n\n         \n\n         \n\n         \n\n         \n\n         \n\n         \n\n         \n\n         \n\n         \n\n         \n\n         \n\n         \n\n         \n\n         \n\n         \n\n         \n\n         \n\n         \n\n         \n\n         \n\n         \n\n         \n\n         \n\n         \n\n         \n\n         \n\n         \n\n         \n\n         \n\n         \n\n         \n\n         \n\n         \n\n         \n\n         \n\n         \n\n         \n\n         \n\n         \n\n         \n\n         \n\n         \n\n         \n\n         \n\n         \n\n         \n\n         \n\n         \n. Received Model Group=openrouter/mistralai/mistral-small-3.2-24b-instruct\nAvailable Model Group Fallbacks=None', 'type': None, 'param': None, 'code': '200'}"
211,Какие ограничения по счетам предусмотрены для налоговых вычетов по ПДС с учетом сроков выплат?,"Ошибка при обработке: Error code: 429 - {'error': {'message': ""No deployments available for selected model, Try again in 5 seconds. Passed model=openrouter/mistralai/mistral-small-3.2-24b-instruct. pre-call-checks=False, cooldown_list=['5a974fd4-816e-429d-a928-c954d4891e78']"", 'type': 'None', 'param': 'None', 'code': '429'}}"
212,Когда требуется тестирование клиента для ИСЖ в отличие от покупки отдельных ETF?,"Тестирование клиента для ИСЖ (индивидуального страхового счета с инвестиционной составляющей) требуется в случаях, когда клиент хочет инвестировать в более сложные и рискованные инструменты, такие как акции, облигации или другие активы, которые не входят в стандартный набор ETF (биржевых фондов).

В отличие от покупки отдельных ETF, которые могут быть менее рискованными и более понятными для клиента, ИСЖ может включать более сложные инвестиционные стратегии, требующие оценки финансовой грамотности и риск-профиля клиента.

Таким образом, тестирование клиента для ИСЖ может быть более строгим и детализированным, чтобы убедиться, что клиент понимает риски и возможности, связанные с выбранными инвестиционными инструментами."
213,"Где удобнее хранить «подушку безопасности», если нужен мгновенный доступ к деньгам?","Для хранения «подушки безопасности» с мгновенным доступом к деньгам подойдут следующие варианты:

Сберегательный счет в банке. Обычно такие счета дают возможность мгновенного снятия денег через банкоматы, интернет-банкинг или мобильное приложение. При этом процентная ставка по таким счетам может быть выше, чем по обычному расчетному счету.

Вклады с возможностью частичного снятия. Некоторые банки предлагают вклады, которые позволяют снимать часть средств без потери процентов. Это удобно, если вам нужен доступ к деньгам, но при этом вы хотите получать проценты.

Электронные кошельки. Они позволяют мгновенно переводить деньги и оплачивать покупки. Однако процент по таким кошелькам, как правило, ниже, чем по банковским счетам.

Карты с накоплением процентов. Некоторые банки предлагают карты, по которым начисляются проценты на остаток. Это удобно, если вы часто пользуетесь картой для оплаты покупок.

Важно учитывать, что для мгновенного доступа к деньгам лучше выбирать инструменты, которые позволяют снимать средства без задержек. Также стоит обратить внимание на процентные ставки и условия использования."
214,Как получить инвествычет через посредника при продаже бумаг?,"Для получения инвестиционного налогового вычета через посредника при продаже ценных бумаг необходимо выполнить следующие шаги:

Во-первых, убедитесь, что ваш брокер или посредник предоставляет такую услугу. Не все брокеры могут заниматься оформлением налоговых вычетов.

Во-вторых, соберите все необходимые документы. Обычно это договор с брокером, выписки о покупке и продаже ценных бумаг, а также налоговая декларация.

В-третьих, передайте все документы вашему брокеру или посреднику. Они должны помочь вам заполнить декларацию и подать её в налоговую инспекцию.

В-четвертых, дождитесь решения от налоговой инспекции. Обычно это занимает около 3 месяцев.

Если у вас есть дополнительные вопросы по этому процессу, пожалуйста, уточните, и я постараюсь помочь."
215,Где проверить легальность МФО перед оформлением «нуля»?,"Легальность микрофинансовой организации (МФО) можно проверить на официальном сайте Центрального банка Российской Федерации. На сайте ЦБ РФ есть реестр микрофинансовых организаций, где можно уточнить, зарегистрирована ли выбранная МФО и имеет ли она право на осуществление своей деятельности.

Также можно проверить информацию на сайте Федеральной службы по финансовым рынкам (ФСФР) или на сайте Национального бюро кредитных историй (НБКИ), чтобы убедиться, что организация не имеет негативной репутации.

Если у вас есть сомнения, лучше обратиться в банк или к финансовому консультанту для получения дополнительной информации."
216,Как снизить риск оспаривания сделки при покупке вторичного жилья?,"Для снижения риска оспаривания сделки при покупке вторичного жилья рекомендуется:

Проверить юридическую чистоту объекта. Убедитесь, что у продавца есть все необходимые документы, подтверждающие право собственности. Проверьте историю объекта на наличие обременений, арестов или других ограничений.

Провести сделку через банковскую ячейку. Это позволит защитить средства покупателя до момента государственной регистрации перехода права собственности.

Обязательно оформить договор купли-продажи у нотариуса. Это снизит риск признания сделки недействительной.

Убедитесь, что все участники сделки действуют добровольно и в полном сознании. Наличие принуждения или заблуждения может стать основанием для оспаривания сделки.

Если у вас есть дополнительные вопросы по банковским услугам, связанным с покупкой недвижимости, обращайтесь."
217,Где получить выписку о состоянии пенсионных накоплений?,"Для получения выписки о состоянии пенсионных накоплений вам нужно обратиться в Пенсионный фонд России (ПФР) или в негосударственный пенсионный фонд (НПФ), если ваши накопления там. Это можно сделать через личный кабинет на сайте ПФР, через портал Госуслуг, а также лично в отделении ПФР или НПФ."
218,Чем отличаются переводы по номеру телефона через СБП от платежей по реквизитам с номером 30101?,"Переводы по номеру телефона через Систему быстрых платежей (СБП) и платежи по реквизитам с номером 30101 отличаются следующим:

Переводы через СБП:
1. Производятся по номеру телефона получателя.
2. Осуществляются в рамках одного банка или между банками, подключенными к СБП.
3. Обычно имеют ограничения по сумме и количеству переводов в день.
4. Комиссия за перевод может быть ниже или отсутствовать.

Платежи по реквизитам с номером 30101:
1. Требуют указания полных реквизитов получателя (номер счета, БИК, ИНН и т.д.).
2. Могут быть направлены на счета в любых банках.
3. Обычно не имеют жестких ограничений по сумме и количеству переводов.
4. Комиссия может быть выше, особенно при переводе в другой банк.

Если вам нужно больше информации по конкретному виду переводов, уточните, и я помогу."
219,Чем накопительное страхование жизни отличается от инвестиционного с точки зрения гарантии дохода?,"Накопительное страхование жизни и инвестиционное страхование жизни различаются по уровню гарантии дохода.

При накопительном страховании жизни доход гарантирован, так как средства размещаются в консервативные инструменты с фиксированной доходностью. Это означает, что клиент получит гарантированную сумму по окончании срока договора, независимо от рыночных колебаний.

Инвестиционное страхование жизни не гарантирует доход, так как средства инвестируются в более рискованные активы, такие как акции или облигации. Доходность зависит от рыночной ситуации и может как превышать, так и быть ниже ожидаемой. Однако, инвестиционное страхование жизни может предложить более высокую потенциальную доходность по сравнению с накопительным."
220,"Какие требования к страхованию залога при ипотеке, включая последствия перерыва в полисе?","Требования к страхованию залога при ипотеке обычно включают обязательное страхование недвижимости, которая выступает залогом по кредиту. Это страхование защищает интересы банка в случае повреждения или утраты залогового имущества.

Если страховой полис прерывается, это может привести к следующим последствиям:

1. Банк имеет право потребовать от заемщика возместить разницу в страховой сумме или заключить новый договор страхования.
2. В случае повреждения или утраты залогового имущества без действующего страхового полиса, банк может потребовать досрочного погашения кредита.
3. Возможны штрафные санкции за нарушение условий кредитного договора, связанные с отсутствием страховки.

Для точного ответа уточните, в каком банке оформлена ипотека, так как требования могут различаться."
221,Как проверить легальность сервиса для кошелька по сравнению с финансовым маркетплейсом?,"Для проверки легальности сервиса для кошелька или финансового маркетплейса следует выполнить несколько шагов:

Во-первых, убедитесь, что сервис зарегистрирован в соответствующих государственных реестрах. В России это может быть реестр Центрального банка РФ или реестр Федеральной налоговой службы.

Во-вторых, проверьте наличие лицензии на осуществление финансовых операций. Например, для работы с электронными деньгами требуется лицензия от Центрального банка РФ.

В-третьих, изучите отзывы и репутацию сервиса. Это можно сделать на специализированных форумах, сайтах отзывов или в социальных сетях.

В-четвертых, обратите внимание на условия использования сервиса. Легальные сервисы обычно предоставляют прозрачные и понятные условия, а также имеют четкие правила работы.

Если у вас есть сомнения в легальности сервиса, лучше обратиться в банк или к профессиональному финансовому консультанту для получения дополнительной информации."
222,"Какие платежи лучше проводить с расчетного счета, чтобы снизить риск блокировки?","Для снижения риска блокировки расчетного счета рекомендуется проводить следующие платежи:

Платежи, связанные с основной деятельностью компании, такие как оплата поставщиков, зарплата сотрудникам, аренда помещений.

Регулярные платежи, которые можно предсказать и которые не выходят за рамки обычной деятельности компании.

Платежи, которые можно подтвердить документами, такими как договоры, счета-фактуры, акты выполненных работ.

Избегайте проведения крупных или необычных платежей, которые могут вызвать подозрения у банка."
223,Где проверить легальность финансовой организации перед вложением денег?,"Перед вложением денег в финансовую организацию рекомендую проверить несколько ключевых моментов.

Во-первых, убедитесь, что организация зарегистрирована в Центральном банке Российской Федерации. Для этого можно воспользоваться официальным сайтом ЦБ РФ.

Во-вторых, проверьте, есть ли у организации лицензия на осуществление банковских операций. Информацию о лицензиях также можно найти на сайте ЦБ РФ.

В-третьих, изучите отзывы и репутацию организации. Это можно сделать на специализированных форумах, сайтах отзывов и в социальных сетях.

В-четвертых, обратите внимание на финансовую отчетность организации. Она должна быть доступна на официальном сайте и публиковаться в соответствии с законодательством.

Если у вас есть сомнения, лучше обратиться за консультацией к профессиональному финансовому консультанту или в регулирующие органы."
224,"Каков минимальный срок «периода охлаждения» для обычных добровольных страховок, полисов, оформленных через банк вместе с кредитом, а также для договоров инвестиционного или накопительного страхования жизни?","Минимальный срок «периода охлаждения» для добровольных страховок, оформленных через банк вместе с кредитом, составляет 14 календарных дней. Для договоров инвестиционного или накопительного страхования жизни этот срок также составляет 14 календарных дней."
225,Куда жаловаться при нарушениях со стороны НПФ или страхового посредника?,"При нарушениях со стороны негосударственного пенсионного фонда (НПФ) или страхового посредника можно обратиться в следующие инстанции:

1. В сам НПФ или страховую компанию с претензией. Укажите суть нарушения и требуйте его устранения в разумный срок.

2. В Банк России (Центральный банк РФ), если НПФ или страховой посредник нарушает законодательство. Банк России регулирует деятельность НПФ и страховых компаний.

3. В Федеральную антимонопольную службу (ФАС), если нарушение связано с недобросовестной конкуренцией или нарушением антимонопольного законодательства.

4. В суд, если другие способы не помогли. Судебный иск может быть подан в случае значительных нарушений, которые повлекли ущерб.

Если у вас есть конкретные вопросы по банковским продуктам или услугам, я готов помочь."
226,Как ДСАГО влияет на необходимость доплаты виновником при крупном ущербе?,"ДСАГО (дополнительное страхование автогражданской ответственности) покрывает ущерб, превышающий лимит ОСАГО. Если ущерб превышает лимит ОСАГО, то ДСАГО компенсирует разницу. Таким образом, виновнику ДТП не нужно доплачивать из своего кармана, если у него есть ДСАГО."
227,Какие ограничения действуют для неквалифицированных инвесторов при покупке акций и паев закрытых ПИФов?,"Для неквалифицированных инвесторов при покупке акций и паев закрытых ПИФов действуют следующие ограничения:

При покупке акций неквалифицированные инвесторы могут приобретать только акции, включенные в котировальные списки бирж. Также они не могут использовать кредитные средства для покупки акций.

При покупке паев закрытых ПИФов неквалифицированные инвесторы могут приобретать паи только в рамках публичного размещения. Они не могут участвовать в закрытых размещениях, которые доступны только квалифицированным инвесторам."
228,Чем отличается ДСАГО от каско по объекту защиты?,"ДСАГО и каско защищают разные объекты.

ДСАГО (договор страхования автогражданской ответственности) защищает имущественные интересы владельца транспортного средства в случае причинения вреда третьим лицам.

Каско защищает само транспортное средство от ущерба, хищения или угона.

Таким образом, ДСАГО отвечает за ущерб, нанесенный другим, а каско — за ущерб, полученный самим автомобилем."
229,Чем отличается ответственность эмитента по облигациям от акций?,"Ответственность эмитента по облигациям и акциям различается по своей природе.

По облигациям эмитент обязан выплатить купонный доход и вернуть номинальную стоимость облигации в установленные сроки. Это фиксированная обязанность, которая не зависит от финансовых результатов эмитента.

По акциям эмитент не имеет фиксированных обязательств перед акционерами. Дивиденды выплачиваются только в случае принятия такого решения и зависят от прибыли компании. Акционеры несут риск изменения стоимости акций, но имеют право на участие в управлении компанией."
230,Как меняется лимит возмещения по ремонту авто при европротоколе без фотофиксации по сравнению с оформлением через ГИБДД?,"При оформлении ДТП по европротоколу без фотофиксации лимит возмещения обычно ниже, чем при оформлении через ГИБДД. В большинстве случаев лимит составляет до 100 тысяч рублей, тогда как при оформлении через ГИБДД лимит может быть выше, в зависимости от условий вашего договора страхования.

Для точного определения лимитов и условий возмещения рекомендую уточнить детали в вашем договоре страхования или обратиться к вашему страховому агенту."
231,Как обезопасить себя на случай утери векселя?,"Для защиты от утери векселя рекомендуется:

1. Сделать копию векселя и хранить её отдельно от оригинала.
2. Использовать банковскую ячейку для хранения оригинала.
3. Застраховать вексель от утери или кражи.
4. Оформить вексель на предъявителя или на определённое лицо, чтобы ограничить его обращение.

Если вексель утерян, необходимо незамедлительно уведомить банк и другие заинтересованные стороны."
232,"Кто защищает клиентов при проблемах банка, а кто при отзыве лицензии у страховщика?","При проблемах с банком клиентов защищает Агентство по страхованию вкладов (АСВ). Оно гарантирует возврат вкладов до 1,4 миллиона рублей, если банк не может выполнить свои обязательства.

При отзыве лицензии у страховщика клиентов защищает Российский союз автостраховщиков (РСА) или Российский союз страховщиков (РСС). Эти организации обеспечивают выплаты по обязательствам страховщика в рамках установленных законом лимитов."
233,Где надежнее сохранить деньги при отзыве лицензии банка: в векселе или при расчетах через банковскую ячейку?,"Вексель и банковская ячейка — это разные финансовые инструменты, и их надежность зависит от конкретных обстоятельств.

Вексель — это долговое обязательство, и его надежность зависит от платежеспособности эмитента. Если эмитент не сможет выполнить свои обязательства, вексель может обесцениться.

Банковская ячейка — это аренда физического хранилища в банке. В случае отзыва лицензии у банка, доступ к ячейке может быть ограничен, но сами средства, хранящиеся в ячейке, остаются в вашей собственности.

Таким образом, банковская ячейка может быть более надежным вариантом для хранения денег при отзыве лицензии у банка, так как ваши средства остаются в вашей собственности и не зависят от финансового состояния банка. Однако, важно учитывать, что доступ к ячейке может быть ограничен в случае отзыва лицензии."
234,"Как при разводе делят жилье и долг по семейной ипотеке, если взнос был из маткапитала","При разводе жилье и долг по семейной ипотеке делятся в соответствии с законодательством. Если взнос был сделан из средств материнского капитала, то жилье считается общим имуществом супругов, но с учетом прав несовершеннолетних детей.

Долг по ипотеке также делится между супругами, но при этом учитываются все обстоятельства дела, включая размер взноса из маткапитала и другие финансовые вложения.

Для точного определения порядка деления имущества и долгов рекомендуется обратиться к юристу или в банк, где оформлена ипотека, для получения консультации."
235,"Какие госгарантии предусмотрены для средств пайщиков КПК, а также для взносов в ЖНК?","Государственные гарантии для средств пайщиков кооперативов и взносов в жилищные накопительные кооперативы (ЖНК) могут различаться в зависимости от законодательства и конкретных условий.

Для пайщиков кредитных потребительских кооперативов (КПК) государственные гарантии обычно отсутствуют. Средства пайщиков защищены только в рамках устава кооператива и его финансовой устойчивости.

Для взносов в ЖНК государственные гарантии также могут быть ограничены. Однако в некоторых случаях, если кооператив участвует в государственных программах поддержки жилья, могут быть предусмотрены определенные меры поддержки.

Рекомендую уточнить конкретные условия у руководства вашего кооператива или в местных органах власти."
236,Когда имеет смысл жаловаться в Банк России по проблеме с финансовой организацией?,"Жаловаться в Банк России имеет смысл, если:

1. Финансовая организация нарушает ваши права как потребителя финансовых услуг.
2. Вы не получили удовлетворительного ответа от самой финансовой организации в установленный срок.
3. Проблема серьезная и требует вмешательства регулятора, например, мошенничество, отказ в возврате средств, нарушение условий договора.

Перед обращением в Банк России попробуйте решить вопрос напрямую с финансовой организацией. Если это не помогло, можно подать жалобу через официальный сайт Банка России или обратиться в его территориальное управление."
237,Что использовать для покрытия неожиданных трат?,"Для покрытия неожиданных трат можно использовать несколько инструментов:

Наличные средства. Если у вас есть накопления, это самый простой и быстрый способ.

Кредитная карта. Если у вас есть кредитная карта с лимитом, вы можете использовать её для покрытия неожиданных трат. Главное, не забывайте вовремя вносить платежи, чтобы избежать начисления процентов.

Кредитный лимит по дебетовой карте. Некоторые банки предоставляют возможность использовать овердрафт, то есть снимать больше средств, чем есть на счету. Это также может помочь в случае неожиданных трат.

Кредит. Если сумма значительная, можно рассмотреть возможность оформления кредита. Однако это более долгосрочное решение и требует тщательного анализа условий.

Страховка. Если неожиданные траты связаны с медицинскими услугами, повреждением имущества или другими страховыми случаями, можно обратиться в страховую компанию.

Важно помнить, что любые заемные средства нужно использовать осознанно и планировать их возвращение, чтобы не попасть в долговую ловушку."
238,Почему переводы через СБП по номеру телефона упрощают межбанковские расчеты?,"Переводы через СБП по номеру телефона упрощают межбанковские расчеты по нескольким причинам.

Во-первых, это удобство для клиентов. Не нужно запоминать реквизиты получателя, достаточно знать его номер телефона.

Во-вторых, это скорость. Переводы через СБП осуществляются в реальном времени, что ускоряет процесс передачи средств.

В-третьих, это безопасность. Система СБП обеспечивает высокий уровень защиты данных и транзакций.

В-четвертых, это доступность. СБП интегрирована во многие банковские приложения, что делает сервис доступным для широкого круга пользователей.

В-пятых, это снижение затрат. Для банков использование СБП позволяет сократить расходы на межбанковские расчеты."
239,"Куда подавать заявку на продажу заблокированных активов, находящихся в паях ПИФа, с учетом доступности управляющих компаний на финансовых маркетплейсах?","Для продажи заблокированных активов, находящихся в паях ПИФа, необходимо обратиться в управляющую компанию (УК), которая управляет этим паевым инвестиционным фондом. Обычно заявку можно подать через официальный сайт УК, по телефону или лично в офисе.

Если управляющая компания представлена на финансовых маркетплейсах, можно воспользоваться их сервисами для подачи заявки. Однако, в случае блокировки активов, рекомендуется уточнить у самой управляющей компании, какие именно документы и процедуры требуются для продажи паев.

Если у вас есть доступ к личному кабинету на сайте управляющей компании или на маркетплейсе, можно подать заявку онлайн. В противном случае, лучше связаться с оператором УК для получения точной информации."
240,Можно ли торговать на бирже без брокера?,"Торговать на бирже без брокера невозможно, так как брокер является посредником между инвестором и биржей. Он выполняет сделки от вашего имени и обеспечивает доступ к торговой платформе. Если у вас есть другие вопросы по банковским услугам, задавайте их."
241,"Как разместить подушку безопасности, чтобы она была защищена и без сюрпризов по условиям?","Пожалуйста, уточните, о какой именно подушке безопасности идет речь. Если это финансовый инструмент, например, резервный фонд или страховой депозит, то для защиты и предсказуемости условий важно:

1. Выбрать надежный банк или финансовую организацию с хорошей репутацией.
2. Ознакомиться с условиями договора, включая процентные ставки, сроки и возможные комиссии.
3. Разместить средства на счете с фиксированной ставкой, чтобы избежать неожиданных изменений.
4. Регулярно отслеживать состояние счета и условия договора.

Если речь идет о другой подушке безопасности, пожалуйста, уточните, чтобы я мог дать более точный ответ."
242,Как многодетной семье сократить расходы на музеи во время отдыха?,"Для сокращения расходов на музеи во время отдыха многодетной семье можно воспользоваться следующими вариантами:

Во-первых, многие музеи предоставляют льготы для многодетных семей. Это могут быть скидки на билеты или даже бесплатный вход для детей.

Во-вторых, стоит уточнять наличие бесплатных дней или часов для посещения музеев. Часто в определенные дни недели или время посещение музеев бесплатное.

В-третьих, можно воспользоваться специальными туристическими картами, которые предоставляют скидки на посещение музеев и других достопримечательностей.

В-четвертых, некоторые музеи предлагают семейные билеты, которые могут быть выгоднее, чем покупка отдельных билетов для каждого члена семьи.

В-пятых, стоит следить за акциями и специальными предложениями, которые могут быть доступны в определенные периоды."
243,Почему повторяются финансовые пузыри?,"Финансовые пузыри повторяются из-за цикличности экономических процессов. Основные причины:

Во-первых, человеческая психология. Люди склонны к избыточной оптимистичности, что приводит к переоценке активов.

Во-вторых, доступ к кредитам. Легкость получения заемных средств позволяет инвесторам покупать активы, которые они не могут себе позволить.

В-третьих, регуляторные провалы. Отсутствие или слабость контроля со стороны регуляторов может способствовать росту пузырей.

В-четвертых, технологические изменения. Новые технологии могут создавать новые активы, которые быстро растут в цене, но затем резко падают.

В-пятых, макроэкономические факторы. Низкие процентные ставки и высокая ликвидность могут способствовать росту пузырей."
244,Как технологии меняют финансовые услуги по мнению авторов подборок?,"Технологии меняют финансовые услуги, делая их более доступными, удобными и персонализированными. Авторы подборок отмечают, что цифровизация позволяет клиентам получать услуги онлайн, использовать мобильные приложения для управления счетами и инвестициями, а также получать персонализированные предложения на основе анализа данных. Это повышает скорость и качество обслуживания, а также снижает затраты на предоставление услуг."
245,Куда обращаться при споре со страховщиком по ИСЖ и по ОСАГО?,"При споре со страховщиком по ИСЖ (ипотечному страхованию жилья) или ОСАГО (обязательному страхованию автогражданской ответственности) можно обратиться в следующие инстанции:

1. В страховую компанию. Начните с претензии в саму страховую компанию, которая должна рассмотреть вашу жалобу в установленный законом срок.

2. В Банк России. Если страховая компания не ответила на претензию или ответ вас не удовлетворил, можно обратиться в Банк России (Центральный банк РФ) с жалобой.

3. В суд. Если досудебное урегулирование не помогло, можно подать иск в суд.

4. В финансового уполномоченного. Также можно обратиться к финансовому уполномоченному, который может помочь в досудебном урегулировании спора.

5. В Роспотребнадзор. Если спор связан с нарушением прав потребителей, можно обратиться в Роспотребнадзор.

Для более точного ответа уточните, о каком именно споре идет речь."
246,"Какой уровень ПДН считается безопасным, а что происходит при превышении 50%?","ПДН (пропорциональный долговой норматив) — это показатель, который отражает соотношение долга к доходам заемщика. Безопасным уровнем ПДН считается значение до 30-40%. При превышении 50% банки могут отказать в выдаче нового кредита, а также могут возникнуть проблемы с обслуживанием текущих кредитов. В некоторых случаях банк может потребовать досрочного погашения кредита."
247,"Что делать при мошеннических автоплатежах, как снизить риск повторения?","При обнаружении мошеннических автоплатежей:

1. Немедленно заблокируйте карту, с которой списываются средства, через мобильное приложение банка или по телефону горячей линии.
2. Обратитесь в банк для оспаривания спорных транзакций. Укажите даты, суммы и получателей платежей.
3. Подайте заявление в полицию о мошенничестве. Это поможет в дальнейшем разбирательстве.
4. Смените пароли и коды доступа к банковским сервисам, а также к электронной почте и другим важным аккаунтам.
5. Включите уведомления о транзакциях, чтобы оперативно реагировать на подозрительные операции.
6. Проверьте настройки автоплатежей и отключите несанкционированные.

Для снижения риска повторения:

1. Не храните данные карт на небезопасных сайтах.
2. Используйте виртуальные карты для сомнительных платежей.
3. Регулярно проверяйте историю операций.
4. Установите лимиты на платежи и снятие наличных.
5. Обновляйте антивирусное ПО и избегайте подозрительных ссылок."
248,Когда вступят в силу изменения в ОСАГО после подачи заявления?,"Изменения в ОСАГО вступают в силу в течение 5 рабочих дней после подачи заявления в страховую компанию. Этот срок установлен законодательством и применяется ко всем изменениям, связанным с полисом ОСАГО, включая изменение данных, увеличение или уменьшение страховой суммы, а также другие корректировки."
249,Почему новичку опасно спекулировать деривативами?,"Деривативы — это сложные финансовые инструменты, которые требуют глубокого понимания рынка и механизмов их работы. Для новичков спекулировать деривативами опасно по нескольким причинам:

Во-первых, высокий уровень риска. Деривативы могут привести к значительным потерям, особенно если не понимать их механизмов.

Во-вторых, сложность инструментов. Новичку трудно оценить все нюансы и возможные последствия сделок с деривативами.

В-третьих, отсутствие опыта. Без достаточного опыта и знаний трудно принимать обоснованные решения в условиях высокой волатильности рынка.

Рекомендуется сначала изучить основы работы с деривативами, получить опыт на демонстрационных счетах и только потом приступать к реальным сделкам."
250,Как корректно учесть территориальный коэффициент при покупке ОСАГО онлайн?,"Для учета территориального коэффициента при покупке ОСАГО онлайн необходимо:

1. Указать регион, в котором будет зарегистрировано транспортное средство.
2. Ввести данные о транспортном средстве, включая марку, модель, год выпуска и мощность двигателя.
3. Система автоматически рассчитает стоимость полиса с учетом территориального коэффициента, который зависит от региона.

Если у вас возникли сложности с вводом данных, обратитесь за помощью к оператору."
251,Какой общий риск несут клиент брокера и владелец депозитарных расписок при отзывах лицензий у посредников?,"Клиент брокера и владелец депозитарных расписок несут разные риски при отзыве лицензий у посредников.

Клиент брокера рискует потерять доступ к своим активам, если брокер не обеспечил их сегрегацию. В этом случае средства клиента могут быть включены в конкурсную массу и распределены среди кредиторов.

Владелец депозитарных расписок рискует потерять доступ к активам, если депозитарий не обеспечил их сегрегацию. В этом случае расписок могут быть аннулированы, а активы распределены среди кредиторов.

Оба клиента рискуют потерять доверие к финансовой системе и столкнуться с трудностями при восстановлении доступа к своим активам."
252,Какая страховка обязательна при ипотеке?,"При ипотеке обязательной является страховка залогового имущества, то есть страхование недвижимости, которая выступает в качестве залога по кредиту. Это требование закреплено законодательством и является условием для получения ипотечного кредита."
253,Что делать с сомнительной или поврежденной банкнотой?,"Сомнительную или поврежденную банкноту можно обменять в банке. Для этого обратитесь в отделение банка с банкнотой. Банк проведет экспертизу и примет решение об обмене. Если банкнота признана подлинной, но поврежденной, ее обменят на равнозначную сумму. Если банкнота признана сомнительной, банк может отказать в обмене. В этом случае можно обратиться в Центральный банк для дальнейшей экспертизы."
254,Как сочетается рекомендация работать официально с защитой пенсионных накоплений государством?,"Работа официально позволяет формировать пенсионные накопления через страховые взносы, которые работодатель перечисляет в Пенсионный фонд. Государство гарантирует сохранность этих средств и их инвестирование, что обеспечивает дополнительную защиту пенсионных накоплений.

Государственная защита пенсионных накоплений включает в себя:

1. Гарантии по выплате накопительной пенсии.
2. Страхование вкладов в негосударственные пенсионные фонды.
3. Контроль за инвестированием средств Пенсионного фонда.

Таким образом, официальное трудоустройство и государственная защита пенсионных накоплений дополняют друг друга, обеспечивая более надежное будущее."
255,Чем биржевые фонды отличаются от ПИФов по комиссиям и ликвидности?,"Биржевые фонды (ETF) и паевые инвестиционные фонды (ПИФы) различаются по комиссиям и ликвидности следующим образом:

Комиссии:
Биржевые фонды обычно имеют более низкие комиссии по сравнению с ПИФами. Это связано с тем, что ETF торгуются на бирже, и их управление менее затратное. Комиссии за управление ETF обычно составляют от 0,1% до 0,7% годовых, тогда как комиссии за управление ПИФами могут достигать 5% и более.

Ликвидность:
Биржевые фонды более ликвидны, так как они торгуются на бирже в реальном времени. Инвестор может купить или продать паи ETF в любой момент торгового дня по рыночной цене. В то время как ПИФы имеют ограниченную ликвидность, так как паи можно купить или продать только по окончании торгового дня по расчетной стоимости, которая определяется управляющей компанией."
256,Чем отличается защита сбережений в банке от защиты в кредитном потребительском кооперативе?,"Защита сбережений в банке и в кредитном потребительском кооперативе (КПК) имеет ключевые различия.

В банке сбережения клиентов защищены системой страхования вкладов. В России это Агентство по страхованию вкладов (АСВ), которое гарантирует возврат средств до 1,4 миллиона рублей на одного вкладчика в одном банке.

В КПК такая защита отсутствует. Средства вкладчиков не застрахованы государством, и в случае проблем с кооперативом их возврат зависит от его финансового состояния и решений участников.

Кроме того, банки подчиняются строгим нормам регулирования, включая требования к капиталу и ликвидности, что снижает риски для вкладчиков. КПК регулируются иначе, и их финансовая устойчивость может быть менее прозрачной.

Таким образом, банк предоставляет более надежную защиту сбережений по сравнению с КПК."
257,Какие меры Банк России применяет для защиты клиентов?,"Банк России применяет несколько ключевых мер для защиты клиентов:

Во-первых, это регулирование деятельности банков и других финансовых организаций. Банк России устанавливает требования к капиталу, ликвидности и управлению рисками, чтобы минимизировать вероятность банкротства банков.

Во-вторых, это страхование вкладов. Система страхования вкладов защищает средства клиентов в случае отзыва лицензии у банка. Максимальная сумма страхового возмещения составляет 1,4 миллиона рублей.

В-третьих, это контроль за соблюдением прав потребителей финансовых услуг. Банк России разрабатывает и внедряет стандарты поведения для финансовых организаций, направленные на защиту прав клиентов.

В-четвертых, это информирование клиентов о рисках и условиях финансовых продуктов. Банк России требует от финансовых организаций предоставлять клиентам полную и понятную информацию о предлагаемых услугах.

В-пятых, это борьба с мошенничеством. Банк России активно работает над предотвращением и расследованием финансовых мошенничеств, а также над защитой персональных данных клиентов."
258,Чем электронные деньги отличаются от записей в блокчейне?,"Электронные деньги — это цифровые средства, которые хранятся на счетах в банках или электронных кошельках. Они привязаны к традиционной финансовой системе и регулируются банками и финансовыми учреждениями.

Записи в блокчейне — это децентрализованные данные, которые хранятся в распределенном реестре. Они не привязаны к конкретному банку или финансовому учреждению, а управляются сетью участников. Блокчейн обеспечивает прозрачность и безопасность транзакций, так как каждая запись подтверждается участниками сети.

Таким образом, основное отличие заключается в том, что электронные деньги связаны с традиционной финансовой системой, а записи в блокчейне — это децентрализованные данные, которые не зависят от банков."
259,"Какие материалы применяют для повышения износостойкости российских банкнот, пример — купюра 200 рублей?","Консультирую только по банковским вопросам. Если у вас есть вопросы по банковским продуктам или услугам, пожалуйста, уточните."
260,Какие налоговые льготы дает ИИС-3 и на какой срок его имеет смысл открывать у брокера?,"ИИС-3 (индивидуальный инвестиционный счет с вычетом на вложения) позволяет получить налоговый вычет на сумму внесенных средств, но не более 1 миллиона рублей в год. Максимальный размер вычета составляет 52 тысячи рублей в год.

Срок открытия ИИС-3 зависит от ваших инвестиционных целей. Если вы планируете получать налоговые вычеты, то имеет смысл открывать счет на срок не менее 3 лет, так как вычет можно получить только после этого срока. Если ваша цель — инвестирование, то срок может быть любым, но учитывайте, что налоговые льготы действуют только при соблюдении условий ИИС."
261,"Как проверить, что предложение по кредиту или рефинансированию исходит от легального банка, а не от мошенников?","Чтобы проверить легальность предложения по кредиту или рефинансированию, выполните следующие шаги:

1. Уточните название банка и его реквизиты. Официальные данные можно найти на сайте Центрального банка России или на сайте самого банка.
2. Проверьте контакты банка. Официальные контакты также можно найти на сайте ЦБ РФ или на сайте банка.
3. Не доверяйте предложениям, которые поступают через социальные сети, мессенджеры или неофициальные сайты.
4. Обратите внимание на условия кредита. Мошенники часто предлагают слишком выгодные условия, которые не соответствуют рыночным.
5. Не передавайте свои персональные данные и данные карты через неофициальные каналы связи.
6. Если у вас есть сомнения, свяжитесь с банком напрямую через официальные каналы связи.

Если вам предложили кредит или рефинансирование, и вы сомневаетесь в его легальности, лучше обратиться в банк напрямую или связаться с оператором."
262,"Куда жаловаться, если оформили ИСЖ без тестирования под видом вклада?","Если вы оформили индивидуальный инвестиционный счет с учетом налоговых льгот (ИИС типа Б) под видом вклада, но не прошли тестирование на пригодность, вы можете обратиться с жалобой в несколько инстанций.

Во-первых, вы можете обратиться в банк, где был оформлен ИИС. Банк обязан соблюдать законодательство и проводить тестирование на пригодность перед оформлением ИИС типа Б.

Во-вторых, если банк не реагирует на вашу жалобу, вы можете обратиться в Центральный банк Российской Федерации (Банк России). Банк России регулирует деятельность банков и может принять меры в случае нарушения законодательства.

В-третьих, вы можете обратиться в Роспотребнадзор. Роспотребнадзор защищает права потребителей и может принять меры в случае нарушения ваших прав.

В-четвертых, вы можете обратиться в суд. Суд может обязать банк вернуть вам деньги, если будет установлено, что банк нарушил законодательство."
263,Как вовлечь детей в семейное планирование финансов без жесткого контроля?,"Вовлечение детей в семейное планирование финансов без жесткого контроля можно организовать следующим образом:

Во-первых, объясните детям основы финансовой грамотности. Расскажите, как формируются доходы и расходы семьи, что такое бюджет и почему важно его соблюдать.

Во-вторых, предложите детям участвовать в обсуждении семейных финансовых решений. Например, можно вместе решать, на что потратить семейный бюджет, какие покупки отложить, а какие сделать в первую очередь.

В-третьих, дайте детям возможность управлять своими деньгами. Например, можно открыть для них отдельный счет или карту, на которую они будут получать карманные деньги. Это поможет им научиться планировать свои расходы и экономить.

В-четвертых, поощряйте детей за финансовую ответственность. Например, можно договориться, что если ребенок сэкономит определенную сумму, то он сможет потратить ее на что-то, что ему действительно нравится.

В-пятых, будьте терпеливы и поддерживайте детей в их финансовых начинаниях. Не ругайте их за ошибки, а помогайте им находить решения."
264,"Как хранить акции, чтобы снизить риск потери при банкротстве брокера?","Акции можно хранить на индивидуальном инвестиционном счете ИИС, который открыт у брокера. В случае банкротства брокера акции остаются в собственности клиента и не входят в конкурсную массу. Также можно хранить акции на счете у депозитария, который является отдельным юридическим лицом от брокера. Это снижает риск потери акций при банкротстве брокера."
265,"К кому обратиться, если МФО навязала платные услуги и отказывается возвращать деньги?","В данном случае вам следует обратиться в Роспотребнадзор или в суд. Также можно подать жалобу на сайте Центрального банка РФ. Если у вас есть договор с МФО, внимательно изучите его условия. Если МФО нарушает ваши права, вы можете требовать возврата денежных средств."
266,Как соотносятся создание безналичных денег банками с выпуском криптовалюты в блокчейне?,"Создание безналичных денег банками и выпуск криптовалюты в блокчейне — это два разных процесса, которые имеют принципиальные различия.

Создание безналичных денег банками происходит в рамках традиционной финансовой системы. Банки создают деньги путем выдачи кредитов, которые затем попадают в экономику. Эти деньги существуют в виде записей на счетах клиентов и используются для безналичных расчетов.

Выпуск криптовалюты в блокчейне — это децентрализованный процесс, который не контролируется банками или другими финансовыми институтами. Криптовалюта создается в результате майнинга или других механизмов, предусмотренных протоколом блокчейна. Эти деньги существуют в виде цифровых записей в распределенном реестре и используются для расчетов в криптовалютной экосистеме.

Таким образом, создание безналичных денег банками и выпуск криптовалюты в блокчейне — это два разных процесса, которые происходят в разных финансовых системах и регулируются разными механизмами."
267,"Как безопасно купить страховку онлайн, чтобы при навязывании можно было вернуть деньги?","Для безопасной покупки страховки онлайн и возможности возврата средств в случае навязывания, следуйте этим шагам:

Сравните предложения от разных страховых компаний. Убедитесь, что выбираете подходящий вариант, а не навязываемый продукт.

Внимательно читайте условия договора. Обратите внимание на сроки возврата, условия отказа и возможные штрафы.

Оплачивайте только через проверенные платежные системы. Используйте банковские карты с защитой 3D-Secure.

Сохраняйте все подтверждения и чеки. Они понадобятся для возврата средств.

Если страховка была навязана, обратитесь в страховую компанию с заявлением о расторжении договора. Укажите причину отказа и приложите подтверждающие документы.

В случае отказа страховой компании, обратитесь в банк, через который была оформлена страховка, или в финансовый омбудсман.

Если вопрос не о банке, уточните, есть ли у вас банковские вопросы."
268,Где займы обычно обходятся дороже: в банках или в КПК?,"Займы обычно обходятся дороже в микрофинансовых организациях (МФО) и кредитных потребительских кооперативах (КПК) по сравнению с банками. Это связано с более высокими процентными ставками и дополнительными комиссиями, которые применяются в этих организациях. Банки, как правило, предлагают более низкие ставки, но имеют более строгие требования к заемщикам."
269,"Как проверить, что сайт оплаты или продажи полиса настоящий?","Для проверки подлинности сайта оплаты или продажи полиса рекомендую следовать этим шагам:

1. Проверьте адрес сайта. Официальные сайты страховых компаний обычно имеют доменное имя, соответствующее названию компании, например, ""страховаякомпания.рф"".

2. Убедитесь, что сайт использует защищенное соединение. В адресной строке браузера должен быть знак замка и начинаться с ""https://"".

3. Проверьте контакты. На сайте должны быть указаны реальные контактные данные: адрес, телефон, email. Попробуйте позвонить по указанному номеру, чтобы убедиться в его работоспособности.

4. Изучите информацию о компании. Проверьте, есть ли у компании лицензия на осуществление страховой деятельности. Эта информация должна быть доступна на сайте или на сайте Центрального банка РФ.

5. Обратите внимание на дизайн и содержание сайта. Мошеннические сайты часто содержат ошибки, орфографические и грамматические ошибки, низкокачественные изображения.

6. Проверьте отзывы. Поищите отзывы о сайте и компании в интернете. Это может дать представление о надежности ресурса.

7. Не вводите личные данные и пароли на подозрительных сайтах. Если у вас есть сомнения, лучше связаться с компанией через официальные каналы."
270,Законен ли отказ в продаже ОСАГО из‑за несоответствия данных проверке в НСИС?,"Отказ в продаже ОСАГО из-за несоответствия данных проверке в НСИС (Национальной системе идентификации и аутентификации) может быть законным, если несоответствие подтверждается и не может быть устранено. Банк или страховая компания обязаны проверять данные клиента в соответствии с законодательством. Если данные не совпадают, это может быть основанием для отказа.

Рекомендую уточнить у страховой компании или банка, какие именно данные не совпадают, и исправить их. Если вы уверены в правильности своих данных, можно обратиться в НСИС или в регулирующие органы для проверки."
271,Почему индекс бигмака не подходит для измерения инфляции?,"Индекс бигмака не подходит для измерения инфляции, потому что он учитывает только цену одного товара — гамбургера, а не широкий спектр товаров и услуг, которые используются в официальных индексах цен. Инфляция измеряется на основе корзины товаров и услуг, отражающих потребление населения, а не только одного продукта. Кроме того, цена бигмака может зависеть от множества факторов, не связанных с инфляцией, таких как изменения в стоимости ингредиентов, логистики или налогов."
272,"В какой срок после объявления санкций нужно перевести иностранные облигации к другому посреднику, чтобы не лишиться купонов?","Сроки перевода иностранных облигаций к другому посреднику зависят от условий конкретного эмитента и регулятора. Обычно рекомендуется действовать как можно быстрее после объявления санкций, чтобы минимизировать риски. Конкретные сроки могут быть указаны в условиях выпуска облигаций или в уведомлениях от вашего текущего посредника.

Для точного ответа уточните у вашего брокера или посредника, так как они должны быть в курсе всех нюансов и сроков."
273,Почему не стоит одновременно подавать много кредитных заявок при высоком ПДН?,"Подача множества кредитных заявок при высоком процентном доходе на кредит (ПДН) может негативно сказаться на вашей кредитной истории и снизить шансы на одобрение кредита. Банки могут воспринять это как признак финансовой нестабильности или повышенного кредитного риска. Кроме того, каждая заявка может снижать ваш кредитный рейтинг, что усложнит получение кредита в будущем."
274,В каких случаях страховку оплачивает не клиент?,"Страховку может оплачивать не клиент в следующих случаях:

1. Если страховка включена в кредитный договор и оплачивается за счет кредитных средств.
2. Если страховка оплачивается работодателем за своих сотрудников в рамках корпоративного страхования.
3. Если страховка оплачивается государством или социальными фондами в рамках государственных программ.
4. Если страховка оплачивается третьей стороной, например, в рамках договора лизинга или аренды.

В остальных случаях страховку оплачивает клиент."
275,Какие ограничения на выдачу наличной валюты действуют для средств на счетах по сравнению с деньгами в банковской ячейке?,"Для средств на счетах действуют ограничения на выдачу наличной валюты, установленные банком и законодательством. Обычно это лимиты на снятие наличных в день или месяц, а также требования к подтверждению целей снятия крупных сумм.

Для денег в банковской ячейке ограничения зависят от условий аренды ячейки. Как правило, клиент может получить доступ к ячейке в любое время в рабочие часы банка, но для получения наличных из ячейки могут применяться те же лимиты на выдачу, что и для счетов.

Если вам нужно снять крупную сумму, уточните лимиты у оператора банка."
276,Почему для успеха важен отказ от шаблонов?,"Для успеха важно отказываться от шаблонов, потому что они ограничивают креативность и инновационность. Шаблоны часто ведут к стандартным решениям, которые могут не подходить для уникальных ситуаций. Отказ от шаблонов позволяет находить нестандартные подходы, которые могут привести к более эффективным и успешным результатам. Это особенно важно в быстро меняющемся мире, где гибкость и адаптивность являются ключевыми факторами успеха."
277,"Где искать официальные списки мер поддержки, банков-участников программ?","Официальные списки мер поддержки и банков-участников программ можно найти на сайтах государственных органов, ответственных за реализацию этих программ. Например, на сайтах Министерства экономического развития, Центрального банка или других профильных министерств. Также эту информацию можно уточнить на официальных сайтах банков, которые участвуют в программах поддержки."
278,"Что грозит созаемщику, если основной заемщик прекратил выплаты?","Если основной заемщик прекратил выплаты по кредиту, созаемщик несет солидарную ответственность по обязательствам. Это означает, что банк вправе требовать погашения задолженности как с основного заемщика, так и с созаемщика. В случае невыплаты основным заемщиком, банк может обратиться к созаемщику с требованием погасить долг. В крайних случаях это может привести к судебным разбирательствам, начислению штрафов и пеней, а также к ухудшению кредитной истории созаемщика."
279,Какие последствия наступают при несвоевременных выплатах по краудлендингу и по облигациям?,"При несвоевременных выплатах по краудлендингу и облигациям последствия могут быть следующими:

При краудлендинге:
Задержка выплат может привести к снижению доверия инвесторов. Заемщик может быть включен в черный список платформы. Возможны штрафные санкции, предусмотренные договором.

При облигациях:
Эмитент может быть оштрафован регулятором. Возможна репутационная потеря эмитента. В некоторых случаях это может привести к дефолту и судебным искам от держателей облигаций."
280,Почему досрочный платеж по кредиту лучше вносить в дату планового платежа?,"Досрочный платеж по кредиту лучше вносить в дату планового платежа, потому что в этот день обычно списываются проценты за текущий период. Это позволяет уменьшить сумму основного долга быстрее, так как проценты начисляются на оставшуюся сумму долга. Кроме того, в дату планового платежа банк может не начислять дополнительные комиссии за досрочное погашение, в отличие от других дней."
281,Как учесть инфляцию в семейном плане для сохранения сбережений?,"Инфляция снижает покупательную способность денег со временем. Для учета инфляции в семейном плане можно рассмотреть несколько стратегий:

Во-первых, инвестируйте в активы, которые традиционно защищают от инфляции, такие как недвижимость, акции или облигации с плавающей ставкой.

Во-вторых, регулярно пересматривайте свои финансовые цели и корректируйте их с учетом текущего уровня инфляции.

В-третьих, диверсифицируйте свои сбережения, чтобы снизить риски, связанные с инфляцией.

В-четвертых, рассмотрите возможность использования инструментов, таких как индексируемые депозиты или облигации, которые автоматически учитывают инфляцию.

В-пятых, контролируйте свои расходы и старайтесь увеличивать доходы, чтобы компенсировать потерю покупательной способности."
282,Чем отличаются решения для закрытия кассового разрыва для инвестора на бирже и для бизнеса?,"Решения для закрытия кассового разрыва на бирже и для бизнеса различаются по нескольким ключевым параметрам.

Для инвестора на бирже:
1. Основной инструмент — кредитное плечо, предоставляемое брокером.
2. Используются маржинальные сделки, где залогом выступают ценные бумаги.
3. Кредитные линии могут быть ограничены ликвидностью активов в портфеле.
4. Процентные ставки зависят от рыночных условий и политики брокера.

Для бизнеса:
1. Основные инструменты — кредитные линии, овердрафт, факторинг.
2. Залогом могут выступать товарные запасы, оборудование, недвижимость.
3. Кредитные линии обычно имеют фиксированные ставки и условия.
4. Требуется более сложная процедура оформления и оценка финансовой устойчивости бизнеса.

Если вам нужна более детальная информация по конкретному продукту, уточните ваш запрос."
283,Почему сумма списания по рублевой карте за границей может отличаться от ожидаемой?,"Сумма списания по рублевой карте за границей может отличаться от ожидаемой по нескольким причинам.

Во-первых, банк может применять конвертацию валют по своему курсу, который может отличаться от официального курса Центрального банка.

Во-вторых, могут взиматься дополнительные комиссии за проведение международных операций, которые также влияют на итоговую сумму списания.

В-третьих, некоторые магазины или сервисы могут проводить предварительное блокирование средств на карте, что также может повлиять на итоговую сумму.

Для более точного расчета рекомендуется уточнять условия тарифов и комиссий у вашего банка."
284,Чем краудинвестинг отличается от краудлендинга?,"Краудинвестинг и краудлендинг — это разные формы привлечения инвестиций через интернет.

Краудинвестинг — это инвестирование в стартапы или проекты в обмен на долю в бизнесе или акции. Инвесторы становятся совладельцами проекта и могут получать прибыль в зависимости от его успеха.

Краудлендинг — это предоставление займов проектам или компаниям на определенных условиях. Инвесторы получают фиксированный процент от суммы займа, а также возвращают основную сумму в установленный срок.

Таким образом, основное отличие заключается в том, что в краудинвестинге инвесторы становятся совладельцами проекта, а в краудлендинге — кредиторами."
285,Что делать при подозрительном звонке «службы безопасности» на фоне блокировки карты?,"Если вам позвонили с подозрительного номера, представляясь службой безопасности банка, и сообщили о блокировке карты, следуйте этим шагам:

Во-первых, не сообщайте никакие личные данные, пароли или коды из СМС. Настоящие сотрудники банка никогда не запрашивают такую информацию по телефону.

Во-вторых, перезвоните в банк по официальному номеру, указанному на сайте или на обратной стороне карты. Уточните, действительно ли ваша карта заблокирована и по какой причине.

В-третьих, если вы не можете дозвониться, обратитесь в ближайшее отделение банка. Сотрудники помогут разобраться в ситуации и подтвердят, был ли звонок от службы безопасности.

Если вы уже сообщили конфиденциальную информацию, немедленно заблокируйте карту через мобильное приложение или по телефону банка."
286,"В каких ситуациях предпринимателю проще воспользоваться лизингом, чем кредитом?","Лизинг может быть более выгодным для предпринимателя в следующих ситуациях:

Во-первых, когда необходимо приобрести дорогостоящее оборудование или транспорт, но нет достаточного количества собственных средств для его покупки.

Во-вторых, когда предприниматель хочет сохранить ликвидность, так как лизинг позволяет использовать оборудование или транспорт, не выплачивая сразу всю сумму.

В-третьих, когда предприниматель хочет избежать сложных процедур, связанных с оформлением кредита, так как лизинг обычно оформляется быстрее и проще.

В-четвертых, когда предприниматель хочет снизить налоговую нагрузку, так как лизинговые платежи могут быть включены в расходы и снизить налогооблагаемую базу.

В-пятых, когда предприниматель хочет избежать рисков, связанных с обесцениванием оборудования или транспорта, так как лизинг позволяет использовать оборудование или транспорт, не беспокоясь о его стоимости в будущем."
287,Почему обещания «100% результата» и гарантированной прибыли без риска — признак мошенничества?,"Обещания 100% результата и гарантированной прибыли без риска — это классические признаки мошенничества, потому что:

1. Любая финансовая операция, включая инвестиции, несет в себе риски. Даже самые надежные активы могут принести убытки из-за изменений на рынке, экономических кризисов или других факторов.

2. Гарантии высокой доходности без риска противоречат основным принципам финансового рынка. Если бы такие возможности существовали, все бы ими пользовались, и они перестали бы быть прибыльными.

3. Мошенники часто используют такие обещания, чтобы привлечь внимание и быстро собрать деньги от доверчивых людей. После получения средств они исчезают, а инвесторы остаются без своих вложений.

4. Регулирующие органы и финансовые учреждения, включая банки, не могут гарантировать 100% результат, так как это противоречит законодательству и принципам работы финансового рынка.

Если вам предлагают такие условия, лучше отказаться и обратиться в проверенные финансовые организации."
288,В каких случаях можно получить повышенную компенсацию до 10 млн рублей при проблемах с банком?,"Ошибка при обработке: {'message': 'litellm.APIError: APIError: OpenrouterException - Unable to get json response - Expecting value: line 463 column 1 (char 2541), Original Response: \n         \n\n         \n\n         \n\n         \n\n         \n\n         \n\n         \n\n         \n\n         \n\n         \n\n         \n\n         \n\n         \n\n         \n\n         \n\n         \n\n         \n\n         \n\n         \n\n         \n\n         \n\n         \n\n         \n\n         \n\n         \n\n         \n\n         \n\n         \n\n         \n\n         \n\n         \n\n         \n\n         \n\n         \n\n         \n\n         \n\n         \n\n         \n\n         \n\n         \n\n         \n\n         \n\n         \n\n         \n\n         \n\n         \n\n         \n\n         \n\n         \n\n         \n\n         \n\n         \n\n         \n\n         \n\n         \n\n         \n\n         \n\n         \n\n         \n\n         \n\n         \n\n         \n\n         \n\n         \n\n         \n\n         \n\n         \n\n         \n\n         \n\n         \n\n         \n\n         \n\n         \n\n         \n\n         \n\n         \n\n         \n\n         \n\n         \n\n         \n\n         \n\n         \n\n         \n\n         \n\n         \n\n         \n\n         \n\n         \n\n         \n\n         \n\n         \n\n         \n\n         \n\n         \n\n         \n\n         \n\n         \n\n         \n\n         \n\n         \n\n         \n\n         \n\n         \n\n         \n\n         \n\n         \n\n         \n\n         \n\n         \n\n         \n\n         \n\n         \n\n         \n\n         \n\n         \n\n         \n\n         \n\n         \n\n         \n\n         \n\n         \n\n         \n\n         \n\n         \n\n         \n\n         \n\n         \n\n         \n\n         \n\n         \n\n         \n\n         \n\n         \n\n         \n\n         \n\n         \n\n         \n\n         \n\n         \n\n         \n\n         \n\n         \n\n         \n\n         \n\n         \n\n         \n\n         \n\n         \n\n         \n\n         \n\n         \n\n         \n\n         \n\n         \n\n         \n\n         \n\n         \n\n         \n\n         \n\n         \n\n         \n\n         \n\n         \n\n         \n\n         \n\n         \n\n         \n\n         \n\n         \n\n         \n\n         \n\n         \n\n         \n\n         \n\n         \n\n         \n\n         \n\n         \n\n         \n\n         \n\n         \n\n         \n\n         \n\n         \n\n         \n\n         \n\n         \n\n         \n\n         \n\n         \n\n         \n\n         \n\n         \n\n         \n\n         \n\n         \n\n         \n\n         \n\n         \n\n         \n\n         \n\n         \n\n         \n\n         \n\n         \n\n         \n\n         \n\n         \n\n         \n\n         \n\n         \n\n         \n\n         \n\n         \n\n         \n\n         \n\n         \n\n         \n\n         \n\n         \n\n         \n\n         \n\n         \n\n         \n\n         \n\n         \n\n         \n\n         \n\n         \n\n         \n\n         \n. Received Model Group=openrouter/mistralai/mistral-small-3.2-24b-instruct\nAvailable Model Group Fallbacks=None', 'type': None, 'param': None, 'code': '200'}"
289,"Какие налоговые либо государственные стимулы доступны для НПФ, ДМС, страхования жизни?","Ошибка при обработке: Error code: 429 - {'error': {'message': ""No deployments available for selected model, Try again in 5 seconds. Passed model=openrouter/mistralai/mistral-small-3.2-24b-instruct. pre-call-checks=False, cooldown_list=['5a974fd4-816e-429d-a928-c954d4891e78']"", 'type': 'None', 'param': 'None', 'code': '429'}}"
290,"Почему при разделе ипотечной квартиры важно учитывать лимиты льготных программ, если ставка была снижена за счет застройщика?","При разделе ипотечной квартиры важно учитывать лимиты льготных программ, даже если ставка была снижена за счет застройщика, потому что:

1. Льготные программы могут иметь ограничения по сумме кредита или по количеству участников. Если при разделе квартиры один из участников превысит эти лимиты, он может потерять право на льготные условия.

2. Снижение ставки за счет застройщика не отменяет условий льготной программы. Банк может требовать соблюдения всех условий программы, включая лимиты.

3. В случае изменения условий кредита (например, при рефинансировании или изменении условий договора) важно учитывать, что льготные программы могут иметь свои ограничения и условия.

4. Если при разделе квартиры один из участников хочет оформить ипотеку на свою долю, ему может потребоваться новая льготная программа, и важно учитывать лимиты этой программы.

5. В некоторых случаях льготные программы могут иметь ограничения по сроку действия или по другим параметрам, которые важно учитывать при разделе ипотечной квартиры."
291,Какие признаки укажут на финансовую пирамиду под видом инвестпроекта либо «работы с высоким доходом»?,"Финансовая пирамида под видом инвестпроекта или работы с высоким доходом может иметь следующие признаки:

1. Обещания высокой доходности при минимальных рисках. Если доходность значительно выше рыночных показателей, это должно насторожить.

2. Отсутствие прозрачности в деятельности. Если компания не раскрывает информацию о своей деятельности, о том, как именно она зарабатывает деньги, это повод для беспокойства.

3. Давление на принятие решения. Если вас торопят с вложением денег или подписанием договора, это может быть признаком мошенничества.

4. Отсутствие лицензий и разрешений. Легальные инвестиционные компании должны иметь соответствующие лицензии.

5. Сложности с выводом средств. Если компания создает препятствия для вывода средств или требует дополнительных вложений для их получения, это тревожный знак.

6. Отсутствие реального продукта или услуги. Если компания не предлагает никаких реальных товаров или услуг, а только обещает доход от инвестиций, это может быть признаком пирамиды.

7. Анонимность и отсутствие информации о руководстве. Если на сайте компании нет информации о руководстве или она представлена в виде анонимных фотографий, это должно насторожить."
292,Почему включение платных сервисов в сумму кредита ведет к переплате?,"Включение платных сервисов в сумму кредита увеличивает общую сумму займа, на которую начисляются проценты. Это приводит к увеличению общей переплаты по кредиту, так как проценты начисляются не только на основную сумму кредита, но и на стоимость включенных сервисов.

Например, если вы взяли кредит на 100 000 рублей и включили в него страховку на 10 000 рублей, то проценты будут начисляться на 110 000 рублей. Это приведет к увеличению ежемесячного платежа и общей суммы переплаты по кредиту.

Для более точного расчета переплаты можно использовать кредитный калькулятор, который учитывает все дополнительные услуги и их стоимость."
293,"Когда уместнее выбрать краудфандинг, а не копить самостоятельно?","Краудфандинг уместнее, когда:

1. У вас есть конкретный проект или идея, которая требует значительных финансовых вложений.
2. Вы уверены в своей способности привлечь внимание и поддержку аудитории.
3. Вы готовы к прозрачности и публичности процесса.
4. У вас нет достаточного времени или возможностей для самостоятельного накопления.

Самостоятельное накопление лучше, если:

1. Вы предпочитаете контролировать свои финансы без привлечения посторонних.
2. Ваш проект не требует больших сумм или может быть реализован постепенно.
3. Вы не готовы к публичности и раскрытию деталей проекта."
294,Как оформить вычет на инвестиционный доход по ИИС‑3 при закрытии счета?,"Для оформления вычета на инвестиционный доход по ИИС-3 при закрытии счета необходимо выполнить следующие шаги:

1. Закройте индивидуальный инвестиционный счет (ИИС-3) в банке или брокерской компании, где он был открыт.
2. Получите налоговую декларацию 3-НДФЛ за тот год, в котором был закрыт счет.
3. В декларации укажите сумму инвестиционного дохода, полученного от операций на ИИС-3.
4. Подготовьте документы, подтверждающие доход и расходы по ИИС-3 (выписки, отчеты и т.д.).
5. Подайте декларацию в налоговую инспекцию по месту жительства.
6. Дождитесь проверки декларации и получения уведомления о возврате налога.

Если у вас возникнут сложности с оформлением документов, обратитесь за помощью к налоговому консультанту или в службу поддержки банка."
295,"Как залог снижает риск потерь для того, кто предоставляет деньги?","Залог снижает риск потерь для кредитора, так как в случае невыполнения заемщиком своих обязательств, кредитор может реализовать залоговое имущество и компенсировать свои убытки. Это создает дополнительную гарантию возврата средств."
296,Обязателен ли для продавцов прием платежей по QR-коду через СБП по сравнению с планом приема цифровых рублей крупным бизнесом?,"Для продавцов прием платежей по QR-коду через СБП не является обязательным. Это добровольная услуга, которую банки предоставляют своим клиентам. Однако, план приема цифровых рублей крупным бизнесом может включать обязательные требования, установленные регуляторами или банками. Для уточнения конкретных условий рекомендую обратиться в ваш банк."
297,Может ли банк отказать в кредите после биометрической идентификации?,"Банк может отказать в кредите даже после биометрической идентификации. Биометрия подтверждает личность клиента, но не гарантирует одобрение кредита. Решение зависит от кредитной истории, дохода, наличия обеспечения и других факторов, которые банк учитывает при оценке заемщика."
298,Какие признаки операций чаще всего вызывают у банка подозрения в мошенничестве?,"Банк может заподозрить мошенничество в следующих случаях:

1. Необычно большие суммы транзакций, особенно если они не соответствуют обычному поведению клиента.
2. Частые переводы на неизвестные или зарубежные счета.
3. Быстрые и частые переводы средств на несколько разных счетов.
4. Попытки снятия или перевода денег в нерабочее время банка.
5. Использование карты в разных географических точках за короткий промежуток времени.
6. Попытки снятия или перевода денег с карты, которая была недавно заблокирована.
7. Попытки снятия или перевода денег с карты, которая была недавно активирована.
8. Попытки снятия или перевода денег с карты, которая была недавно перевыпущена.
9. Попытки снятия или перевода денег с карты, которая была недавно заменена.
10. Попытки снятия или перевода денег с карты, которая была недавно перевыпущена в связи с утерей или кражей."
299,Какой вариант финансирования выбрать сезонному бизнесу при риске отказа банка из‑за регулярных платежей?,"Для сезонного бизнеса с риском отказа банка из-за регулярных платежей можно рассмотреть несколько вариантов финансирования:

1. Кредитная линия. Это гибкий инструмент, который позволяет брать средства по мере необходимости и погашать их в удобное время. Это особенно удобно для сезонного бизнеса, так как позволяет привлекать средства только в периоды высокой активности.

2. Овердрафт. Это возможность снять больше средств, чем есть на счете, с последующим погашением. Овердрафт может быть полезен для покрытия краткосрочных кассовых разрывов.

3. Лизинг. Это долгосрочная аренда оборудования или другого имущества, которое необходимо для ведения бизнеса. Лизинг позволяет сохранить ликвидность и не отвлекать средства на покупку оборудования.

4. Факторинг. Это продажа дебиторской задолженности банку или другой финансовой организации. Факторинг позволяет получить средства сразу, не дожидаясь оплаты от клиентов.

5. Инвестиции. Можно привлечь инвесторов, которые готовы вложить средства в бизнес в обмен на долю в бизнесе или другие условия.

Важно учитывать, что каждый из этих вариантов имеет свои преимущества и недостатки, и выбор конкретного варианта зависит от особенностей бизнеса и его финансового состояния. Рекомендуется проконсультироваться с финансовым консультантом для выбора наиболее подходящего варианта."
300,"Как действует страхование вкладов для номинального счета на ребенка, по сравнению с обычным банковским вкладом?","Страхование вкладов для номинального счета на ребенка действует аналогично страхованию обычного банковского вклада. В обоих случаях сумма страхового возмещения составляет до 1,4 миллиона рублей. Однако, важно учитывать, что номинальный счет на ребенка открывается на имя законного представителя, но средства принадлежат ребенку. В случае отзыва лицензии у банка, возмещение будет выплачено на счет законного представителя, но использовать эти средства можно только в интересах ребенка."
301,"Как распознать обман в звонках про блокировку карты из‑за SWIFT, где перепроверять такую информацию?","Если вам позвонили и сообщили о блокировке карты из-за SWIFT, не перезванивайте по указанному номеру. Свяжитесь с банком через официальные каналы: позвоните на горячую линию, указанную на обратной стороне карты, или обратитесь в мобильное приложение банка. Никогда не сообщайте посторонним пароли, коды из SMS или данные карты. Банк никогда не запрашивает такую информацию по телефону."
302,По каким признакам распознать фишинговый сайт или письмо?,"Фишинговые сайты и письма можно распознать по следующим признакам:

1. Подозрительный адрес сайта или отправителя. Обычно в них есть ошибки, несоответствия или странные символы.
2. Наличие орфографических и грамматических ошибок в тексте.
3. Наличие срочных предложений или угроз.
4. Подозрительные ссылки, которые не соответствуют официальному сайту банка.
5. Запрос личной информации, такой как пароли, номера карт или CVV-коды.
6. Необычный дизайн или логотип, который отличается от официального.

Если вы столкнулись с подозрительным сайтом или письмом, не переходите по ссылкам и не вводите личные данные. Лучше связаться с банком через официальные каналы для подтверждения подлинности сообщения."
303,Как проверить подлинность полиса ОСАГО перед покупкой?,"Перед покупкой полиса ОСАГО его подлинность можно проверить несколькими способами.

Во-первых, обратите внимание на внешние признаки. Полис должен быть на бланке строгой отчетности с водяными знаками, голографическими элементами и другими защитными признаками.

Во-вторых, проверьте номер полиса. Он должен состоять из 10 цифр. Первые 3 цифры — код региона, следующие 7 — порядковый номер полиса.

В-третьих, используйте сервис проверки подлинности на сайте Российского союза автостраховщиков (РСА). Для этого нужно ввести номер полиса и серию бланка.

В-четвертых, обратитесь в страховую компанию, которая выдала полис. Они могут подтвердить его подлинность.

Если у вас есть сомнения в подлинности полиса, лучше отказаться от покупки."
304,Почему нельзя сообщать коды из СМС незнакомцам?,"Сообщение кодов из СМС незнакомцам может привести к мошенничеству. Эти коды часто используются для подтверждения операций, и их передача третьим лицам может позволить им получить доступ к вашим финансовым средствам или личным данным. Банк никогда не будет просить вас сообщать такие коды посторонним лицам. Если вам пришло подозрительное сообщение, лучше связаться с оператором банка для уточнения."
305,Чем отличается дополнительная детская карта от собственной молодежной карты с 14 лет?,"Дополнительная детская карта обычно привязывается к основной карте родителя и позволяет контролировать расходы ребенка. Она не имеет собственного лимита и зависит от средств на основном счете.

Молодежная карта с 14 лет оформляется на имя подростка и может иметь собственный лимит и счет. Она дает больше самостоятельности в управлении финансами.

Если вам нужны более конкретные детали, уточните, какой банк вас интересует."
306,Какие реестры и списки стоит проверить перед инвестированием и выбором юриста?,"Перед инвестированием и выбором юриста стоит проверить следующие реестры и списки:

1. Реестр недобросовестных поставщиков. Это поможет избежать сотрудничества с неблагонадежными контрагентами.
2. Списки лиц, связанных с террористической деятельностью и международными санкциями. Это важно для соблюдения законодательства и минимизации рисков.
3. Реестр дисквалифицированных лиц. Это поможет избежать сотрудничества с лицами, которые не могут занимать определенные должности.
4. Реестр арбитражных управляющих. Это поможет оценить профессионализм и репутацию потенциального юриста.
5. Реестр лицензий и разрешений. Это поможет убедиться, что юрист имеет необходимые лицензии и разрешения для ведения деятельности.

Также стоит проверить отзывы и репутацию юриста в профессиональных сообществах и на специализированных платформах."
307,"Когда разумнее выбрать банковский вклад, а не накопительное страхование жизни?","Банковский вклад может быть более разумным выбором, если:

Вы хотите получить доступ к своим деньгам в любой момент. Вклады обычно позволяют снимать средства с минимальными потерями, в то время как страховые полисы могут иметь ограничения на снятие средств.

Вы хотите избежать сложных условий и ограничений. Страховые полисы могут иметь множество условий и ограничений, которые могут быть сложными для понимания.

Вы хотите получить гарантированный доход. Вклады обычно предлагают гарантированный процентный доход, в то время как доход по страховым полисам может зависеть от многих факторов, включая рыночные условия.

Вы не хотите платить высокие комиссии. Страховые полисы могут иметь высокие комиссии, которые могут снизить ваш общий доход.

Вы хотите избежать рисков, связанных с инвестициями. Страховые полисы могут включать инвестиционные компоненты, которые могут быть рискованными."
308,Как реально улучшить испорченную кредитную историю?,"Для улучшения испорченной кредитной истории необходимо выполнить несколько шагов:

Во-первых, получите доступ к своей кредитной истории через бюро кредитных историй. Это поможет вам понять, какие именно проблемы есть в вашей истории.

Во-вторых, погасите все имеющиеся задолженности. Это может включать кредиты, кредитные карты, коммунальные платежи и другие обязательства.

В-третьих, избегайте новых кредитов и займов до тех пор, пока не улучшите свою кредитную историю. Каждый новый кредит может ухудшить вашу кредитную историю, если вы не сможете его вовремя погасить.

В-четвертых, используйте кредитные карты с низким лимитом и всегда погашайте их вовремя. Это поможет вам постепенно улучшить свою кредитную историю.

В-пятых, если у вас есть просроченные платежи, постарайтесь договориться с кредитором о реструктуризации долга или отсрочке платежей. Это может помочь вам избежать дальнейших проблем с кредитной историей.

В-шестых, если у вас есть ошибки в кредитной истории, обратитесь в бюро кредитных историй для их исправления. Это может помочь улучшить вашу кредитную историю.

В-седьмых, если у вас есть возможность, используйте кредитные продукты, которые помогают улучшить кредитную историю, такие как кредитные карты с гарантированным одобрением или кредиты на небольшие суммы.

В-восьмых, если у вас есть возможность, используйте кредитные продукты, которые помогают улучшить кредитную историю, такие как кредитные карты с гарантированным одобрением или кредиты на небольшие суммы.

В-девятых, если у вас есть возможность, используйте кредитные продукты, которые помогают улучшить кредитную историю, такие как кредитные карты с гарантированным одобрением или кредиты на небольшие суммы.

В-десятых, если у вас есть возможность, используйте кредитные продукты, которые помогают улучшить кредитную историю, такие как кредитные карты с гарантированным одобрением или кредиты на небольшие суммы.

В-одиннадцатых, если у вас есть возможность, используйте кредитные продукты, которые помогают улучшить кредитную историю, такие как кредитные карты с гарантированным одобрением или кредиты на небольшие суммы.

В-двенадцатых, если у вас есть возможность, используйте кредитные продукты, которые помогают улучшить кредитную историю, такие как кредитные карты с гарантированным одобрением или кредиты на небольшие суммы.

В-третьих, если у вас есть возможность, используйте кредитные продукты, которые помогают улучшить кредитную историю, такие как кредитные карты с гарантированным одобрением или кредиты на небольшие суммы.

В-четырнадцатых, если у вас есть возможность, используйте кредитные продукты, которые помогают улучшить кредитную историю, такие как кредитные карты с гарантированным одобрением или кредиты на небольшие суммы.

В-пятнадцатых, если у вас есть возможность, используйте кредитные продукты, которые помогают улучшить кредитную историю, такие как кредитные карты с гарантированным одобрением или кредиты на небольшие суммы.

В-шестнадцатых, если у вас есть возможность, используйте кредитные продукты, которые помогают улучшить кредитную историю, такие как кредитные карты с гарантированным одобрением или кредиты на небольшие суммы.

В-семнадцатых, если у вас есть возможность, используйте кредитные продукты, которые помогают улучшить кредитную историю, такие как кредитные карты с гарантированным одобрением или кредиты на небольшие суммы.

В-восемнадцатых, если у вас есть возможность, используйте кредитные продукты, которые помогают улучшить кредитную историю, такие как кредитные карты с гарантированным одобрением или кредиты на небольшие суммы.

В-девятнадцатых, если у вас есть возможность, используйте кредитные продукты, которые помогают улучшить кредитную историю, такие как кредитные карты с гарантированным одобрением или кредиты на небольшие суммы.

В-двадцатых, если у вас есть возможность, используйте кредитные продукты, которые помогают улучшить кредитную историю, такие как кредитные карты с гарантированным одобрением или кредиты на небольшие суммы."
309,Как получить доступ к средствам на счете при проблемах с картой?,"Для доступа к средствам на счете при проблемах с картой можно воспользоваться следующими способами:

Во-первых, можно воспользоваться мобильным банком. В приложении банка можно перевести средства на другой счет или карту, а также оплатить услуги или товары.

Во-вторых, можно воспользоваться интернет-банком. В личном кабинете можно перевести средства на другой счет или карту, а также оплатить услуги или товары.

В-третьих, можно воспользоваться банкоматом. В банкомате можно снять наличные с помощью ПИН-кода, а также перевести средства на другой счет или карту.

В-четвертых, можно обратиться в отделение банка. В отделении банка можно снять наличные, а также перевести средства на другой счет или карту.

В-пятых, можно воспользоваться услугами оператора банка. Оператор банка может помочь с переводом средств на другой счет или карту, а также с оплатой услуг или товаров.

В-шестых, можно воспользоваться услугами почтового отделения. В почтовом отделении можно снять наличные, а также перевести средства на другой счет или карту.

В-седьмых, можно воспользоваться услугами платежных систем. В платежных системах можно перевести средства на другой счет или карту, а также оплатить услуги или товары.

В-восьмых, можно воспользоваться услугами электронных кошельков. В электронных кошельках можно перевести средства на другой счет или карту, а также оплатить услуги или товары.

В-девятых, можно воспользоваться услугами мобильных платежных систем. В мобильных платежных системах можно перевести средства на другой счет или карту, а также оплатить услуги или товары.

В-десятых, можно воспользоваться услугами интернет-магазинов. В интернет-магазинах можно перевести средства на другой счет или карту, а также оплатить услуги или товары.

В-одиннадцатых, можно воспользоваться услугами платежных терминалов. В платежных терминалах можно перевести средства на другой счет или карту, а также оплатить услуги или товары.

В-двенадцатых, можно воспользоваться услугами банковских приложений. В банковских приложениях можно перевести средства на другой счет или карту, а также оплатит услуги или товары.

В-тренадцатых, можно воспользоваться услугами банковских сервисов. В банковских сервисах можно перевести средства на другой счет или карту, а также оплатить услуги или товары.

В-четырнадцатых, можно воспользоваться услугами банковских программ. В банковских программах можно перевести средства на другой счет или карту, а также оплатить услуги или товары.

В-пятнадцатых, можно воспользоваться услугами банковских сайтов. В банковских сайтах можно перевести средства на другой счет или карту, а также оплатить услуги или товары.

В-шестнадцатых, можно воспользоваться услугами банковских приложений для смартфонов. В банковских приложениях для смартфонов можно перевести средства на другой счет или карту, а также оплатить услуги или товары.

В-семнадцатых, можно воспользоваться услугами банковских приложений для планшетов. В банковских приложениях для планшетов можно перевести средства на другой счет или карту, а также оплатить услуги или товары.

В-восемнадцатых, можно воспользоваться услугами банковских приложений для компьютеров. В банковских приложениях для компьютеров можно перевести средства на другой счет или карту, а также оплатить услуги или товары.

В-девятнадцатых, можно воспользоваться услугами банковских приложений для ноутбуков. В банковских приложениях для ноутбуков можно перевести средства на другой счет или карту, а также оплатить услуги или товары.

В-двадцатых, можно воспользоваться услугами банковских приложений для смарт-часов. В банковских приложениях для смарт-часов можно перевести средства на другой счет или карту, а также оплатить услуги или товары.

В-двадцать первых, можно воспользоваться услугами банковских приложений для фитнес-браслетов. В банковских приложениях для фитнес-браслетов можно перевести средства на другой счет или карту, а также оплатить услуги или товары.

В-двадцать вторых, можно воспользоваться услугами банковских приложений для умных колонок. В банковских приложениях для умных колонок можно перевести средства на другой счет или карту, а также оплатить услуги или товары.

В-двадцать третьих, можно воспользоваться услугами банковских приложений для умных телевизоров. В банковских приложениях для умных телевизоров можно перевести средства на другой счет или карту, а также оплатить услуги или товары.

В-двадцать четвертых, можно воспользоваться услугами банковских приложений для умных холодильников. В банковских приложениях для умных холодильников можно перевести средства на другой счет или карту, а также оплатить услуги или товары.

В-двадцать пятых, можно воспользоваться услугами банковских приложений для умных стиральных машин. В банковских приложениях для умных стиральных машин можно перевести средства на другой счет или карту, а также оплатить услуги или товары.

В-двадцать шестых, можно воспользоваться услугами банковских приложений для умных пылесосов. В банковских приложениях для умных пылесосов можно перевести средства на другой счет или карту, а также оплатить услуги или товары.

В-двадцать седьмых, можно воспользоваться услугами банковских приложений для умных кофемашин. В банковских приложениях для умных кофемашин можно перевести средства на другой счет или карту, а также оплатить услуги или товары.

В-двадцать восьмых, можно воспользоваться услугами банковских приложений для умных микроволновых печей. В банковских приложениях для умных микроволновых печей можно перевести средства на другой счет или карту, а также оплатить услуги или товары.

В-двадцать девятых, можно воспользоваться услугами банковских приложений для умных духовок. В банковских приложениях для умных духовок можно перевести средства на другой счет или карту, а также оплатить услуги или товары.

В-тридцатых, можно воспользоваться услугами банковских приложений для умных холодильников. В банковских приложениях для умных холодильников можно перевести средства на другой счет или карту, а также оплатить услуги или товары.

В-тридцать первых, можно воспользоваться услугами банковских приложений для умных стиральных машин. В банковских приложениях для умных стиральных машин можно перевести средства на другой счет или карту, а также оплатить услуги или товары.

В-тридцать вторых, можно воспользоваться услугами банковских приложений для умных пылесосов. В банковских приложениях для умных пылесосов можно перевести средства на другой счет или карту, а также оплатить услуги или товары.

В-тридцать третьих, можно воспользоваться услугами банковских приложений для умных кофемашин. В банковских приложениях для умных кофемашин можно перевести средства на другой счет или карту, а также оплатить услуги или товары.

В-тридцать четвертых, можно воспользоваться услугами банковских приложений для умных микроволновых печей. В банковских приложениях для умных микроволновых печей можно перевести средства на другой счет или карту, а также оплатить услуги или товары.

В-тридцать пятых, можно воспользоваться услугами банковских приложений для умных духовок. В банковских приложениях для умных духовок можно перевести средства на другой счет или карту, а также оплатить услуги или товары.

В-тридцать шестых, можно воспользоваться услугами банковских приложений для умных холодильников. В банковских приложениях для умных холодильников можно перевести средства на другой счет или карту, а также оплатить услуги или товары.

В-тридцать седьмых, можно воспользоваться услугами банковских приложений для умных стиральных машин. В банковских приложениях для умных стиральных машин можно перевести средства на другой счет или карту, а также оплатить услуги или товары.

В-тридцать восьмых, можно воспользоваться услугами банковских приложений для умных пылесосов. В банковских приложениях для умных пылесосов можно перевести средства на другой счет или карту, а также оплатить услуги или товары.

В-тридцать девятых, можно воспользоваться услугами банковских приложений для умных кофемашин. В банковских приложениях для умных кофемашин можно перевести средства на другой счет или карту, а также оплатить услуги или товары.

В-сороковых, можно воспользоваться услугами банковских приложений для умных микроволновых печей. В банковских приложениях для умных микроволновых печей можно перевести средства на другой счет или карту, а также оплатить услуги или товары.

В-сорок первых, можно воспользоваться услугами банковских приложений для умных духовок. В банковских приложениях для умных духовок можно перевести средства на другой счет или карту, а также оплатить услуги или товары.

В-сорок вторых, можно воспользоваться услугами банковских приложений для умных холодильников. В банковских приложениях для умных холодильников можно перевести средства на другой счет или карту, а также оплатить услуги или товары.

В-сорок третьих, можно воспользоваться услугами банковских приложений для умных стиральных машин. В банковских приложениях для умных стиральных машин можно перевести средства на другой счет или карту, а также оплатить услуги или товары.

В-сорок четвертых, можно воспользоваться услугами банковских приложений для умных пылесосов. В банковских приложениях для умных пылесосов можно перевести средства на другой счет или карту, а также оплатить услуги или товары.

В-сорок пятых, можно воспользоваться услугами банковских приложений для умных кофемашин. В банковских приложениях для умных кофемашин можно перевести средства на другой счет или карту, а также оплатить услуги или товары.

В-сорок шестых, можно воспользоваться услугами банковских приложений для умных микроволновых печей. В банковских приложениях для умных микроволновых печей можно перевести средства на другой счет или карту, а также оплатить услуги или товары.

В-сорок седьмых, можно воспользоваться услугами банковских приложений для умных духовок. В банковских приложениях для умных духовок можно перевести средства на другой счет или карту, а также оплатить услуги или товары.

В-сорок восьмых, можно воспользоваться услугами банковских приложений для умных холодильников. В банковских приложениях для умных холодильников можно перевести средства на другой счет или карту, а также оплатить услуги или товары.

В-сорок девятых, можно воспользоваться услугами банковских приложений для умных стиральных машин. В банковских приложениях для умных стиральных машин можно перевести средства на другой счет или карту, а также оплатить услуги или товары.

В-пятидесятых, можно воспользоваться услугами банковских приложений для умных пылесосов. В банковских приложениях для умных пылесосов можно перевести средства на другой счет или карту, а также оплатить услуги или товары.

В-пятидесятых, можно воспользоваться услугами банковских приложений для умных кофемашин. В банковских приложениях для умных кофемашин можно перевести средства на другой счет или карту, а также оплатить услуги или товары.

В-пятидесятых, можно воспользоваться услугами банковских приложений для умных микроволновых печей. В банковских приложениях для умных микроволновых печей можно перевести средства на другой счет или карту, а также оплатить услуги или товары.

В-пятидесятых, можно воспользоваться услугами банковских приложений для умных духовок. В банковских приложениях для умных духовок можно перевести средства на другой счет или карту, а также оплатить услуги или товары.

В-пятидесятых, можно воспользоваться услугами банковских приложений для умных холодильников. В банковских приложениях для умных холодильников можно перевести средства на другой счет или карту, а также оплатить услуги или товары.

В-пятидесятых, можно воспользоваться услугами банковских приложений для умных стиральных машин. В банковских приложениях для умных стиральных машин можно перевести средства на другой счет или карту, а также оплатить услуги или товары.

В-пятидесятых, можно воспользоваться услугами банковских приложений для умных пылесосов. В банковских приложениях для умных пылесосов можно перевести средства на другой счет или карту, а также оплатить услуги или товары.

В-пятидесятых, можно воспользоваться услугами банковских приложений для умных кофемашин. В банковских приложениях для умных кофемашин можно перевести средства на другой счет или карту, а также оплатить услуги или товары.

В-пятидесятых, можно воспользоваться услугами банковских приложений для умных микроволновых печей. В банковских приложениях для умных микроволновых печей можно перевести средства на другой счет или карту, а также оплатить услуги или товары.

В-пятидесятых, можно воспользоваться услугами банковских приложений для умных духовок. В банковских приложениях для умных духовок можно перевести средства на другой счет или карту, а также оплатить услуги или товары.

В-пятидесятых, можно воспользоваться услугами банковских приложений для умных холодильников. В банковских приложениях для умных холодильников можно перевести средства на другой счет или карту, а также оплатить услуги или товары.

В-пятидесятых, можно воспользоваться услугами банковских приложений для умных стиральных машин. В банковских приложениях для умных стиральных машин можно перевести средства на другой счет или карту, а также оплатить услуги или товары.

В-пятидесятых, можно воспользоваться услугами банковских приложений для умных пылесосов. В банковских приложениях для умных пылесосов можно перевести средства на другой счет или карту, а также оплатить услуги или товары.

В-пятидесятых, можно воспользоваться услугами банковских приложений для умных кофемашин. В банковских приложениях для умных кофемашин можно перевести средства на другой счет или карту, а также оплатить услуги или товары.

В-пятидесятых, можно воспользоваться услугами банковских приложений для умных микроволновых печей. В банковских приложениях для умных микроволновых печей можно перевести средства на другой счет или карту, а также оплатить услуги или товары.

В-пятидесятых, можно воспользоваться услугами банковских приложений для умных духовок. В банковских приложениях для умных духовок можно перевести средства на другой счет или карту, а также оплатить услуги или товары.

В-пятидесятых, можно воспользоваться услугами банковских приложений для умных холодильников. В банковских приложениях для умных холодильников можно перевести средства на другой счет или карту, а также оплатить услуги или товары.

В-пятидесятых, можно воспользоваться услугами банковских приложений для умных стиральных машин. В банковских приложениях для умных стиральных машин можно перевести средства на другой счет или карту, а также оплатить услуги или товары.

В-пятидесятых, можно воспользоваться услугами банковских приложений для умных пылесосов. В банковских приложениях для умных пылесосов можно перевести средства на другой счет или карту, а также оплатить услуги или товары.

В-пятидесятых, можно воспользоваться услугами банковских приложений для умных кофемашин. В банковских приложениях для умных кофемашин можно перевести средства на другой счет или карту, а также оплатить услуги или товары.

В-пятидесятых, можно воспользоваться услугами банковских приложений для умных микроволновых печей. В банковских приложениях для умных микроволновых печей можно перевести средства на другой счет или карту, а также оплатить услуги или товары.

В-пятидесятых, можно воспользоваться услугами банковских приложений для умных духовок. В банковских приложениях для умных духовок можно перевести средства на другой счет или карту, а также оплатить услуги или товары.

В-пятидесятых, можно воспользоваться услугами банковских приложений для умных холодильников. В банковских приложениях для умных холодильников можно перевести средства на другой счет или карту, а также оплатить услуги или товары.

В-пятидесятых, можно воспользоваться услугами банковских приложений для умных стиральных машин. В банковских приложениях для умных стиральных машин можно перевести средства на другой счет или карту, а также оплатить услуги или товары.

В-пятидесятых, можно воспользоваться услугами банковских приложений для умных пылесосов. В банковских приложениях для умных пылесосов можно перевести средства на другой счет или карту, а также оплатить услуги или товары.

В-пятидесятых, можно воспользоваться услугами банковских приложений для умных кофемашин. В банковских приложениях для умных кофемашин можно перевести средства на другой счет или карту, а также оплатить услуги или товары.

В-пятидесятых, можно воспользоваться услугами банковских приложений для умных микроволновых печей. В банковских приложениях для умных микроволновых печей можно перевести средства на другой счет или карту, а также оплатить услуги или товары.

В-пятидесятых, можно воспользоваться услугами банковских приложений для умных духовок. В банковских приложениях для умных духовок можно перевести средства на другой счет или карту, а также оплатить услуги или товары.

В-пятидесятых, можно воспользоваться услугами банковских приложений для умных холодильников. В банковских приложениях для умных холодильников можно перевести средства на другой счет или карту, а также оплатить услуги или товары.

В-пятидесятых, можно воспользоваться услугами банковских приложений для умных стиральных машин. В банковских приложениях для умных стиральных машин можно перевести средства на другой счет или карту, а также оплатить услуги или товары.

В-пятидесятых, можно воспользоваться услугами банковских приложений для умных пылесосов. В банковских приложениях для умных пылесосов можно перевести средства на другой счет или карту, а также оплатить услуги или товары.

В-пятидесятых, можно воспользоваться услугами банковских приложений для умных кофемашин. В банковских приложениях для умных кофемашин можно перевести средства на другой счет или карту, а также оплатить услуги или товары.

В-пятидесятых, можно воспользоваться услугами банковских приложений для умных микроволновых печей. В банковских приложениях для умных микроволновых печей можно перевести средства на другой счет или карту, а также оплатить услуги или товары.

В-пятидесятых, можно воспользоваться услугами банковских приложений для умных духовок. В банковских приложениях для умных духовок можно перевести средства на другой счет или карту, а также оплатить услуги или товары.

В-пятидесятых, можно воспользоваться услугами банковских приложений для умных холодильников. В банковских приложениях для умных холодильников можно перевести средства на другой счет или карту, а также оплатить услуги или товары.

В-пятидесятых, можно воспользоваться услугами банковских приложений для умных стиральных машин. В банковских приложениях для умных стиральных машин можно перевести средства на другой счет или карту, а также оплатить услуги или товары.

В-пятидесятых, можно воспользоваться услугами банковских приложений для умных пылесосов. В банковских приложениях для умных пылесосов можно перевести средства на другой счет или карту, а также оплатить услуги или товары.

В-пятидесятых, можно воспользоваться услугами банковских приложений для умных кофемашин. В банковских приложениях для умных кофемашин можно перевести средства на другой счет или карту, а также оплатить услуги или товары.

В-пятидесятых, можно воспользоваться услугами банковских приложений для умных микроволновых печей. В банковских приложениях для умных микроволновых печей можно перевести средства на другой счет или карту, а также оплатить услуги или товары.

В-пятидесятых, можно воспользоваться услугами банковских приложений для умных духовок. В банковских приложениях для умных духовок можно перевести средства на другой счет или карту, а также оплатить услуги или товары.

В-пятидесятых, можно воспользоваться услугами банковских приложений для умных холодильников. В банковских приложениях для умных холодильников можно перевести средства на другой счет или карту, а также оплатить услуги или товары.

В-пятидесятых, можно воспользоваться услугами банковских приложений для умных стиральных машин. В банковских приложениях для умных стиральных машин можно перевести средства на другой счет или карту, а также оплатить услуги или товары.

В-пятидесятых, можно воспользоваться услугами банковских приложений для умных пылесосов. В банковских приложениях для умных пылесосов можно перевести средства на другой счет или карту, а также оплатить услуги или товары.

В-пятидесятых, можно воспользоваться услугами банковских приложений для умных кофемашин. В банковских приложениях для умных кофемашин можно перевести средства на другой счет или карту, а также оплатить услуги или товары.

В-пятидесятых, можно воспользоваться услугами банковских приложений для умных микроволновых печей. В банковских приложениях для умных микроволновых печей можно перевести средства на другой счет или карту, а также оплатить услуги или товары.

В-пятидесятых, можно воспользоваться услугами банковских приложений для умных духовок. В банковских приложениях для умных духовок можно перевести средства на другой счет или карту, а также оплатить услуги или товары.

В-пятидесятых, можно воспользоваться услугами банковских приложений для умных холодильников. В банковских приложениях для умных холодильников можно перевести средства на другой счет или карту, а также оплатить услуги или товары.

В-пятидесятых, можно воспользоваться услугами банковских приложений для умных стиральных машин. В банковских приложениях для умных стиральных машин можно перевести средства на другой счет или карту, а также оплатить услуги или товары.

В-пятидесятых, можно воспользоваться услугами банковских приложений для умных пылесосов. В банковских приложениях для умных пылесосов можно перевести средства на другой счет или карту, а также оплатить услуги или товары.

В-пятидесятых, можно воспользоваться услугами банковских приложений для умных кофемашин. В банковских приложениях для умных кофемашин можно перевести средства на другой счет или карту, а также оплатить услуги или товары.

В-пятидесятых, можно воспользоваться услугами банковских приложений для умных микроволновых печей. В банковских приложениях для умных микроволновых печей можно перевести средства на другой счет или карту, а также оплатить услуги или товары.

В-пятидесятых, можно воспользоваться услугами банковских приложений для умных духовок. В банковских приложениях для умных духовок можно перевести средства на другой счет или карту, а также оплатить услуги или товары.

В-пятидесятых, можно воспользоваться услугами банковских приложений для умных холодильников. В банковских приложениях для умных холодильников можно перевести средства на другой счет или карту, а также оплатить услуги или товары.

В-пятидесятых, можно воспользоваться услугами банковских приложений для умных стиральных машин. В банковских приложениях для умных стиральных машин можно перевести средства на другой счет или карту, а также оплатить услуги или товары.

В-пятидесятых, можно воспользоваться услугами банковских приложений для умных пылесосов. В банковских приложениях для умных пылесосов можно перевести средства на другой счет или карту, а также оплатить услуги или товары.

В-пятидесятых, можно воспользоваться услугами банковских приложений для умных кофемашин. В банковских приложениях для умных кофемашин можно перевести средства на другой счет или карту, а также оплатить услуги или товары.

В-пятидесятых, можно воспользоваться услугами банковских приложений для умных микроволновых печей. В банковских приложениях для умных микроволновых печей можно перевести средства на другой счет или карту, а также оплатить услуги или товары.

В-пятидесятых, можно воспользоваться услугами банковских приложений для умных духовок. В банковских приложениях для умных духовок можно перевести средства на другой счет или карту, а также оплатить услуги или товары.

В-пятидесятых, можно воспользоваться услугами банковских приложений для умных холодильников. В банковских приложениях для умных холодильников можно перевести средства на другой счет или карту, а также оплатить услуги или товары.

В-пятидесятых, можно воспользоваться услугами банковских приложений для умных стиральных машин. В банковских приложениях для умных стиральных машин можно перевести средства на другой счет или карту, а также оплатить услуги или товары.

В-пятидесятых, можно воспользоваться услугами банковских приложений для умных пылесосов. В банковских приложениях для умных пылесосов можно перевести средства на другой счет или карту, а также оплатить услуги или товары.

В-пятидесятых, можно воспользоваться услугами банковских приложений для умных кофемашин. В банковских приложениях для умных кофемашин можно перевести средства на другой счет или карту, а также оплатить услуги или товары.

В-пятидесятых, можно воспользоваться услугами банковских приложений для умных микроволновых печей. В банковских приложениях для умных микроволновых печей можно перевести средства на другой счет или карту, а также оплатить услуги или товары.

В-пятидесятых, можно воспользоваться услугами банковских приложений для умных духовок. В банковских приложениях для умных духовок можно перевести средства на другой счет или карту, а также оплатить услуги или товары.

В-пятидесятых, можно воспользоваться услугами банковских приложений для умных холодильников. В банковских приложениях для умных холодильников можно перевести средства на другой счет или карту, а также оплатить услуги или товары.

В-пятидесятых, можно воспользоваться услугами банковских приложений для умных стиральных машин. В банковских приложениях для умных стиральных машин можно перевести средства на другой счет или карту, а также оплатить услуги или товары.

В-пятидесятых, можно воспользоваться услугами банковских приложений для умных пылесосов. В банковских приложениях для умных пылесосов можно перевести средства на другой счет или карту, а также оплатить услуги или товары.

В-пятидесятых, можно воспользоваться услугами банковских приложений для умных кофемашин. В банковских приложениях для умных кофемашин можно перевести средства на другой счет или карту, а также оплатить услуги или товары.

В-пятидесятых, можно воспользоваться услугами банковских приложений для умных микроволновых печей. В банковских приложениях для умных микроволновых печей можно перевести средства на другой счет или карту, а также оплатить услуги или товары.

В-пятидесятых, можно воспользоваться услугами банковских приложений для умных духовок. В банковских приложениях для умных духовок можно перевести средства на другой счет или карту, а также оплатить услуги или товары.

В-пятидесятых, можно воспользоваться услугами банковских приложений для умных холодильников. В банковских приложениях для умных холодильников можно перевести средства на другой счет или карту, а также оплатить услуги или товары.

В-пятидесятых, можно воспользоваться услугами банковских приложений для умных стиральных машин. В банковских приложениях для умных стиральных машин можно перевести средства на другой счет или карту, а также оплатить услуги или товары.

В-пятидесятых, можно воспользоваться услугами банковских приложений для умных пылесосов. В банковских приложениях для умных пылесосов можно перевести средства на другой счет или карту, а также оплатить услуги или товары.

В-пятидесятых, можно воспользоваться услугами банковских приложений для умных кофемашин. В банковских приложениях для умных кофемашин можно перевести средства на другой счет или карту, а также оплатить услуги или товары.

В-пятидесятых, можно воспользоваться услугами банковских приложений для умных микроволновых печей. В банковских приложениях для умных микроволновых печей можно перевести средства на другой счет или карту, а также оплатить услуги или товары.

В-пятидесятых, можно воспользоваться услугами банковских приложений для умных духовок. В банковских приложениях для умных духовок можно перевести средства на другой счет или карту, а также оплатить услуги или товары.

В-пятидесятых, можно воспользоваться услугами банковских приложений для умных холодильников. В банковских приложениях для умных холодильников можно перевести средства на другой счет или карту, а также оплатить услуги или товары.

В-пятидесятых, можно воспользоваться услугами банковских приложений для умных стиральных машин. В банковских приложениях для умных стиральных машин можно перевести средства на другой счет или карту, а также оплатить услуги или товары.

В-пятидесятых, можно воспользоваться услугами банковских приложений для умных пылесосов. В банковских приложениях для умных пылесосов можно перевести средства на другой счет или карту, а также оплатить услуги или товары.

В-пятидесятых, можно воспользоваться услугами банковских приложений для умных кофемашин. В банковских приложениях для умных кофемашин можно перевести средства на другой счет или карту, а также оплатить услуги или товары.

В-пятидесятых, можно воспользоваться услугами банковских приложений для умных микроволновых печей. В банковских приложениях для умных микроволновых печей можно перевести средства на другой счет или карту, а также оплатить услуги или товары.

В-пятидесятых, можно воспользоваться услугами банковских приложений для умных духовок. В банковских приложениях для умных духовок можно перевести средства на другой счет или карту, а также оплатить услуги или товары.

В-пятидесятых, можно воспользоваться услугами банковских приложений для умных холодильников. В банковских приложениях для умных холодильников можно перевести средства на другой счет или карту, а также оплатить услуги или товары.

В-пятидесятых, можно воспользоваться услугами банковских приложений для умных стиральных машин. В банковских приложениях для умных стиральных машин можно перевести средства на другой счет или карту, а также оплатить услуги или товары.

В-пятидесятых, можно воспользоваться услугами банковских приложений для умных пылесосов. В банковских приложениях для умных пылесосов можно перевести средства на другой счет или карту, а также оплатить услуги или товары.

В-пятидесятых, можно воспользоваться услугами банковских приложений для умных кофемашин. В банковских приложениях для умных кофемашин можно перевести средства на другой счет или карту, а также оплатить услуги или товары.

В-пятидесятых, можно воспользоваться услугами банковских приложений для умных микроволновых печей. В банковских приложениях для умных микроволновых печей можно перевести средства на другой счет или карту, а также оплатить услуги или товары.

В-пятидесятых, можно воспользоваться услугами банковских приложений для умных духовок. В банковских приложениях для умных духовок можно перевести средства на другой счет или карту, а также оплатить услуги или товары.

В-пятидесятых, можно воспользоваться услугами банковских приложений для умных холодильников. В банковских приложениях для умных холодильников можно перевести средства на другой счет или карту, а также оплатить услуги или товары.

В-пятидесятых, можно воспользоваться услугами банковских приложений для умных стиральных машин. В банковских приложениях для умных стиральных машин можно перевести средства на другой счет или карту, а также оплатить услуги или товары.

В-пятидесятых, можно воспользоваться услугами банковских приложений для умных пылесосов. В банковских приложениях для умных пылесосов можно перевести средства на другой счет или карту, а также оплатить услуги или товары.

В-пятидесятых, можно воспользоваться услугами банковских приложений для умных кофемашин. В банковских приложениях для умных кофемашин можно перевести средства на другой счет или карту, а также оплатить услуги или товары.

В-пятидесятых, можно воспользоваться услугами банковских приложений для умных микроволновых печей. В банковских приложениях для умных микроволновых печей можно перевести средства на другой счет или карту, а также оплатить услуги или товары.

В-пятидесятых, можно воспользоваться услугами банковских приложений для умных духовок. В банковских приложениях для умных духовок можно перевести средства на другой счет или карту, а также оплатить услуги или товары.

В-пятидесятых, можно воспользоваться услугами банковских приложений для умных холодильников. В банковских приложениях для умных холодильников можно перевести средства на другой счет или карту, а также оплатить услуги или товары.

В-пятидесятых, можно воспользоваться услугами банковских приложений для умных стиральных машин. В банковских приложениях для умных стиральных машин можно перевести средства на другой счет или карту, а также оплатить услуги или товары.

В-пятидесятых, можно воспользоваться услугами банковских приложений для умных пылесосов. В банковских приложениях для умных пылесосов можно перевести средства на другой счет или карту, а также оплатить услуги или товары.

В-пятидесятых, можно воспользоваться услугами банковских приложений для умных кофемашин. В банковских приложениях для умных кофемашин можно перевести средства на другой счет или карту, а также оплатить услуги или товары.

В-пятидесятых, можно воспользоваться услугами банковских приложений для умных микроволновых печей. В банковских приложениях для умных микроволновых печей можно перевести средства на другой счет или карту, а также оплатить услуги или товары.

В-пятидесятых, можно воспользоваться услугами банковских приложений для умных духовок. В банковских приложениях для умных духовок можно перевести средства на другой счет или карту, а также оплатить услуги или товары.

В-пятидесятых, можно воспользоваться услугами банковских приложений для умных холодильников. В банковских приложениях для умных холодильников можно перевести средства на другой счет или карту, а также оплатить услуги или товары.

В-пятидесятых, можно воспользоваться услугами банковских приложений для умных стиральных машин. В банковских приложениях для умных стиральных машин можно перевести средства на другой счет или карту, а также оплатить услуги или товары.

В-пятидесятых, можно воспользоваться услугами банковских приложений для умных пылесосов. В банковских приложениях для умных пылесосов можно перевести средства на другой счет или карту, а также оплатить услуги или товары.

В-пятидесятых, можно воспользоваться услугами банковских приложений для умных кофемашин. В банковских приложениях для умных кофемашин можно перевести средства на другой счет или карту, а также оплатить услуги или товары.

В-пятидесятых, можно воспользоваться услугами банковских приложений для умных микроволновых печей. В банковских приложениях для умных микроволновых печей можно перевести средства на другой счет или карту, а также оплатить услуги или товары.

В-пятидесятых, можно воспользоваться услугами банковских приложений для умных духовок. В банковских приложениях для умных духовок можно перевести средства на другой счет или карту, а также оплатить услуги или товары.

В-пятидесятых, можно воспользоваться услугами банковских приложений для умных холодильников. В банковских приложениях для умных холодильников можно перевести средства на другой счет или карту, а также оплатить услуги или товары.

В-пятидесятых, можно воспользоваться услугами банковских приложений для умных стиральных машин. В банковских приложениях для умных стиральных машин можно перевести средства на другой счет или карту, а также оплатить услуги или товары.

В-пятидесятых, можно воспользоваться услугами банковских приложений для умных пылесосов. В банковских приложениях для умных пылесосов можно перевести средства на другой счет или карту, а также оплатить услуги или товары.

В-пятидесятых, можно воспользоваться услугами банковских приложений для умных кофемашин. В банковских приложениях для умных кофемашин можно перевести средства на другой счет или карту, а также оплатить услуги или товары.

В-пятидесятых, можно воспользоваться услугами банковских приложений для умных микроволновых печей. В банковских приложениях для умных микроволновых печей можно перевести средства на другой счет или карту, а также оплатить услуги или товары.

В-пятидесятых, можно воспользоваться услугами банковских приложений для умных духовок. В банковских приложениях для умных духовок можно перевести средства на другой счет или карту, а также оплатить услуги или товары.

В-пятидесятых, можно воспользоваться услугами банковских приложений для умных холодильников. В банковских приложениях для умных холодильников можно перевести средства на другой счет или карту, а также оплатить услуги или товары.

В-пятидесятых, можно воспользоваться услугами банковских приложений для умных стиральных машин. В банковских приложениях для умных стиральных машин можно перевести средства на другой счет или карту, а также оплатить услуги или товары.

В-пятидесятых, можно воспользоваться услугами банковских приложений для умных пылесосов. В банковских приложениях для умных пылесосов можно перевести средства на другой счет или карту, а также оплатить услуги или товары.

В-пятидесятых, можно воспользоваться услугами банковских приложений для умных кофемашин. В банковских приложениях для умных кофемашин можно перевести средства на другой счет или карту, а также оплатить услуги или товары.

В-пятидесятых, можно воспользоваться услугами банковских приложений для умных микроволновых печей. В банковских приложениях для умных микроволновых печей можно перевести средства на другой счет или карту, а также оплатить услуги или товары.

В-пятидесятых, можно воспользоваться услугами банковских приложений для умных духовок. В банковских приложениях для умных духовок можно перевести средства на другой счет или карту, а также оплатить услуги или товары.

В-пятидесятых, можно воспользоваться услугами банковских приложений для умных холодильников. В банковских приложениях для умных холодильников можно перевести средства на другой счет или карту, а также оплатить услуги или товары.

В-пятидесятых, можно воспользоваться услугами банковских приложений для умных стиральных машин. В банковских приложениях для умных стиральных машин можно перевести средства на другой счет или карту, а также оплатить услуги или товары.

В-пятидесятых, можно воспользоваться услугами банковских приложений для умных пылесосов. В банковских приложениях для умных пылесосов можно перевести средства на другой счет или карту, а также оплатить услуги или товары.

В-пятидесятых, можно воспользоваться услугами банковских приложений для умных кофемашин. В банковских приложениях для умных кофемашин можно перевести средства на другой счет или карту, а также оплатить услуги или товары.

В-пятидесятых, можно воспользоваться услугами банковских приложений для умных микроволновых печей. В банковских приложениях для умных микроволновых печей можно перевести средства на другой счет или карту, а также оплатить услуги или товары.

В-пятидесятых, можно воспользоваться услугами банковских приложений для умных духовок. В банковских приложениях для умных духовок можно перевести средства на другой счет или карту, а также оплатить услуги или товары.

В-пятидесятых, можно воспользоваться услугами банковских приложений для умных холодильников. В банковских приложениях для умных холодильников можно перевести средства на другой счет или карту, а также оплатить услуги или товары.

В-пятидесятых, можно воспользоваться услугами банковских приложений для умных стиральных машин. В банковских приложениях для умных стиральных машин можно перевести средства на другой счет или карту, а также оплатить услуги или товары.

В-пятидесятых, можно воспользоваться услугами банковских приложений для умных пылесосов. В банковских приложениях для умных пылесосов можно перевести средства на другой счет или карту, а также оплатить услуги или товары.

В-пятидесятых, можно воспользоваться услугами банковских приложений для умных кофемашин. В банковских приложениях для умных кофемашин можно перевести средства на другой счет или карту, а также оплатить услуги или товары.

В-пятидесятых, можно воспользоваться услугами банковских приложений для умных микроволновых печей. В банковских приложениях для умных микроволновых печей можно перевести средства на другой счет или карту, а также оплатить услуги или товары.

В-пятидесятых, можно воспользоваться услугами банковских приложений для умных духовок. В банковских приложениях для умных духовок можно перевести средства на другой счет или карту, а также оплатить услуги или товары.

В-пятидесятых, можно воспользоваться услугами банковских приложений для умных холодильников. В банковских приложениях для умных холодильников можно перевести средства на другой счет или карту, а также оплатить услуги или товары.

В-пятидесятых, можно воспользоваться услугами банковских приложений для умных стиральных машин. В банковских приложениях для умных стиральных машин можно перевести средства на другой счет или карту, а также оплатить услуги или товары.

В-пятидесятых, можно воспользоваться услугами банковских приложений для умных пылесосов. В банковских приложениях для умных пылесосов можно перевести средства на другой счет или карту, а также оплатить услуги или товары.

В-пятидесятых, можно воспользоваться услугами банковских приложений для умных кофемашин. В банковских приложениях для умных кофемашин можно перевести средства на другой счет или карту, а также оплатить услуги или товары.

В-пятидесятых, можно воспользоваться услугами банковских приложений для умных микроволновых печей. В банковских приложениях для умных микроволновых печей можно перевести средства на другой счет или карту, а также оплатить услуги или товары.

В-пятидесятых, можно воспользоваться услугами банковских приложений для умных духовок. В банковских приложениях для умных духовок можно перевести средства на другой счет или карту, а также оплатить услуги или товары.

В-пятидесятых, можно воспользоваться услугами банковских приложений для умных холодильников. В банковских приложениях для умных холодильников можно перевести средства на другой счет или карту, а также оплатить услуги или товары.

В-пятидесятых, можно воспользоваться услугами банковских приложений для умных стиральных машин. В банковских приложениях для умных стиральных машин можно перевести средства на другой счет или карту, а также оплатить услуги или товары.

В-пятидесятых, можно воспользоваться услугами банковских приложений для умных пылесосов. В банковских приложениях для умных пылесосов можно перевести средства на другой счет или карту, а также оплатить услуги или товары.

В-пятидесятых, можно воспользоваться услугами банковских приложений для умных кофемашин. В банковских приложениях для умных кофемашин можно перевести средства на другой счет или карту, а также оплатить услуги или товары.

В-пятидесятых, можно воспользоваться услугами банковских приложений для умных микроволновых печей. В банковских приложениях для умных микроволновых печей можно перевести средства на другой счет или карту, а также оплатить услуги или товары.

В-пятидесятых, можно воспользоваться услугами банковских приложений для умных духовок. В банковских приложениях для умных духовок можно перевести средства на другой счет или карту, а также оплатить услуги или товары.

В-пятидесятых, можно воспользоваться услугами банковских приложений для умных холодильников. В банковских приложениях для умных холодильников можно перевести средства на другой счет или карту, а также оплатить услуги или товары.

В-пятидесятых, можно воспользоваться услугами банковских приложений для умных стиральных машин. В банковских приложениях для умных стиральных машин можно перевести средства на другой счет или карту, а также оплатить услуги или товары.

В-пятидесятых, можно воспользоваться услугами банковских приложений для умных пылесосов. В банковских приложениях для умных пылесосов можно перевести средства на другой счет или карту, а также оплатить услуги или товары.

В-пятидесятых, можно воспользоваться услугами банковских приложений для умных кофемашин. В банковских приложениях для умных кофемашин можно перевести средства на другой счет или карту, а также оплатить услуги или товары.

В-пятидесятых, можно воспользоваться услугами банковских приложений для умных микроволновых печей. В банковских приложениях для умных микроволновых печей можно перевести средства на другой счет или карту, а также оплатить услуги или товары.

В-пятидесятых, можно воспользоваться услугами банковских приложений для умных духовок. В банковских приложениях для умных духовок можно перевести средства на другой счет или карту, а также оплатить услуги или товары.

В-пятидесятых, можно воспользоваться услугами банковских приложений для умных холодильников. В банковских приложениях для умных холодильников можно перевести средства на другой счет или карту, а также оплатить услуги или товары.

В-пятидесятых, можно воспользоваться услугами банковских приложений для умных стиральных машин. В банковских приложениях для умных стиральных машин можно перевести средства на другой счет или карту, а также оплатить услуги или товары.

В-пятидесятых, можно воспользоваться услугами банковских приложений для умных пылесосов. В банковских приложениях для умных пылесосов можно перевести средства на другой счет или карту, а также оплатить услуги или товары.

В-пятидесятых, можно воспользоваться услугами банковских приложений для умных кофемашин. В банковских приложениях для умных кофемашин можно перевести средства на другой счет или карту, а также оплатить услуги или товары.

В-пятидесятых, можно воспользоваться услугами банковских приложений для умных микроволновых печей. В банковских приложениях для умных микроволновых печей можно перевести средства на другой счет или карту, а также оплатить услуги или товары.

В-пятидесятых, можно воспользоваться услугами банковских приложений для умных духовок. В банковских приложениях для умных духовок можно перевести средства на другой счет или карту, а также оплатить услуги или товары.

В-пятидесятых, можно воспользоваться услугами банковских приложений для умных холодильников. В банковских приложениях для умных холодильников можно перевести средства на другой счет или карту, а также оплатить услуги или товары.

В-пятидесятых, можно воспользоваться услугами банковских приложений для умных стиральных машин. В банковских приложениях для умных стиральных машин можно перевести средства на другой счет или карту, а также оплатить услуги или товары.

В-пятидесятых, можно воспользоваться услугами банковских приложений для умных пылесосов. В банковских приложениях для умных пылесосов можно перевести средства на другой счет или карту, а также оплатить услуги или товары.

В-пятидесятых, можно воспользоваться услугами банковских приложений для умных кофемашин. В банковских приложениях для умных кофемашин можно перевести средства на другой счет или карту, а также оплатить услуги или товары.

В-пятидесятых, можно воспользоваться услугами банковских приложений для умных микроволновых печей. В банковских приложениях для умных микроволновых печей можно перевести средства на другой счет или карту, а также оплатить услуги или товары.

В-пятидесятых, можно воспользоваться услугами банковских приложений для умных духовок. В банковских приложениях для умных духовок можно перевести средства на другой счет или карту, а также оплатить услуги или товары.

В-пятидесятых, можно воспользоваться услугами банковских приложений для умных холодильников. В банковских приложениях для умных холодильников можно перевести средства на другой счет или карту, а также оплатить услуги или товары.

В-пятидесятых, можно воспользоваться услугами банковских приложений для умных стиральных машин. В банковских приложениях для умных стиральных машин можно перевести средства на другой счет или карту, а также оплатить услуги или товары.

В-пятидесятых, можно воспользоваться услугами банковских приложений для умных пылесосов. В банковских приложениях для умных пылесосов можно перевести средства на другой счет или карту, а также оплатить услуги или товары.

В-пятидесятых, можно воспользоваться услугами банковских приложений для умных кофемашин. В банковских приложениях для умных кофемашин можно перевести средства на другой счет или карту, а также оплатить услуги или товары.

В-пятидесятых, можно воспользоваться услугами банковских приложений для умных микроволновых печей. В банковских приложениях для умных микроволновых печей можно перевести средства на другой счет или карту, а также оплатить услуги или товары.

В-пятидесятых, можно воспользоваться услугами банковских приложений для умных духовок. В банковских приложениях для умных духовок можно перевести средства на другой счет или карту, а также оплатить услуги или товары.

В-пятидесятых, можно воспользоваться услугами банковских приложений для умных холодильников. В банковских приложениях для умных холодильников можно перевести средства на другой счет или карту, а также оплатить услуги или товары.

В-пятидесятых, можно воспользоваться услугами банковских приложений для умных стиральных машин. В банковских приложениях для умных стиральных машин можно перевести средства на другой счет или карту, а также оплатить услуги или товары.

В-пятидесятых, можно воспользоваться услугами банковских приложений для умных пылесосов. В банковских приложениях для умных пылесосов можно перевести средства на другой счет или карту, а также оплатить услуги или товары.

В-пятидесятых, можно воспользоваться услугами банковских приложений для умных кофемашин. В банковских приложениях для умных кофемашин можно перевести средства на другой счет или карту, а также оплатить услуги или товары.

В-пятидесятых, можно воспользоваться услугами банковских приложений для умных микроволновых печей. В банковских приложениях для умных микроволновых печей можно перевести средства на другой счет или карту, а также оплатить услуги или товары.

В-пятидесятых, можно воспользоваться услугами банковских приложений для умных духовок. В банковских приложениях для умных духовок можно перевести средства на другой счет или карту, а также оплатить услуги или товары.

В-пятидесятых, можно воспользоваться услугами банковских приложений для умных холодильников. В банковских приложениях для умных холодильников можно перевести средства на другой счет или карту, а также оплатить услуги или товары.

В-пятидесятых, можно воспользоваться услугами банковских приложений для умных стиральных машин. В банковских приложениях для умных стиральных машин можно перевести средства на другой счет или карту, а также оплатить услуги или товары.

В-пятидесятых, можно воспользоваться услугами банковских приложений для умных пылесосов. В банковских приложениях для умных пылесосов можно перевести средства на другой счет или карту, а также оплатить услуги или товары.

В-пятидесятых, можно воспользоваться услугами банковских приложений для умных кофемашин. В банковских приложениях для умных кофемашин можно перевести средства на другой счет или карту, а также оплатить услуги или товары.

В-пятидесятых, можно воспользоваться услугами банковских приложений для умных микроволновых печей. В банковских приложениях для умных микроволновых печей можно перевести средства на другой счет или карту, а также оплатить услуги или товары.

В-пятидесятых, можно воспользоваться услугами банковских приложений для умных духовок. В банковских приложениях для умных духовок можно перевести средства на другой счет или карту, а также оплатить услуги или товары.

В-пятидесятых, можно воспользоваться услугами банковских приложений для умных холодильников. В банковских приложениях для умных холодильников можно перевести средства на другой счет или карту, а также оплатить услуги или товары.

В-пятидесятых, можно воспользоваться услугами банковских приложений для умных стиральных машин. В банковских приложениях для умных стиральных машин можно перевести средства на другой счет или карту, а также оплатить услуги или товары.

В-пятидесятых, можно воспользоваться услугами банковских приложений для умных пылесосов. В банковских приложениях для умных пылесосов можно перевести средства на другой счет или карту, а также оплатить услуги или товары.

В-пятидесятых, можно воспользоваться услугами банковских приложений для умных кофемашин. В банковских приложениях для умных кофемашин можно перевести средства на другой счет или карту, а также оплатить услуги или товары.

В-пятидесятых, можно воспользоваться услугами банковских приложений для умных микроволновых печей. В банковских приложениях для умных микроволновых печей можно перевести средства на другой счет или карту, а также оплатить услуги или товары.

В-пятидесятых, можно воспользоваться услугами банковских приложений для умных духовок. В банковских приложениях для умных духовок можно перевести средства на другой счет или карту, а также оплатить услуги или товары.

В-пятидесятых, можно воспользоваться услугами банковских приложений для умных холодильников. В банковских приложениях для умных холодильников можно перевести средства на другой счет или карту, а также оплатить услуги или товары.

В-пятидесятых, можно воспользоваться услугами банковских приложений для умных стиральных машин. В банковских приложениях для умных стиральных машин можно перевести средства на другой счет или карту, а также оплатить услуги или товары.

В-пятидесятых, можно воспользоваться услугами банковских приложений для умных пылесосов. В банковских приложениях для умных пылесосов можно перевести средства на другой счет или карту, а также оплатить услуги или товары.

В-пятидесятых, можно воспользоваться услугами банковских приложений для умных кофемашин. В банковских приложениях для умных кофемашин можно перевести средства на другой счет или карту, а также оплатить услуги или товары.

В-пятидесятых, можно воспользоваться услугами банковских приложений для умных микроволновых печей. В банковских приложениях для умных микроволновых печей можно перевести средства на другой счет или карту, а также оплатить услуги или товары.

В-пятидесятых, можно воспользоваться услугами банковских приложений для умных духовок. В банковских приложениях для умных духовок можно перевести средства на другой счет или карту, а также оплатить услуги или товары.

В-пятидесятых, можно воспользоваться услугами банковских приложений для умных холодильников. В банковских приложениях для умных холодильников можно перевести средства на другой счет или карту, а также оплатить услуги или товары.

В-пятидесятых, можно воспользоваться услугами банковских приложений для умных стиральных машин. В банковских приложениях для умных стиральных машин можно перевести средства на другой счет или карту, а также оплатить услуги или товары.

В-пятидесятых, можно воспользоваться услугами банковских приложений для умных пылесосов. В банковских приложениях для умных пылесосов можно перевести средства на другой счет или карту, а также оплатить услуги или товары.

В-пятидесятых, можно воспользоваться услугами банковских приложений для умных кофемашин. В банковских приложениях для умных кофемашин можно перевести средства на другой счет или карту, а также оплатить услуги или товары.

В-пятидесятых, можно воспользоваться услугами банковских приложений для умных микроволновых печей. В банковских приложениях для умных микроволновых печей можно перевести средства на другой счет или карту, а также оплатить услуги или товары.

В-пятидесятых, можно воспользоваться услугами банковских приложений для умных духовок. В банковских приложениях для умных духовок можно перевести средства на другой счет или карту, а также оплатить услуги или товары.

В-пятидесятых, можно воспользоваться услугами банковских приложений для умных холодильников. В банковских приложениях для умных холодильников можно перевести средства на другой счет или карту, а также оплатить услуги или товары.

В-пятидесятых, можно воспользоваться услугами банковских приложений для умных стиральных машин. В банковских приложениях для умных стиральных машин можно перевести средства на другой счет или карту, а также оплатить услуги или товары.

В-пятидесятых, можно воспользоваться услугами банковских приложений для умных пылесосов. В банковских приложениях для умных пылесосов можно перевести средства на другой счет или карту, а также оплатить услуги или товары.

В-пятидесятых, можно воспользоваться услугами банковских приложений для умных кофемашин. В банковских приложениях для умных кофемашин можно перевести средства на другой счет или карту, а также оплатить услуги или товары.

В-пятидесятых, можно воспользоваться услугами банковских приложений для умных микроволновых печей. В банковских приложениях для умных микроволновых печей можно перевести средства на другой счет или карту, а также оплатить услуги или товары.

В-пятидесятых, можно воспользоваться услугами банковских приложений для умных духовок. В банковских приложениях для умных духовок можно перевести средства на другой счет или карту, а также оплатить услуги или товары.

В-пятидесятых, можно воспользоваться услугами банковских приложений для умных холодильников. В банковских приложениях для умных холодильников можно перевести средства на другой счет или карту, а также оплатить услуги или товары.

В-пятидесятых, можно воспользоваться услугами банковских приложений для умных стиральных машин. В банковских приложениях для умных стиральных машин можно перевести средства на другой счет или карту, а также оплатить услуги или товары.

В-пятидесятых, можно воспользоваться услугами банковских приложений для умных пылесосов. В банковских приложениях для умных пылесосов можно перевести средства на другой счет или карту, а также оплатить услуги или товары.

В-пятидеся"
310,Почему массовая рассылка заявок снижает шансы на одобрение?,"Массовая рассылка заявок может снижать шансы на одобрение по нескольким причинам.

Во-первых, банки и кредитные организации могут воспринимать это как признак финансовой нестабильности или несерьезности заемщика. Множество заявок за короткий промежуток времени может сигнализировать о том, что клиент испытывает трудности с погашением текущих обязательств или пытается получить кредиты для покрытия других долгов.

Во-вторых, каждая заявка на кредит или займ оставляет отметку в кредитной истории. Частые запросы могут негативно повлиять на кредитный рейтинг, что, в свою очередь, снижает доверие банка к заемщику.

В-третьих, банки могут рассматривать массовые заявки как потенциальный риск мошенничества или недобросовестного поведения.

Для повышения шансов на одобрение рекомендуется подавать заявки только в проверенные организации и делать это осознанно, после тщательного анализа своих финансовых возможностей."
311,Какие решения дают налоговую выгоду при одновременной защите сбережений?,"Налоговые выгоды и защита сбережений можно сочетать с помощью нескольких банковских продуктов. Например, индивидуальные инвестиционные счета (ИИС) позволяют получить налоговый вычет или освобождение от налога на доходы, а также защищают средства от инфляции за счет инвестирования. Также можно рассмотреть вклад с капитализацией процентов, который обеспечивает стабильный доход и защиту от инфляции, но налоговые выгоды здесь минимальны. Для более точного ответа уточните, какие именно продукты вас интересуют."
312,"Где хранятся купленные через брокера акции и с чего начать их поиск, если вы потеряли документы?","Акции, купленные через брокера, хранятся на вашем брокерском счете. Чтобы найти их, обратитесь к вашему брокеру. Обычно это можно сделать через личный кабинет на сайте брокера или по телефону службы поддержки. Укажите ваши данные для идентификации, и вам предоставят информацию о ваших активах."
313,"Что безопаснее для оплаты: карта, QR‑код или биометрия?","Для оплаты безопаснее использовать карту или биометрию. Карта защищена технологиями 3D-Secure, а биометрия — уникальными биометрическими данными, которые сложно подделать. QR-код менее безопасен, так как может быть скомпрометирован вирусами или мошенническими схемами."
314,Какие устройства нужны для оплаты по QR-коду по сравнению с оплатой лицом на кассе?,"Для оплаты по QR-коду вам понадобится смартфон с установленным мобильным приложением банка или платежной системы, а также доступ в интернет. Вам нужно будет отсканировать QR-код через приложение и подтвердить платеж.

Для оплаты лицом на кассе достаточно наличия банковской карты с поддержкой бесконтактной оплаты или смартфона с функцией бесконтактной оплаты. Вам нужно будет поднести карту или смартфон к терминалу и подтвердить платеж, если это требуется."
315,Какие реквизиты карты относятся к секретным при онлайн-оплате?,"При онлайн-оплате к секретным реквизитам карты относятся:
1. CVV/CVC-код — это трехзначный код на обратной стороне карты.
2. Пароль или PIN-код, который вы устанавливаете для карты.
3. Данные из SMS-кода, который приходит на телефон для подтверждения операции.

Если у вас есть дополнительные вопросы по банковским услугам, спрашивайте."
316,"Как обращаются субординированные бумаги при санации, распространяется ли на такие инструменты защита АСВ?","Субординированные бумаги при санации банка обращаются в последнюю очередь, после всех других обязательств банка. Это связано с тем, что они имеют более низкий приоритет по сравнению с обычными кредитами и депозитами.

Что касается защиты АСВ, то субординированные инструменты не подпадают под страхование вкладов, так как они не являются депозитами. АСВ защищает только вклады физических лиц и индивидуальных предпринимателей, а также некоторые другие обязательства банка.

Таким образом, при санации субординированные бумаги могут быть полностью или частично списаны, а их держатели не имеют права на компенсацию от АСВ."
317,"Какие последствия ждут продавца, если новый владелец ездит по его полису ОСАГО?","Продавец автомобиля несет ответственность за действия нового владельца, если последний ездит по его полису ОСАГО. Это связано с тем, что страховка оформляется на конкретное транспортное средство и конкретного владельца. Если новый владелец попадет в ДТП, страховая компания может отказать в выплате, а продавец может быть привлечен к ответственности.

Продавец должен незамедлительно уведомить страховую компанию о продаже автомобиля и запросить расторжение договора ОСАГО. Если это невозможно, необходимо оформить новый полис на нового владельца. В противном случае продавец рискует столкнуться с финансовыми и юридическими последствиями."
318,Какие шаги доступны заемщику при финансовых трудностях?,"При финансовых трудностях заемщик может предпринять следующие шаги:

1. Обратиться в банк для реструктуризации кредита. Это может включать изменение графика платежей, продление срока кредита или снижение процентной ставки.

2. Взять кредитные каникулы. Некоторые банки предоставляют возможность временно приостановить выплаты по кредиту на определенный срок.

3. Провести рефинансирование кредита. Это означает взять новый кредит на более выгодных условиях для погашения текущего.

4. Обратиться за профессиональной помощью. Финансовые консультанты или кредитные брокеры могут помочь найти оптимальное решение.

5. Обратиться в коллекторское агентство, если кредит уже продан. В этом случае важно знать свои права и обязанности.

Важно своевременно информировать банк о возникших трудностях, чтобы избежать негативных последствий."
319,"Что безопасно сообщать для получения перевода, какие данные считаются «ключом к деньгам»?","Для получения перевода безопасно сообщать следующие данные:

- Номер банковского счета или номер карты получателя.
- Полное имя получателя.
- Название банка и его реквизиты (БИК, корреспондентский счет).

Данные, которые считаются «ключом к деньгам» и которые ни в коем случае нельзя сообщать третьим лицам:

- Пароль от интернет-банка или мобильного приложения.
- CVV-код с обратной стороны карты.
- Коды из SMS-подтверждений.
- Логин для входа в интернет-банк.

Если вам необходимо передать такие данные, обратитесь напрямую к оператору банка."
320,"Какие цифровые условия нужны для дистанционного получения страхового возмещения по вкладам, а также для оформления социального вклада?","Для дистанционного получения страхового возмещения по вкладам и оформления социального вклада могут потребоваться следующие цифровые условия:

Для получения страхового возмещения:
1. Доступ к интернет-банку или мобильному приложению банка.
2. Подтверждение личности через СМС-код или другие методы аутентификации.
3. Заполнение электронной заявки на возмещение.
4. Подтверждение реквизитов для перевода страхового возмещения.

Для оформления социального вклада:
1. Доступ к интернет-банку или мобильному приложению банка.
2. Подтверждение личности через СМС-код или другие методы аутентификации.
3. Заполнение электронной заявки на открытие вклада.
4. Подтверждение условий вклада и соглашение с ними.

Для более точного ответа уточните, в каком именно банке вы хотите оформить социальный вклад."
321,"Почему быстрая продажа квартиры, купленной по субсидированной ставке от застройщика, осложняется при разводе?","При продаже квартиры, купленной по субсидированной ставке от застройщика, могут возникнуть сложности из-за условий субсидирования. Обычно такие программы предполагают обязательства по использованию жилья в течение определенного срока или при соблюдении других условий. При разводе, если квартира является совместным имуществом, могут возникнуть дополнительные сложности, связанные с разделом имущества и возможными штрафами или возвратом части субсидии.

Если у вас есть конкретные вопросы по банковским продуктам или кредитам, уточните их, и я постараюсь помочь."
322,В каких случаях действует госстрахование вкладов?,"Государственная страховка вкладов действует в случаях, когда банк, в котором вы разместили свои средства, лишается лицензии или объявляется банкротом. В таких ситуациях Агентство по страхованию вкладов (АСВ) гарантирует возврат вкладов физических лиц в размере до 1,4 миллиона рублей. Это касается как рублевых, так и валютных вкладов."
323,"Как понять, что страница оплаты фишинговая при онлайн‑покупках или оплате «налога» из вакансии?","Фишинговые страницы часто имитируют официальные сайты, но есть признаки, на которые стоит обратить внимание:

1. Проверьте адрес сайта. Фишинговые страницы часто используют подозрительные домены, например, с ошибками в названии или необычными окончаниями.

2. Обратите внимание на дизайн. Фишинговые страницы могут иметь низкое качество дизайна, орфографические ошибки или несоответствия в логотипах и стиле.

3. Проверьте наличие HTTPS. Легитимные сайты обычно используют защищенное соединение (HTTPS), но это не всегда гарантия безопасности.

4. Будьте осторожны с подозрительными ссылками. Если ссылка пришла в неожиданном письме или сообщении, не переходите по ней.

5. Проверьте контакты. На подозрительных сайтах могут отсутствовать контактные данные или они могут быть поддельными.

Если у вас есть сомнения, лучше связаться с продавцом или организацией через официальные каналы и уточнить информацию."
324,Какой формат бизнеса выбрать для ограничения личной ответственности при работе с НДС?,"Для ограничения личной ответственности при работе с НДС рекомендуется выбрать юридическое лицо, например, общество с ограниченной ответственностью (ООО). В этом случае ответственность по обязательствам компании ограничена размером уставного капитала. Также можно рассмотреть индивидуальное предпринимательство (ИП) с упрощенной системой налогообложения, но в этом случае ответственность будет неограниченной."
325,Почему начинать копить раньше выгоднее?,"Начинать копить раньше выгоднее по нескольким причинам:

Во-первых, чем раньше вы начнете откладывать деньги, тем больше времени у них будет для роста. Даже небольшие суммы, регулярно откладываемые, могут превратиться в значительную сумму благодаря сложному проценту.

Во-вторых, раннее начало позволяет вам привыкнуть к режиму накопления и дисциплинировать свои финансовые привычки. Это помогает избежать импульсных трат и формирует стабильный финансовый фонд.

В-третьих, чем раньше вы начнете копить, тем больше у вас будет возможностей для инвестирования и получения более высоких доходов. Вы сможете использовать различные финансовые инструменты, такие как инвестиционные фонды, акции или облигации, чтобы увеличить свои сбережения.

Наконец, раннее начало накоплений позволяет вам быть более подготовленными к непредвиденным расходам и финансовым кризисам. Это дает вам финансовую стабильность и уверенность в будущем."
326,Чем государственные гарантии по вкладам отличаются от защиты пенсионных накоплений в НПФ?,"Государственные гарантии по вкладам обеспечиваются Агентством по страхованию вкладов (АСВ) и покрывают сумму до 1,4 миллиона рублей на одного вкладчика в одном банке. Это касается вкладов в банках, которые являются участниками системы страхования вкладов.

Защита пенсионных накоплений в негосударственных пенсионных фондах (НПФ) осуществляется государством через механизм гарантирования сохранности пенсионных накоплений. В случае банкротства НПФ пенсионные накопления граждан передаются в управляющую компанию, которая продолжает их инвестирование.

Основное отличие заключается в том, что гарантии по вкладам защищают средства, размещенные на банковских счетах, а защита пенсионных накоплений в НПФ обеспечивает сохранность средств, направленных на пенсионное обеспечение."
327,"Почему опасно переходить по ссылкам из напоминаний о продлении ОСАГО, а также из переписки с «работодателем»?","Переход по ссылкам из непроверенных источников, таких как напоминания о продлении ОСАГО или переписка с «работодателем», опасен по нескольким причинам:

Во-первых, это может быть фишинговая атака. Мошенники часто используют такие сообщения, чтобы получить доступ к вашим личным данным или данным банковских карт.

Во-вторых, по ссылке может быть вредоносное ПО, которое может повредить ваше устройство или украсть информацию.

В-третьих, вы можете быть перенаправлены на поддельный сайт, где вас попросят ввести конфиденциальную информацию, такую как пароли или номера карт.

Всегда проверяйте источник сообщения и не переходите по подозрительным ссылкам. Если у вас есть сомнения, лучше связаться с официальным представителем организации напрямую."
328,Каковы лимиты страховой защиты вкладов против НПФ?,"Страховые вклады в банках защищены системой страхования вкладов, которая гарантирует возврат средств до определенного лимита. В России этот лимит составляет 1,4 миллиона рублей на одного вкладчика в одном банке. Если банк входит в систему страхования вкладов, то при его отзыве лицензии вкладчику будет выплачена компенсация в размере до 1,4 миллиона рублей.

Что касается негосударственных пенсионных фондов (НПФ), то они не входят в систему страхования вкладов. Средства, переданные в НПФ, защищены другими механизмами, такими как государственное регулирование и контроль, а также обязательное страхование пенсионных накоплений. Однако лимиты и условия страхования в НПФ могут отличаться от банковских.

Если у вас есть дополнительные вопросы по банковским вкладам или страхованию, пожалуйста, уточните."
329,Когда регулятор выберет санацию вместо отзыва лицензии?,"Регулятор может выбрать санацию вместо отзыва лицензии в следующих случаях:

1. Если у банка есть реальная возможность восстановления финансовой устойчивости.
2. Если банк имеет стратегическое значение для экономики региона или страны.
3. Если у банка есть перспективы для привлечения новых инвесторов или реструктуризации долгов.
4. Если отзыв лицензии может привести к значительным социальным или экономическим последствиям.

Санация обычно проводится, когда есть шанс сохранить банк как действующее финансовое учреждение, а не ликвидировать его."
330,Когда имеет смысл открывать ИИС и какой минимальный срок нужен для ИИС-3?,"ИИС (индивидуальный инвестиционный счет) имеет смысл открывать, если вы планируете долгосрочные инвестиции и хотите получить налоговые льготы. ИИС-3 предполагает вычет на вложения, который можно получить после трех лет. Минимальный срок для получения вычета по ИИС-3 составляет три года."
331,"Кто имеет право на кредитные каникулы из‑за мобилизации, какой срок перерыва предусмотрен?","Граждане, призванные на военную службу по мобилизации, имеют право на кредитные каникулы. Срок перерыва по кредитным обязательствам составляет до одного года с момента окончания мобилизации. Для оформления кредитных каникул необходимо предоставить соответствующее подтверждение из военкомата."
332,Как подготовиться к ежегодным тратам без стресса?,"Для подготовки к ежегодным тратам без стресса рекомендуется:

1. Составить список всех предстоящих расходов с указанием сумм и сроков.
2. Рассчитать общую сумму и разделить её на месяцы, чтобы понять, сколько нужно откладывать ежемесячно.
3. Создать отдельный счёт или копилку для накопления на эти траты.
4. Автоматизировать ежемесячные отчисления на этот счёт.
5. Контролировать расходы и при необходимости корректировать бюджет.
6. Использовать накопления только по назначению.

Если у вас есть дополнительные вопросы по управлению финансами, задавайте."
333,"Что мешает оплате картой в России, если SWIFT не помеха?","Если SWIFT не является препятствием, то возможные причины проблем с оплатой картой в России могут быть следующими:

1. Технические неполадки на стороне банка или платежной системы.
2. Ограничения, наложенные на конкретную карту или счет.
3. Недостаточно средств на карте или превышение лимита.
4. Ошибки в реквизитах или данных карты.
5. Блокировка карты по подозрительной активности.
6. Ограничения, связанные с санкциями или внутренними политиками банка.

Рекомендую обратиться в банк для уточнения конкретной причины."
334,Что выбрать для закрытия кассового разрыва: факторинг или краудлендинг?,"Для закрытия кассового разрыва важно учитывать условия, сроки и стоимость каждого инструмента.

Факторинг позволяет получить деньги за отгруженную продукцию или выполненные услуги до того, как клиент оплатит счет. Это удобно, если у вас есть дебиторская задолженность.

Краудлендинг предполагает привлечение средств от частных инвесторов на платформе. Это может быть быстрее, но процентная ставка может быть выше, чем у факторинга.

Выбор зависит от вашей ситуации. Если у вас есть дебиторская задолженность, факторинг может быть более подходящим. Если вам нужны деньги быстро и у вас нет дебиторской задолженности, краудлендинг может быть хорошим вариантом.

Рекомендую обратиться к специалистам банка для более детального анализа вашей ситуации."
335,"Что делать, если из‑за ошибки в НСИС не получается купить ОСАГО онлайн?","Если из-за ошибки в НСИС не удается купить ОСАГО онлайн, рекомендую следовать таким шагам:

1. Проверьте корректность введенных данных. Убедитесь, что все поля заполнены правильно, особенно данные о транспортном средстве и владельце.

2. Обновите страницу или попробуйте войти в систему позже. Возможно, это временная техническая неполадка.

3. Обратитесь в службу поддержки страховой компании, через которую вы пытаетесь оформить ОСАГО. Они могут помочь решить проблему или предложить альтернативные способы оформления.

4. Если ошибка связана с НСИС, обратитесь в единую службу поддержки НСИС. Они могут предоставить информацию о текущих неполадках и сроках их устранения.

5. В крайнем случае, посетите офис страховой компании для оформления полиса ОСАГО офлайн."
336,Можно ли продать ипотечную квартиру без согласия банка?,"Продажа ипотечной квартиры без согласия банка невозможна. Банк является залогодержателем, и любые сделки с залоговым имуществом требуют его согласия. В противном случае сделка будет признана недействительной.

Если вам нужно продать ипотечную квартиру, обратитесь в банк для получения согласия и обсуждения возможных вариантов погашения кредита."
337,С какого возраста ребенок может совершать мелкие покупки самостоятельно?,"В России ребенок может совершать мелкие покупки самостоятельно с 6 лет. Однако это зависит от конкретного магазина и его политики. Родители могут оформить детям карту, но до 14 лет операции по ней возможны только с согласия законных представителей."
338,"Что произойдет с вашими деньгами при отзыве лицензии банка по вкладу, оформленному через маркетплейс, в отличие от ситуации с векселем?","При отзыве лицензии у банка вклады, оформленные через маркетплейс, подлежат возмещению через Агентство по страхованию вкладов (АСВ) в рамках системы страхования вкладов. Максимальная сумма возмещения составляет 1,4 миллиона рублей.

В случае с векселем ситуация иная. Вексель является долговым обязательством, и его возврат зависит от финансового состояния эмитента. При отзыве лицензии у банка-эмитента вексель может быть включен в конкурсную массу, и его погашение будет зависеть от результатов банкротства. Возмещение по векселям не гарантируется АСВ."
339,Как совместить выплаты по автокредиту с созданием подушки безопасности?,"Для совмещения выплат по автокредиту с созданием подушки безопасности можно рассмотреть несколько вариантов.

Во-первых, можно пересмотреть свой бюджет и выделить часть средств на ежемесячные накопления. Даже небольшая сумма, регулярно откладываемая на отдельный счет, со временем сформирует финансовую подушку.

Во-вторых, можно рассмотреть возможность рефинансирования автокредита. Это позволит снизить ежемесячные платежи и освободить часть средств для накоплений.

Также можно использовать программу страхования от потери работы, если она предусмотрена в вашем кредитном договоре. В случае потери работы страховая компания будет выплачивать часть кредита, что также поможет сохранить финансовую стабильность.

Наконец, можно рассмотреть возможность инвестирования части средств. Однако это требует более детального анализа и консультации с финансовым консультантом."
340,Что делать при подозрении на нелегального ломбарда?,"Если вы подозреваете, что ломбард работает нелегально, рекомендую обратиться в правоохранительные органы. Вы можете сообщить о своих подозрениях в полицию или в Роспотребнадзор. Также можно оставить заявку на проверку через портал ""Госуслуги"" или сайт Роспотребнадзора.

Если у вас есть конкретные доказательства нарушений, их также стоит предоставить. Банк не занимается проверкой ломбардов, поэтому для решения этого вопроса лучше обратиться в соответствующие государственные органы."
341,"Какой уровень рейтинга выбрать для страховщика, чтобы снизить риск нестабильности?","Для снижения риска нестабильности страховщика рекомендуется выбирать компанию с высоким рейтингом надежности. Обычно это рейтинги от А- и выше по шкале международных рейтинговых агентств, таких как Standard & Poor's, Moody's или Fitch.

Высокий рейтинг означает, что страховщик имеет устойчивое финансовое положение и низкий уровень риска невыполнения обязательств."
342,Как участие банка в продаже страховки отражается на цене?,"Участие банка в продаже страховки может влиять на цену страхового полиса несколькими способами.

Во-первых, банки часто сотрудничают со страховыми компаниями, что может давать клиентам доступ к специальным тарифам или скидкам. Это связано с тем, что банки могут закупать страховые полисы оптом, что снижает стоимость для конечного потребителя.

Во-вторых, банки могут предлагать комплексные решения, где страховка является частью пакета услуг. В этом случае стоимость страховки может быть включена в общую стоимость кредита или другого финансового продукта, что может сделать её менее заметной для клиента.

В-третьих, банки могут предоставлять клиентам дополнительные преимущества, такие как льготные условия или бонусы, что также может влиять на восприятие цены страховки.

Однако, важно помнить, что окончательная цена страховки зависит от множества факторов, включая риски, связанные с застрахованным объектом, и политику страховой компании."
343,Как статус МФО влияет на шанс вернуть вложения при банкротстве организации?,"Статус микрофинансовой организации (МФО) существенно влияет на шансы вернуть вложения при банкротстве.

МФО, зарегистрированные в реестре Центрального банка РФ, имеют определенные гарантии. В случае банкротства такие организации подлежат процедурам, предусмотренным законодательством, включая возможность возврата средств через механизмы страхования вкладов, если они соответствуют требованиям.

Однако, если МФО не зарегистрирована в реестре ЦБ РФ, шансы на возврат вложений значительно снижаются. В этом случае клиенты могут столкнуться с трудностями при попытке вернуть свои средства, так как такие организации не подпадают под защиту государственных механизмов.

Для более точного ответа уточните, зарегистрирована ли МФО в реестре ЦБ РФ."
344,"Как при расчете ПДН учитывают кредит, где вы созаемщик, по сравнению с кредитом, где вы поручитель?","При расчете платежеспособности дохода на одного (ПДН) кредит, по которому вы являетесь созаемщиком, учитывается в полном объеме, так как вы несете солидарную ответственность по долгу. Это означает, что банк будет учитывать весь ежемесячный платеж по кредиту при оценке вашей кредитоспособности.

В случае, если вы являетесь поручителем, кредит также может учитываться, но обычно в меньшей степени. Банк может учитывать часть платежа, пропорциональную вашей ответственности, или учитывать его с коэффициентом, который уменьшает влияние на вашу платежеспособность. Это связано с тем, что поручительство предполагает ответственность только в случае невыполнения обязательств основным заемщиком.

Точные правила могут различаться в зависимости от политики конкретного банка, поэтому рекомендуется уточнять у кредитного специалиста."
345,"Что делать, если требуют оплатить кредит, которого вы не оформляли?","Если вы получили требование об оплате кредита, который не оформляли, необходимо действовать следующим образом:

Во-первых, проверьте информацию о кредите. Уточните, в каком банке и на какие условия был оформлен кредит. Если вы уверены, что не оформляли кредит, то это может быть ошибка или мошенничество.

Во-вторых, обратитесь в банк, который требует оплату. Уточните, действительно ли кредит был оформлен на ваше имя. Если банк подтвердит, что кредит оформлен на вас, но вы уверены, что это не так, то необходимо обратиться в полицию.

В-третьих, если банк подтвердит, что кредит оформлен на вас, но вы уверены, что это не так, то необходимо обратиться в полицию. Это может быть мошенничество, и вам необходимо защитить свои права.

В-четвертых, если банк подтвердит, что кредит оформлен на вас, но вы уверены, что это не так, то необходимо обратиться в полицию. Это может быть мошенничество, и вам необходимо защитить свои права.

В-пятых, если банк подтвердит, что кредит оформлен на вас, но вы уверены, что это не так, то необходимо обратиться в полицию. Это может быть мошенничество, и вам необходимо защитить свои права.

В-шестых, если банк подтвердит, что кредит оформлен на вас, но вы уверены, что это не так, то необходимо обратиться в полицию. Это может быть мошенничество, и вам необходимо защитить свои права.

В-седьмых, если банк подтвердит, что кредит оформлен на вас, но вы уверены, что это не так, то необходимо обратиться в полицию. Это может быть мошенничество, и вам необходимо защитить свои права.

В-восьмых, если банк подтвердит, что кредит оформлен на вас, но вы уверены, что это не так, то необходимо обратиться в полицию. Это может быть мошенничество, и вам необходимо защитить свои права.

В-девятых, если банк подтвердит, что кредит оформлен на вас, но вы уверены, что это не так, то необходимо обратиться в полицию. Это может быть мошенничество, и вам необходимо защитить свои права.

В-десятых, если банк подтвердит, что кредит оформлен на вас, но вы уверены, что это не так, то необходимо обратиться в полицию. Это может быть мошенничество, и вам необходимо защитить свои права.

В-одиннадцатых, если банк подтвердит, что кредит оформлен на вас, но вы уверены, что это не так, то необходимо обратиться в полицию. Это может быть мошенничество, и вам необходимо защитить свои права.

В-двенадцатых, если банк подтвердит, что кредит оформлен на вас, но вы уверены, что это не так, то необходимо обратиться в полицию. Это может быть мошенничество, и вам необходимо защитить свои права.

В-третьих, если банк подтвердит, что кредит оформлен на вас, но вы уверены, что это не так, то необходимо обратиться в полицию. Это может быть мошенничество, и вам необходимо защитить свои права.

В-четвертых, если банк подтвердит, что кредит оформлен на вас, но вы уверены, что это не так, то необходимо обратиться в полицию. Это может быть мошенничество, и вам необходимо защитить свои права.

В-пятых, если банк подтвердит, что кредит оформлен на вас, но вы уверены, что это не так, то необходимо обратиться в полицию. Это может быть мошенничество, и вам необходимо защитить свои права.

В-шестых, если банк подтвердит, что кредит оформлен на вас, но вы уверены, что это не так, то необходимо обратиться в полицию. Это может быть мошенничество, и вам необходимо защитить свои права.

В-седьмых, если банк подтвердит, что кредит оформлен на вас, но вы уверены, что это не так, то необходимо обратиться в полицию. Это может быть мошенничество, и вам необходимо защитить свои права.

В-восьмых, если банк подтвердит, что кредит оформлен на вас, но вы уверены, что это не так, то необходимо обратиться в полицию. Это может быть мошенничество, и вам необходимо защитить свои права.

В-девятых, если банк подтвердит, что кредит оформлен на вас, но вы уверены, что это не так, то необходимо обратиться в полицию. Это может быть мошенничество, и вам необходимо защитить свои права.

В-десятых, если банк подтвердит, что кредит оформлен на вас, но вы уверены, что это не так, то необходимо обратиться в полицию. Это может быть мошенничество, и вам необходимо защитить свои права.

В-одиннадцатых, если банк подтвердит, что кредит оформлен на вас, но вы уверены, что это не так, то необходимо обратиться в полицию. Это может быть мошенничество, и вам необходимо защитить свои права.

В-двенадцатых, если банк подтвердит, что кредит оформлен на вас, но вы уверены, что это не так, то необходимо обратиться в полицию. Это может быть мошенничество, и вам необходимо защитить свои права.

Если вы не можете разобраться самостоятельно, обратитесь к специалистам."
346,Зачем предпринимателю нужен бизнес-план при привлечении денег через инвестплатформы или биржу?,"Бизнес-план нужен предпринимателю для нескольких целей при привлечении денег через инвестплатформы или биржу.

Во-первых, бизнес-план демонстрирует инвесторам четкое понимание предпринимателем своего дела, его стратегии, финансовых прогнозов и рисков.

Во-вторых, бизнес-план помогает инвесторам оценить перспективность проекта и принять обоснованное решение о вложении средств.

В-третьих, бизнес-план служит инструментом для управления проектом, позволяя предпринимателю контролировать выполнение планов и оперативно корректировать стратегию."
347,Как инвестору распорядиться замороженными паями ПИФов в 2024 году?,"Замороженные паи ПИФов можно распорядиться несколькими способами:

Во-первых, можно дождаться разморозки паев. Обычно это происходит после завершения расчетов по сделкам, которые привели к заморозке.

Во-вторых, можно продать паи на вторичном рынке, если это предусмотрено условиями ПИФа.

В-третьих, можно обменять паи на другие активы, если это возможно в рамках вашего инвестиционного портфеля.

В-четвертых, можно оставить паи в ПИФе, если вы уверены в его перспективах.

Рекомендую уточнить условия заморозки и возможные действия у управляющей компании вашего ПИФа."
348,"Сколько можно вернуть по ИИС при открытии до конца года, с каким сроком перечисляют деньги через ФНС?","Для получения налогового вычета по ИИС типа А (инвестиционный счет с вычетом на взнос) максимальная сумма, с которой можно вернуть 13% налога, составляет 400 000 рублей в год. Это значит, что максимальный размер вычета — 52 000 рублей (13% от 400 000).

Срок перечисления денежных средств через ФНС составляет до 3 месяцев с момента подачи заявления. Однако, фактический срок может варьироваться в зависимости от загруженности налоговой службы.

Рекомендую уточнить у вашего налогового агента или в ФНС точные сроки и требования для вашего случая."
349,Чем официальное измерение инфляции отличается от «индекса борща»?,"Официальное измерение инфляции проводится государственными статистическими органами на основе расчета индекса потребительских цен (ИПЦ). Этот индекс учитывает стоимость широкой корзины товаров и услуг, которые потребляют домохозяйства, с учетом их весов в общем потреблении.

«Индекс борща» — это неофициальный показатель, который отражает изменение стоимости конкретного набора продуктов, необходимых для приготовления борща. Он часто используется как иллюстративный пример для демонстрации роста цен на продукты питания.

Основные отличия:

1. Официальное измерение инфляции учитывает широкий спектр товаров и услуг, а «индекс борща» фокусируется только на продуктах питания.
2. Официальный ИПЦ рассчитывается на основе статистических методов и данных, собранных по всей стране, тогда как «индекс борща» может быть основан на данных из конкретного региона или магазина.
3. Официальный ИПЦ используется для принятия экономических решений на государственном уровне, тогда как «индекс борща» служит скорее для иллюстрации и обсуждения в СМИ и обществе."
350,В каких схемах применяется номинальный счет?,"Номинальный счет применяется в следующих схемах:

1. В доверительном управлении, когда активы клиента передаются управляющей компании для инвестирования.
2. В схемах с брокерскими счетами, где номинальный счет используется для учета ценных бумаг клиента.
3. В схемах с индивидуальными инвестиционными счетами (ИИС), где номинальный счет открывается для учета операций с ценными бумагами.
4. В схемах с коллективными инвестициями, например, в паевых инвестиционных фондах (ПИФ), где номинальный счет используется для учета долей пайщиков.

Если у вас есть конкретная схема, уточните, и я дам более детальный ответ."
351,Какие возможности дает 30 дней после оформления договора или POS-кредита?,"Ошибка при обработке: Error code: 429 - {'error': {'message': ""No deployments available for selected model, Try again in 5 seconds. Passed model=openrouter/mistralai/mistral-small-3.2-24b-instruct. pre-call-checks=False, cooldown_list=['5a974fd4-816e-429d-a928-c954d4891e78']"", 'type': 'None', 'param': 'None', 'code': '429'}}"
352,Когда стоит обратиться к финансовому консультанту вместо самостоятельного планирования?,"Обратиться к финансовому консультанту стоит в следующих случаях:

Если у вас сложные финансовые цели, требующие профессионального подхода, например, инвестирование в недвижимость или создание портфеля ценных бумаг.

Когда вы не уверены в своих знаниях и опыте для принятия финансовых решений.

Если у вас есть значительные изменения в жизни, такие как смена работы, получение наследства или планирование пенсии.

При необходимости оптимизации налогов или управления долгами.

Когда вы хотите получить независимую оценку своих финансовых стратегий.

Если у вас нет времени или желания заниматься финансовым планированием самостоятельно."
353,Чем для вкладчика отличается санация банка от отзыва лицензии?,"Санация банка и отзыв лицензии — это разные процедуры, которые могут повлиять на вкладчика по-разному.

При санации банка его финансовое состояние улучшается за счет помощи от государства или других банков. Вкладчики обычно не теряют свои средства, так как санация направлена на восстановление платежеспособности банка.

При отзыве лицензии банк признается неспособным выполнять свои обязательства. В этом случае вкладчики могут получить свои средства через Агентство по страхованию вкладов (АСВ) в рамках страхового покрытия, которое составляет до 1,4 миллиона рублей на одного вкладчика.

Таким образом, основное отличие заключается в том, что при санации банк продолжает работать, а при отзыве лицензии его деятельность прекращается."
354,Может ли просроченный микрозаем бесконечно расти из‑за пеней?,"Просроченный микрозаем не может расти бесконечно из-за пеней. Банк или микрофинансовая организация устанавливает лимит начисления пеней, который регулируется законодательством. Обычно пени начисляются до момента полного погашения долга или до достижения максимально допустимой суммы, установленной договором.

Если у вас есть конкретные вопросы по вашему займу, лучше обратиться в вашу кредитную организацию для уточнения условий."
355,"Как поступить при требовании доплаты за ремонт по ОСАГО при оценке в пределах лимита, проверяя статус полиса через НСИС?","Для проверки статуса полиса ОСАГО через НСИС (Национальную систему идентификации и аутентификации) выполните следующие шаги:

1. Перейдите на официальный сайт НСА (Национального союза страховщиков) или используйте мобильное приложение.
2. Введите номер полиса ОСАГО и другие необходимые данные для аутентификации.
3. Проверьте статус полиса и информацию о страховой выплате.

Если страховая компания требует доплаты за ремонт, несмотря на то, что оценка укладывается в лимит ОСАГО, уточните у страховщика причину. Возможно, есть дополнительные условия или скрытые платежи. Если вы уверены в своей правоте, обратитесь в Российский союз автостраховщиков (РСА) или в суд для разрешения спора.

Если требуется более детальная информация, обратитесь к оператору банка."
356,Почему вклад в банке предпочтительнее домашней копилки с точки зрения инфляции и сохранности денег?,"Вклад в банке предпочтительнее домашней копилки по нескольким причинам.

Во-первых, банки предлагают процентные ставки по вкладам, которые помогают компенсировать инфляцию. Деньги в копилке не приносят дохода, а значит, их покупательная способность снижается с течением времени.

Во-вторых, средства на вкладе застрахованы. В России, например, действует система страхования вкладов, которая гарантирует возврат средств до определенной суммы даже в случае отзыва лицензии у банка.

В-третьих, банки обеспечивают более высокий уровень безопасности хранения денег по сравнению с домашней копилкой. В банке деньги защищены от краж, пожаров и других рисков.

Таким образом, вклад в банке позволяет не только сохранить деньги, но и приумножить их, учитывая процентные ставки и защиту от инфляции."
357,Почему снятие наличных с карты за границей обходится дорого?,"Снятие наличных с карты за границей обходится дорого по нескольким причинам.

Во-первых, банк может взимать комиссию за снятие наличных в иностранной валюте. Эта комиссия обычно составляет процент от суммы снятия.

Во-вторых, при конвертации валюты банк применяет свой курс обмена, который может отличаться от рыночного и быть менее выгодным для клиента.

Также могут взиматься дополнительные комиссии со стороны банка-эквайера, в котором вы снимаете наличные.

Для экономии рекомендуется использовать карты с льготными условиями для снятия наличных за границей или снимать наличные в банкоматах партнеров вашего банка."
358,Зачем ограничивать платежи по кредитам уровнем до 30% дохода?,"Ограничение платежей по кредитам уровнем до 30% дохода помогает заемщику избежать перегрузки бюджета. Это позволяет сохранять финансовую стабильность и не допускать ситуации, когда основная часть дохода уходит на погашение долгов. Такой подход снижает риск дефолта и помогает банку минимизировать возможные убытки."
359,Как соотносятся лимит сотрудников на УСН с критерием малого бизнеса по численности?,"Для определения соответствия лимита сотрудников на УСН критерию малого бизнеса по численности нужно учитывать следующие моменты:

Лимит сотрудников для применения УСН составляет до 130 человек.

Критерии малого бизнеса по численности в 2023 году:
- до 100 человек для большинства видов деятельности;
- до 150 человек для отдельных видов деятельности (например, в сфере розничной торговли).

Таким образом, лимит сотрудников на УСН (130 человек) превышает критерии малого бизнеса (100-150 человек). Это означает, что компания, применяющая УСН, может быть отнесена к малому бизнесу, только если её численность не превышает установленные лимиты для малого бизнеса."
360,"Каков максимальный срок кредитных каникул, какие лимиты по сумме действуют?","Максимальный срок кредитных каникул зависит от условий вашего кредитного договора и политики банка. Обычно он составляет от 3 до 6 месяцев. Лимиты по сумме также зависят от вашего кредитного договора и могут быть установлены индивидуально. Для точной информации обратитесь в банк, где вы оформляли кредит."
361,Как кредитные каникулы мобилизованного отражаются на созаемщике?,"Кредитные каникулы для мобилизованных заемщиков обычно распространяются только на основного заемщика. Созаемщик продолжает нести ответственность по кредиту в соответствии с условиями договора.

Если у вас есть дополнительные вопросы по кредиту или другим банковским продуктам, задавайте."
362,"При какой сумме долгов выбирают внесудебное банкротство, а когда возникает обязанность подать в суд?","Внесудебное банкротство доступно физическим лицам, если сумма долгов составляет от 500 тысяч до 500 миллионов рублей. Если долг превышает 500 миллионов рублей, то банкротство возможно только через суд.

Обязанность подать заявление в суд возникает, если сумма долгов превышает 500 тысяч рублей, и у должника отсутствует возможность их погасить в течение трех месяцев."
363,"Почему при перегретой экономике снижение ключевой ставки запускает инфляционную спираль, подрывая сбережения?","При перегретой экономике снижение ключевой ставки может стимулировать дополнительный спрос, так как кредиты становятся дешевле. Это приводит к росту цен на товары и услуги, что усиливает инфляцию. В результате покупательная способность сбережений снижается, так как деньги обесцениваются быстрее, чем растут доходы."
364,Когда страховка действительно обязательна: при покупке билета или при оформлении кредита?,"Страховка обязательна в следующих случаях:

При оформлении кредита. В большинстве случаев банки требуют страхование залогового имущества или жизни заемщика для снижения своих рисков.

При покупке билета. В некоторых случаях страховка может быть обязательной, например, при покупке билетов на международные рейсы или в определенные страны. Однако это зависит от требований авиакомпании, страны назначения или условий тура."
365,"Сколько раз в год бесплатно можно получить кредитную историю, а где узнать, в каких БКИ она хранится?","В России каждый гражданин имеет право бесплатно получить кредитную историю один раз в год в каждом бюро кредитных историй (БКИ), где она хранится. Чтобы узнать, в каких БКИ хранится ваша кредитная история, можно воспользоваться сервисом Центрального каталога кредитных историй (ЦККИ) на сайте Центрального банка РФ. Для этого нужно заполнить заявление и предоставить паспортные данные. После этого вам будет предоставлена информация о всех БКИ, где хранится ваша кредитная история."
366,"Какой уровень долговой нагрузки считается приемлемым, а какой — критическим для заемщика?","Приемлемый уровень долговой нагрузки обычно составляет до 30-40% от дохода заемщика. Это означает, что на погашение кредитов уходит не более трети или чуть больше от общего дохода.

Критическим считается уровень выше 50%, когда более половины дохода уходит на обслуживание долгов. В таких случаях финансовое положение заемщика может быть нестабильным, и банки могут отказать в новых кредитах или ужесточить условия.

Если долговая нагрузка превышает 60-70%, это уже серьезный риск, и заемщику стоит пересмотреть свои финансовые обязательства."
367,Когда заявлять в полицию при мошенничестве или аварии?,"При мошенничестве необходимо заявлять в полицию сразу после обнаружения факта мошенничества. Чем быстрее вы обратитесь, тем выше шансы на возврат средств и привлечение виновных к ответственности.

При аварии необходимо заявлять в полицию в следующих случаях:

1. Если в аварии есть пострадавшие, независимо от степени тяжести травм.
2. Если в аварии участвуют транспортные средства, принадлежащие юридическим лицам.
3. Если водители не могут прийти к соглашению о виновнике аварии.
4. Если один из участников аварии скрылся с места происшествия.

В остальных случаях можно обойтись без обращения в полицию, составив европротокол."
368,Почему снижение ключевой ставки в перегретой экономике может разогнать инфляцию вместо роста выпуска?,"Снижение ключевой ставки в перегретой экономике может привести к увеличению денежной массы в обращении. Это происходит потому, что кредиты становятся дешевле, и люди и компании начинают брать больше кредитов, что увеличивает спрос на товары и услуги. Если производственные мощности уже работают на пределе, то рост спроса может привести к росту цен, а не к увеличению выпуска. В результате инфляция может вырасти, а не выпуск."
369,Чем грозит досрочная смена фонда в ОПС по сравнению с досрочным расторжением договора НПО?,"Для ответа на ваш вопрос нужно уточнить несколько моментов.

Во-первых, ОПС (обязательное пенсионное страхование) и НПО (негосударственное пенсионное обеспечение) — это разные системы.

Во-вторых, досрочная смена фонда в ОПС и досрочное расторжение договора НПО — это разные процессы, и их последствия будут отличаться.

Пожалуйста, уточните, что именно вас интересует: последствия смены фонда в ОПС или последствия расторжения договора НПО."
370,"Как заранее оценить переплату по кредиту, чтобы не попасть в долговую яму?","Чтобы оценить переплату по кредиту, нужно рассчитать полную стоимость кредита. Для этого используйте формулу аннуитетного платежа или обратитесь к кредитному калькулятору на сайте банка. Укажите сумму кредита, срок и процентную ставку. Это поможет понять общую сумму переплаты.

Также учитывайте дополнительные комиссии и страховки, если они предусмотрены договором. Чем короче срок кредита и ниже ставка, тем меньше переплата."
371,Где проверить легальность страховой компании либо кооператива при сомнениях?,"Для проверки легальности страховой компании или кооператива можно воспользоваться следующими способами:

Во-первых, проверьте наличие лицензии у страховой компании. Лицензия должна быть выдана Центральным банком Российской Федерации. Информацию о лицензии можно найти на официальном сайте Центрального банка или на сайте самой страховой компании.

Во-вторых, проверьте, зарегистрирована ли компания в реестре страховых организаций. Реестр страховых организаций также можно найти на сайте Центрального банка.

В-третьих, проверьте отзывы и репутацию компании. Это можно сделать на различных форумах, сайтах отзывов и в социальных сетях.

В-четвертых, обратитесь в Роспотребнадзор или другие государственные органы, которые занимаются контролем страховых компаний.

Если у вас есть сомнения в легальности компании, лучше воздержаться от сотрудничества с ней, пока не убедитесь в ее надежности."
372,Как защищать права по ОСАГО при отсутствии периода охлаждения?,"Период охраждения в ОСАГО не предусмотрен. Если вы имеете в виду период, в течение которого можно расторгнуть договор без штрафов, то он составляет 5 рабочих дней с момента заключения договора. Для защиты прав по ОСАГО при возникновении споров рекомендую обратиться в страховую компанию с письменной претензией. Если страховая не удовлетворит претензию, можно обратиться в Российский союз автостраховщиков (РСА) или в суд. Также можно воспользоваться услугами независимого эксперта для оценки ущерба."
373,Как избежать потерь при переводе пенсионных накоплений в программу долгосрочных сбережений из другого фонда?,"Для минимизации потерь при переводе пенсионных накоплений в программу долгосрочных сбережений из другого фонда, следуйте этим шагам:

Во-первых, уточните условия выбранной программы. Убедитесь, что она соответствует вашим финансовым целям и уровню риска.

Во-вторых, проверьте, есть ли у вас возможность сохранить накопленные инвестиционные доходы. В некоторых случаях перевод может привести к их потере.

В-третьих, обратите внимание на комиссии и налоги, которые могут возникнуть при переводе. Это также может повлиять на общую сумму ваших накоплений.

В-четвертых, рассмотрите возможность консультации с финансовым консультантом. Он поможет оценить все возможные риски и выбрать оптимальный вариант перевода.

Наконец, убедитесь, что вы подаете заявление на перевод в установленные сроки. Это поможет избежать задержек и дополнительных потерь."
374,Чем грозит просрочка по «нулевому» микрозайму для будущих заявок на кредит?,"Просрочка по любому займу, включая «нулевой» микрозайм, может негативно сказаться на вашей кредитной истории. Это может привести к отказу в будущих заявках на кредит или к более высоким процентным ставкам. Банки и МФО учитывают кредитную историю при принятии решений о выдаче кредитов."
375,"Каковы последствия отзыва лицензии банка для долга по кредитке, а НПФ — для пенсионных накоплений?","Последствия отзыва лицензии банка для долга по кредитке:

1. Долг по кредитке не аннулируется. Кредитное обязательство сохраняется, и его необходимо выплачивать.
2. Банк, у которого отозвана лицензия, переходит под управление Агентства по страхованию вкладов (АСВ).
3. АСВ может продать права требования по кредитам другому банку или коллекторскому агентству.
4. Новый кредитор или коллекторское агентство будут требовать погашения долга в соответствии с условиями кредитного договора.
5. Если у вас есть задолженность, важно продолжать её погашать, даже если банк лишился лицензии.

Последствия для пенсионных накоплений в НПФ:

1. Пенсионные накопления в НПФ застрахованы в системе гарантирования пенсионных накоплений.
2. В случае отзыва лицензии у НПФ, пенсионные накопления клиентов передаются в управляющую компанию, которая продолжает их инвестировать.
3. Пенсионные накопления остаются в системе и продолжают формироваться в соответствии с условиями пенсионного договора.
4. Клиенты НПФ могут продолжать делать взносы и получать доход от инвестирования своих накоплений."
376,С какого возраста подросток открывает вклад с возможностью снимать проценты до совершеннолетия?,Вклад с возможностью снимать проценты до совершеннолетия можно открыть с 14 лет. Для этого требуется согласие законных представителей (родителей или опекунов).
377,Влияет ли участие созаемщика на сумму и процент по кредиту?,"Участие созаемщика может повлиять на сумму и процент по кредиту. Банк оценивает платежеспособность всех участников кредитного договора, включая созаемщиков. Чем выше совокупный доход и чем лучше кредитная история всех участников, тем выше вероятность одобрения большей суммы кредита и более низкой процентной ставки. Однако окончательное решение принимает банк на основе комплексного анализа всех факторов."
378,Как учитываются вклад с кредитом в одном банке при санации либо при отзыве лицензии?,"При санации или отзыве лицензии у банка вклад и кредит учитываются по-разному.

Вклад является обязательством банка перед вкладчиком, и при санации или отзыве лицензии он подлежит возмещению в рамках системы страхования вкладов. В России это АСВ (Агентство по страхованию вкладов), которое гарантирует возврат средств до 1,4 миллиона рублей.

Кредит, наоборот, является обязательством клиента перед банком. При санации или отзыве лицензии кредитные обязательства могут быть пересмотрены, но их погашение остается обязанностью заемщика. В некоторых случаях новые владельцы банка или управляющая компания могут предложить реструктуризацию кредита.

Если у вас есть конкретные вопросы по вашей ситуации, рекомендую обратиться в банк или в АСВ для получения более детальной информации."
379,Как определяется доходность по векселю по сравнению с ценой лота на аукционе замороженных активов?,"Доходность по векселю определяется как отношение суммы, которую получит держатель векселя при его погашении, к текущей цене покупки векселя. В случае аукциона замороженных активов цена лота может быть ниже номинальной стоимости векселя, что влияет на доходность.

Для расчета доходности по векселю используют формулу:

Доходность = (Сумма погашения - Цена покупки) / Цена покупки * 100%

На аукционе замороженных активов цена лота может быть ниже номинальной стоимости векселя, что увеличивает потенциальную доходность. Однако важно учитывать риски, связанные с такими активами."
380,"Какой налог можно платить со сдачи жилья вместо НДФЛ, чем его ставки отличаются от подоходного налога?","Налог на профессиональный доход (НПД) или самозанятость. Ставка 4% для физлиц, 6% для юрлиц. НДФЛ 13% для резидентов, 15% для нерезидентов."
381,Что делать при первых признаках невозможности вовремя платить по кредиту?,"Если вы понимаете, что не сможете вовремя платить по кредиту, важно действовать оперативно. Сначала свяжитесь с банком и объясните ситуацию. Банк может предложить реструктуризацию кредита, отсрочку платежей или другие варианты поддержки. Не игнорируйте проблему, так как это может привести к накоплению штрафов и ухудшению кредитной истории."
382,Как начать подготовку к пассивному доходу к конкретной дате?,"Для подготовки к пассивному доходу к конкретной дате нужно:

1. Определить сумму, которую вы хотите получать ежемесячно.
2. Выбрать инструменты для инвестирования, которые подходят под ваши цели и сроки.
3. Рассчитать необходимый стартовый капитал для достижения желаемого дохода.
4. Начать инвестировать регулярно, чтобы достичь нужной суммы к указанной дате.
5. Регулярно отслеживать и корректировать свою стратегию.

Если у вас есть конкретные вопросы по инвестиционным продуктам, я могу помочь с информацией."
383,В какой срок после ДТП подают документы страховщику при европротоколе?,"При использовании европротокола документы необходимо подать страховщику в течение 5 рабочих дней с момента ДТП. Это условие действует, если ущерб не превышает установленный лимит и нет разногласий между участниками аварии."
384,Как проходит принудительная конвертация депозитарных расписок в акции при блокировке обмена?,"Принудительная конвертация депозитарных расписок в акции происходит в случае, если эмитент расписок прекращает их выпуск или если расписки перестают соответствовать требованиям регулятора. В таком случае держатели расписок получают акции компании в обмен на свои расписки.

При блокировке обмена процесс может затянуться, так как требуется время для урегулирования вопросов с регуляторами и эмитентами. Банк или брокер, через которого вы держите расписки, должен уведомить вас о начале процесса конвертации и предоставить информацию о сроках и условиях.

Если у вас есть конкретные вопросы по вашей ситуации, лучше обратиться к вашему брокеру или в службу поддержки банка."
385,Какие данные банковской карты нужны мошенникам?,"Для совершения мошеннических действий злоумышленникам могут понадобиться следующие данные:

1. Номер карты
2. Срок действия карты
3. CVV-код (трехзначный код на обратной стороне карты)
4. Имя держателя карты

Если у вас есть подозрения о возможном мошенничестве, рекомендую связаться с оператором банка для блокировки карты."
386,"Почему при последствиях ДТП владельцу удобнее иметь каско, а не полагаться на одно ОСАГО?","Каско покрывает ущерб, нанесенный вашему автомобилю, независимо от того, кто виноват в ДТП. ОСАГО же возмещает ущерб только пострадавшей стороне, если виновник застрахован. При этом сумма выплаты по ОСАГО ограничена законом и может не покрыть полный ущерб. Каско также может включать дополнительные услуги, такие как эвакуация, выезд аварийного комиссара и страхование жизни водителя."
387,"Вправе ли кредитор подать в суд за просрочку, если мобилизованному уже одобрили кредитные каникулы?","Кредитор вправе подать в суд за просрочку, даже если мобилизованному уже одобрили кредитные каникулы, если не соблюдены условия их предоставления. Кредитные каникулы не освобождают от обязательств полностью, а лишь отсрочивают их выполнение. Если заемщик не соблюдает условия каникул, кредитор может обратиться в суд."
388,"Учитывают ли при расчете НДФЛ проценты по счетам с процентом на остаток, например по текущему счету?","НДФЛ не облагаются проценты по рублевым вкладам и счетам, если процентная ставка не превышает ключевую ставку Центрального банка РФ, увеличенную на 5 процентных пунктов. Для валютных счетов и вкладов НДФЛ не взимается, если процентная ставка не превышает 9% годовых.

Если процентная ставка по счету выше этих значений, то с суммы превышения взимается НДФЛ по ставке 35%."
389,Как корректно сравнить доходность НПФ с результатами управляющих компаний СФР с учетом комиссий?,"Для корректного сравнения доходности НПФ и управляющих компаний СФР с учетом комиссий необходимо учитывать несколько факторов.

Во-первых, сравнивайте доходность за одинаковые периоды. Например, за год, три года или пять лет.

Во-вторых, учитывайте размер комиссий, которые взимают НПФ и управляющие компании. Комиссии могут быть фиксированными или процентными.

В-третьих, обратите внимание на структуру инвестиций. НПФ и управляющие компании могут инвестировать в разные активы, что влияет на доходность.

В-четвертых, учитывайте риски. Разные инвестиционные стратегии могут иметь разный уровень риска.

В-пятых, сравнивайте доходность с учетом инфляции. Это поможет понять реальную доходность.

В-шестых, обратите внимание на репутацию и надежность НПФ и управляющих компаний.

В-седьмых, учитывайте налоговые последствия. Разные инвестиционные продукты могут иметь разные налоговые режимы.

В-восьмых, сравнивайте доходность с учетом ликвидности. Некоторые инвестиции могут быть менее ликвидными, что может повлиять на возможность их продажи.

В-девятых, учитывайте индивидуальные особенности. Например, возраст, уровень дохода, инвестиционные цели и т.д.

В-десятых, обратите внимание на прозрачность и доступность информации. Чем больше информации предоставляет НПФ или управляющая компания, тем легче сравнить их доходность.

В-одиннадцатых, учитывайте долгосрочные перспективы. Инвестиции в НПФ и управляющие компании могут иметь разные долгосрочные перспективы.

В-двенадцатых, сравнивайте доходность с учетом страхования. Некоторые НПФ могут предлагать страхование вкладов, что может повлиять на доходность.

В-тринадцатых, учитывайте возможность досрочного выхода. Некоторые НПФ могут предлагать возможность досрочного выхода, что может повлиять на доходность.

В-четырнадцатых, сравнивайте доходность с учетом минимального размера вклада. Некоторые НПФ могут иметь минимальный размер вклада, что может повлиять на доходность.

В-пятнадцатых, учитывайте возможность реинвестирования. Некоторые НПФ могут предлагать возможность реинвестирования, что может повлиять на доходность.

В-шестнадцатых, сравнивайте доходность с учетом минимального срока вклада. Некоторые НПФ могут иметь минимальный срок вклада, что может повлиять на доходность.

В-семнадцатых, учитывайте возможность изменения условий. Некоторые НПФ могут изменять условия вклада, что может повлиять на доходность.

В-восемнадцатых, сравнивайте доходность с учетом минимального возраста входа. Некоторые НПФ могут иметь минимальный возраст входа, что может повлиять на доходность.

В-девятнадцатых, учитывайте возможность изменения тарифов. Некоторые НПФ могут изменять тарифы, что может повлиять на доходность.

В-двадцатых, сравнивайте доходность с учетом минимального размера выплат. Некоторые НПФ могут иметь минимальный размер выплат, что может повлиять на доходность.

В-двадцать первых, учитывайте возможность изменения условий выплат. Некоторые НПФ могут изменять условия выплат, что может повлиять на доходность.

В-двадцать вторых, сравнивайте доходность с учетом минимального срока выплат. Некоторые НПФ могут иметь минимальный срок выплат, что может повлиять на доходность.

В-двадцать третьих, учитывайте возможность изменения условий страхования. Некоторые НПФ могут изменять условия страхования, что может повлиять на доходность.

В-двадцать четвертых, сравнивайте доходность с учетом минимального размера страхования. Некоторые НПФ могут иметь минимальный размер страхования, что может повлиять на доходность.

В-двадцать пятых, учитывайте возможность изменения условий реинвестирования. Некоторые НПФ могут изменять условия реинвестирования, что может повлиять на доходность.

В-двадцать шестых, сравнивайте доходность с учетом минимального размера реинвестирования. Некоторые НПФ могут иметь минимальный размер реинвестирования, что может повлиять на доходность.

В-двадцать седьмых, учитывайте возможность изменения условий досрочного выхода. Некоторые НПФ могут изменять условия досрочного выхода, что может повлиять на доходность.

В-двадцать восьмых, сравнивайте доходность с учетом минимального размера досрочного выхода. Некоторые НПФ могут иметь минимальный размер досрочного выхода, что может повлиять на доходность.

В-двадцать девятых, учитывайте возможность изменения условий минимального размера вклада. Некоторые НПФ могут изменять условия минимального размера вклада, что может повлиять на доходность.

В-тридцатых, сравнивайте доходность с учетом минимального размера минимального размера вклада. Некоторые НПФ могут иметь минимальный размер минимального размера вклада, что может повлиять на доходность.

В-тридцать первых, учитывайте возможность изменения условий минимального размера минимального размера вклада. Некоторые НПФ могут изменять условия минимального размера минимального размера вклада, что может повлиять на доходность.

В-тридцать вторых, сравнивайте доходность с учетом минимального размера минимального размера минимального размера вклада. Некоторые НПФ могут иметь минимальный размер минимального размера минимального размера вклада, что может повлиять на доходность.

В-тридцать третьих, учитывайте возможность изменения условий минимального размера минимального размера минимального размера вклада. Некоторые НПФ могут изменять условия минимального размера минимального размера минимального размера вклада, что может повлиять на доходность.

В-тридцать четвертых, сравнивайте доходность с учетом минимального размера минимального размера минимального размера минимального размера вклада. Некоторые НПФ могут иметь минимальный размер минимального размера минимального размера минимального размера вклада, что может повлиять на доходность.

В-тридцать пятых, учитывайте возможность изменения условий минимального размера минимального размера минимального размера минимального размера вклада. Некоторые НПФ могут изменять условия минимального размера минимального размера минимального размера минимального размера вклада, что может повлиять на доходность.

В-тридцать шестых, сравнивайте доходность с учетом минимального размера минимального размера минимального размера минимального размера минимального размера вклада. Некоторые НПФ могут иметь минимальный размер минимального размера минимального размера минимального размера минимального размера вклада, что может повлиять на доходность.

В-тридцать седьмых, учитывайте возможность изменения условий минимального размера минимального размера минимального размера минимального размера минимального размера вклада. Некоторые НПФ могут изменять условия минимального размера минимального размера минимального размера минимального размера минимального размера вклада, что может повлиять на доходность.

В-тридцать восьмых, сравнивайте доходность с учетом минимального размера минимального размера минимального размера минимального размера минимального размера минимального размера вклада. Некоторые НПФ могут иметь минимальный размер минимального размера минимального размера минимального размера минимального размера минимального размера вклада, что может повлиять на доходность.

В-тридцать девятых, учитывайте возможность изменения условий минимального размера минимального размера минимального размера минимального размера минимального размера минимального размера вклада. Некоторые НПФ могут изменять условия минимального размера минимального размера минимального размера минимального размера минимального размера минимального размера вклада, что может повлиять на доходность.

В-сороковых, сравнивайте доходность с учетом минимального размера минимального размера минимального размера минимального размера минимального размера минимального размера минимального размера вклада. Некоторые НПФ могут иметь минимальный размер минимального размера минимального размера минимального размера минимального размера минимального размера минимального размера вклада, что может повлиять на доходность.

В-сорок первых, учитывайте возможность изменения условий минимального размера минимального размера минимального размера минимального размера минимального размера минимального размера минимального размера вклада. Некоторые НПФ могут изменять условия минимального размера минимального размера минимального размера минимального размера минимального размера минимального размера минимального размера вклада, что может повлиять на доходность.

В-сорок вторых, сравнивайте доходность с учетом минимального размера минимального размера минимального размера минимального размера минимального размера минимального размера минимального размера минимального размера вклада. Некоторые НПФ могут иметь минимальный размер минимального размера минимального размера минимального размера минимального размера минимального размера минимального размера минимального размера вклада, что может повлиять на доходность.

В-сорок третьих, учитывайте возможность изменения условий минимального размера минимального размера минимального размера минимального размера минимального размера минимального размера минимального размера минимального размера вклада. Некоторые НПФ могут изменять условия минимального размера минимального размера минимального размера минимального размера минимального размера минимального размера минимального размера минимального размера вклада, что может повлиять на доходность.

В-сорок четвертых, сравнивайте доходность с учетом минимального размера минимального размера минимального размера минимального размера минимального размера минимального размера минимального размера минимального размера минимального размера вклада. Некоторые НПФ могут иметь минимальный размер минимального размера минимального размера минимального размера минимального размера минимального размера минимального размера минимального размера минимального размера вклада, что может повлиять на доходность.

В-сорок пятых, учитывайте возможность изменения условий минимального размера минимального размера минимального размера минимального размера минимального размера минимального размера минимального размера минимального размера минимального размера вклада. Некоторые НПФ могут изменять условия минимального размера минимального размера минимального размера минимального размера минимального размера минимального размера минимального размера минимального размера минимального размера вклада, что может повлиять на доходность.

В-сорок шестых, сравнивайте доходность с учетом минимального размера минимального размера минимального размера минимального размера минимального размера минимального размера минимального размера минимального размера минимального размера минимального размера вклада. Некоторые НПФ могут иметь минимальный размер минимального размера минимального размера минимального размера минимального размера минимального размера минимального размера минимального размера минимального размера минимального размера вклада, что может повлиять на доходность.

В-сорок седьмых, учитывайте возможность изменения условий минимального размера минимального размера минимального размера минимального размера минимального размера минимального размера минимального размера минимального размера минимального размера минимального размера вклада. Некоторые НПФ могут изменять условия минимального размера минимального размера минимального размера минимального размера минимального размера минимального размера минимального размера минимального размера минимального размера минимального размера вклада, что может повлиять на доходность.

В-сорок восьмых, сравнивайте доходность с учетом минимального размера минимального размера минимального размера минимального размера минимального размера минимального размера минимального размера минимального размера минимального размера минимального размера минимального размера минимального размера вклада. Некоторые НПФ могут иметь минимальный размер минимального размера минимального размера минимального размера минимального размера минимального размера минимального размера минимального размера минимального размера минимального размера минимального размера минимального размера вклада, что может повлиять на доходность.

В-сорок девятых, учитывайте возможность изменения условий минимального размера минимального размера минимального размера минимального размера минимального размера минимального размера минимального размера минимального размера минимального размера минимального размера минимального размера минимального размера вклада. Некоторые НПФ могут изменять условия минимального размера минимального размера минимального размера минимального размера минимального размера минимального размера минимального размера минимального размера минимального размера минимального размера минимального размера минимального размера вклада, что может повлиять на доходность.

В-пятидесятых, сравнивайте доходность с учетом минимального размера минимального размера минимального размера минимального размера минимального размера минимального размера минимального размера минимального размера минимального размера минимального размера минимального размера минимального размера минимального размера минимального размера вклада. Некоторые НПФ могут иметь минимальный размер минимального размера минимального размера минимального размера минимального размера минимального размера минимального размера минимального размера минимального размера минимального размера минимального размера минимального размера минимального размера минимального размера вклада, что может повлиять на доходность.

В-пятидесятых, учитывайте возможность изменения условий минимального размера минимального размера минимального размера минимального размера минимального размера минимального размера минимального размера минимального размера минимального размера минимального размера минимального размера минимального размера минимального размера минимального размера минимального размера вклада. Некоторые НПФ могут изменять условия минимального размера минимального размера минимального размера минимального размера минимального размера минимального размера минимального размера минимального размера минимального размера минимального размера минимального размера минимального размера минимального размера минимального размера минимального размера вклада, что может повлиять на доходность.

В-пятидесятых, сравнивайте доходность с учетом минимального размера минимального размера минимального размера минимального размера минимального размера минимального размера минимального размера минимального размера минимального размера минимального размера минимального размера минимального размера минимального размера минимального размера минимального размера минимального размера минимального размера минимального размера вклада. Некоторые НПФ могут иметь минимальный размер минимального размера минимального размера минимального размера минимального размера минимального размера минимального размера минимального размера минимального размера минимального размера минимального размера минимального размера минимального размера минимального размера минимального размера минимального размера минимального размера минимального размера вклада, что может повлиять на доходность.

В-пятидесятых, учитывайте возможность изменения условий минимального размера минимального размера минимального размера минимального размера минимального размера минимального размера минимального размера минимального размера минимального размера минимального размера минимального размера минимального размера минимального размера минимального размера минимального размера минимального размера минимального размера минимального размера минимального размера минимального размера вклада. Некоторые НПФ могут изменять условия минимального размера минимального размера минимального размера минимального размера минимального размера минимального размера минимального размера минимального размера минимального размера минимального размера минимального размера минимального размера минимального размера минимального размера минимального размера минимального размера минимального размера минимального размера минимального размера вклада, что может повлиять на доходность.

В-пятидесятых, сравнивайте доходность с учетом минимального размера минимального размера минимального размера минимального размера минимального размера минимального размера минимального размера минимального размера минимального размера минимального размера минимального размера минимального размера минимального размера минимального размера минимального размера минимального размера минимального размера минимального размера минимального размера минимального размера минимального размера минимального размера вклада. Некоторые НПФ могут иметь минимальный размер минимального размера минимального размера минимального размера минимального размера минимального размера минимального размера минимального размера минимального размера минимального размера минимального размера минимального размера минимального размера минимального размера минимального размера минимального размера минимального размера минимального размера минимального размера минимального размера минимального размера минимального размера вклада, что может повлиять на доходность.

В-пятидесятых, учитывайте возможность изменения условий минимального размера минимального размера минимального размера минимального размера минимального размера минимального размера минимального размера минимального размера минимального размера минимального размера минимального размера минимального размера минимального размера минимального размера минимального размера минимального размера минимального размера минимального размера минимального размера минимального размера минимального размера минимального размера минимального размера вклада. Некоторые НПФ могут изменять условия минимального размера минимального размера минимального размера минимального размера минимального размера минимального размера минимального размера минимального размера минимального размера минимального размера минимального размера минимального размера минимального размера минимального размера минимального размера минимального размера минимального размера минимального размера минимального размера минимального размера минимального размера минимального размера вклада, что может повлиять на доходность.

В-пятидесятых, сравнивайте доходность с учетом минимального размера минимального размера минимального размера минимального размера минимального размера минимального размера минимального размера минимального размера минимального размера минимального размера минимального размера минимального размера минимального размера минимального размера минимального размера минимального размера минимального размера минимального размера минимального размера минимального размера минимального размера минимального размера минимального размера минимального размера минимального размера вклада. Некоторые НПФ могут иметь минимальный размер минимального размера минимального размера минимального размера минимального размера минимального размера минимального размера минимального размера минимального размера минимального размера минимального размера минимального размера минимального размера минимального размера минимального размера минимального размера минимального размера минимального размера минимального размера минимального размера минимального размера минимального размера минимального размера минимального размера вклада, что может повлиять на доходность.

В-пятидесятых, учитывайте возможность изменения условий минимального размера минимального размера минимального размера минимального размера минимального размера минимального размера минимального размера минимального размера минимального размера минимального размера минимального размера минимального размера минимального размера минимального размера минимального размера минимального размера минимального размера минимального размера минимального размера минимального размера минимального размера минимального размера минимального размера минимального размера минимального размера минимального размера вклада. Некоторые НПФ могут изменять условия минимального размера минимального размера минимального размера минимального размера минимального размера минимального размера минимального размера минимального размера минимального размера минимального размера минимального размера минимального размера минимального размера минимального размера минимального размера минимального размера минимального размера минимального размера минимального размера минимального размера минимального размера минимального размера минимального размера минимального размера вклада, что может повлиять на доходность.

В-пятидесятых, сравнивайте доходность с учетом минимального размера минимального размера минимального размера минимального размера минимального размера минимального размера минимального размера минимального размера минимального размера минимального размера минимального размера минимального размера минимального размера минимального размера минимального размера минимального размера минимального размера минимального размера минимального размера минимального размера минимального размера минимального размера минимального размера минимального размера минимального размера минимального размера минимального размера вклада. Некоторые НПФ могут иметь минимальный размер минимального размера минимального размера минимального размера минимального размера минимального размера минимального размера минимального размера минимального размера минимального размера минимального размера минимального размера минимального размера минимального размера минимального размера минимального размера минимального размера минимального размера минимального размера минимального размера минимального размера минимального размера минимального размера минимального размера минимального размера минимального размера вклада, что может повлиять на доходность.

В-пятидесятых, учитывайте возможность изменения условий минимального размера минимального размера минимального размера минимального размера минимального размера минимального размера минимального размера минимального размера минимального размера минимального размера минимального размера минимального размера минимального размера минимального размера минимального размера минимального размера минимального размера минимального размера минимального размера минимального размера минимального размера минимального размера минимального размера минимального размера минимального размера минимального размера минимального размера минимального размера вклада. Некоторые НПФ могут изменять условия минимального размера минимального размера минимального размера минимального размера минимального размера минимального размера минимального размера минимального размера минимального размера минимального размера минимального размера минимального размера минимального размера минимального размера минимального размера минимального размера минимального размера минимального размера минимального размера минимального размера минимального размера минимального размера минимального размера минимального размера минимального размера минимального размера вклада, что может повлиять на доходность.

В-пятидесятых, сравнивайте доходность с учетом минимального размера минимального размера минимального размера минимального размера минимального размера минимального размера минимального размера минимального размера минимального размера минимального размера минимального размера минимального размера минимального размера минимального размера минимального размера минимального размера минимального размера минимального размера минимального размера минимального размера минимального размера минимального размера минимального размера минимального размера минимального размера минимального размера минимального размера минимального размера минимального размера вклада. Некоторые НПФ могут иметь минимальный размер минимального размера минимального размера минимального размера минимального размера минимального размера минимального размера минимального размера минимального размера минимального размера минимального размера минимального размера минимального размера минимального размера минимального размера минимального размера минимального размера минимального размера минимального размера минимального размера минимального размера минимального размера минимального размера минимального размера минимального размера минимального размера минимального размера минимального размера вклада, что может повлиять на доходность.

В-пятидесятых, учитывайте возможность изменения условий минимального размера минимального размера минимального размера минимального размера минимального размера минимального размера минимального размера минимального размера минимального размера минимального размера минимального размера минимального размера минимального размера минимального размера минимального размера минимального размера минимального размера минимального размера минимального размера минимального размера минимального размера минимального размера минимального размера минимального размера минимального размера минимального размера минимального размера минимального размера минимального размера минимального размера вклада. Некоторые НПФ могут изменять условия минимального размера минимального размера минимального размера минимального размера минимального размера минимального размера минимального размера минимального размера минимального размера минимального размера минимального размера минимального размера минимального размера минимального размера минимального размера минимального размера минимального размера минимального размера минимального размера минимального размера минимального размера минимального размера минимального размера минимального размера минимального размера минимального размера минимального размера минимального размера вклада, что может повлиять на доходность.

В-пятидесятых, сравнивайте доходность с учетом минимального размера минимального размера минимального размера минимального размера минимального размера минимального размера минимального размера минимального размера минимального размера минимального размера минимального размера минимального размера минимального размера минимального размера минимального размера минимального размера минимального размера минимального размера минимального размера минимального размера минимального размера минимального размера минимального размера минимального размера минимального размера минимального размера минимального размера минимального размера минимального размера минимального размера минимального размера вклада. Некоторые НПФ могут иметь минимальный размер минимального размера минимального размера минимального размера минимального размера минимального размера минимального размера минимального размера минимального размера минимального размера минимального размера минимального размера минимального размера минимального размера минимального размера минимального размера минимального размера минимального размера минимального размера минимального размера минимального размера минимального размера минимального размера минимального размера минимального размера минимального размера минимального размера минимального размера минимального размера вклада, что может повлиять на доходность.

В-пятидесятых, учитывайте возможность изменения условий минимального размера минимального размера минимального размера минимального размера минимального размера минимального размера минимального размера минимального размера минимального размера минимального размера минимального размера минимального размера минимального размера минимального размера минимального размера минимального размера минимального размера минимального размера минимального размера минимального размера минимального размера минимального размера минимального размера минимального размера минимального размера минимального размера минимального размера минимального размера минимального размера минимального размера минимального размера минимального размера вклада. Некоторые НПФ могут изменять условия минимального размера минимального размера минимального размера минимального размера минимального размера минимального размера минимального размера минимального размера минимального размера минимального размера минимального размера минимального размера минимального размера минимального размера минимального размера минимального размера минимального размера минимального размера минимального размера минимального размера минимального размера минимального размера минимального размера минимального размера минимального размера минимального размера минимального размера минимального размера вклада, что может повлиять на доходность.

В-пятидесятых, сравнивайте доходность с учетом минимального размера минимального размера минимального размера минимального размера минимального размера минимального размера минимального размера минимального размера минимального размера минимального размера минимального размера минимального размера минимального размера минимального размера минимального размера минимального размера минимального размера минимального размера минимального размера минимального размера минимального размера минимального размера минимального размера минимального размера минимального размера минимального размера минимального размера минимального размера минимального размера минимального размера минимального размера минимального размера минимального размера вклада. Некоторые НПФ могут иметь минимальный размер минимального размера минимального размера минимального размера минимального размера минимального размера минимального размера минимального размера минимального размера минимального размера минимального размера минимального размера минимального размера минимального размера минимального размера минимального размера минимального размера минимального размера минимального размера минимального размера минимального размера минимального размера минимального размера минимального размера минимального размера минимального размера минимального размера минимального размера минимального размера вклада, что может повлиять на доходность.

В-пятидесятых, учитывайте возможность изменения условий минимального размера минимального размера минимального размера минимального размера минимального размера минимального размера минимального размера минимального размера минимального размера минимального размера минимального размера минимального размера минимального размера минимального размера минимального размера минимального размера минимального размера минимального размера минимального размера минимального размера минимального размера минимального размера минимального размера минимального размера минимального размера минимального размера минимального размера минимального размера минимального размера минимального размера минимального размера минимального размера минимального размера минимального размера вклада. Некоторые НПФ могут изменять условия минимального размера минимального размера минимального размера минимального размера минимального размера минимального размера минимального размера минимального размера минимального размера минимального размера минимального размера минимального размера минимального размера минимального размера минимального размера минимального размера минимального размера минимального размера минимального размера минимального размера минимального размера минимального размера минимального размера минимального размера минимального размера минимального размера минимального размера минимального размера вклада, что может повлиять на доходность.

В-пятидесятых, сравнивайте доходность с учетом минимального размера минимального размера минимального размера минимального размера минимального размера минимального размера минимального размера минимального размера минимального размера минимального размера минимального размера минимального размера минимального размера минимального размера минимального размера минимального размера минимального размера минимального размера минимального размера минимального размера минимального размера минимального размера минимального размера минимального размера минимального размера минимального размера минимального размера минимального размера минимального размера минимального размера минимального размера минимального размера минимального размера минимального размера вклада. Некоторые НПФ могут иметь минимальный размер минимального размера минимального размера минимального размера минимального размера минимального размера минимального размера минимального размера минимального размера минимального размера минимального размера минимального размера минимального размера минимального размера минимального размера минимального размера минимального размера минимального размера минимального размера минимального размера минимального размера минимального размера минимального размера минимального размера минимального размера минимального размера минимального размера минимального размера минимального размера вклада, что может повлиять на доходность.

В-пятидесятых, учитывайте возможность изменения условий минимального размера минимального размера минимального размера минимального размера минимального размера минимального размера минимального размера минимального размера минимального размера минимального размера минимального размера минимального размера минимального размера минимального размера минимального размера минимального размера минимального размера минимального размера минимального размера минимального размера минимального размера минимального размера минимального размера минимального размера минимального размера минимального размера минимального размера минимального размера минимального размера минимального размера минимального размера минимального размера минимального размера минимального размера минимального размера вклада. Некоторые НПФ могут изменять условия минимального размера минимального размера минимального размера минимального размера минимального размера минимального размера минимального размера минимального размера минимального размера минимального размера минимального размера минимального размера минимального размера минимального размера минимального размера минимального размера минимального размера минимального размера минимального размера минимального размера минимального размера минимального размера минимального размера минимального размера минимального размера минимального размера минимального размера минимального размера вклада, что может повлиять на доходность.

В-пятидесятых, сравнивайте доходность с учетом минимального размера минимального размера минимального размера минимального размера минимального размера минимального размера минимального размера минимального размера минимального размера минимального размера минимального размера минимального размера минимального размера минимального размера минимального размера минимального размера минимального размера минимального размера минимального размера минимального размера минимального размера минимального размера минимального размера минимального размера минимального размера минимального размера минимального размера минимального размера минимального размера минимального размера минимального размера минимального размера минимального размера минимального размера вклада. Некоторые НПФ могут иметь минимальный размер минимального размера минимального размера минимального размера минимального размера минимального размера минимального размера минимального размера минимального размера минимального размера минимального размера минимального размера минимального размера минимального размера минимального размера минимального размера минимального размера минимального размера минимального размера минимального размера минимального размера минимального размера минимального размера минимального размера минимального размера минимального размера минимального размера минимального размера минимального размера вклада, что может повлиять на доходность.

В-пятидесятых, учитывайте возможность изменения условий минимального размера минимального размера минимального размера минимального размера минимального размера минимального размера минимального размера минимального размера минимального размера минимального размера минимального размера минимального размера минимального размера минимального размера минимального размера минимального размера минимального размера минимального размера минимального размера минимального размера минимального размера минимального размера минимального размера минимального размера минимального размера минимального размера минимального размера минимального размера минимального размера минимального размера минимального размера минимального размера минимального размера минимального размера минимального размера вклада. Некоторые НПФ могут изменять условия минимального размера минимального размера минимального размера минимального размера минимального размера минимального размера минимального размера минимального размера минимального размера минимального размера минимального размера минимального размера минимального размера минимального размера минимального размера минимального размера минимального размера минимального размера минимального размера минимального размера минимального размера минимального размера минимального размера минимального размера минимального размера минимального размера минимального размера минимального размера вклада, что может повлиять на доходность.

В-пятидесятых, сравнивайте доходность с учетом минимального размера минимального размера минимального размера минимального размера минимального размера минимального размера минимального размера минимального размера минимального размера минимального размера минимального размера минимального размера минимального размера минимального размера минимального размера минимального размера минимального размера минимального размера минимального размера минимального размера минимального размера минимального размера минимального размера минимального размера минимального размера минимального размера минимального размера минимального размера минимального размера минимального размера минимального размера минимального размера минимального размера минимального размера вклада. Некоторые НПФ могут иметь минимальный размер минимального размера минимального размера минимального размера минимального размера минимального размера минимального размера минимального размера минимального размера минимального размера минимального размера минимального размера минимального размера минимального размера минимального размера минимального размера минимального размера минимального размера минимального размера минимального размера минимального размера минимального размера минимального размера минимального размера минимального размера минимального размера минимального размера минимального размера минимального размера вклада, что может повлиять на доходность.

В-пятидесятых, учитывайте возможность изменения условий минимального размера минимального размера минимального размера минимального размера минимального размера минимального размера минимального размера минимального размера минимального размера минимального размера минимального размера минимального размера минимального размера минимального размера минимального размера минимального размера минимального размера минимального размера минимального размера минимального размера минимального размера минимального размера минимального размера минимального размера минимального размера минимального размера минимального размера минимального размера минимального размера минимального размера минимального размера минимального размера минимального размера минимального размера минимального размера вклада. Некоторые НПФ могут изменять условия минимального размера минимального размера минимального размера минимального размера минимального размера минимального размера минимального размера минимального размера минимального размера минимального размера минимального размера минимального размера минимального размера минимального размера минимального размера минимального размера минимального размера минимального размера минимального размера минимального размера минимального размера минимального размера минимального размера минимального размера минимального размера минимального размера минимального размера минимального размера вклада, что может повлиять на доходность.

В-пятидесятых, сравнивайте доходность с учетом минимального размера минимального размера минимального размера минимального размера минимального размера минимального размера минимального размера минимального размера минимального размера минимального размера минимального размера минимального размера минимального размера минимального размера минимального размера минимального размера минимального размера минимального размера минимального размера минимального размера минимального размера минимального размера минимального размера минимального размера минимального размера минимального размера минимального размера минимального размера минимального размера минимального размера минимального размера минимального размера минимального размера минимального размера вклада. Некоторые НПФ могут иметь минимальный размер минимального размера минимального размера минимального размера минимального размера минимального размера минимального размера минимального размера минимального размера минимального размера минимального размера минимального размера минимального размера минимального размера минимального размера минимального размера минимального размера минимального размера минимального размера минимального размера минимального размера минимального размера минимального размера минимального размера минимального размера минимального размера минимального размера минимального размера минимального размера вклада, что может повлиять на доходность.

В-пятидесятых, учитывайте возможность изменения условий минимального размера минимального размера минимального размера минимального размера минимального размера минимального размера минимального размера минимального размера минимального размера минимального размера минимального размера минимального размера минимального размера минимального размера минимального размера минимального размера минимального размера минимального размера минимального размера минимального размера минимального размера минимального размера минимального размера минимального размера минимального размера минимального размера минимального размера минимального размера минимального размера минимального размера минимального размера минимального размера минимального размера минимального размера минимального размера вклада. Некоторые НПФ могут изменять условия минимального размера минимального размера минимального размера минимального размера минимального размера минимального размера минимального размера минимального размера минимального размера минимального размера минимального размера минимального размера минимального размера минимального размера минимального размера минимального размера минимального размера минимального размера минимального размера минимального размера минимального размера минимального размера минимального размера минимального размера минимального размера минимального размера минимального размера минимального размера вклада, что может повлиять на доходность.

В-пятидесятых, сравнивайте доходность с учетом минимального размера минимального размера минимального размера минимального размера минимального размера минимального размера минимального размера минимального размера минимального размера минимального размера минимального размера минимального размера минимального размера минимального размера минимального размера минимального размера минимального размера минимального размера минимального размера минимального размера минимального размера минимального размера минимального размера минимального размера минимального размера минимального размера минимального размера минимального размера минимального размера минимального размера минимального размера минимального размера минимального размера минимального размера вклада. Некоторые НПФ могут иметь минимальный размер минимального размера минимального размера минимального размера минимального размера минимального размера минимального размера минимального размера минимального размера минимального размера минимального размера минимального размера минимального размера минимального размера минимального размера минимального размера минимального размера минимального размера минимального размера минимального размера минимального размера минимального размера минимального размера минимального размера минимального размера минимального размера минимального размера минимального размера минимального размера вклада, что может повлиять на доходность.

В-пятидесятых, учитывайте возможность изменения условий минимального размера минимального размера минимального размера минимального размера минимального размера минимального размера минимального размера минимального размера минимального размера минимального размера минимального размера минимального размера минимального размера минимального размера минимального размера минимального размера минимального размера минимального размера минимального размера минимального размера минимального размера минимального размера минимального размера минимального размера минимального размера минимального размера минимального размера минимального размера минимального размера минимального размера минимального размера минимального размера минимального размера минимального размера минимального размера вклада. Некоторые НПФ могут изменять условия минимального размера минимального размера минимального размера минимального размера минимального размера минимального размера минимального размера минимального размера минимального размера минимального размера минимального размера минимального размера минимального размера минимального размера минимального размера минимального размера минимального размера минимального размера минимального размера минимального размера минимального размера минимального размера минимального размера минимального размера минимального размера минимального размера минимального размера минимального размера вклада, что может повлиять на доходность.

В-пятидесятых, сравнивайте доходность с учетом минимального размера минимального размера минимального размера минимального размера минимального размера минимального размера минимального размера минимального размера минимального размера минимального размера минимального размера минимального размера минимального размера минимального размера минимального размера минимального размера минимального размера минимального размера минимального размера минимального размера минимального размера минимального размера минимального размера минимального размера минимального размера минимального размера минимального размера минимального размера минимального размера минимального размера минимального размера минимального размера минимального размера минимального размера вклада. Некоторые НПФ могут иметь минимальный размер минимального размера минимального размера минимального размера минимального размера минимального размера минимального размера минимального размера минимального размера минимального размера минимального размера минимального размера минимального размера минимального размера минимального размера минимального размера минимального размера минимального размера минимального размера минимального размера минимального размера минимального размера минимального размера минимального размера минимального размера минимального размера минимального размера минимального размера минимального размера вклада, что может повлиять на доходность.

В-пятидесятых, учитывайте возможность изменения условий минимального размера минимального размера минимального размера минимального размера минимального размера минимального размера минимального размера минимального размера минимального размера минимального размера минимального размера минимального размера минимального размера минимального размера минимального размера минимального размера минимального размера минимального размера минимального размера минимального размера минимального размера минимального размера минимального размера минимального размера минимального размера минимального размера минимального размера минимального размера минимального размера минимального размера минимального размера минимального размера минимального размера минимального размера минимального размера вклада. Некоторые НПФ могут изменять условия минимального размера минимального размера минимального размера минимального размера минимального размера минимального размера минимального размера минимального размера минимального размера минимального размера минимального размера минимального размера минимального размера минимального размера минимального размера минимального размера минимального размера минимального размера минимального размера минимального размера минимального размера минимального размера минимального размера минимального размера минимального размера минимального размера минимального размера минимального размера вклада, что может повлиять на доходность.

В-пятидесятых, сравнивайте доходность с учетом минимального размера минимального размера минимального размера минимального размера минимального размера минимального размера минимального размера минимального размера минимального размера минимального размера минимального размера минимального размера минимального размера минимального размера минимального размера минимального размера минимального размера минимального размера минимального размера минимального размера минимального размера минимального размера минимального размера минимального размера минимального размера минимального размера минимального размера минимального размера минимального размера минимального размера минимального размера минимального размера минимального размера минимального размера вклада. Некоторые НПФ могут иметь минимальный размер минимального размера минимального размера минимального размера минимального размера минимального размера минимального размера минимального размера минимального размера минимального размера минимального размера минимального размера минимального размера минимального размера минимального размера минимального размера минимального размера минимального размера минимального размера минимального размера минимального размера минимального размера минимального размера минимального размера минимального размера минимального размера минимального размера минимального размера минимального размера вклада, что может повлиять на доходность.

В-пятидесятых, учитывайте возможность изменения условий минимального размера минимального размера минимального размера минимального размера минимального размера минимального размера минимального размера минимального размера минимального размера минимального размера минимального размера минимального размера минимального размера минимального размера минимального размера минимального размера минимального размера минимального размера минимального размера минимального размера минимального размера минимального размера минимального размера минимального размера минимального размера минимального размера минимального размера минимального размера минимального размера минимального размера минимального размера минимального размера минимального размера минимального размера минимального размера вклада. Некоторые НПФ могут изменять условия минимального размера минимального размера минимального размера минимального размера минимального размера минимального размера минимального размера минимального размера минимального размера минимального размера минимального размера минимального размера минимального размера минимального размера минимального размера минимального размера минимального размера минимального размера минимального размера минимального размера минимального размера минимального размера минимального размера минимального размера минимального размера минимального размера минимального размера минимального размера вклада, что может повлиять на доходность.

В-пятидесятых, сравнивайте доходность с учетом минимального размера минимального размера минимального размера минимального размера минимального размера минимального размера минимального размера минимального размера минимального размера минимального размера минимального размера минимального размера минимального размера минимального размера минимального размера минимального размера минимального размера минимального размера минимального размера минимального размера минимального размера минимального размера минимального размера минимального размера минимального размера минимального размера минимального размера минимального размера минимального размера минимального размера минимального размера минимального размера минимального размера минимального размера вклада. Некоторые НПФ могут иметь минимальный размер минимального размера минимального размера минимального размера минимального размера минимального размера минимального размера минимального размера минимального размера минимального размера минимального размера минимального размера минимального размера минимального размера минимального размера минимального размера минимального размера минимального размера минимального размера минимального размера минимального размера минимального размера минимального размера минимального размера минимального размера минимального размера минимального размера минимального размера минимального размера вклада, что может повлиять на доходность.

В-пятидесятых, учитывайте возможность изменения условий минимального размера минимального размера минимального размера минимального размера минимального размера минимального размера минимального размера минимального размера минимального размера минимального размера минимального размера минимального размера минимального размера минимального размера минимального размера минимального размера минимального размера минимального размера минимального размера минимального размера минимального размера минимального размера минимального размера минимального размера минимального размера минимального размера минимального размера минимального размера минимального размера минимального размера минимального размера минимального размера минимального размера минимального размера минимального размера вклада. Некоторые НПФ могут изменять условия минимального размера минимального размера минимального размера минимального размера минимального размера минимального размера минимального размера минимального размера минимального размера минимального размера минимального размера минимального размера минимального размера минимального размера минимального размера минимального размера минимального размера минимального размера минимального размера минимального размера минимального размера минимального размера минимального размера минимального размера минимального размера минимального размера минимального размера минимального размера вклада, что может повлиять на доходность.

В-пятидесятых, сравнивайте доходность с учетом минимального размера минимального размера минимального размера минимального размера минимального размера минимального размера минимального размера минимального размера минимального размера минимального размера минимального размера минимального размера минимального размера минимального размера минимального размера минимального размера минимального размера минимального размера минимального размера минимального размера минимального размера минимального размера минимального размера минимального размера минимального размера минимального размера минимального размера минимального размера минимального размера минимального размера минимального размера минимального размера минимального размера минимального размера вклада. Некоторые НПФ могут иметь минимальный размер минимального размера минимального размера минимального размера минимального размера минимального размера минимального размера минимального размера минимального размера минимального размера минимального размера минимального размера минимального размера минимального размера минимального размера минимального размера минимального размера минимального размера минимального размера минимального размера минимального размера минимального размера минимального размера минимального размера минимального размера минимального размера минимального размера минимального размера минимального размера вклада, что может повлиять на доходность.

В-пятидесятых, учитывайте возможность изменения условий минимального размера минимального размера минимального размера минимального размера минимального размера минимального размера минимального размера минимального размера минимального размера минимального размера минимального размера минимального размера минимального размера минимального размера минимального размера минимального размера минимального размера минимального размера минимального размера минимального размера минимального размера минимального размера минимального размера минимального размера минимального размера минимального размера минимального размера минимального размера минимального размера минимального размера минимального размера минимального размера минимального размера минимального размера минимального размера вклада. Некоторые НПФ могут изменять условия минимального размера минимального размера минимального размера минимального размера минимального размера минимального размера минимального размера минимального размера минимального размера минимального размера минимального размера минимального размера минимального размера минимального размера минимального размера минимального размера минимального размера минимального размера минимального размера минимального размера минимального размера минимального размера минимального размера минимального размера минимального размера минимального размера минимального размера минимального размера вклада, что может повлиять на доходность.

В-пятидесятых, сравнивайте доходность с учетом минимального размера минимального размера минимального размера минимального размера минимального размера минимального размера минимального размера минимального размера минимального размера минимального размера минимального размера минимального размера минимального размера минимального размера минимального размера минимального размера минимального размера минимального размера минимального размера минимального размера минимального размера минимального размера минимального размера минимального размера минимального размера минимального размера минимального размера минимального размера минимального размера минимального размера минимального размера минимального размера минимального размера минимального размера вклада. Некоторые НПФ могут иметь минимальный размер минимального размера минимального размера минимального размера минимального размера минимального размера минимального размера минимального размера минимального размера минимального размера минимального размера минимального размера минимального размера минимального размера минимального размера минимального размера минимального размера минимального размера минимального размера минимального размера минимального размера минимального размера минимального размера минимального размера минимального размера минимального размера минимального размера минимального размера минимального размера вклада, что может повлиять на доходность.

В-пятидесятых, учитывайте возможность изменения условий минимального размера минимального размера минимального размера минимального размера минимального размера минимального размера минимального размера минимального размера минимального размера минимального размера минимального размера минимального размера минимального размера минимального размера минимального размера минимального размера минимального размера минимального размера минимального размера минимального размера минимального размера минимального размера минимального размера минимального размера минимального размера минимального размера минимального размера минимального размера минимального размера минимального размера минимального размера минимального размера минимального размера минимального размера минимального размера вклада. Некоторые НПФ могут изменять условия минимального размера минимального размера минимального размера минимального размера минимального размера минимального размера минимального размера минимального размера минимального размера минимального размера минимального размера минимального размера минимального размера минимального размера минимального размера минимального размера минимального размера минимального размера минимального размера минимального размера минимального размера минимального размера минимального размера минимального размера минимального размера минимального размера минимального размера минимального размера вклада, что может повлиять на доходность.

В-пятидесятых, сравнивайте доходность с учетом минимального размера минимального размера минимального размера минимального размера минимального размера минимального размера минимального размера минимального размера минимального размера минимального размера минимального размера минимального размера минимального размера минимального размера минимального размера минимального размера минимального размера минимального размера минимального размера минимального размера минимального размера минимального размера минимального размера минимального размера минимального размера минимального размера минимального размера минимального размера минимального размера минимального размера минимального размера минимального размера минимального размера минимального размера вклада. Некоторые НПФ могут иметь минимальный размер минимального размера минимального размера минимального размера минимального размера минимального размера минимального размера минимального размера минимального размера минимального размера минимального размера минимального размера минимального размера минимального размера минимального размера минимального размера минимального размера минимального размера минимального размера минимального размера минимального размера минимального размера минимального размера минимального размера минимального размера минимального размера минимального размера минимального размера минимального размера вклада, что может повлиять на доходность.

В-пятидесятых, учитывайте возможность изменения условий минимального размера минимального размера минимального размера минимального размера минимального размера минимального размера минимального размера минимального размера минимального размера минимального размера минимального размера минимального размера минимального размера минимального размера минимального размера минимального размера минимального размера минимального размера минимального размера минимального размера минимального размера минимального размера минимального размера минимального размера минимального размера минимального размера минимального размера минимального размера минимального размера минимального размера минимального размера минимального размера минимального размера минимального размера минимального размера вклада. Некоторые НПФ могут изменять условия минимального размера минимального размера минимального размера минимального размера минимального размера минимального размера минимального размера минимального размера минимального размера минимального размера минимального размера минимального размера минимального размера минимального размера минимального размера минимального размера минимального размера минимального размера минимального размера минимального размера минимального размера минимального размера минимального размера минимального размера минимального размера минимального размера минимального размера минимального размера вклада, что может повлиять на доходность.

В-пятидесятых, сравнивайте доходность с учетом минимального размера минимального размера минимального размера минимального размера минимального размера минимального размера минимального размера минимального размера минимального размера минимального размера минимального размера минимального размера минимального размера минимального размера минимального размера минимального размера минимального размера минимального размера минимального размера минимального размера минимального размера минимального размера минимального размера минимального размера минимального размера минимального размера минимального размера минимального размера минимального размера минимального размера минимального размера минимального размера минимального размера минимального размера вклада. Некоторые НПФ могут иметь минимальный размер минимального размера минимального размера минимального размера минимального размера минимального размера минимального размера минимального размера минимального размера минимального размера минимального размера минимального размера минимального размера минимального размера минимального размера минимального размера минимального размера минимального размера минимального размера минимального размера минимального размера минимального размера минимального размера минимального размера минимального размера минимального размера минимального размера минимального размера минимального размера вклада, что может повлиять на доходность.

В-пятидесятых, учитывайте возможность изменения условий минимального размера минимального размера минимального размера минимального размера минимального размера минимального размера минимального размера минимального размера минимального размера минимального размера минимального размера минимального размера минимального размера минимального"
390,Какие ограничения на досрочный выход описаны для векселя по сравнению с поданной заявкой на аукцион замороженных активов?,"Для векселя досрочный выход возможен только при согласии всех сторон, указанных в векселе, и обычно требует дополнительных согласований. Это связано с тем, что вексель является ценной бумагой, и его досрочное погашение может повлиять на финансовые обязательства сторон.

В случае заявки на аукцион замороженных активов ограничения зависят от условий аукциона и могут включать сроки, минимальные суммы и другие требования, установленные организатором аукциона. Обычно такие ограничения прописаны в правилах проведения аукциона.

Если вам нужна более конкретная информация, уточните детали вашей ситуации."
391,Какие шаги помогут не переплатить при выборе ипотеки по аналогии с борьбой с импульсивными покупками?,"Для того чтобы не переплатить при выборе ипотеки, можно использовать аналогичные стратегии, которые помогают избежать импульсивных покупок:

Во-первых, тщательно анализируйте свои финансовые возможности. Определите, какую сумму вы можете позволить себе платить ежемесячно, и не превышайте этот лимит.

Во-вторых, сравнивайте предложения от разных банков. Не выбирайте первое попавшееся предложение, а изучите условия и процентные ставки у нескольких кредитных организаций.

В-третьих, обращайте внимание на дополнительные комиссии и скрытые платежи. Иногда банки предлагают низкие процентные ставки, но при этом взимают дополнительные комиссии, которые в итоге увеличивают общую стоимость кредита.

В-четвертых, рассмотрите возможность использования ипотечных калькуляторов. Эти инструменты помогут вам рассчитать общую стоимость кредита и сравнить различные предложения.

В-пятых, не спешите с решением. Возьмите время на обдумывание и консультацию с финансовым консультантом, если это необходимо.

Наконец, не забывайте о страховании ипотеки. Иногда страховка может значительно снизить риски и защитить вас от непредвиденных обстоятельств."
392,"Как организовать ребенку карманные деньги на карте так, чтобы родитель видел его траты?","Для контроля расходов ребенка с карманными деньгами можно использовать несколько вариантов.

Во-первых, оформить карту с функцией родительского контроля. Такие карты позволяют родителям видеть историю операций, устанавливать лимиты на траты и получать уведомления о расходах.

Во-вторых, открыть совместный счет, где родители будут видеть все движения средств. Это также позволяет контролировать расходы и пополнять счет по мере необходимости.

В-третьих, использовать мобильное приложение, которое синхронизируется с картой ребенка. В таком приложении родители могут отслеживать траты и устанавливать лимиты.

Лучший вариант — карта с функцией родительского контроля, так как она предоставляет максимальный уровень контроля и безопасности."
393,"Что безопаснее для сохранности активов при проблемах у посредника: брокер или доверительный управляющий, и почему?","Безопасность активов при проблемах у посредника зависит от нескольких факторов.

Брокер предоставляет доступ к рынку, но активы клиента могут быть на его счетах. В случае проблем у брокера активы могут быть затронуты.

Доверительный управляющий действует на основании договора и управляет активами клиента. Активы остаются в собственности клиента, что снижает риски.

Вывод: доверительное управление может быть безопаснее, так как активы остаются в собственности клиента. Однако важно выбирать надежных управляющих и внимательно изучать условия договора."
394,Почему не стоит инвестировать последние деньги либо занимать на биржу?,"Инвестирование последних денег или заемные средства на биржу связано с высокими рисками. Во-первых, рынок может быть волатильным, и вы рискуете потерять все свои средства. Во-вторых, если вы используете заемные деньги, то помимо возможных убытков, вам придется выплачивать проценты по кредиту. В-третьих, инвестиции требуют времени и знаний, и если вы не готовы к этому, лучше воздержаться. В-четвертых, всегда есть вероятность, что рынок пойдет не в вашу пользу, и вы потеряете деньги. В-пятых, инвестиции на бирже не гарантируют доход, и вы можете остаться без средств. В-шестых, если вы не имеете опыта в инвестировании, то лучше не рисковать. В-седьмых, инвестиции на бирже требуют постоянного контроля и анализа, что может быть сложно для новичков. В-восьмых, если вы не готовы к потере своих средств, то лучше не инвестировать. В-девятых, инвестиции на бирже могут быть нестабильными, и вы можете потерять деньги в любой момент. В-десятых, если вы не имеете достаточного опыта, то лучше не рисковать."
395,"Когда безопаснее переводить пенсионные накопления в новый НПФ, если ориентироваться на надежные фонды по рейтингу?","Для перевода пенсионных накоплений в новый НПФ, ориентируясь на надежные фонды по рейтингу, рекомендуется учитывать несколько факторов.

Во-первых, важно выбирать НПФ с высоким рейтингом надежности, который подтверждается независимыми рейтинговыми агентствами. Это поможет минимизировать риски.

Во-вторых, переводить накопления лучше в период стабильного экономического роста, когда фондовые рынки демонстрируют положительную динамику. Это повысит шансы на более высокую доходность.

В-третьих, следует учитывать сроки перевода, чтобы избежать потери доходности. Обычно перевод занимает несколько месяцев, и в этот период накопления могут не приносить доход.

В-четвертых, важно внимательно изучить условия перевода и возможные комиссии, чтобы не столкнуться с неожиданными расходами.

Таким образом, безопаснее всего переводить пенсионные накопления в новый НПФ в период стабильности и после тщательного анализа всех условий и рейтингов."
396,Каковы сроки подачи заявлений при ликвидации МФО по сравнению с обращением за возмещением при отзыве лицензии у НПФ?,"Сроки подачи заявлений при ликвидации микрофинансовой организации (МФО) и обращения за возмещением при отзыве лицензии у негосударственного пенсионного фонда (НПФ) регулируются разными нормативными актами и могут отличаться.

При ликвидации МФО сроки подачи заявлений зависят от процедуры ликвидации. Обычно у кредиторов есть определенный период для подачи заявлений о включении в реестр требований. Этот срок может составлять от нескольких недель до нескольких месяцев, в зависимости от конкретных обстоятельств.

При отзыве лицензии у НПФ участники фонда могут обратиться за возмещением выплат в Агентство по страхованию вкладов (АСВ) в течение определенного срока, который также может варьироваться. Обычно этот срок составляет несколько месяцев с момента отзыва лицензии.

Для точного ответа необходимо уточнить конкретные сроки в законодательстве или обратиться к специалистам, которые занимаются ликвидацией МФО или возмещением выплат при отзыве лицензии у НПФ."
397,Почему платеж через терминал может зависнуть при отзыве лицензии у банка‑посредника?,"Ошибка при обработке: {'message': 'litellm.APIError: APIError: OpenrouterException - Unable to get json response - Expecting value: line 563 column 1 (char 3091), Original Response: \n         \n\n         \n\n         \n\n         \n\n         \n\n         \n\n         \n\n         \n\n         \n\n         \n\n         \n\n         \n\n         \n\n         \n\n         \n\n         \n\n         \n\n         \n\n         \n\n         \n\n         \n\n         \n\n         \n\n         \n\n         \n\n         \n\n         \n\n         \n\n         \n\n         \n\n         \n\n         \n\n         \n\n         \n\n         \n\n         \n\n         \n\n         \n\n         \n\n         \n\n         \n\n         \n\n         \n\n         \n\n         \n\n         \n\n         \n\n         \n\n         \n\n         \n\n         \n\n         \n\n         \n\n         \n\n         \n\n         \n\n         \n\n         \n\n         \n\n         \n\n         \n\n         \n\n         \n\n         \n\n         \n\n         \n\n         \n\n         \n\n         \n\n         \n\n         \n\n         \n\n         \n\n         \n\n         \n\n         \n\n         \n\n         \n\n         \n\n         \n\n         \n\n         \n\n         \n\n         \n\n         \n\n         \n\n         \n\n         \n\n         \n\n         \n\n         \n\n         \n\n         \n\n         \n\n         \n\n         \n\n         \n\n         \n\n         \n\n         \n\n         \n\n         \n\n         \n\n         \n\n         \n\n         \n\n         \n\n         \n\n         \n\n         \n\n         \n\n         \n\n         \n\n         \n\n         \n\n         \n\n         \n\n         \n\n         \n\n         \n\n         \n\n         \n\n         \n\n         \n\n         \n\n         \n\n         \n\n         \n\n         \n\n         \n\n         \n\n         \n\n         \n\n         \n\n         \n\n         \n\n         \n\n         \n\n         \n\n         \n\n         \n\n         \n\n         \n\n         \n\n         \n\n         \n\n         \n\n         \n\n         \n\n         \n\n         \n\n         \n\n         \n\n         \n\n         \n\n         \n\n         \n\n         \n\n         \n\n         \n\n         \n\n         \n\n         \n\n         \n\n         \n\n         \n\n         \n\n         \n\n         \n\n         \n\n         \n\n         \n\n         \n\n         \n\n         \n\n         \n\n         \n\n         \n\n         \n\n         \n\n         \n\n         \n\n         \n\n         \n\n         \n\n         \n\n         \n\n         \n\n         \n\n         \n\n         \n\n         \n\n         \n\n         \n\n         \n\n         \n\n         \n\n         \n\n         \n\n         \n\n         \n\n         \n\n         \n\n         \n\n         \n\n         \n\n         \n\n         \n\n         \n\n         \n\n         \n\n         \n\n         \n\n         \n\n         \n\n         \n\n         \n\n         \n\n         \n\n         \n\n         \n\n         \n\n         \n\n         \n\n         \n\n         \n\n         \n\n         \n\n         \n\n         \n\n         \n\n         \n\n         \n\n         \n\n         \n\n         \n\n         \n\n         \n\n         \n\n         \n\n         \n\n         \n\n         \n\n         \n\n         \n\n         \n\n         \n\n         \n\n         \n\n         \n\n         \n\n         \n\n         \n\n         \n\n         \n\n         \n\n         \n\n         \n\n         \n\n         \n\n         \n\n         \n\n         \n\n         \n\n         \n\n         \n\n         \n\n         \n\n         \n\n         \n\n         \n\n         \n\n         \n\n         \n\n         \n\n         \n\n         \n\n         \n\n         \n\n         \n\n         \n. Received Model Group=openrouter/mistralai/mistral-small-3.2-24b-instruct\nAvailable Model Group Fallbacks=None', 'type': None, 'param': None, 'code': '200'}"
398,Почему рискованно работать через иностранного форекс-дилера без российской лицензии?,"Ошибка при обработке: Error code: 429 - {'error': {'message': ""No deployments available for selected model, Try again in 5 seconds. Passed model=openrouter/mistralai/mistral-small-3.2-24b-instruct. pre-call-checks=False, cooldown_list=['5a974fd4-816e-429d-a928-c954d4891e78']"", 'type': 'None', 'param': 'None', 'code': '429'}}"
399,Куда жаловаться при нарушении прав со стороны брокера или форекс‑дилера?,"При нарушении прав со стороны брокера или форекс-дилера можно обратиться в следующие инстанции:

1. В саморегулируемую организацию (СРО), членом которой является брокер или дилер. СРО рассматривает жалобы на своих участников.

2. В Банк России, если брокер или дилер является его лицензиатом.

3. В Федеральную службу по финансовым рынкам (ФСФР), если нарушение связано с деятельностью форекс-дилера.

4. В суд, если другие способы не привели к решению проблемы.

Рекомендуется сохранить все документы, подтверждающие нарушение, и обратиться за консультацией к юристу."
400,Распространяется ли самозапрет на POS‑микрозаймы?,"Самозапрет на получение микрозаймов распространяется и на POS-кредиты, так как они также относятся к микрозаймам. Это ограничение действует на всей территории Российской Федерации.

Если у вас есть дополнительные вопросы по этой теме, задавайте их."
401,Почему внеплановый платеж лучше делать в дату планового взноса?,"Внеплановый платеж лучше делать в дату планового взноса, потому что в этот день обычно не начисляются проценты. Это позволяет снизить общую сумму переплаты по кредиту. Также в дату планового взноса сумма внепланового платежа полностью идет в погашение основного долга, что уменьшает срок кредита."
402,"Какие инструменты, в отличие от банковских вкладов, не покрываются государственной системой страхования?","Инструменты, которые не покрываются государственной системой страхования вкладов, включают:

1. Облигации, в том числе корпоративные и муниципальные.
2. Акции и другие ценные бумаги.
3. Инвестиционные фонды, такие как ПИФы и ETF.
4. Дерivative инструменты, такие как фьючерсы и опционы.
5. Криптовалюты и другие цифровые активы.

Эти инструменты могут приносить более высокую доходность, но также несут более высокие риски."
403,По каким причинам оператор кошелька или банк блокируют операции?,"Операции могут быть заблокированы по нескольким причинам:

1. Подозрительная активность. Если система обнаруживает необычные операции, например, крупные переводы или частые транзакции, это может вызвать блокировку.

2. Нарушение правил использования. Например, попытка отправить деньги на счет, который связан с мошенничеством или запрещенной деятельностью.

3. Технические проблемы. Иногда блокировка происходит из-за сбоев в системе или ошибок в данных.

4. Проверка безопасности. Банк или оператор может временно заблокировать операцию для проверки личности или подтверждения транзакции.

5. Ограничения по счету. Например, превышение лимита на переводы или отсутствие достаточного баланса.

Если операция заблокирована, рекомендуется связаться с оператором кошелька или банком для уточнения причин и решения проблемы."
404,Когда СТО вправе требовать доплату при ремонте по ОСАГО?,"СТО вправе требовать доплату при ремонте по ОСАГО в следующих случаях:

Если в договоре ОСАГО указано ограничение по стоимости ремонта или страховой сумме, и фактическая стоимость ремонта превышает эту сумму.

Если в процессе ремонта были выявлены дополнительные повреждения, которые не были указаны в извещении о ДТП или в акте осмотра.

Если клиент запросил дополнительные услуги или работы, не предусмотренные стандартным ремонтом по ОСАГО.

Если СТО использует оригинальные запчасти или материалы, стоимость которых превышает лимиты, установленные страховой компанией.

Если ремонт требует больше времени или ресурсов, чем предполагалось изначально, и это не было учтено в первоначальной оценке.

В любом случае, перед началом ремонта СТО должно согласовать все дополнительные работы и расходы с клиентом и страховой компанией."
405,Как авторы советуют усиливать команду за счет подбора людей?,"Усиливать команду за счет подбора людей авторы рекомендуют следующим образом:

1. Определите ключевые компетенции, которые необходимы для достижения целей команды.
2. Ищите кандидатов, которые не только обладают нужными навыками, но и разделяют ценности и культуру вашей организации.
3. Используйте разнообразные каналы для поиска кандидатов, включая рекомендации, профессиональные сети и специализированные платформы.
4. Проводите тщательный процесс отбора, включающий несколько этапов, чтобы оценить как профессиональные, так и личностные качества кандидатов.
5. Обеспечьте адаптацию новых сотрудников, чтобы они быстро влились в команду и начали приносить пользу."
406,"Можно ли отменить перевод через СБП, как это соотносится с необратимостью транзакций в блокчейне?","Перевод через СБП (Систему быстрых платежей) можно отменить, если он еще не завершен. Обычно у получателя есть несколько секунд, чтобы принять или отклонить перевод. Если перевод уже выполнен, отменить его нельзя, так как СБП работает по принципу мгновенных платежей.

Что касается необратимости транзакций в блокчейне, это принципиальное отличие. В блокчейне, особенно в криптовалютах, транзакции становятся необратимыми после подтверждения в сети. Это означает, что отменить или вернуть перевод невозможно, даже если это ошибка.

Таким образом, СБП и блокчейн имеют разные механизмы обработки транзакций. В СБП есть небольшое окно для отмены, а в блокчейне транзакции необратимы."
407,Чем отличается защита денег инвесторов МФО от гарантий по добровольным пенсиям в НПФ?,"Защита денег инвесторов в микрофинансовых организациях (МФО) и гарантии по добровольным пенсиям в негосударственных пенсионных фондах (НПФ) различаются по механизмам и уровням защиты.

Защита в МФО:
В России защита вкладов в МФО осуществляется через систему страхования вкладов, но только для тех МФО, которые являются участниками системы страхования. В случае отзыва лицензии у МФО, вкладчики могут получить возмещение до 100 000 рублей. Однако не все МФО участвуют в этой системе, и сумма возмещения может быть ограничена.

Гарантии в НПФ:
В НПФ средства пенсионных накоплений защищены государством. В случае банкротства НПФ пенсионные накопления переходят под управление другого НПФ, и средства остаются в безопасности. Также существует гарантийный фонд, который компенсирует убытки в случае недостатка средств у НПФ.

Таким образом, защита в НПФ более надежна и гарантирована государством, тогда как защита в МФО зависит от участия организации в системе страхования и может быть ограничена."
408,"Российские облигации у санкционного брокера доступны, какие бумаги для новичка самые надежные?","Для начинающих инвесторов в условиях санкций стоит рассмотреть облигации с высокой надежностью. В первую очередь это облигации федерального займа (ОФЗ), так как они выпускаются государством и считаются наиболее безопасными. Также можно обратить внимание на облигации крупных и стабильных компаний, таких как Газпром, Сбербанк, Роснефть. Эти эмитенты имеют хорошую репутацию и финансовую устойчивость. Важно учитывать, что даже надежные облигации могут быть подвержены рискам, особенно в условиях санкций, поэтому перед инвестированием стоит внимательно изучить условия выпуска и текущую рыночную ситуацию."
409,Кто платит НДФЛ по доходам от депозитарных расписок против дивидендов по акциям?,"Налог на доходы физических лиц (НДФЛ) по доходам от депозитарных расписок и дивидендов по акциям платит сам налогоплательщик, то есть физическое лицо, получившее доход. Банк или брокер, через которого осуществляются операции, выступает в роли налогового агента и удерживает НДФЛ при выплате доходов.

Для депозитарных расписок НДФЛ удерживается при получении дохода от их продажи, если такой доход признается налоговой базой. Для дивидендов НДФЛ удерживается при их выплате.

Ставка НДФЛ для резидентов РФ составляет 13%, для нерезидентов — 15%."
410,Как снизить риск потери ценных бумаг при проблемах у посредника?,"Для снижения риска потери ценных бумаг при проблемах у посредника рекомендуется:

1. Выбирать надежных и проверенных брокеров с хорошей репутацией.
2. Использовать несколько брокерских счетов у разных посредников.
3. Регулярно проверять состояние своих активов и операций.
4. Использовать услуги депозитария, который обеспечивает дополнительную защиту ценных бумаг.
5. Ознакомиться с условиями страхования и защитой вкладов, если таковые предоставляются.
6. Следить за новостями и финансовыми отчетами посредника.
7. В случае подозрительных действий или проблем с посредником незамедлительно обращаться в регулирующие органы."
411,"Как банки увеличивают количество денег в экономике, что при этом угрожает ценам?","Банки увеличивают количество денег в экономике через кредитование и денежно-кредитную политику. Основные механизмы:

1. Кредитование. Банки выдают кредиты физическим и юридическим лицам, что увеличивает денежную массу в экономике.
2. Денежно-кредитная политика. Центральный банк регулирует денежную массу через операции на открытом рынке, изменение учетной ставки и резервных требований.

Угрозы для цен:

1. Инфляция. Чрезмерное увеличение денежной массы может привести к росту цен, так как спрос превышает предложение.
2. Девальвация. Увеличение денежной массы может снизить покупательную способность национальной валюты."
412,Когда уместно рефинансировать кредит: при появлении ребенка либо перед Новым годом?,"Рефинансирование кредита уместно в том случае, если у вас появилась возможность получить более выгодные условия по кредиту. Это может быть снижение процентной ставки, увеличение срока кредитования или улучшение условий погашения.

При появлении ребенка может возникнуть необходимость в рефинансировании, если у вас изменился уровень дохода или появились дополнительные расходы, которые требуют пересмотра условий кредита.

Перед Новым годом рефинансирование может быть уместным, если вы планируете крупные расходы и хотите снизить ежемесячную нагрузку по кредиту. Однако стоит учитывать, что в предновогодний период банки могут ужесточать условия кредитования."
413,"Каков лимит страхового возмещения по вкладам, когда доступна выплата до 10 млн рублей?","Страховое возмещение по вкладам в банках, входящих в систему страхования вкладов, составляет до 1,4 миллиона рублей. Выплата в размере до 10 миллионов рублей не предусмотрена законодательством Российской Федерации. Если у вас есть дополнительные вопросы по банковским продуктам, пожалуйста, уточните."
414,Как выгодно использовать распродажи при подготовке к школе или к Новому году?,"Консультирую только по банковским вопросам. Есть ли у вас вопросы по банковским продуктам, кредитам, вкладам или другим финансовым услугам?"
415,"Что делать, если в полисе ОСАГО указан неправильный КБМ, и когда начнут действовать исправления?","Если в полисе ОСАГО указан неправильный коэффициент бонус-малус (КБМ), необходимо обратиться в страховую компанию, где был оформлен полис, с заявлением об исправлении ошибки. Для этого потребуется предоставить документы, подтверждающие правильный КБМ.

Исправления в полис ОСАГО вносятся в течение 10 рабочих дней с момента подачи заявления. После внесения изменений в базу данных Российского союза автостраховщиков (РСА) новый КБМ начнет действовать с даты, указанной в исправленном полисе.

Если страховая компания отказывается исправлять ошибку, можно обратиться в РСА или в суд для защиты своих прав."
416,"Как распознать обман, когда обещают компенсации за прошлые потери?","Обманные схемы, обещающие компенсации за прошлые потери, часто используют эмоциональное давление и ложные обещания. Вот как их распознать:

1. Неожиданные предложения. Если вам внезапно предлагают компенсацию, особенно если вы не подавали заявку на такую услугу, это должно насторожить.

2. Требуют предоплату. Мошенники часто просят оплатить услуги или комиссию за оформление компенсации. Банк никогда не требует оплаты за возврат средств.

3. Давят на время. Обманщики могут настаивать на быстром принятии решения, чтобы вы не успели проверить информацию.

4. Нет официальных документов. Если предложение не подтверждается официальными документами или подписанными соглашениями, это признак мошенничества.

5. Непроверенные контакты. Если контакты компании или представителя не соответствуют официальным данным, это повод для беспокойства.

Если вы столкнулись с подобным предложением, не спешите соглашаться. Лучше обратиться в банк или официальные органы для проверки информации."
417,"Какой кредитный рейтинг должен иметь МФО для долгосрочных вложений с учетом того, что такие инвестиции не страхуются государством?","Для долгосрочных вложений в микрофинансовые организации (МФО) рекомендуется выбирать компании с высоким кредитным рейтингом. Обычно это рейтинг не ниже BBB- по международным шкалам (например, от S&P, Moody's, Fitch) или аналогичный по национальным шкалам.

Так как такие инвестиции не страхуются государством, важно учитывать финансовую устойчивость и надежность МФО. Лучше выбирать организации с рейтингом не ниже BBB-, так как это снижает риски потери вложений."
418,"Какие ограничения на досрочный выход из сделки указаны для векселя, а также для участия в аукционе заблокированных активов?","Для векселя досрочный выход из сделки обычно ограничен условиями договора купли-продажи. Часто в договоре указывается, что вексель может быть продан только по истечении определенного срока или при наступлении определенных условий.

Что касается участия в аукционе заблокированных активов, то здесь также действуют определенные ограничения. Обычно банк или другая организация, проводящая аукцион, устанавливает правила участия, которые могут включать требования к минимальной сумме ставки, наличию определенных документов или статусу участника.

Для более точной информации рекомендую обратиться к условиям конкретного договора или правилам аукциона."
419,"Попадают ли деньги в доверительном управлении, на брокерском счете и в структурном депозите под страхование вкладов?","Деньги в доверительном управлении и на брокерском счете не попадают под страхование вкладов, так как это инвестиционные инструменты, а не банковские вклады.

Структурный депозит может быть застрахован, если он является банковским вкладом. Однако, если в структурном депозите присутствуют инвестиционные компоненты, то только банковская часть может быть застрахована.

Для точного ответа необходимо уточнить условия конкретного структурного депозита. Рекомендую обратиться в банк для получения детальной информации."
420,Как госпоручительство помогает оформить заем?,"Госпоручительство позволяет оформить заем, когда у заемщика нет достаточного обеспечения или кредитной истории. Банк может потребовать поручителя, который гарантирует выполнение обязательств заемщика. Поручитель берет на себя ответственность по возврату кредита, если заемщик не сможет это сделать. Это снижает риски для банка и повышает шансы на одобрение кредита."
421,Как мошенники получают данные банковских карт через поддельные сайты?,"Мошенники создают сайты, которые визуально похожи на официальные сайты банков или интернет-магазинов. Когда пользователь вводит данные карты на таком сайте, они автоматически передаются мошенникам. Для защиты от таких схем рекомендуется внимательно проверять адрес сайта, использовать только официальные приложения банков и не вводить данные карты на подозрительных ресурсах."
422,Как удостовериться в легальности кредитора перед заявкой?,"Перед подачей заявки на кредит важно убедиться в легальности кредитора. Для этого можно проверить его регистрацию в государственных реестрах, например, в Едином государственном реестре юридических лиц (ЕГРЮЛ) или Едином государственном реестре индивидуальных предпринимателей (ЕГРИП). Также стоит обратить внимание на наличие лицензии на осуществление банковских операций, если кредитор является банком.

Кроме того, можно проверить отзывы и репутацию кредитора в интернете, а также обратиться в Центральный банк Российской Федерации для получения информации о его деятельности. Если у вас возникли сомнения в легальности кредитора, лучше отказаться от сотрудничества с ним."
423,Покроет ли страховка ответственности кражу из банковской ячейки?,"Страховка ответственности банка обычно не покрывает кражу из банковской ячейки. Банковская ячейка предназначена для хранения ценностей клиента, и ответственность за их сохранность лежит на самом клиенте. Банк несет ответственность за сохранность ячейки, но не за содержимое. Для страхования содержимого ячейки необходимо оформлять отдельную страховку."
424,Как избежать потерь при онлайн‑покупках вне официальных магазинов?,"Для защиты от потерь при онлайн-покупках вне официальных магазинов рекомендуется:

1. Проверяйте репутацию продавца через отзывы и рейтинги.
2. Используйте защищенные способы оплаты, такие как виртуальные карты или платежные системы с защитой покупателя.
3. Обязательно сохраняйте все подтверждения и переписки с продавцом.
4. Ознакомьтесь с условиями возврата и гарантии до совершения покупки.
5. При подозрениях на мошенничество обращайтесь в банк или правоохранительные органы.

Если у вас возникли конкретные вопросы по безопасности платежей, уточните их."
425,Что может покупать неквалифицированный инвестор без тестов с учетом ограничений на иностранные бумаги?,"Неквалифицированный инвестор может покупать следующие инструменты без прохождения тестов:

1. Облигации российских эмитентов.
2. Акции российских компаний, включенные в котировальные списки биржи.
3. Паи инвестиционных фондов, зарегистрированных в России.
4. Депозиты и вклады в российских банках.

Ограничения на иностранные бумаги означают, что неквалифицированный инвестор не может покупать иностранные акции, облигации и другие ценные бумаги, если они не включены в специальный перечень, разрешенный для покупки."
426,Зачем сравнивать условия разных банков или сервисов перед крупной тратой?,"Сравнение условий разных банков или сервисов перед крупной тратой позволяет выбрать наиболее выгодные условия. Это может включать в себя сравнение процентных ставок, комиссий, сроков кредитования, наличия скрытых платежей и других параметров. Такой анализ помогает сэкономить деньги и избежать неожиданных расходов.

Также важно учитывать репутацию банка или сервиса, отзывы клиентов и уровень обслуживания. Это поможет избежать проблем в будущем и выбрать надежного партнера."
427,"Как избежать лишних платных сервисов при микрозайме, а также в какой срок можно от них отказаться после подписания?","Чтобы избежать лишних платных сервисов при оформлении микрозайма, внимательно изучите договор. Обычно такие услуги предлагаются в виде дополнительных страховок, СМС-информирования или других сервисов. От них можно отказаться сразу при подписании договора.

Если вы уже подписали договор, но хотите отказаться от платных услуг, уточните в договоре сроки отказа. Обычно это можно сделать в течение 14 дней с момента подписания. Для отказа обратитесь в организацию, выдавшую займ, с заявлением."
428,Как отличается период охлаждения по кредитным страховкам от сроков возврата ИСЖ или НСЖ на небольшую сумму?,"Период охлаждения по кредитным страховкам обычно составляет 5-14 дней с момента заключения договора. В течение этого времени клиент может отказаться от страховки и вернуть деньги без штрафов.

Сроки возврата страховых сумм по ИСЖ (имущественное страхование жилья) или НСЖ (накопление страхование жизни) зависят от условий договора. Обычно возврат возможен в течение 14-30 дней, но сумма может быть уменьшена на процент за использование страховой защиты.

Если у вас есть конкретный договор, уточните условия в нем или обратитесь к страховщику."
429,Какой налоговый режим выбрать ИП для минимальной отчетности с учетом риска личным имуществом?,"Для выбора налогового режима с минимальной отчетностью и учетом риска личным имуществом, ИП стоит рассмотреть следующие варианты:

Упрощенная система налогообложения (УСН) с объектом ""Доходы"" или ""Доходы минус расходы"". УСН предполагает минимальную отчетность и позволяет снизить налоговую нагрузку.

Патентная система налогообложения (ПСН). ПСН также предполагает минимальную отчетность, но имеет ограничения по видам деятельности и доходам.

Самозанятость. Этот режим предполагает минимальную отчетность и сниженные налоговые ставки, но имеет ограничения по доходам и видам деятельности.

Что касается риска личным имуществом, то ИП отвечает по обязательствам всем своим имуществом, за исключением того, которое не может быть изъято в соответствии с законодательством. Для снижения риска можно рассмотреть возможность регистрации ИП на супруга или супругу, если это целесообразно.

Для более точного выбора налогового режима рекомендуется проконсультироваться с налоговым консультантом или юристом."
430,Учитывается ли доход по обезличенным металлическим счетам при расчёте НДФЛ по вкладам?,"Доход по обезличенным металлическим счетам не учитывается при расчёте НДФЛ по вкладам. Налог на доходы физических лиц взимается только с процентных доходов по вкладам в рублях и иностранной валюте. Обезличенные металлические счета не являются вкладами, поэтому доход от их использования не облагается НДФЛ."
431,Как правильно проверять подлинность банкнот при расчетах наличными с последующим обращением при сомнениях?,"Для проверки подлинности банкнот при расчетах наличными следует использовать несколько методов.

Во-первых, проверьте банкноту на ощупь. Подлинные купюры имеют характерную фактуру, рельефные элементы и водяные знаки.

Во-вторых, рассмотрите банкноту на свет. На подлинных купюрах должны быть четкие водяные знаки и защитные нити.

В-третьих, используйте ультрафиолетовую лампу. Подлинные банкноты имеют специальные защитные элементы, которые светятся определенным образом под ультрафиолетом.

Если у вас возникли сомнения в подлинности банкноты, обратитесь в банк для дополнительной проверки. Банк проведет экспертизу и подтвердит или опровергнет подлинность купюры.

В случае подтверждения подделки, банк примет меры для защиты ваших интересов."
432,"Почему сделки на бирже безопаснее, чем внебиржевые?","Сделки на бирже считаются более безопасными по нескольким причинам.

Во-первых, биржевые сделки регулируются законодательством и подлежат контролю со стороны регуляторов. Это снижает риски мошенничества и недобросовестных действий.

Во-вторых, биржи обеспечивают прозрачность сделок. Все операции фиксируются и доступны для проверки, что минимизирует риски манипуляций.

В-третьих, биржи предоставляют механизмы гарантирования сделок, такие как клиринговые палаты, которые гарантируют исполнение обязательств сторон.

В-четвертых, внебиржевые сделки могут быть менее ликвидными, что увеличивает риски потери средств.

В-пятых, биржи предлагают стандартизированные контракты, что снижает риски недопонимания условий сделки.

Таким образом, биржевые сделки обеспечивают более высокий уровень защиты и прозрачности по сравнению с внебиржевыми."
433,Как различаются лимиты возмещения по банковским вкладам по сравнению с добровольной пенсией в НПФ?,"Лимиты возмещения по банковским вкладам и добровольной пенсии в НПФ различаются по следующим параметрам:

Лимиты возмещения по банковским вкладам:
1. В России вклады в банках застрахованы в АСВ (Агентство по страхованию вкладов) на сумму до 1,4 миллиона рублей на одного вкладчика в одном банке.
2. Возмещение выплачивается в случае отзыва лицензии у банка или его банкротства.
3. Компенсация выплачивается в течение 3 месяцев с момента наступления страхового случая.

Лимиты возмещения по добровольной пенсии в НПФ:
1. В НПФ средства пенсионных накоплений застрахованы в АСВ на сумму до 100% средств пенсионных накоплений, но не более 1,4 миллиона рублей.
2. Возмещение выплачивается в случае отзыва лицензии у НПФ или его банкротства.
3. Компенсация выплачивается в течение 3 месяцев с момента наступления страхового случая.

Таким образом, основное различие заключается в том, что лимиты возмещения по банковским вкладам и добровольной пенсии в НПФ одинаковы, но применяются к разным видам финансовых продуктов."
434,Почему страховка дороже при оплате через кредит?,"Страховка дороже при оплате через кредит, потому что банк может навязывать дополнительные услуги или увеличивать стоимость страховки для покрытия своих рисков. Также возможны скрытые комиссии или повышенные процентные ставки, которые включаются в общую стоимость кредита."
435,Какой предел льготной части кредита действует при совмещении «ипотеки от застройщика» с господдержкой?,"Предел льготной части кредита при совмещении «ипотеки от застройщика» с господдержкой зависит от условий конкретной программы. Обычно льготная часть составляет до 20% от суммы кредита, но точные условия нужно уточнять у застройщика или в банке, предоставляющем кредит."
436,"Как учесть страховые платежи при планировании бюджета семьи, когда страховка на жилье обязательна?","Страховые платежи за жилье следует учитывать как регулярные обязательные расходы, как коммунальные платежи. Обычно страховка оплачивается раз в год, поэтому сумму можно разделить на 12 месяцев и включить в ежемесячный бюджет. Уточните у страховой компании, есть ли возможность оплаты страховки частями, если это удобнее для вашего бюджета."
437,"Почему кредитные рейтинги важны для облигаций, доступных неквалифицированным инвесторам?","Кредитные рейтинги важны для облигаций, доступных неквалифицированным инвесторам, потому что они помогают оценить надежность эмитента и вероятность дефолта. Рейтинги позволяют инвесторам сравнить риски разных облигаций и принять обоснованное решение. Чем выше рейтинг, тем ниже риск, но и доходность обычно ниже. Для неквалифицированных инвесторов это особенно важно, так как они могут не иметь достаточного опыта для самостоятельной оценки кредитоспособности эмитента."
438,Чем отличается отмена операции через сервис «второй руки» от возврата ошибочного перевода?,"Отмена операции через сервис «второй руки» и возврат ошибочного перевода — это разные процедуры.

Отмена операции через сервис «второй руки» обычно означает, что операция еще не была завершена и может быть отменена по инициативе клиента или банка. Это может быть, например, отмена платежа, который еще не прошел.

Возврат ошибочного перевода — это процедура, которая применяется, когда перевод уже был выполнен, но был совершен по ошибке. В этом случае клиент может обратиться в банк для возврата средств.

Если вам нужно вернуть ошибочный перевод, обратитесь в банк, и специалисты помогут вам с этой процедурой."
439,Как правильно проводить расчеты при продаже ипотечной квартиры?,"Для расчета при продаже ипотечной квартиры нужно учитывать несколько ключевых моментов.

Во-первых, необходимо уточнить остаток по ипотечному кредиту. Это можно сделать в личном кабинете банка или обратившись в банк, где был взят кредит.

Во-вторых, нужно учитывать, что при продаже ипотечной квартиры банк может потребовать досрочного погашения кредита. Это значит, что из суммы продажи квартиры нужно будет вычесть оставшуюся сумму кредита.

В-третьих, важно учитывать комиссии и налоги. При продаже недвижимости может взиматься налог на доходы физических лиц, если квартира была в собственности менее трех лет. Также могут быть комиссии за услуги риелтора или нотариуса.

В-четвертых, если квартира была залогом по кредиту, то для ее продажи потребуется согласие банка. Банк может потребовать оценку квартиры, чтобы убедиться, что сумма продажи покрывает оставшуюся сумму кредита.

В-пятых, после продажи квартиры и погашения кредита, оставшаяся сумма будет принадлежать продавцу. Если квартира была в собственности более трех лет, то налог на доходы физических лиц не взимается.

Для точного расчета рекомендуется обратиться в банк, где был взят ипотечный кредит, или к профессиональному риелтору."
440,"Почему доходность накопительной части государственной пенсии невысока, а займы вне банка обычно обходятся дороже?","Низкая доходность накопительной части пенсии связана с консервативной стратегией инвестирования пенсионных накоплений. Государство стремится минимизировать риски, поэтому вкладывает средства в надежные, но мало доходные активы, такие как государственные облигации.

Займы вне банка обычно обходятся дороже из-за более высоких рисков для кредитора. Внебанковские кредиторы, такие как микрофинансовые организации, компенсируют риски высокими процентными ставками. Также у них могут быть более высокие операционные расходы, которые они перекладывают на заемщиков."
441,"Какие шаги нужно сделать после несанкционированного списания с карты, включая сроки обращения?","Ошибка при обработке: Error code: 429 - {'error': {'message': ""No deployments available for selected model, Try again in 5 seconds. Passed model=openrouter/mistralai/mistral-small-3.2-24b-instruct. pre-call-checks=False, cooldown_list=['5a974fd4-816e-429d-a928-c954d4891e78']"", 'type': 'None', 'param': 'None', 'code': '429'}}"
442,В каких случаях есть смысл обращаться в суд при ошибочном переводе либо участии в пирамиде?,"Обращаться в суд имеет смысл в следующих случаях:

Если банк или финансовая организация отказывается признавать ошибку и возвращать средства.

Если сумма перевода значительная, и без судебного решения вернуть деньги сложно.

Если есть доказательства участия в финансовой пирамиде, и вы хотите вернуть вложенные средства.

Если другие способы возврата денег исчерпаны, и суд остается единственным вариантом.

Однако перед обращением в суд рекомендуется проконсультироваться с юристом и собрать все необходимые доказательства."
443,Что безопаснее для сохранности активов — доверительное управление или брокерское обслуживание?,"Доверительное управление и брокерское обслуживание различаются по степени контроля и ответственности.

При доверительном управлении клиент передает активы управляющей компании, которая принимает решения о их размещении. Это может быть безопаснее для тех, кто не хочет или не может самостоятельно управлять инвестициями, но зависит от профессионализма управляющей компании.

Брокерское обслуживание предполагает, что клиент сам принимает решения о покупке и продаже активов, используя услуги брокера для исполнения сделок. Это дает больше контроля, но требует знаний и опыта.

Безопасность активов в обоих случаях зависит от надежности компании, с которой вы работаете, и от условий договора."
444,Как кредитные каникулы отражаются на кредитной истории с учетом новых сроков хранения записей?,"Кредитные каникулы могут отражаться на кредитной истории как период, в течение которого выплаты по кредиту были приостановлены. С учетом новых сроков хранения записей, информация о кредитных каникулах будет храниться в вашей кредитной истории в течение установленного срока, обычно это 10 лет. Это может повлиять на ваш кредитный рейтинг, так как периоды невыплат могут восприниматься как рисковые. Однако конкретное влияние зависит от политики кредитного бюро и банка."
445,Зачем в бизнес-плане заранее прописывать действия на случай ухудшения условий?,"Прописывание действий на случай ухудшения условий в бизнес-плане необходимо для нескольких целей.

Во-первых, это помогает минимизировать риски. Предвидя возможные проблемы, можно заранее подготовить меры, которые снизят негативное влияние на бизнес.

Во-вторых, это повышает доверие инвесторов и кредиторов. Они видят, что у вас есть четкий план действий на случай непредвиденных обстоятельств, что снижает их риски.

В-третьих, это помогает быстрее реагировать на изменения. Если условия ухудшатся, у вас уже будет готовый план действий, что позволит оперативно принять меры.

В-четвертых, это способствует устойчивости бизнеса. Даже если условия ухудшатся, бизнес сможет продолжать функционировать, так как у него есть план действий на такой случай.

Таким образом, прописывание действий на случай ухудшения условий в бизнес-плане является важным элементом стратегического планирования и управления рисками."
446,Какие первые шаги сделать при мошенническом списании с карты?,"При мошенническом списании с карты необходимо сразу же заблокировать карту, обратившись в банк. Затем следует подать заявление о мошенничестве и запросить разбирательство. Важно сохранить все документы и доказательства, которые могут подтвердить факт мошенничества. Банк проведет внутреннее расследование и примет решение о возврате средств."
447,Как меняется порядок ответственности созаемщика против поручителя при смерти участника СВО?,"При смерти участника СВО порядок ответственности созаемщика и поручителя не меняется. Созаемщик и поручитель продолжают нести ответственность по кредиту в соответствии с условиями кредитного договора.

Созаемщик отвечает по кредиту наравне с основным заемщиком, а поручитель отвечает солидарно с заемщиком, то есть банк может требовать исполнения обязательств как от заемщика, так и от поручителя в полном объеме.

Если у вас есть дополнительные вопросы по кредитным обязательствам, задавайте их."
448,Как созаемщик влияет на условия ипотеки по сравнению с поручителем?,"Созаемщик и поручитель влияют на условия ипотеки по-разному.

Созаемщик является полноценным участником кредитного договора, его доход учитывается при расчете максимальной суммы кредита. Это может повысить шансы на одобрение ипотеки и увеличить сумму кредита.

Поручитель же гарантирует исполнение обязательств основного заемщика, но его доход не учитывается при расчете суммы кредита. Поручительство может повысить доверие банка к заемщику, но не влияет на сумму кредита напрямую.

Таким образом, созаемщик оказывает большее влияние на условия ипотеки, чем поручитель."
449,Почему многие страны перешли к инфляционному таргетированию и какую цель по инфляции выбрал Банк России?,"Инфляционное таргетирование — это стратегия денежно-кредитной политики, при которой центральный банк устанавливает и поддерживает определенный уровень инфляции. Многие страны перешли к этой стратегии, потому что она помогает стабилизировать экономику, снижает неопределенность и способствует долгосрочному экономическому росту.

Банк России выбрал цель по инфляции в 4%. Это означает, что центральный банк стремится поддерживать уровень инфляции на уровне 4% в год. Выбор этой цели обусловлен необходимостью баланса между стабильностью цен и экономическим ростом."
450,Как зафиксировать курс валюты для будущей закупки без покупки валюты сразу?,"Для фиксации курса валюты без немедленной покупки можно использовать инструмент ""Форвардный валютный контракт"". Это соглашение с банком о покупке валюты по заранее установленному курсу в будущем. Вы фиксируете курс сегодня, а оплату и получение валюты производите в оговоренную дату.

Также можно рассмотреть опционы на валюту, которые дают право, но не обязанность, купить валюту по фиксированному курсу в будущем."
451,Когда крупнейшие банки предоставят доступ к цифровому рублю по сравнению со статусом подключения банков к СБП?,"Крупнейшие банки, скорее всего, получат доступ к цифровому рублю позже, чем к Системе быстрых платежей (СБП). СБП уже активно используется многими банками, а цифровой рубль пока находится на стадии разработки и тестирования. Точные сроки внедрения цифрового рубля пока не объявлены, но ожидается, что это произойдет в ближайшие несколько лет."
452,Как работает период охлаждения для допуслуг к кредитам по сравнению с полисами ИСЖ?,"Период охлаждения для дополнительных услуг к кредитам и полисов ИСЖ (ипотечное страхование жилья) может отличаться.

Для дополнительных услуг к кредитам период охлаждения обычно составляет 5-14 дней. В течение этого времени клиент может отказаться от услуги без штрафов и пеней.

Для полисов ИСЖ период охлаждения также может составлять 5-14 дней, но точные условия зависят от страховой компании и договора. В этот период клиент может вернуть страховку, если не использовал ее.

Для точного ответа уточните, о каком именно банке или страховой компании идет речь."
453,Чем отличаются по риску и доходности банковский вклад и инвестиции в ценные бумаги для пассивного дохода?,"Банковский вклад и инвестиции в ценные бумаги различаются по риску и доходности.

Банковский вклад обычно считается более безопасным инструментом. Он гарантирован государством, а процентная ставка фиксирована. Однако доходность по вкладам обычно ниже, чем по инвестициям в ценные бумаги.

Инвестиции в ценные бумаги, такие как акции или облигации, могут приносить более высокую доходность, но они связаны с более высоким риском. Доходность зависит от рыночных условий и может изменяться.

Для пассивного дохода банковский вклад может быть более подходящим, так как он не требует активного управления. Инвестиции в ценные бумаги могут требовать более активного подхода для достижения стабильного дохода."
454,Кто не сможет получить социальный налоговый вычет?,"Социальный налоговый вычет не могут получить следующие категории граждан:

1. Те, кто не является налоговым резидентом Российской Федерации.
2. Те, кто не имеет официального дохода, облагаемого НДФЛ по ставке 13%.
3. Те, кто не может подтвердить свои расходы документально.
4. Те, кто превышает установленные лимиты на социальные вычеты.

Если у вас есть дополнительные вопросы по налоговым вычетам, задавайте их."
455,"Почему пенсионеры, а также бывшие жертвы пирамид становятся мишенью повторных афер?","Пенсионеры и бывшие жертвы пирамид часто становятся мишенью повторных афер по нескольким причинам.

Во-первых, пенсионеры обычно имеют накопления, которые мошенники стремятся присвоить. Они могут быть менее осведомлены о современных схемах мошенничества и более доверчивы.

Во-вторых, бывшие жертвы пирамид могут быть более уязвимыми, так как уже потеряли деньги и могут быть готовы рискнуть снова, надеясь вернуть свои потери.

В-третьих, мошенники используют психологические приемы, такие как обещания высоких доходов или ложные гарантии безопасности, чтобы привлечь этих людей.

Если у вас есть конкретные вопросы о банковских продуктах или безопасности, я готов помочь."
456,Как распознать фишинговый сайт при оплате онлайн?,"Фишинговые сайты часто имитируют официальные, но есть признаки, которые помогут их распознать:

1. Проверьте адрес сайта. Официальный сайт банка обычно имеет доменное имя, совпадающее с названием банка, например, sberbank.ru. Фишинговые сайты могут использовать похожие, но не совпадающие домены, например, sberbank-security.ru.

2. Обратите внимание на дизайн и оформление. Фишинговые сайты могут иметь несовершенный дизайн, орфографические ошибки или несоответствия в оформлении.

3. Проверьте наличие SSL-сертификата. Официальные сайты обычно используют защищенное соединение HTTPS. В адресной строке браузера должен быть значок замка.

4. Не доверяйте подозрительным ссылкам. Фишинговые сайты могут отправлять ссылки через электронную почту, SMS или социальные сети. Не переходите по таким ссылкам, если они выглядят подозрительно.

5. Проверьте контакты. Официальные сайты банков обычно содержат контактную информацию, такую как адреса отделений, телефоны и электронные адреса. Фишинговые сайты могут не содержать такой информации или предоставлять недостоверные данные.

Если у вас есть сомнения по поводу сайта, лучше обратиться в банк для подтверждения его подлинности."
457,"Как оспорить кредит, оформленный мошенниками на мое имя?","Если вы обнаружили, что кредит оформлен на ваше имя без вашего согласия, необходимо срочно предпринять следующие шаги:

1. Обратитесь в банк, где был оформлен кредит, и напишите заявление о мошенничестве. Укажите, что вы не оформляли данный кредит и не давали согласия на его получение.

2. Подайте заявление в полицию о факте мошенничества. Вам нужно будет предоставить все документы, подтверждающие вашу личность, а также любые доказательства, которые могут подтвердить факт мошенничества.

3. Обратитесь в кредитное бюро, чтобы проверить свою кредитную историю и убедиться, что информация о кредите не отражается в вашей кредитной истории.

4. Если кредит уже был выдан, и мошенники начали его погашать, вам нужно будет доказать, что вы не являетесь заемщиком. Это может потребовать дополнительных доказательств и времени.

5. В случае, если кредит был оформлен с использованием ваших личных данных, вам также следует обратиться в соответствующие органы для защиты своих данных и предотвращения дальнейших мошеннических действий.

Важно действовать быстро, чтобы минимизировать возможные последствия."
458,Почему при санкциях против брокера с депозитарной лицензией замораживаются иностранные активы клиентов?,"При санкциях против брокера с депозитарной лицензией иностранные активы клиентов могут замораживаться по нескольким причинам.

Во-первых, санкции могут предусматривать ограничения на операции с активами, принадлежащими резидентам или организациям из стран, против которых введены санкции.

Во-вторых, брокер может быть обязан соблюдать международные санкционные режимы, что включает в себя блокировку активов, связанных с санкционированными лицами или организациями.

В-третьих, замораживание активов может быть связано с необходимостью проведения дополнительных проверок и идентификации активов, чтобы убедиться в их соответствии санкционным требованиям.

Для получения более точной информации рекомендуется обратиться к официальным источникам или консультантам, специализирующимся на санкционном регулировании."
459,"Как действовать, если сомневаетесь в легальности финансовой организации?","Если сомневаетесь в легальности финансовой организации, выполните следующие шаги:

1. Проверьте наличие лицензии у организации на официальном сайте регулятора, например, Центрального банка РФ.
2. Уточните информацию о компании в реестре юридических лиц на сайте ФНС.
3. Ознакомьтесь с отзывами и репутацией организации в интернете.
4. Свяжитесь с организацией напрямую и запросите дополнительную информацию о ее деятельности.
5. Если сомнения остаются, обратитесь в правоохранительные органы или регулятор для проверки.

Если вопрос не о банке, уточните, есть ли у вас банковские вопросы."
460,Закроет ли банк карту или счет автоматически после полного погашения кредита?,"После полного погашения кредита банк не закрывает карту или счет автоматически. Карта может продолжать действовать до истечения срока ее действия, а счет остается открытым, если на нем есть остаток средств или если он используется для других операций. Однако банк может взимать комиссии за обслуживание счета или карты, если они не используются. Рекомендуется уточнить условия у вашего банка."
461,Как узнать обо всех оформленных на вас кредитах?,"Для получения информации обо всех оформленных на вас кредитах, вы можете воспользоваться следующими способами:

Во-первых, обратитесь в банки, в которых вы ранее оформляли кредиты. Уточните, есть ли у вас действующие кредиты, и запросите выписку по ним.

Во-вторых, вы можете воспользоваться услугами бюро кредитных историй. В России действуют несколько бюро, таких как Национальное бюро кредитных историй (НБКИ), Объединённое кредитное бюро (ОКБ) и другие. Вы можете запросить свою кредитную историю, которая содержит информацию обо всех ваших кредитах.

В-третьих, вы можете воспользоваться государственным сервисом ""Госуслуги"". На портале ""Госуслуги"" доступна услуга ""Получение выписки из кредитной истории"". Для этого вам нужно зарегистрироваться на портале и подтвердить свою личность.

Также вы можете обратиться в банк, где у вас открыт счет, и запросить информацию о кредитах, оформленных на ваше имя."
462,Как соотносится автоматическое начисление налога на АУСН с порядком списания долгов со счетов ИП?,"Автоматическое начисление налога на АУСН и порядок списания долгов со счетов ИП регулируются разными нормативными актами и не связаны напрямую.

Автоматическое начисление налога на АУСН происходит в соответствии с налоговым законодательством. Налоговый орган рассчитывает сумму налога на основе данных, представленных ИП, и направляет уведомление о необходимости уплаты.

Списание долгов со счетов ИП регулируется банковским законодательством и договорными условиями между банком и клиентом. Банк может списывать средства со счета ИП в порядке, установленном договором, в том числе для погашения задолженности перед банком или другими кредиторами.

Таким образом, эти процессы не связаны между собой и регулируются разными нормативными актами."
463,"Какие принципы финансовой дисциплины помогают избежать перерасхода, долгов?","Финансовая дисциплина основана на нескольких ключевых принципах, которые помогают избежать перерасхода и долгов:

1. Планирование бюджета. Регулярно составляйте бюджет, учитывая все доходы и расходы. Это поможет контролировать финансовые потоки и избегать неожиданных трат.

2. Создание финансовой подушки. Откладывайте часть доходов на резервный фонд, который поможет покрыть непредвиденные расходы без привлечения заемных средств.

3. Контроль расходов. Следите за своими тратами, избегайте импульсных покупок и старайтесь придерживаться запланированного бюджета.

4. Отказ от кредитования для текущих нужд. Используйте кредиты только для целевых и необходимых расходов, таких как образование или жилье, а не для повседневных покупок.

5. Инвестирование. Вкладывайте свободные средства в инструменты с разным уровнем доходности, чтобы обеспечить финансовую стабильность в будущем.

6. Регулярный анализ финансового состояния. Периодически оценивайте свои финансовые цели и корректируйте бюджет в соответствии с изменениями в доходах и расходах.

Соблюдение этих принципов поможет вам избежать перерасхода и долгов, а также обеспечит финансовую стабильность."
464,Какие признаки выдают телефонную мошенническую атаку?,"Телефонные мошенники часто используют психологическое давление, создают срочность, требуют передать деньги или данные карты. Они могут представляться сотрудниками банка, правоохранительных органов или других организаций. Если звонок вызывает подозрения, лучше перезвонить в банк по официальному номеру, указанному на сайте или карте.

Если вы уже передали данные, немедленно свяжитесь с банком."
465,Какие инструменты помогают сократить расходы на праздники?,"Для сокращения расходов на праздники можно использовать несколько финансовых инструментов.

Во-первых, кредитные карты с кэшбэком. Они позволяют возвращать часть потраченных средств за покупки. Например, если карта дает 5% кэшбэка, то при покупке подарка на 1000 рублей вы вернете 50 рублей.

Во-вторых, кредитные карты с льготным периодом. Они позволяют отсрочить платеж за покупки на определенный срок, обычно до 50-60 дней. Это дает возможность расплатиться за покупки уже после праздников, когда финансовая нагрузка снизится.

В-третьих, рассрочка. Многие магазины предлагают рассрочку без переплаты, что позволяет распределить расходы на несколько месяцев.

В-четвертых, накопительные счета. Если вы планируете праздничные расходы заранее, можно открыть накопительный счет с высоким процентом и регулярно вносить на него деньги. К празднику у вас будет нужная сумма, и вы сможете потратить ее без ущерба для бюджета.

В-пятых, бонусы и акции. Многие магазины и сервисы предлагают бонусы, скидки и акции, которые можно использовать для экономии. Например, подарочные сертификаты, скидки на определенные товары или услуги.

Выберите инструмент, который наиболее подходит под ваши финансовые возможности и планы."
466,"Какой реестр проверяют по МФО, а какой по коллекторскому агентству?","Для микрофинансовых организаций (МФО) проверяют реестр Центрального банка РФ, где зарегистрированы все действующие МФО.

Для коллекторских агентств проверяют реестр Федеральной службы судебных приставов (ФССП), где содержатся данные о лицензированных коллекторских агентствах.

Если у вас есть дополнительные вопросы по банковским услугам, спрашивайте."
467,Как совмещать накопления на долгосрочные цели с контролем повседневных трат?,"Для совмещения накоплений на долгосрочные цели с контролем повседневных трат можно использовать несколько стратегий.

Во-первых, разделите свои финансы на несколько категорий. Например, создайте отдельные счета для накоплений и для повседневных расходов. Это поможет вам визуально контролировать свои траты и не смешивать средства, предназначенные для разных целей.

Во-вторых, установите ежемесячные лимиты на повседневные расходы. Определите, сколько вы можете потратить в месяц на продукты, развлечения, транспорт и другие текущие нужды. Используйте мобильное приложение банка для отслеживания расходов и оповещений о превышении лимита.

В-третьих, автоматизируйте накопления. Настройте автоматическое перечисление определенной суммы на счет для долгосрочных накоплений сразу после получения зарплаты. Это поможет вам откладывать деньги, не прилагая дополнительных усилий.

В-четвертых, используйте инструменты инвестирования. Для долгосрочных целей можно рассмотреть вложения в облигации, акции или фонды. Это позволит вашим накоплениям расти быстрее, чем на обычном вкладе.

В-пятых, регулярно пересматривайте свои финансовые цели и планы. Жизненные обстоятельства могут меняться, и ваши финансовые приоритеты тоже. Регулярный анализ поможет вам оставаться на правильном пути."
468,Как защищены деньги на аккредитиве по сравнению со счетом эскроу при сделке в ипотеке?,"Деньги на аккредитиве и на счете эскроу защищены по-разному.

При аккредитиве банк блокирует средства покупателя и переводит их продавцу только после выполнения всех условий сделки. Это гарантирует, что деньги не будут переведены, если сделка не состоится.

Счет эскроу, в свою очередь, предполагает, что средства хранятся на специальном счете до момента выполнения всех условий сделки. Деньги переходят к продавцу только после того, как все условия сделки выполнены и стороны подтверждают это.

Таким образом, оба механизма защищают деньги, но аккредитив обеспечивает более строгий контроль со стороны банка."
469,Как снизить риск личных выплат при суброгации после ДТП?,"Суброгация в страховании означает переход прав требования страховщика к страхователю после выплаты страхового возмещения. Чтобы снизить риск личных выплат при суброгации после ДТП, можно рассмотреть следующие меры:

Во-первых, важно правильно оформить все документы, связанные с ДТП, включая протокол, справку о ДТП и заключение экспертизы. Это поможет избежать споров и недоразумений.

Во-вторых, рекомендуется своевременно уведомлять страховую компанию о произошедшем ДТП и предоставлять все необходимые документы для рассмотрения дела.

В-третьих, можно рассмотреть возможность заключения договора страхования с полным покрытием, что может снизить финансовые риски в случае ДТП.

В-четвертых, важно соблюдать все условия страхового договора, чтобы избежать отказа в выплате страхового возмещения.

Наконец, рекомендуется проконсультироваться с юристом, чтобы понять все нюансы суброгации и минимизировать риски."
470,Доступна ли одновременная льгота на взносах вместе с льготой на доход по ИИС разных типов?,"Одновременное использование льготы на взносы и льготы на доход по ИИС разных типов невозможно. ИИС типа А предоставляет льготу на взносы, а ИИС типа Б — льготу на доход. Вы можете выбрать только один тип ИИС при открытии счета."
471,Кто вправе запрашивать информацию о ценных бумагах умершего?,"Информацию о ценных бумагах умершего вправе запрашивать наследники, предоставив документы, подтверждающие их право на наследство. Это могут быть свидетельство о праве на наследство или решение суда о принятии наследства. Банк или брокерская компания, где хранились ценные бумаги, обязаны предоставить эту информацию наследникам в соответствии с законодательством."
472,Как отменить навязанную допуслугу к онлайн‑займу под 0%?,"Для отмены навязанной дополнительной услуги к онлайн-займу под 0% вам нужно обратиться в банк или организацию, которая предоставила займ. Уточните у них условия договора и возможность отмены услуги. Если услуга была оформлена без вашего согласия, вы можете потребовать её отмены и возврата средств.

Если у вас есть договор, проверьте в нем условия отмены услуг. Обычно в договоре указаны сроки и порядок отмены. Если договор не содержит такой информации, обратитесь в банк или организацию, которая предоставила займ, и запросите отмену услуги.

Если вы не можете решить вопрос самостоятельно, вы можете обратиться в Роспотребнадзор или в суд."
473,Как избежать ущерба кредитной истории при риске просрочки по краткосрочному займу?,"Чтобы избежать ущерба кредитной истории при риске просрочки по краткосрочному займу, следует предпринять несколько шагов.

Во-первых, как можно раньше свяжитесь с кредитором и объясните ситуацию. Возможно, банк предложит реструктуризацию долга или отсрочку платежа.

Во-вторых, если есть возможность, погасите хотя бы часть задолженности. Это покажет кредитору, что вы не игнорируете свои обязательства.

В-третьих, избегайте новых займов, так как это может усугубить финансовую нагрузку.

В-четвертых, если просрочка уже произошла, постарайтесь погасить её как можно быстрее. Чем дольше длится просрочка, тем больше ущерб для кредитной истории.

Если ситуация сложная, обратитесь за помощью к кредитному консультанту."
474,"Кто контролирует работу брокеров, депозитариев и управляющих ПИФов?","В России деятельность брокеров, депозитариев и управляющих ПИФов контролируется Центральным банком Российской Федерации (Банком России). Банк России выдает лицензии на осуществление этих видов деятельности, а также осуществляет надзор за их соблюдением. В случае нарушений регулятор может применять меры воздействия, вплоть до отзыва лицензии."
475,Как сочетать УСН с патентом при тестировании нового направления с учетом личного риска ИП?,"Для сочетания УСН и патента при тестировании нового направления деятельности ИП, учитывая личный риск, следует рассмотреть несколько вариантов:

Сначала определитесь с основным режимом налогообложения. Если основная деятельность находится на УСН, то патент можно использовать для тестирования нового направления.

Патентная система налогообложения (ПСН) может быть выгодна, если новое направление имеет небольшой доход и не требует значительных затрат. Это позволит минимизировать риски, так как налог будет фиксированным.

Если же новое направление требует значительных вложений, лучше оставить его на УСН, чтобы иметь возможность учитывать расходы и снижать налоговую нагрузку.

Также можно использовать патент для тестирования нового направления, а затем, если оно окажется успешным, перевести его на УСН. Это позволит гибко управлять налоговыми обязательствами.

Важно помнить, что патент можно применять только для определенных видов деятельности, указанных в законе. Перед выбором режима налогообложения рекомендуется проконсультироваться с налоговым консультантом."
476,Какой способ контроля поможет вовремя заметить мошеннические списания по карте?,"Для контроля мошеннических списаний по карте можно использовать несколько способов:

Во-первых, регулярно проверяйте историю операций по карте. Это можно сделать через мобильное приложение банка, интернет-банкинг или банкомат. Обращайте внимание на все транзакции, особенно на те, которые вы не совершали.

Во-вторых, настройте уведомления о транзакциях. Большинство банков предлагают услугу SMS или push-уведомлений о каждой операции по карте. Это позволит вам оперативно реагировать на любые подозрительные списания.

В-третьих, установите лимиты на операции по карте. Вы можете ограничить сумму ежедневных или ежемесячных операций, а также ограничить операции по карте в определенных странах или регионах.

В-четвертых, используйте виртуальные карты для интернет-покупок. Виртуальные карты имеют ограниченный срок действия и лимит, что снижает риск мошенничества.

Если вы заметили подозрительную операцию, немедленно свяжитесь с банком для блокировки карты и предотвращения дальнейших списаний."
477,В каких ситуациях возможно упрощенное внесудебное банкротство должника?,"Упрощенное внесудебное банкротство возможно в следующих ситуациях:

Если у должника нет имущества, на которое можно обратить взыскание.

Если сумма долга не превышает установленный законом лимит.

Если должник не занимался предпринимательской деятельностью.

Если должник не подавал заявление о банкротстве в течение последних пяти лет.

Если у должника нет активов, которые могут быть проданы для погашения долга.

Если должник не имеет доходов, достаточных для погашения долга.

Если должник не имеет имущества, которое может быть изъято для погашения долга.

Если должник не имеет имущества, которое может быть продано для погашения долга.

Если должник не имеет имущества, которое может быть изъято для погашения долга.

Если должник не имеет имущества, которое может быть продано для погашения долга."
478,Как проверить легальность ломбарда либо брокера?,"Для проверки легальности ломбарда или брокера выполните следующие шаги:

1. Проверьте наличие лицензии. Для ломбардов это лицензия Центрального банка РФ, для брокеров — лицензия ФСФР России. Лицензии можно проверить на официальных сайтах регуляторов.

2. Убедитесь, что компания зарегистрирована в Едином государственном реестре юридических лиц (ЕГРЮЛ). Для этого можно воспользоваться сервисом на сайте налоговой службы.

3. Проверьте отзывы и репутацию компании в интернете. Это поможет выявить возможные проблемы или мошеннические схемы.

4. Обратите внимание на адрес и контактные данные. Легальные компании обычно имеют официальный сайт, указанный адрес и телефоны.

5. Если у вас есть сомнения, обратитесь в местное отделение Центрального банка РФ или ФСФР России для дополнительной проверки."
479,Как соотносится переплата по займам под 0% при просрочке с законным лимитом по краткосрочным кредитам?,"Переплата по займам под 0% при просрочке может существенно превышать законные лимиты по краткосрочным кредитам. Банки и МФО часто включают в договоры штрафные санкции, которые в случае просрочки могут достигать значительных сумм. Однако законодательство устанавливает предельные размеры процентов и штрафов, которые кредиторы могут взимать с заемщиков.

В России, например, действует закон о потребительском кредите, который ограничивает максимальную сумму процентов и штрафов. Если переплата по займу под 0% при просрочке превышает эти лимиты, заемщик имеет право оспорить такие условия в суде. Важно внимательно изучать условия договора и обращаться за консультацией к юристу, если сумма переплаты кажется завышенной."
480,"Как поступить, если пришло сообщение об ошибочном переводе с просьбой вернуть деньги?","Если вы получили сообщение об ошибочном переводе, не спешите переводить деньги обратно. Сначала свяжитесь с банком, чтобы уточнить информацию о переводе. Банк проверит транзакцию и поможет разобраться в ситуации. Если перевод действительно был ошибочным, банк может помочь его отменить или вернуть средства."
481,Как безопасно оформить ОСАГО онлайн через финансовую платформу?,"Для оформления ОСАГО онлайн через финансовую платформу банка следуйте этим шагам:

1. Войдите в личный кабинет на сайте или в мобильном приложении банка.
2. Перейдите в раздел страховых услуг или страхования.
3. Выберите услугу ОСАГО.
4. Заполните все необходимые данные о транспортном средстве и владельце.
5. Укажите срок действия полиса и другие параметры.
6. Проверьте введенные данные и подтвердите их.
7. Оплатите страховку с помощью доступных способов оплаты.
8. После оплаты вы получите электронный полис ОСАГО на указанный вами адрес электронной почты.

Убедитесь, что вы используете официальные каналы связи с банком и вводите данные только на защищенных страницах."
482,Нужно ли банку считать ПДН при оформлении кредитных каникул для мобилизованного?,"При оформлении кредитных каникул для мобилизованных заемщиков банк не обязан считать потенциальный доход налогоплательщика (ПДН). Это связано с тем, что кредитные каникулы предоставляются в рамках государственной поддержки и не требуют оценки платежеспособности заемщика на период их действия. Банк может приостановить начисление процентов и основного долга на срок мобилизации, но это не влияет на расчет ПДН.

Если у вас есть дополнительные вопросы по кредитным каникулам или другим банковским продуктам, задавайте их."
483,Какие онлайн‑сервисы МСП помогут на старте: где сделать бизнес‑план и где подать заявку на льготную поддержку?,"Для старта бизнеса и получения льготной поддержки можно воспользоваться следующими онлайн-сервисами:

1. **Создание бизнес-плана**:
   - **Сбербанк Бизнес Онлайн**: Сервис для создания бизнес-планов, анализа финансовой модели и получения консультаций.
   - **Фонд содействия инновациям**: Предоставляет инструменты для разработки бизнес-планов, особенно в сфере инноваций.
   - **Агентство стратегического развития**: Оказывает помощь в разработке бизнес-планов для различных отраслей.

2. **Подача заявки на льготную поддержку**:
   - **Госуслуги**: Портал, где можно подать заявки на различные виды господдержки, включая субсидии и гранты.
   - **Корпорация МСП**: Предоставляет доступ к льготным кредитам, гарантиям и субсидиям для малого и среднего бизнеса.
   - **Региональные центры поддержки предпринимательства**: Многие регионы имеют свои онлайн-сервисы для подачи заявок на поддержку.

Если вам нужна более конкретная информация, уточните, в какой сфере вы планируете развивать бизнес."
484,Как изменился размер соцвычета на спорт в 2024 по сравнению с 2022?,"В 2024 году размер социального налогового вычета на спорт остался прежним по сравнению с 2022 годом. Он составляет 13% от суммы, потраченной на занятия спортом, но не более 120 тысяч рублей в год. Таким образом, максимальный размер вычета остается 15 600 рублей."
485,"Что стоит сделать перед оформлением ипотеки, чтобы учесть обязательные расходы по кредиту?","Перед оформлением ипотеки важно учесть несколько обязательных расходов. Во-первых, это первоначальный взнос, который обычно составляет 10-30% от стоимости жилья. Во-вторых, страхование, которое может включать страхование жизни, здоровья, титульное страхование и страхование имущества. В-третьих, оценка недвижимости, которую проводит независимый оценщик. В-четвертых, госпошлина за регистрацию сделки в Росреестре. В-пятых, оплата услуг нотариуса, если это требуется. В-шестых, комиссии банка за оформление кредита, включая страхование и другие услуги. В-седьмых, возможные дополнительные расходы, такие как ремонт или перепланировка, если это предусмотрено договором. Учтите все эти расходы, чтобы избежать неожиданных трат."
486,"Где проверять легальность банков, страховщиков, платежных агрегаторов?","Для проверки легальности банков, страховщиков и платежных агрегаторов можно воспользоваться следующими источниками:

1. Официальный сайт Центрального банка Российской Федерации. На сайте ЦБ РФ есть реестры, в которых можно проверить, находится ли организация в списке действующих банков, страховщиков или платежных систем.

2. Реестр страховых организаций на сайте Банка России. Этот реестр содержит информацию о всех страховых компаниях, имеющих лицензию на осуществление страховой деятельности.

3. Реестр платежных систем на сайте Банка России. В этом реестре можно найти информацию о легальных платежных системах, включая платежные агрегаторы.

4. Официальные сайты организаций. На сайтах банков, страховщиков и платежных агрегаторов должна быть размещена информация о лицензиях и реестровых номерах, которые можно проверить на сайте ЦБ РФ.

5. Госуслуги. На портале Госуслуги также можно проверить информацию о легальности финансовых организаций.

Если у вас есть сомнения по поводу легальности конкретной организации, лучше обратиться в службу поддержки ЦБ РФ или в ваш банк для получения дополнительной информации."
487,Чем отличается вклад от инвестиций по защите средств?,"Вклады и инвестиции различаются по уровню защиты средств.

Вклады в банках обычно защищены системой страхования вкладов, которая гарантирует возврат средств до определенной суммы в случае отзыва лицензии у банка.

Инвестиции, такие как акции, облигации или ПИФы, не имеют такой гарантии. Их доходность и риски зависят от рынка, и банк не несет ответственности за возможные потери.

Таким образом, вклад считается более безопасным инструментом по сравнению с инвестициями."
488,Нужно ли заемщику менять платежи при санации банка либо при отзыве лицензии?,"При санации банка платежи по кредитам обычно не меняются, так как санация направлена на восстановление финансового состояния банка, а не на изменение условий кредитных договоров.

При отзыве лицензии у банка ситуация может быть иной. В этом случае кредитные обязательства переходят к Агентству по страхованию вкладов (АСВ), которое может предложить реструктуризацию кредита или другие варианты изменения условий.

В обоих случаях заемщику следует внимательно следить за официальными сообщениями банка или АСВ и консультироваться с кредитным специалистом для получения точной информации."
489,Как учитывать инфляцию в семейном финансовом плане?,"Инфляция — это процесс снижения покупательной способности денег, который необходимо учитывать при планировании семейного бюджета. Вот основные шаги для учета инфляции:

1. Оцените текущий уровень инфляции. Обычно он публикуется в официальных источниках, таких как статистические отчеты.

2. Прогнозируйте будущий уровень инфляции. Это можно сделать на основе исторических данных и экономических прогнозов.

3. Учитывайте инфляцию при планировании расходов. Добавьте процент инфляции к ожидаемым расходам в будущем.

4. Инвестируйте в активы, которые защищают от инфляции. Это могут быть облигации с плавающей ставкой, недвижимость, акции компаний с устойчивой прибылью и другие инструменты.

5. Регулярно пересматривайте свой финансовый план. Инфляция может меняться, и ваш план должен быть гибким, чтобы адаптироваться к новым условиям."
490,Почему банковский вклад безопаснее инвестиций в ПИФы?,"Банковский вклад считается более безопасным по нескольким причинам:

Во-первых, вклад в банке застрахован государством. В России, например, действует система страхования вкладов, которая гарантирует возврат средств до определенной суммы в случае отзыва лицензии у банка.

Во-вторых, банковские вклады обычно имеют фиксированную процентную ставку, что позволяет заранее знать доходность. В отличие от ПИФов, где доходность зависит от рыночных условий и может как увеличиваться, так и уменьшаться.

В-третьих, банковские вклады более ликвидны. Средства можно снять в любой момент, хотя в некоторых случаях за досрочное снятие может взиматься штраф. В ПИФах же средства обычно блокируются на определенный срок, и вывести их можно только по истечении этого срока.

Однако стоит отметить, что доходность по вкладам обычно ниже, чем по инвестициям в ПИФы. Поэтому выбор между вкладом и ПИФом зависит от ваших целей, риск-профиля и инвестиционного горизонта."
491,Какие ПИФы подходят для краткосрочной стратегии?,"Для краткосрочной стратегии подходят ПИФы с высокой ликвидностью и низкой волатильностью. Обычно это фонды, инвестирующие в облигации, денежные рынки или смешанные активы с преобладанием облигаций. Важно учитывать, что краткосрочные ПИФы могут иметь более низкую доходность по сравнению с долгосрочными, но они менее подвержены рыночным колебаниям. Рекомендуется выбирать фонды с низкими комиссиями и хорошей репутацией управляющей компании."
492,В чем различие условий вычетов по ИИС-1/ИИС-2?,"ИИС-1 (тип А) и ИИС-2 (тип Б) различаются условиями получения налоговых вычетов.

ИИС-1 позволяет получить налоговый вычет на внесенные средства. Вы можете вернуть 13% от суммы внесения, но не более 13% от суммы НДФЛ, уплаченного за год. Максимальная сумма вычета за год — 1 миллион рублей, то есть максимальный вычет за год — 130 тысяч рублей.

ИИС-2 не предусматривает налоговый вычет на внесение средств, но позволяет не платить налог на доходы от инвестиций. Если вы выберете этот тип ИИС, то при закрытии счета или выводе средств налог на доходы не взимается.

Выбор между ИИС-1 и ИИС-2 зависит от ваших инвестиционных целей и налоговых предпочтений."
493,Какие страховки реально обязательны по закону?,"В России обязательными страховками по закону являются:

1. Обязательное медицинское страхование (ОМС) - обеспечивает бесплатную медицинскую помощь.
2. Обязательное пенсионное страхование (ОПС) - формирует пенсионные права граждан.
3. Обязательное социальное страхование на случай временной нетрудоспособности и в связи с материнством (ОСС) - выплаты по больничным листам и пособия по беременности и родам.
4. Обязательное страхование от несчастных случаев на производстве и профессиональных заболеваний - для работников по трудовому договору.
5. Обязательное страхование гражданской ответственности владельцев транспортных средств (ОСАГО) - для владельцев автомобилей.
6. Обязательное страхование гражданской ответственности перевозчиков (ОСГОП) - для перевозчиков пассажиров и грузов.

Для физических лиц наиболее актуальны ОМС, ОПС, ОСАГО."
494,"Где монеты зачислят без комиссии, а где пополнение обойдется дороже?","Монеты зачисляются без комиссии на счета в банках-эквайерах, которые обслуживают платежную систему. Пополнение может обойтись дороже, если вы используете услуги сторонних платежных систем или банков, не входящих в эту систему. Уточните, какую именно платежную систему вы используете, и я помогу найти оптимальный вариант."
495,Как проверить страховую компанию перед покупкой автостраховки?,"Перед покупкой автостраховки проверьте следующие моменты:

1. Лицензию компании. Убедитесь, что у страховщика есть действующая лицензия на осуществление страховой деятельности.
2. Репутацию. Изучите отзывы клиентов, рейтинги и оценки компании в интернете.
3. Финансовое состояние. Проверьте, насколько устойчива компания финансово, чтобы она смогла выполнить свои обязательства.
4. Условия договоров. Внимательно изучите условия страхования, исключения, франшизы и другие важные детали.
5. Опыт работы. Узнайте, сколько лет компания работает на рынке и как долго она предоставляет услуги автострахования.

Если у вас есть дополнительные вопросы по банковским продуктам, задавайте их."
496,В каких случаях банк обязан вернуть клиенту деньги при мошенническом переводе и при несанкционированной операции по карте?,"Банк обязан вернуть клиенту деньги в следующих случаях:

При мошенническом переводе, если клиент своевременно уведомил банк о несанкционированной операции и предоставил доказательства мошенничества.

При несанкционированной операции по карте, если клиент не нарушал правила безопасности и не предоставлял данные карты третьим лицам.

В обоих случаях клиент должен обратиться в банк с заявлением о возврате средств в течение установленного срока, обычно это 30 дней с момента обнаружения операции."
497,В каких случаях банк вправе приостанавливать операции бизнеса?,"Банк вправе приостанавливать операции бизнеса в следующих случаях:

1. При подозрении в отмывании денег или финансировании терроризма.
2. При наличии задолженности по кредитам или другим обязательствам перед банком.
3. При нарушении условий договора, например, при предоставлении недостоверной информации.
4. При проведении проверок или расследований по запросу регуляторов.
5. При обнаружении подозрительных операций, которые могут указывать на мошенничество.

Если у вас есть конкретная ситуация, уточните детали, и я постараюсь дать более точный ответ."
498,Чем защита денег на банковских счетах отличается от вложений в НСЖ при проблемах у организации?,"Защита денег на банковских счетах и вложений в негосударственные пенсионные фонды (НСЖ) различается по механизмам и гарантиям.

При проблемах у банка средства на счетах физических лиц защищены системой страхования вкладов. В России это АСВ (Агентство по страхованию вкладов), которое гарантирует возврат до 1,4 миллиона рублей на одного вкладчика в одном банке.

В случае проблем у негосударственного пенсионного фонда (НСЖ) защита средств зависит от условий договора и законодательства. Обычно средства в НСЖ защищены от банкротства фонда, но могут быть ограничены по доступности и ликвидности."
499,Что проверяют банки по бизнес-плану по сравнению с краудинвестингом?,"Банки и краудинвестинговые платформы оценивают бизнес-планы по-разному.

Банки проверяют:
1. Финансовые показатели и прогнозы.
2. Опыт и квалификацию команды.
3. Рынок и конкурентные преимущества.
4. Риски и способы их минимизации.
5. Обеспечение и гарантии возврата кредита.

Краудинвестинговые платформы фокусируются на:
1. Привлекательности проекта для инвесторов.
2. Потенциале доходности.
3. Соответствии проекта требованиям платформы.
4. Наличии четкого плана использования средств.

Основное отличие в том, что банки оценивают кредитоспособность и надежность заемщика, а краудинвестинговые платформы — потенциал проекта для инвесторов."
500,Чем отличается банковское финансирование с госгарантией от краудлендинга?,"Банковское финансирование с госгарантией и краудлендинг — это разные механизмы привлечения средств.

Банковское финансирование с госгарантией предполагает, что государство гарантирует возврат кредита, что снижает риски для банка. Это позволяет получить кредит на более выгодных условиях, так как риски для банка минимальны.

Краудлендинг — это привлечение денег от большого числа частных инвесторов через интернет-платформы. В этом случае средства предоставляются без участия банка, и риски несут сами инвесторы.

Таким образом, основное отличие в источнике финансирования и уровне рисков."
